matrix,index,real,imag
0,0,0,-0.00012207
0,1,0,0
0,2,-0.00012207,0
0,3,0,0
0,4,0,0
0,5,-0.00012207,-0.00012207
0,6,0,-0.00012207
0,7,0,0
0,8,0,0
0,9,0,-0.00012207
0,10,0,-0.00012207
0,11,-0.00012207,-0.00012207
0,12,-0.00012207,-0.00012207
0,13,-0.00012207,0
0,14,0,-0.00012207
0,15,0,-0.00012207
0,16,-0.00012207,0
0,17,-0.00012207,0
0,18,-0.00012207,0
0,19,0,0
0,20,-0.00012207,-0.00012207
0,21,-0.00012207,-0.00012207
0,22,-0.00012207,0
0,23,-0.00012207,0
0,24,-0.00012207,-0.00012207
0,25,0,0
0,26,-0.00012207,0
0,27,0,0
0,28,-0.00012207,0
0,29,-0.00012207,0
0,30,-0.00012207,0
0,31,-0.00012207,-0.00012207
0,32,0,0
0,33,0,-0.00012207
0,34,0,0
0,35,-0.00012207,-0.00012207
0,36,0,0
0,37,0,-0.00012207
0,38,-0.00012207,-0.00012207
0,39,0,0
0,40,-0.00012207,0
0,41,0,0
0,42,0,0
0,43,0,0
0,44,-0.00012207,-0.00012207
0,45,-0.00012207,-0.00012207
0,46,-0.00012207,-0.00012207
0,47,0,0
0,48,0,0
0,49,-0.00012207,0
0,50,-0.00012207,0
0,51,0,-0.00012207
0,52,0,0
0,53,0,0
0,54,0,0
0,55,-0.00012207,0
0,56,0,-0.00012207
0,57,0,0
0,58,-0.00012207,-0.00012207
0,59,-0.00012207,0
0,60,0,-0.00012207
0,61,0,-0.00012207
0,62,-0.00012207,0
0,63,-0.00012207,0
0,64,-0.00012207,0
0,65,0,0
0,66,0,-0.00012207
0,67,-0.00012207,-0.00012207
0,68,-0.00012207,0
0,69,-0.00012207,0
0,70,-0.00012207,-0.00012207
0,71,0,0
0,72,-0.00012207,0
0,73,0,0
0,74,0,0
0,75,0,-0.00012207
0,76,-0.00012207,-0.00012207
0,77,-0.00012207,-0.00012207
0,78,0,-0.00012207
0,79,0,-0.00012207
0,80,0,0
0,81,0,-0.00012207
0,82,0,0
0,83,0,0
0,84,-0.00012207,-0.00012207
0,85,0,0
0,86,0,-0.00012207
0,87,0,0
0,88,0,0
0,89,-0.00012207,0
0,90,-0.00012207,-0.00012207
0,91,-0.00012207,0
0,92,-0.00012207,-0.00012207
0,93,0,0
0,94,0,0
0,95,0,-0.00012207
0,96,0,0
0,97,0.00012207,-0.00012207
0,98,-0.00012207,-0.00012207
0,99,0,0
0,100,-0.00012207,0
0,101,0,-0.00012207
0,102,0,0
0,103,0,-0.00012207
0,104,0,-0.00012207
0,105,-0.00012207,-0.00012207
0,106,-0.00012207,-0.00012207
0,107,-0.00012207,0
0,108,0,-0.00012207
0,109,0,0
0,110,0,-0.00012207
0,111,0,0
0,112,-0.00012207,0
0,113,0,0
0,114,0,-0.00012207
0,115,0,0
0,116,-0.00012207,0
0,117,-0.00012207,0
0,118,0,0
0,119,0,0
0,120,-0.00012207,-0.00012207
0,121,-0.00012207,0
0,122,0,-0.00012207
0,123,0,-0.00012207
0,124,0,-0.00012207
0,125,0,0
0,126,-0.00012207,0
0,127,-0.00012207,-0.00012207
0,128,-0.00012207,0
0,129,-0.00012207,0
0,130,-0.00012207,-0.00012207
0,131,-0.00012207,-0.00012207
0,132,0,0
0,133,0,-0.00012207
0,134,0,0
0,135,0,-0.00012207
0,136,0,0
0,137,0,0
0,138,0,0
0,139,0,0
0,140,-0.00012207,0
0,141,0,-0.00012207
0,142,0,-0.00012207
0,143,-0.00012207,-0.00012207
0,144,-0.00012207,0
0,145,-0.00012207,-0.00012207
0,146,0,0
0,147,-0.00012207,-0.00012207
0,148,0,-0.00012207
0,149,-0.00012207,0
0,150,-0.00012207,-0.00012207
0,151,-0.00012207,0
0,152,-0.00012207,-0.00012207
0,153,-0.00012207,0
0,154,-0.00012207,-0.00012207
0,155,-0.00012207,-0.00012207
0,156,0,0
0,157,-0.00012207,0
0,158,-0.00012207,-0.00012207
0,159,0,-0.00012207
0,160,0,0
0,161,0,0
0,162,0,-0.00012207
0,163,0,-0.00012207
0,164,-0.00012207,-0.00012207
0,165,0,0
0,166,-0.00012207,0
0,167,0,-0.00012207
0,168,-0.00012207,-0.00012207
0,169,0,-0.00012207
0,170,0,0
0,171,0,0
0,172,0,0
0,173,-0.00012207,0
0,174,0,0
0,175,-0.00012207,-0.00012207
0,176,0,0
0,177,0,-0.00012207
0,178,-0.00012207,0
0,179,-0.00012207,-0.00012207
0,180,0,0
0,181,0,-0.00012207
0,182,-0.00012207,-0.00012207
0,183,0,0
0,184,-0.00012207,-0.00012207
0,185,-0.00012207,-0.00012207
0,186,0,0
0,187,0,0
0,188,0,0
0,189,0,0
0,190,0,0
0,191,0,0
0,192,-0.00012207,0
0,193,-0.00012207,-0.00012207
0,194,0,0
0,195,0,0
0,196,0,-0.00012207
0,197,0,0
0,198,0,0
0,199,-0.00012207,-0.00012207
0,200,0,0
0,201,-0.00012207,0
0,202,-0.00012207,0
0,203,-0.00012207,-0.00012207
0,204,0,0
0,205,0,-0.00012207
0,206,-0.00012207,-0.00012207
0,207,0,-0.00012207
0,208,-0.00012207,0
0,209,-0.00012207,0
0,210,-0.00012207,-0.00012207
0,211,0,-0.00012207
0,212,0,-0.00012207
0,213,-0.00012207,-0.00012207
0,214,-0.00012207,-0.00012207
0,215,-0.00012207,0
0,216,0,0
0,217,-0.00012207,0
0,218,0,0
0,219,0,-0.00012207
0,220,0,-0.00012207
0,221,0,0
0,222,-0.00012207,-0.00012207
0,223,0,0
0,224,0,0
0,225,-0.00012207,0
0,226,0,0
0,227,0,0
0,228,-0.00012207,-0.00012207
0,229,-0.00012207,0
0,230,-0.00012207,-0.00012207
0,231,-0.00012207,-0.00012207
0,232,-0.00012207,-0.00012207
0,233,0,0
0,234,-0.00012207,0
0,235,0,-0.00012207
0,236,-0.00012207,-0.00012207
0,237,-0.00012207,0
0,238,-0.00012207,0
0,239,-0.00012207,-0.00012207
0,240,-0.00012207,0
0,241,-0.00012207,-0.00012207
0,242,-0.00012207,0
0,243,-0.00012207,-0.00012207
0,244,0,-0.00012207
0,245,0,-0.00012207
0,246,0,0
0,247,0,0
0,248,0,0
0,249,-0.00012207,-0.00012207
0,250,-0.00012207,0
0,251,0,0
0,252,0,0
0,253,0,0
0,254,-0.00012207,0
0,255,0,0
0,256,0,-0.00012207
0,257,0,-0.00012207
0,258,-0.00012207,-0.00012207
0,259,0,0
0,260,-0.00012207,0
0,261,0,0
0,262,0,-0.00012207
0,263,0,0
0,264,0,0
0,265,0,-0.00012207
0,266,-0.00012207,0
0,267,0,0
0,268,0,-0.00012207
0,269,0,0
0,270,0,0
0,271,0,0
0,272,0,-0.00012207
0,273,0,0
0,274,0,-0.00012207
0,275,-0.00012207,0
0,276,-0.00012207,0
0,277,0,0
0,278,0,0
0,279,0,-0.00012207
0,280,0,0
0,281,0,0
0,282,-0.00012207,0
0,283,0,-0.00012207
0,284,-0.00012207,0
0,285,-0.00012207,0
0,286,0,-0.00012207
0,287,0,-0.00012207
0,288,0,0
0,289,0,-0.00012207
0,290,-0.00012207,0
0,291,0,0
0,292,0,-0.00012207
0,293,0,0
0,294,0,-0.00012207
0,295,0,-0.00012207
0,296,0,-0.00012207
0,297,-0.00012207,-0.00012207
0,298,-0.00012207,-0.00012207
0,299,-0.00012207,0
0,300,0,0
0,301,0,0
0,302,0,-0.00012207
0,303,-0.00012207,-0.00012207
0,304,0,0
0,305,0,-0.00012207
0,306,-0.00012207,-0.00012207
0,307,0,0
0,308,0,-0.00012207
0,309,0,0
0,310,0,-0.00012207
0,311,0,-0.00012207
0,312,-0.00012207,-0.00012207
0,313,0,-0.00012207
0,314,-0.00012207,-0.00012207
0,315,-0.00012207,-0.00012207
0,316,-0.00012207,-0.00012207
0,317,-0.00012207,0
0,318,-0.00012207,-0.00012207
0,319,-0.00012207,0
0,320,0,-0.00012207
0,321,-0.00012207,-0.00012207
0,322,-0.00012207,-0.00012207
0,323,0,0
0,324,0,-0.00012207
0,325,-0.00012207,-0.00012207
0,326,-0.00012207,0
0,327,-0.00012207,0
0,328,0,0
0,329,-0.00012207,0
0,330,-0.00012207,-0.00012207
0,331,-0.00012207,0
0,332,0,-0.00012207
0,333,0,0
0,334,0,-0.00012207
0,335,0,0
0,336,-0.00012207,0
0,337,-0.00012207,-0.00012207
0,338,0,0
0,339,0,0
0,340,0,-0.00012207
0,341,-0.00012207,-0.00012207
0,342,0,-0.00012207
0,343,0,0
0,344,0,0
0,345,0,-0.00012207
0,346,-0.00012207,0
0,347,0,0
0,348,-0.00012207,0
0,349,0,-0.00012207
0,350,-0.00012207,0
0,351,-0.00012207,-0.00012207
0,352,-0.00012207,0
0,353,0,-0.00012207
0,354,0,-0.00012207
0,355,-0.00012207,-0.00012207
0,356,-0.00012207,0
0,357,-0.00012207,0
0,358,-0.00012207,0
0,359,-0.00012207,0
0,360,-0.00012207,-0.00012207
0,361,-0.00012207,0
0,362,-0.000244141,0
0,363,-0.00012207,0
0,364,-0.00012207,-0.00012207
0,365,0,-0.00012207
0,366,0,-0.00012207
0,367,-0.00012207,0
0,368,0,-0.00012207
0,369,-0.00012207,-0.00012207
0,370,0,0
0,371,-0.00012207,-0.00012207
0,372,0,0
0,373,0,-0.00012207
0,374,-0.00012207,0
0,375,0,-0.00012207
0,376,0,0
0,377,0,-0.00012207
0,378,0,0
0,379,0,0
0,380,0,0
0,381,0,0
0,382,0,-0.00012207
0,383,0,0
0,384,0,-0.00012207
0,385,-0.00012207,-0.00012207
0,386,-0.00012207,0
0,387,0,-0.00012207
0,388,0,-0.00012207
0,389,-0.00012207,-0.00012207
0,390,0,-0.00012207
0,391,-0.00012207,-0.00012207
0,392,-0.00012207,0
0,393,-0.00012207,-0.00012207
0,394,0,0
0,395,0,-0.00012207
0,396,0,-0.00012207
0,397,0,-0.00012207
0,398,0,-0.00012207
0,399,-0.00012207,0
0,400,0,-0.00012207
0,401,0,0
0,402,0,0
0,403,0,0
0,404,-0.00012207,-0.00012207
0,405,0,-0.00012207
0,406,0,-0.00012207
0,407,0,0
0,408,0,0
0,409,-0.00012207,-0.00012207
0,410,-0.00012207,0
0,411,0,-0.00012207
0,412,0,-0.00012207
0,413,-0.00012207,0
0,414,-0.00012207,0
0,415,0,0
0,416,0,0
0,417,0,0
0,418,0,-0.00012207
0,419,-0.00012207,-0.00012207
0,420,0,-0.00012207
0,421,0,-0.00012207
0,422,-0.00012207,-0.00012207
0,423,-0.00012207,0
0,424,0,-0.00012207
0,425,0,0
0,426,0,-0.00012207
0,427,0,0
0,428,0,-0.00012207
0,429,0,0
0,430,-0.00012207,0
0,431,0,-0.00012207
0,432,-0.00012207,0
0,433,0,-0.00012207
0,434,0,-0.00012207
0,435,-0.00012207,-0.00012207
0,436,-0.00012207,-0.00012207
0,437,-0.00012207,0
0,438,-0.00012207,0
0,439,0,-0.00012207
0,440,-0.00012207,-0.00012207
0,441,0,-0.00012207
0,442,-0.00012207,0
0,443,-0.00012207,-0.00012207
0,444,-0.00012207,0
0,445,0,0
0,446,0,-0.00012207
0,447,-0.00012207,0
0,448,0,-0.00012207
0,449,-0.00012207,-0.00012207
0,450,-0.00012207,0
0,451,-0.00012207,-0.00012207
0,452,0,0
0,453,0,0
0,454,0,0
0,455,0,-0.00012207
0,456,-0.00012207,-0.00012207
0,457,-0.00012207,0
0,458,0,0
0,459,0,0
0,460,0,-0.00012207
0,461,0,-0.00012207
0,462,-0.00012207,0
0,463,0,-0.00012207
0,464,0,-0.00012207
0,465,0,-0.00012207
0,466,0,0
0,467,-0.00012207,-0.00012207
0,468,0,-0.00012207
0,469,-0.00012207,-0.00012207
0,470,0,0
0,471,0,0
0,472,-0.00012207,-0.00012207
0,473,0,-0.00012207
0,474,0,0
0,475,0,0
0,476,-0.00012207,-0.00012207
0,477,-0.00012207,-0.00012207
0,478,-0.00012207,0
0,479,-0.00012207,0
0,480,0,-0.00012207
0,481,-0.00012207,-0.00012207
0,482,0,-0.00012207
0,483,0,0
0,484,0,-0.00012207
0,485,0,-0.00012207
0,486,-0.00012207,-0.00012207
0,487,-0.00012207,-0.00012207
0,488,-0.00012207,0
0,489,0,-0.00012207
0,490,-0.00012207,0
0,491,0,0
0,492,-0.00012207,-0.00012207
0,493,0,0
0,494,0,0
0,495,0,-0.00012207
0,496,-0.00012207,0
0,497,0,0
0,498,-0.00012207,-0.00012207
0,499,0,-0.00012207
0,500,-0.00012207,0
0,501,-0.00012207,0
0,502,0,0
0,503,-0.00012207,-0.00012207
0,504,0,-0.00012207
0,505,-0.00012207,-0.00012207
0,506,0,-0.00012207
0,507,0,-0.00012207
0,508,-0.00012207,-0.00012207
0,509,0,-0.00012207
0,510,0,0
0,511,0,0
0,512,0,0
0,513,0,0
0,514,0,0
0,515,-0.00012207,-0.00012207
0,516,-0.00012207,0
0,517,-0.00012207,-0.00012207
0,518,-0.00012207,0
0,519,0,0
0,520,-0.00012207,-0.00012207
0,521,-0.00012207,0
0,522,-0.00012207,-0.00012207
0,523,0,0
0,524,-0.00012207,0
0,525,-0.00012207,0
0,526,-0.00012207,0
0,527,0,0
0,528,0,-0.00012207
0,529,-0.00012207,0
0,530,-0.00012207,0
0,531,0,-0.00012207
0,532,0,-0.00012207
0,533,0,-0.00012207
0,534,0,-0.00012207
0,535,0,0
0,536,0,-0.00012207
0,537,0,-0.00012207
0,538,0,-0.00012207
0,539,0,0
0,540,0,0
0,541,0,-0.00012207
0,542,0,0
0,543,0,0
0,544,0,0
0,545,-0.00012207,-0.00012207
0,546,-0.00012207,-0.00012207
0,547,-0.00012207,0
0,548,-0.00012207,0
0,549,0,0
0,550,-0.00012207,-0.00012207
0,551,-0.00012207,0
0,552,-0.00012207,-0.00012207
0,553,-0.00012207,0
0,554,0,0
0,555,-0.00012207,0
0,556,-0.00012207,0
0,557,-0.00012207,0
0,558,0,-0.00012207
0,559,-0.00012207,0
0,560,0,-0.00012207
0,561,-0.00012207,-0.00012207
0,562,-0.00012207,0
0,563,0,-0.00012207
0,564,-0.00012207,-0.00012207
0,565,-0.00012207,0
0,566,0,-0.00012207
0,567,-0.00012207,0
0,568,-0.00012207,0
0,569,-0.00012207,-0.00012207
0,570,0,-0.00012207
0,571,-0.00012207,0
0,572,0,0
0,573,0,0
0,574,-0.00012207,0
0,575,0,-0.00012207
0,576,0,0
0,577,-0.00012207,0
0,578,0,-0.00012207
0,579,-0.00012207,0
0,580,-0.00012207,0
0,581,-0.00012207,-0.00012207
0,582,-0.00012207,-0.00012207
0,583,-0.00012207,0
0,584,0,0
0,585,-0.00012207,-0.00012207
0,586,-0.00012207,0
0,587,0,-0.00012207
0,588,-0.00012207,0
0,589,-0.00012207,-0.00012207
0,590,-0.00012207,0
0,591,-0.00012207,0
0,592,-0.00012207,-0.00012207
0,593,-0.00012207,0
0,594,0,0
0,595,0,0
0,596,0,-0.00012207
0,597,0,0
0,598,0,-0.00012207
0,599,0,0
0,600,0,0
0,601,0,-0.00012207
0,602,-0.00012207,0
0,603,-0.00012207,0
0,604,0,0
0,605,-0.00012207,-0.00012207
0,606,0,0
0,607,-0.00012207,-0.00012207
0,608,0,0
0,609,-0.00012207,-0.00012207
0,610,-0.00012207,-0.00012207
0,611,0,-0.00012207
0,612,0,0
0,613,0,0
0,614,-0.00012207,0
0,615,0,-0.00012207
0,616,0,-0.00012207
0,617,0,-0.00012207
0,618,-0.00012207,0
0,619,-0.00012207,-0.00012207
0,620,0,0
0,621,-0.00012207,0
0,622,-0.00012207,-0.00012207
0,623,0,-0.00012207
0,624,0,-0.00012207
0,625,0,-0.00012207
0,626,-0.00012207,0
0,627,-0.00012207,0
0,628,0,-0.00012207
0,629,0,0
0,630,-0.00012207,-0.00012207
0,631,-0.00012207,-0.00012207
0,632,-0.00012207,-0.00012207
0,633,-0.00012207,-0.00012207
0,634,-0.00012207,-0.00012207
0,635,0,-0.00012207
0,636,0,-0.00012207
0,637,0,-0.00012207
0,638,-0.00012207,-0.00012207
0,639,-0.00012207,-0.00012207
0,640,0,-0.00012207
0,641,-0.00012207,0
0,642,-0.00012207,-0.00012207
0,643,-0.00012207,0
0,644,-0.00012207,0
0,645,0,0
0,646,-0.00012207,-0.00012207
0,647,0,0
0,648,-0.00012207,0
0,649,0,0
0,650,0,0
0,651,0,-0.00012207
0,652,0,0
0,653,0,0
0,654,0,-0.00012207
0,655,-0.00012207,0
0,656,0,0
0,657,-0.00012207,0
0,658,0,0
0,659,-0.00012207,0
0,660,0,-0.00012207
0,661,-0.00012207,-0.00012207
0,662,-0.00012207,-0.00012207
0,663,-0.00012207,0
0,664,0,-0.00012207
0,665,-0.00012207,0
0,666,-0.00012207,-0.00012207
0,667,0,0
0,668,-0.00012207,0
0,669,0,-0.00012207
0,670,0,0
0,671,0,-0.00012207
0,672,0,0
0,673,-0.00012207,-0.00012207
0,674,-0.00012207,-0.00012207
0,675,-0.00012207,0
0,676,0,-0.00012207
0,677,-0.00012207,-0.00012207
0,678,-0.00012207,-0.00012207
0,679,-0.00012207,-0.00012207
0,680,-0.00012207,-0.00012207
0,681,-0.00012207,0
0,682,-0.00012207,0
0,683,-0.00012207,-0.00012207
0,684,0,0
0,685,-0.00012207,-0.00012207
0,686,-0.00012207,-0.00012207
0,687,0,-0.00012207
0,688,-0.00012207,0
0,689,0,-0.00012207
0,690,-0.00012207,0
0,691,0,0
0,692,0,-0.00012207
0,693,0,-0.00012207
0,694,0,0
0,695,0,0
0,696,-0.00012207,0
0,697,0,0
0,698,0,0
0,699,-0.00012207,0
0,700,0,-0.00012207
0,701,-0.00012207,-0.00012207
0,702,-0.00012207,-0.00012207
0,703,-0.00012207,-0.00012207
0,704,0,-0.00012207
0,705,-0.00012207,-0.00012207
0,706,0,-0.00012207
0,707,0,0
0,708,0,0
0,709,0,0
0,710,-0.00012207,-0.00012207
0,711,-0.00012207,-0.00012207
0,712,-0.00012207,-0.00012207
0,713,0,-0.00012207
0,714,-0.00012207,-0.00012207
0,715,0,-0.00012207
0,716,-0.00012207,-0.00012207
0,717,0,0
0,718,0,-0.00012207
0,719,0,-0.00012207
0,720,-0.00012207,0
0,721,0,0
0,722,0,-0.00012207
0,723,0,0
0,724,-0.00012207,-0.00012207
0,725,0,0
0,726,0,0
0,727,-0.00012207,0
0,728,0,0
0,729,0,0
0,730,0,-0.00012207
0,731,0,-0.00012207
0,732,-0.00012207,0
0,733,-0.00012207,-0.00012207
0,734,0,-0.00012207
0,735,-0.00012207,0
0,736,0,0
0,737,0,-0.00012207
0,738,-0.00012207,-0.00012207
0,739,-0.00012207,-0.00012207
0,740,-0.00012207,-0.00012207
0,741,-0.00012207,0
0,742,-0.00012207,-0.00012207
0,743,0,-0.00012207
0,744,0,-0.00012207
0,745,-0.00012207,0
0,746,0,0
0,747,0,0
0,748,-0.00012207,0
0,749,0,0
0,750,0,0
0,751,-0.00012207,0
0,752,0,-0.00012207
0,753,0,0
0,754,0,0
0,755,-0.00012207,-0.00012207
0,756,-0.00012207,0
0,757,0,0
0,758,0,0
0,759,0,-0.00012207
0,760,-0.00012207,0
0,761,0,-0.00012207
0,762,-0.00012207,0
0,763,0,-0.00012207
0,764,0,0
0,765,-0.00012207,0
0,766,-0.00012207,-0.00012207
0,767,-0.00012207,0
0,768,0,-0.00012207
0,769,-0.00012207,0
0,770,0,0
0,771,-0.00012207,-0.00012207
0,772,0,0
0,773,0,0
0,774,0,-0.00012207
0,775,-0.00012207,0
0,776,0,0
0,777,0,0
0,778,0,-0.00012207
0,779,0,0
0,780,0,0
0,781,-0.00012207,-0.00012207
0,782,0,0
0,783,-0.00012207,0
0,784,0,0
0,785,0,-0.00012207
0,786,0,-0.00012207
0,787,0,-0.00012207
0,788,0,-0.00012207
0,789,0,-0.00012207
0,790,0,-0.00012207
0,791,0,0
0,792,-0.00012207,-0.00012207
0,793,-0.00012207,0
0,794,0,-0.00012207
0,795,-0.00012207,0
0,796,0,0
0,797,-0.00012207,-0.00012207
0,798,-0.00012207,-0.00012207
0,799,-0.00012207,-0.00012207
0,800,-0.00012207,-0.00012207
0,801,-0.00012207,0
0,802,0,0
0,803,-0.00012207,-0.00012207
0,804,0,-0.00012207
0,805,0,-0.00012207
0,806,-0.00012207,-0.00012207
0,807,0,-0.00012207
0,808,-0.00012207,0
0,809,0,-0.00012207
0,810,0,0
0,811,0,-0.00012207
0,812,-0.00012207,0
0,813,0,-0.00012207
0,814,-0.00012207,0
0,815,-0.00012207,0
0,816,0,-0.00012207
0,817,0,0
0,818,-0.00012207,0
0,819,0,0
0,820,-0.00012207,-0.00012207
0,821,0,-0.00012207
0,822,0,0
0,823,-0.00012207,-0.00012207
0,824,-0.00012207,-0.00012207
0,825,-0.00012207,-0.00012207
0,826,0,0
0,827,-0.00012207,-0.00012207
0,828,-0.00012207,0
0,829,-0.00012207,0
0,830,-0.00012207,-0.00012207
0,831,-0.00012207,0
0,832,-0.00012207,-0.00012207
0,833,-0.00012207,0
0,834,0,-0.00012207
0,835,-0.00012207,-0.00012207
0,836,0,0
0,837,-0.00012207,0
0,838,0,0
0,839,0,-0.00012207
0,840,-0.00012207,0
0,841,-0.00012207,-0.00012207
0,842,-0.00012207,0
0,843,0,-0.00012207
0,844,-0.00012207,0
0,845,-0.00012207,0
0,846,-0.00012207,-0.000244141
0,847,0,-0.00012207
0,848,0,-0.00012207
0,849,-0.00012207,-0.00012207
0,850,0,0
0,851,0,0
0,852,0,0
0,853,0,-0.00012207
0,854,-0.00012207,0
0,855,-0.00012207,-0.00012207
0,856,-0.00012207,-0.00012207
0,857,-0.00012207,-0.00012207
0,858,-0.00012207,0
0,859,-0.00012207,-0.00012207
0,860,-0.00012207,0
0,861,-0.00012207,0
0,862,-0.00012207,-0.00012207
0,863,-0.00012207,0
0,864,-0.00012207,0
0,865,-0.00012207,0
0,866,-0.00012207,0
0,867,0,-0.00012207
0,868,-0.00012207,-0.00012207
0,869,-0.00012207,0
0,870,-0.00012207,0
0,871,0,-0.00012207
0,872,0,0
0,873,0,0
0,874,0,-0.00012207
0,875,-0.00012207,-0.00012207
0,876,0,0
0,877,-0.00012207,-0.00012207
0,878,-0.00012207,0
0,879,0,0
0,880,-0.00012207,0
0,881,-0.00012207,0
0,882,0,0
0,883,-0.00012207,-0.00012207
0,884,-0.00012207,-0.00012207
0,885,0,0
0,886,-0.00012207,0
0,887,0,0
0,888,-0.00012207,0
0,889,-0.00012207,0
0,890,0,0
0,891,-0.00012207,-0.00012207
0,892,0,-0.00012207
0,893,0,-0.00012207
0,894,-0.00012207,-0.00012207
0,895,0,0
0,896,0,-0.00012207
0,897,0,0
0,898,0,0
0,899,0,-0.00012207
0,900,-0.00012207,-0.00012207
0,901,0,0
0,902,0,-0.00012207
0,903,0,0
0,904,0,0
0,905,-0.00012207,-0.00012207
0,906,-0.00012207,-0.00012207
0,907,-0.00012207,0
0,908,0,-0.00012207
0,909,-0.00012207,0
0,910,-0.00012207,-0.00012207
0,911,-0.00012207,-0.00012207
0,912,0,0
0,913,0,-0.00012207
0,914,-0.00012207,0
0,915,0,0
0,916,0,-0.00012207
0,917,0,0
0,918,-0.00012207,-0.00012207
0,919,0,0
0,920,-0.00012207,0
0,921,0,0
0,922,0,0
0,923,-0.00012207,0
0,924,0,-0.00012207
0,925,-0.00012207,-0.00012207
0,926,0,0
0,927,-0.00012207,0
0,928,0,0
0,929,0,0
0,930,-0.00012207,0
0,931,0,0
0,932,0,-0.00012207
0,933,-0.00012207,-0.00012207
0,934,-0.00012207,0
0,935,0,0
0,936,0,-0.00012207
0,937,0,-0.00012207
0,938,0,0
0,939,-0.00012207,0
0,940,-0.00012207,0
0,941,-0.00012207,-0.00012207
0,942,0,-0.00012207
0,943,0,-0.00012207
0,944,0,-0.00012207
0,945,-0.00012207,0
0,946,0,0
0,947,-0.00012207,-0.00012207
0,948,-0.00012207,-0.00012207
0,949,0,0
0,950,-0.00012207,0
0,951,0,0
0,952,0,-0.00012207
0,953,0,0
0,954,-0.00012207,-0.00012207
0,955,-0.00012207,0
0,956,0,-0.00012207
0,957,0,0
0,958,0,0
0,959,0,-0.00012207
0,960,0,0
0,961,0,-0.00012207
0,962,0,-0.00012207
0,963,0,0
0,964,-0.00012207,-0.00012207
0,965,0,-0.00012207
0,966,-0.00012207,0
0,967,0,0
0,968,0,-0.00012207
0,969,-0.00012207,-0.00012207
0,970,-0.00012207,-0.00012207
0,971,-0.00012207,0
0,972,0,-0.00012207
0,973,-0.00012207,0
0,974,-0.00012207,0
0,975,-0.00012207,-0.00012207
0,976,-0.00012207,0
0,977,-0.00012207,0
0,978,0,0
0,979,0,0
0,980,0,-0.00012207
0,981,0,0
0,982,-0.00012207,0
0,983,0,-0.00012207
0,984,-0.00012207,0
0,985,0,0
0,986,-0.00012207,-0.00012207
0,987,0,0
0,988,-0.00012207,-0.00012207
0,989,0,-0.00012207
0,990,-0.00012207,0
0,991,-0.00012207,0
0,992,-0.00012207,-0.00012207
0,993,0,-0.00012207
0,994,-0.00012207,-0.00012207
0,995,-0.00012207,0
0,996,0,0
0,997,-0.00012207,0
0,998,0,-0.00012207
0,999,0,0
0,1000,-0.00012207,-0.00012207
0,1001,0,0
0,1002,0,0
0,1003,-0.00012207,-0.00012207
0,1004,-0.00012207,-0.00012207
0,1005,0,-0.00012207
0,1006,-0.00012207,-0.00012207
0,1007,0,-0.00012207
0,1008,-0.00012207,0
0,1009,0,0
0,1010,0,-0.00012207
0,1011,0,0
0,1012,0,-0.00012207
0,1013,-0.00012207,-0.00012207
0,1014,0,-0.00012207
0,1015,-0.00012207,0
0,1016,0,0
0,1017,-0.00012207,-0.00012207
0,1018,0,0
0,1019,-0.00012207,0
0,1020,0,0
0,1021,0,-0.00012207
0,1022,-0.00012207,0
0,1023,0,-0.00012207
0,1024,0,0
0,1025,0,-0.00012207
0,1026,0,0
0,1027,-0.00012207,-0.00012207
0,1028,0,-0.00012207
0,1029,0,-0.00012207
0,1030,0,-0.00012207
0,1031,-0.00012207,0
0,1032,0,-0.00012207
0,1033,-0.00012207,-0.00012207
0,1034,0,-0.00012207
0,1035,-0.00012207,-0.00012207
0,1036,-0.00012207,-0.00012207
0,1037,0,0
0,1038,0,0
0,1039,-0.00012207,-0.00012207
0,1040,-0.00012207,0
0,1041,-0.00012207,0
0,1042,-0.00012207,0
0,1043,0,0
0,1044,0,-0.00012207
0,1045,0,-0.00012207
0,1046,-0.00012207,0
0,1047,0,-0.00012207
0,1048,-0.00012207,-0.00012207
0,1049,0,0
0,1050,-0.00012207,-0.00012207
0,1051,0,-0.00012207
0,1052,0,0
0,1053,0,-0.00012207
0,1054,-0.00012207,0
0,1055,0,0
0,1056,0,-0.00012207
0,1057,0,-0.00012207
0,1058,-0.00012207,0
0,1059,-0.00012207,-0.00012207
0,1060,0,0
0,1061,0,0
0,1062,0,0
0,1063,0,-0.00012207
0,1064,0,-0.00012207
0,1065,0,0
0,1066,0,0
0,1067,-0.00012207,0
0,1068,-0.00012207,-0.00012207
0,1069,-0.00012207,-0.00012207
0,1070,0,-0.00012207
0,1071,-0.00012207,-0.00012207
0,1072,-0.00012207,-0.00012207
0,1073,-0.00012207,-0.00012207
0,1074,-0.00012207,-0.00012207
0,1075,0,0
0,1076,-0.00012207,0
0,1077,0,0
0,1078,0,-0.00012207
0,1079,-0.00012207,0
0,1080,0,0
0,1081,0,0
0,1082,-0.00012207,0
0,1083,-0.00012207,0
0,1084,0,0
0,1085,0,-0.00012207
0,1086,-0.00012207,-0.00012207
0,1087,0,-0.00012207
0,1088,-0.00012207,-0.00012207
0,1089,-0.00012207,-0.00012207
0,1090,0,-0.00012207
0,1091,0,-0.00012207
0,1092,-0.00012207,0
0,1093,-0.00012207,0
0,1094,-0.00012207,-0.00012207
0,1095,-0.00012207,0
0,1096,-0.00012207,-0.00012207
0,1097,-0.00012207,0
0,1098,-0.00012207,-0.00012207
0,1099,-0.00012207,-0.00012207
0,1100,0,-0.00012207
0,1101,-0.00012207,-0.00012207
0,1102,-0.00012207,-0.00012207
0,1103,0,0
0,1104,-0.00012207,0
0,1105,-0.00012207,0
0,1106,-0.00012207,-0.00012207
0,1107,-0.00012207,-0.00012207
0,1108,-0.00012207,-0.00012207
0,1109,0,0
0,1110,-0.00012207,-0.00012207
0,1111,-0.00012207,0
0,1112,0,-0.00012207
0,1113,0,-0.00012207
0,1114,-0.00012207,0
0,1115,0,-0.00012207
0,1116,-0.00012207,0
0,1117,-0.00012207,0
0,1118,-0.00012207,0
0,1119,0,-0.00012207
0,1120,0,0
0,1121,0,0
0,1122,0,0
0,1123,0,0
0,1124,0,0
0,1125,-0.00012207,-0.00012207
0,1126,-0.00012207,0
0,1127,0,0
1,0,0.017334,0.000488281
1,1,0.00854492,-0.00012207
1,2,0.00476074,-0.000366211
1,3,-0.00415039,0.000610352
1,4,-0.0012207,0.000610352
1,5,0.00292969,-0.00317383
1,6,0.00939941,-0.00537109
1,7,0.00720215,-0.019043
1,8,-0.00512695,-0.0181885
1,9,-0.0159912,-0.0106201
1,10,-0.0189209,-0.00683594
1,11,-0.0174561,-0.00390625
1,12,-0.0198975,0.000244141
1,13,-0.0119629,0.00805664
1,14,-0.00341797,0.0151367
1,15,0.0155029,0.0192871
1,16,0.00366211,0.0167236
1,17,-0.0102539,0.00830078
1,18,-0.0109863,0.00427246
1,19,-0.0136719,0.00390625
1,20,-0.0123291,0.00280762
1,21,-0.0146484,0.00854492
1,22,-0.0159912,0.0144043
1,23,-0.0189209,0.020874
1,24,-0.00952148,0.026001
1,25,0,0.0229492
1,26,0.00317383,0.020752
1,27,0.00476074,0.0198975
1,28,0.00744629,0.0169678
1,29,0.0136719,0.0109863
1,30,0.0166016,0.00524902
1,31,-0.00354004,0.00292969
1,32,-0.00219727,0.00317383
1,33,-0.000732422,0.00744629
1,34,0.000488281,0.00732422
1,35,0.000976562,0.00732422
1,36,0.00158691,0.00854492
1,37,0.00292969,0.012207
1,38,0.0045166,0.0152588
1,39,-0.0200195,0.0142822
1,40,-0.0227051,-0.0106201
1,41,0.00109863,-0.0323486
1,42,0.0137939,-0.0290527
1,43,0.0197754,-0.027832
1,44,0.0240479,-0.0152588
1,45,0.0303955,0.0107422
1,46,0.0078125,0.0334473
1,47,0.0117188,-0.000244141
1,48,0.00927734,-0.000244141
1,49,-0.00915527,0.00012207
1,50,-0.00378418,0.000244141
1,51,0.00561523,-0.00109863
1,52,0.00756836,-0.00109863
1,53,0.00695801,-0.0102539
1,54,0.000366211,-0.0113525
1,55,-0.00634766,-0.00793457
1,56,-0.00842285,-0.00585938
1,57,-0.00793457,-0.00415039
1,58,-0.00976562,-0.00195312
1,59,-0.0065918,0.00268555
1,60,-0.00256348,0.0065918
1,61,0.00939941,0.0113525
1,62,0.00366211,0.0128174
1,63,-0.00402832,0.0111084
1,64,-0.00524902,0.0078125
1,65,-0.00720215,0.00854492
1,66,-0.00732422,0.00610352
1,67,-0.0115967,0.00610352
1,68,-0.0137939,0.00402832
1,69,-0.0150146,0.00646973
1,70,-0.0108643,0.0114746
1,71,-0.00561523,0.0118408
1,72,-0.00366211,0.0114746
1,73,-0.00256348,0.0114746
1,74,-0.000610352,0.010498
1,75,0.00390625,0.00939941
1,76,0.00732422,0.00744629
1,77,-0.00366211,-0.00280762
1,78,-0.00268555,-0.000976562
1,79,-0.00537109,-0.000366211
1,80,-0.00463867,0.000610352
1,81,-0.00402832,0.0012207
1,82,-0.00415039,0.00268555
1,83,-0.0020752,0.00695801
1,84,0.000244141,0.00891113
1,85,-0.0123291,0.00512695
1,86,-0.0114746,-0.0078125
1,87,0.00354004,-0.0169678
1,88,0.0102539,-0.013916
1,89,0.0133057,-0.0123291
1,90,0.0142822,-0.00524902
1,91,0.0137939,0.00964355
1,92,-0.00292969,0.0179443
1,93,0.0131836,0
1,94,-0.0134277,-0.000488281
1,95,-0.00622559,-0.000244141
1,96,0.00805664,0.00109863
1,97,0.00549316,0.00390625
1,98,0.00683594,0
1,99,0.00646973,-0.00366211
1,100,0.00415039,-0.00524902
1,101,0.00305176,-0.00537109
1,102,0.00244141,-0.00488281
1,103,0.0012207,-0.00500488
1,104,-0.00109863,-0.00341797
1,105,-0.0020752,-0.00268555
1,106,0.00146484,0.00305176
1,107,0.00268555,0.0078125
1,108,0.00256348,0.0124512
1,109,0.000976562,0.0102539
1,110,0,0.0118408
1,111,-0.00170898,0.00842285
1,112,-0.00793457,0.00268555
1,113,-0.0111084,-0.00744629
1,114,-0.0107422,-0.00976562
1,115,-0.0125732,-0.00476074
1,116,-0.0119629,-0.000488281
1,117,-0.0112305,0.00134277
1,118,-0.0108643,0.00231934
1,119,-0.00964355,0.00366211
1,120,-0.00671387,0.00769043
1,121,-0.00305176,0.0100098
1,122,-0.00366211,-0.00866699
1,123,-0.00317383,-0.00512695
1,124,-0.0098877,-0.00817871
1,125,-0.00976562,-0.00622559
1,126,-0.00927734,-0.00500488
1,127,-0.0100098,-0.0032959
1,128,-0.00769043,0.0012207
1,129,-0.00476074,0.0020752
1,130,-0.00378418,-0.00537109
1,131,0.00146484,-0.00524902
1,132,0.00720215,0.00012207
1,133,0.00695801,0.0032959
1,134,0.00671387,0.00512695
1,135,0.00366211,0.00646973
1,136,-0.00488281,0.00915527
1,137,-0.0150146,0.0012207
1,138,-0.0133057,-0.000488281
1,139,-0.00622559,-0.000366211
1,140,0.00793457,0.00158691
1,141,0.00439453,0.00488281
1,142,0.00598145,0.00317383
1,143,0.00756836,-0.000976562
1,144,0.00683594,-0.00390625
1,145,0.00622559,-0.00488281
1,146,0.00524902,-0.00476074
1,147,0.00427246,-0.00549316
1,148,0.000732422,-0.00500488
1,149,-0.00170898,-0.00524902
1,150,-0.00134277,0.00012207
1,151,0.00195312,0.00524902
1,152,0.00427246,0.0112305
1,153,0.00280762,0.00964355
1,154,0.00244141,0.0112305
1,155,0.000366211,0.00805664
1,156,-0.00585938,0.00134277
1,157,-0.0090332,-0.0100098
1,158,-0.00854492,-0.0135498
1,159,-0.0119629,-0.00915527
1,160,-0.0126953,-0.00402832
1,161,-0.0124512,-0.00170898
1,162,-0.012207,-0.000610352
1,163,-0.0113525,0.00134277
1,164,-0.00915527,0.0065918
1,165,-0.0057373,0.0098877
1,166,-0.00341797,-0.00952148
1,167,-0.00305176,-0.00585938
1,168,-0.010376,-0.00964355
1,169,-0.010376,-0.00756836
1,170,-0.0098877,-0.00610352
1,171,-0.0107422,-0.00463867
1,172,-0.00854492,-0.000488281
1,173,-0.00585938,-0.000244141
1,174,-0.000854492,-0.00805664
1,175,0.00537109,-0.00390625
1,176,0.00756836,0.00537109
1,177,0.00524902,0.00830078
1,178,0.00402832,0.0101318
1,179,0.00012207,0.00952148
1,180,-0.0101318,0.00830078
1,181,-0.017334,-0.00378418
1,182,0.00634766,0
1,183,-0.00842285,-0.00170898
1,184,-0.00476074,-0.00549316
1,185,-0.0065918,-0.00415039
1,186,-0.00842285,0.000610352
1,187,-0.0078125,0.00415039
1,188,-0.00708008,0.00524902
1,189,-0.00610352,0.00524902
1,190,-0.00500488,0.00622559
1,191,-0.000976562,0.00561523
1,192,0.00195312,0.00585938
1,193,0.00231934,0
1,194,-0.00195312,-0.00488281
1,195,-0.00537109,-0.0108643
1,196,-0.00390625,-0.00952148
1,197,-0.00354004,-0.0112305
1,198,-0.0012207,-0.00805664
1,199,0.00549316,-0.0012207
1,200,0.00939941,0.0106201
1,201,0.00915527,0.0147705
1,202,0.0129395,0.0100098
1,203,0.0137939,0.00439453
1,204,0.0135498,0.00170898
1,205,0.0131836,0.000488281
1,206,0.0123291,-0.00158691
1,207,0.0098877,-0.00732422
1,208,0.00622559,-0.0108643
1,209,0.00378418,0.0098877
1,210,0.00317383,0.00598145
1,211,0.0111084,0.00952148
1,212,0.0111084,0.00732422
1,213,0.0106201,0.00598145
1,214,0.0114746,0.00439453
1,215,0.00915527,0.000366211
1,216,0.00646973,0.000366211
1,217,0.000488281,0.00915527
1,218,-0.00671387,0.00427246
1,219,-0.00891113,-0.0065918
1,220,-0.00598145,-0.00976562
1,221,-0.00463867,-0.0118408
1,222,0,-0.0111084
1,223,0.0113525,-0.00952148
1,224,0.0189209,0.00402832
1,225,-0.00415039,-0.000854492
1,226,-0.00231934,-0.00292969
1,227,-0.00317383,-0.00268555
1,228,-0.00415039,-0.00012207
1,229,-0.00402832,0.00195312
1,230,-0.00378418,0.00268555
1,231,-0.00317383,0.00268555
1,232,-0.00280762,0.0032959
1,233,-0.000732422,0.00305176
1,234,0.000854492,0.00317383
1,235,0.00183105,0.000366211
1,236,-0.000610352,-0.00170898
1,237,-0.00292969,-0.0045166
1,238,-0.00231934,-0.00402832
1,239,-0.00219727,-0.00476074
1,240,-0.00109863,-0.00354004
1,241,0.0020752,-0.000244141
1,242,0.00415039,0.00537109
1,243,0.00427246,0.0078125
1,244,0.00646973,0.00549316
1,245,0.00695801,0.00244141
1,246,0.00683594,0.00109863
1,247,0.00671387,0.000488281
1,248,0.00622559,-0.000732422
1,249,0.00500488,-0.00366211
1,250,0.0032959,-0.00549316
1,251,0.00183105,0.00488281
1,252,0.00158691,0.00292969
1,253,0.00537109,0.0045166
1,254,0.00537109,0.00341797
1,255,0.00512695,0.00280762
1,256,0.00561523,0.00195312
1,257,0.00463867,0.000244141
1,258,0.00341797,0.000366211
1,259,-0.000244141,0.00500488
1,260,-0.00402832,0.0020752
1,261,-0.00463867,-0.00402832
1,262,-0.00280762,-0.00561523
1,263,-0.00195312,-0.00671387
1,264,0.000488281,-0.00610352
1,265,0.00634766,-0.00500488
1,266,0.00964355,0.00231934
1,267,0.00500488,0.00354004
1,268,0.00646973,0.00195312
1,269,0.00585938,-0.00268555
1,270,0.00354004,-0.00610352
1,271,0.00244141,-0.00683594
1,272,0.00170898,-0.00634766
1,273,0.000610352,-0.00683594
1,274,-0.00170898,-0.0045166
1,275,-0.00341797,-0.00268555
1,276,-0.00354004,0.00268555
1,277,-0.000244141,0.00292969
1,278,0.00354004,0.00354004
1,279,0.00292969,0.00292969
1,280,0.00305176,0.00366211
1,281,0.00134277,0.00268555
1,282,-0.00415039,0.000366211
1,283,-0.0090332,-0.00561523
1,284,-0.0112305,-0.0090332
1,285,-0.0133057,-0.00415039
1,286,-0.0119629,0.000610352
1,287,-0.0108643,0.00256348
1,288,-0.0102539,0.00354004
1,289,-0.00878906,0.00488281
1,290,-0.00537109,0.00866699
1,291,-0.00183105,0.0101318
1,292,-0.00439453,-0.00610352
1,293,-0.0032959,-0.0032959
1,294,-0.00878906,-0.00341797
1,295,-0.00842285,-0.00183105
1,296,-0.00793457,-0.000976562
1,297,-0.00842285,0.000244141
1,298,-0.00695801,0.00244141
1,299,-0.00561523,0.00195312
1,300,-0.00341797,-0.00708008
1,301,0.00378418,-0.00671387
1,302,0.00952148,0.00134277
1,303,0.00830078,0.00537109
1,304,0.0078125,0.00756836
1,305,0.00378418,0.00891113
1,306,-0.00585938,0.0119629
1,307,-0.0155029,0.00354004
1,308,0.0100098,-0.00695801
1,309,0.00280762,-0.0124512
1,310,-0.00500488,-0.0135498
1,311,-0.00769043,-0.0126953
1,312,-0.00793457,-0.0106201
1,313,-0.0102539,-0.00927734
1,314,-0.00915527,-0.00146484
1,315,-0.0078125,0.00549316
1,316,-0.000610352,0.0119629
1,317,-0.000610352,0.00598145
1,318,0.000854492,-0.00170898
1,319,0.000610352,-0.00256348
1,320,0.000610352,-0.00292969
1,321,-0.000610352,-0.00183105
1,322,-0.00769043,0.00268555
1,323,-0.0164795,0.0045166
1,324,-0.0223389,0.00341797
1,325,-0.019043,0.0108643
1,326,-0.0119629,0.0145264
1,327,-0.00866699,0.0152588
1,328,-0.00720215,0.015625
1,329,-0.00402832,0.0155029
1,330,0.00341797,0.0155029
1,331,0.00854492,0.0128174
1,332,-0.00756836,-0.00109863
1,333,-0.00512695,0.000732422
1,334,-0.0090332,0.0065918
1,335,-0.00769043,0.00756836
1,336,-0.00671387,0.0078125
1,337,-0.00646973,0.00927734
1,338,-0.00476074,0.010498
1,339,-0.00402832,0.0102539
1,340,-0.0147705,-0.00109863
1,341,-0.00610352,-0.013916
1,342,0.0131836,-0.0147705
1,343,0.0177002,-0.00805664
1,344,0.0202637,-0.00476074
1,345,0.0172119,0.00317383
1,346,0.00939941,0.0205078
1,347,-0.0124512,0.0241699
1,348,0.0224609,-0.0133057
1,349,0.0114746,-0.0214844
1,350,0.00598145,-0.0235596
1,351,0.00256348,-0.0213623
1,352,-0.0032959,-0.0227051
1,353,-0.0126953,-0.0128174
1,354,-0.0206299,-0.00341797
1,355,-0.0137939,0.0187988
1,356,-0.00964355,0.00915527
1,357,-0.00109863,-0.00305176
1,358,0.000610352,-0.00476074
1,359,0.000976562,-0.00622559
1,360,-0.000732422,-0.00622559
1,361,-0.0131836,-0.00854492
1,362,-0.0262451,-0.0133057
1,363,-0.0323486,-0.0145264
1,364,-0.0341797,-0.00109863
1,365,-0.02771,0.00878906
1,366,-0.0241699,0.0118408
1,367,-0.022583,0.0131836
1,368,-0.0185547,0.0150146
1,369,-0.00878906,0.0197754
1,370,0.000366211,0.0217285
1,371,-0.00939941,-0.00292969
1,372,-0.00756836,-0.00183105
1,373,-0.0164795,0.00134277
1,374,-0.0152588,0.00305176
1,375,-0.0142822,0.00354004
1,376,-0.0148926,0.00500488
1,377,-0.0152588,0.00769043
1,378,-0.0167236,0.00964355
1,379,-0.0236816,-0.0202637
1,380,0.00561523,-0.0288086
1,381,0.0377197,-0.0078125
1,382,0.0378418,0.00708008
1,383,0.0380859,0.0140381
1,384,0.0250244,0.0220947
1,385,-0.00341797,0.0366211
1,386,-0.0390625,0.0174561
1,387,0.0258789,-0.0125732
1,388,0.0224609,-0.0172119
1,389,0.0177002,-0.0170898
1,390,0.0130615,-0.0214844
1,391,-0.00317383,-0.0185547
1,392,-0.0174561,-0.015625
1,393,-0.0212402,0.00585938
1,394,-0.0111084,0.00268555
1,395,0.00305176,0.000244141
1,396,0.00488281,-0.000488281
1,397,0.00585938,-0.00109863
1,398,0.00366211,-0.00305176
1,399,-0.00708008,-0.0145264
1,400,-0.0157471,-0.0286865
1,401,-0.0167236,-0.0332031
1,402,-0.0262451,-0.0233154
1,403,-0.0283203,-0.0113525
1,404,-0.0279541,-0.0065918
1,405,-0.02771,-0.0045166
1,406,-0.026123,-0.000488281
1,407,-0.0220947,0.00952148
1,408,-0.0151367,0.0174561
1,409,-0.00476074,-0.00805664
1,410,-0.00500488,-0.00671387
1,411,-0.0158691,-0.0109863
1,412,-0.0162354,-0.00878906
1,413,-0.0158691,-0.00769043
1,414,-0.0175781,-0.00695801
1,415,-0.019043,-0.00402832
1,416,-0.0205078,-0.00231934
1,417,-0.00927734,-0.0310059
1,418,0.0213623,-0.0203857
1,419,0.0360107,0.0158691
1,420,0.0272217,0.0279541
1,421,0.0229492,0.0338135
1,422,0.00695801,0.0323486
1,423,-0.0267334,0.0258789
1,424,-0.0460205,-0.0125732
1,425,0.0313721,-0.0057373
1,426,0.0270996,-0.00769043
1,427,0.0251465,-0.0135498
1,428,0.00732422,-0.0183105
1,429,-0.00878906,-0.0228271
1,430,-0.0216064,-0.00964355
1,431,-0.00842285,-0.00524902
1,432,0.00756836,0.00341797
1,433,0.00854492,0.00402832
1,434,0.0100098,0.00463867
1,435,0.00756836,0.00146484
1,436,0.00158691,-0.0152588
1,437,-0.000854492,-0.0344238
1,438,0.00366211,-0.0407715
1,439,-0.0101318,-0.0374756
1,440,-0.0197754,-0.0273438
1,441,-0.022583,-0.0224609
1,442,-0.0239258,-0.0202637
1,443,-0.0252686,-0.0153809
1,444,-0.0280762,-0.0032959
1,445,-0.0252686,0.00793457
1,446,0.000854492,-0.0106201
1,447,-0.0012207,-0.00939941
1,448,-0.0111084,-0.0195312
1,449,-0.0126953,-0.0174561
1,450,-0.0129395,-0.0161133
1,451,-0.0150146,-0.0161133
1,452,-0.0167236,-0.013916
1,453,-0.0175781,-0.0131836
1,454,0.00769043,-0.0316162
1,455,0.0297852,-0.00537109
1,456,0.0223389,0.0341797
1,457,0.00756836,0.0395508
1,458,0.000244141,0.0424805
1,459,-0.0133057,0.0318604
1,460,-0.0412598,0.00695801
1,461,-0.0384521,-0.0377197
1,462,0.0285645,-0.00280762
1,463,0.0280762,-0.00891113
1,464,0.0111084,-0.0166016
1,465,-0.00427246,-0.0241699
1,466,-0.0200195,-0.0150146
1,467,-0.00683594,-0.0078125
1,468,0.00830078,0.0045166
1,469,0.0090332,0.00561523
1,470,0.0106201,0.0065918
1,471,0.00842285,0.00317383
1,472,0.00512695,-0.0142822
1,473,0.00561523,-0.0340576
1,474,0.0115967,-0.0404053
1,475,-0.00280762,-0.0400391
1,476,-0.0145264,-0.0314941
1,477,-0.0184326,-0.0269775
1,478,-0.0201416,-0.0250244
1,479,-0.0227051,-0.0201416
1,480,-0.027832,-0.00842285
1,481,-0.0270996,0.0032959
1,482,0.00292969,-0.0108643
1,483,0.000366211,-0.00976562
1,484,-0.00805664,-0.0214844
1,485,-0.0100098,-0.0196533
1,486,-0.010498,-0.0183105
1,487,-0.0125732,-0.0185547
1,488,-0.0141602,-0.0168457
1,489,-0.0148926,-0.0167236
1,490,0.0142822,-0.0294189
1,491,0.0308838,0.0012207
1,492,0.0148926,0.0391846
1,493,-0.0012207,0.0412598
1,494,-0.00927734,0.0427246
1,495,-0.0205078,0.0292969
1,496,-0.0435791,-0.0012207
1,497,-0.0317383,-0.0450439
1,498,0.0257568,-0.00537109
1,499,0.0114746,-0.0136719
1,500,-0.00134277,-0.0216064
1,501,-0.0163574,-0.015625
1,502,-0.00500488,-0.0078125
1,503,0.00756836,0.00488281
1,504,0.00793457,0.00598145
1,505,0.00927734,0.00708008
1,506,0.00744629,0.00390625
1,507,0.00598145,-0.0118408
1,508,0.00793457,-0.0294189
1,509,0.0140381,-0.0349121
1,510,0.0012207,-0.0360107
1,511,-0.0101318,-0.0294189
1,512,-0.0140381,-0.0256348
1,513,-0.0157471,-0.0240479
1,514,-0.0184326,-0.0198975
1,515,-0.0241699,-0.00976562
1,516,-0.0245361,0.000610352
1,517,0.00354004,-0.00976562
1,518,0.00109863,-0.00878906
1,519,-0.00561523,-0.0198975
1,520,-0.00744629,-0.0183105
1,521,-0.00793457,-0.0170898
1,522,-0.00976562,-0.0174561
1,523,-0.0111084,-0.0161133
1,524,-0.0114746,-0.0161133
1,525,0.015625,-0.0244141
1,526,0.0272217,0.00439453
1,527,0.00915527,0.0362549
1,528,-0.00537109,0.036499
1,529,-0.0125732,0.0371094
1,530,-0.0213623,0.0240479
1,531,-0.0389404,-0.00512695
1,532,-0.024292,-0.0427246
1,533,0.0151367,-0.0112305
1,534,0.00390625,-0.0219727
1,535,-0.013916,-0.0206299
1,536,-0.0032959,-0.010376
1,537,0.0078125,0.00561523
1,538,0.00793457,0.00720215
1,539,0.00927734,0.00866699
1,540,0.00793457,0.00524902
1,541,0.00952148,-0.010376
1,542,0.0147705,-0.0274658
1,543,0.0218506,-0.0328369
1,544,0.00891113,-0.0369873
1,545,-0.00415039,-0.0324707
1,546,-0.00891113,-0.0292969
1,547,-0.0109863,-0.0279541
1,548,-0.0146484,-0.0239258
1,549,-0.022583,-0.0145264
1,550,-0.0252686,-0.00427246
1,551,0.00549316,-0.00964355
1,552,0.00280762,-0.00866699
1,553,-0.00183105,-0.020874
1,554,-0.00402832,-0.0196533
1,555,-0.00476074,-0.0185547
1,556,-0.00646973,-0.0192871
1,557,-0.0078125,-0.0184326
1,558,-0.00805664,-0.019165
1,559,0.0222168,-0.0211182
1,560,0.0272217,0.0112305
1,561,0.000610352,0.039917
1,562,-0.0145264,0.0368652
1,563,-0.0220947,0.0357666
1,564,-0.0280762,0.0202637
1,565,-0.0395508,-0.0135498
1,566,-0.0157471,-0.0483398
1,567,0.0125732,-0.0106201
1,568,-0.000488281,-0.0179443
1,569,0.00195312,-0.00817871
1,570,0.00256348,0.00524902
1,571,0.00195312,0.00646973
1,572,0.00231934,0.00793457
1,573,0.00292969,0.00585938
1,574,0.010376,-0.00170898
1,575,0.0201416,-0.00878906
1,576,0.0253906,-0.0102539
1,577,0.0192871,-0.0180664
1,578,0.0101318,-0.0202637
1,579,0.00634766,-0.0201416
1,580,0.00463867,-0.0200195
1,581,0.0012207,-0.019043
1,582,-0.00683594,-0.0163574
1,583,-0.0125732,-0.0118408
1,584,0.0065918,-0.00439453
1,585,0.00488281,-0.00402832
1,586,0.00720215,-0.0123291
1,587,0.00549316,-0.0123291
1,588,0.00463867,-0.0118408
1,589,0.00402832,-0.0128174
1,590,0.00317383,-0.0130615
1,591,0.00354004,-0.0142822
1,592,0.0228271,-0.00256348
1,593,0.0115967,0.0184326
1,594,-0.0167236,0.0241699
1,595,-0.0245361,0.0159912
1,596,-0.0284424,0.0123291
1,597,-0.0255127,0.000732422
1,598,-0.0179443,-0.0229492
1,599,0.0108643,-0.0328369
1,600,0.0130615,-0.0152588
1,601,0.00720215,-0.00512695
1,602,-0.00305176,0.0065918
1,603,-0.00427246,0.00720215
1,604,-0.00524902,0.00866699
1,605,-0.00268555,0.00744629
1,606,0.010376,0.00671387
1,607,0.0251465,0.0078125
1,608,0.0289307,0.0101318
1,609,0.0290527,-0.000732422
1,610,0.0233154,-0.00927734
1,611,0.0202637,-0.0119629
1,612,0.019043,-0.0130615
1,613,0.0157471,-0.0146484
1,614,0.00732422,-0.0181885
1,615,-0.00134277,-0.0186768
1,616,0.00817871,0
1,617,0.00732422,-0.00012207
1,618,0.0159912,-0.00549316
1,619,0.0145264,-0.0065918
1,620,0.0135498,-0.00671387
1,621,0.0136719,-0.0078125
1,622,0.0129395,-0.00854492
1,623,0.0140381,-0.00976562
1,624,0.0234375,0.0145264
1,625,-0.0032959,0.0247803
1,626,-0.0332031,0.00891113
1,627,-0.0340576,-0.00378418
1,628,-0.0345459,-0.0100098
1,629,-0.0231934,-0.0177002
1,630,0.00195312,-0.0323486
1,631,0.0352783,-0.0195312
1,632,0.0150146,0.00732422
1,633,-0.00512695,0.0118408
1,634,-0.00817871,0.0098877
1,635,-0.0106201,0.0112305
1,636,-0.0090332,0.0098877
1,637,-0.00134277,0.0167236
1,638,0.00769043,0.0249023
1,639,0.0115967,0.032959
1,640,0.0222168,0.026123
1,641,0.0250244,0.013916
1,642,0.0247803,0.00891113
1,643,0.0246582,0.00671387
1,644,0.0231934,0.00195312
1,645,0.0201416,-0.00878906
1,646,0.0151367,-0.0155029
1,647,0.0045166,0.00708008
1,648,0.00439453,0.00524902
1,649,0.0130615,0.00610352
1,650,0.0130615,0.00415039
1,651,0.0125732,0.00341797
1,652,0.0136719,0.00292969
1,653,0.0151367,0.00366211
1,654,0.0180664,0.00512695
1,655,0.00134277,0.0297852
1,656,-0.0258789,0.0144043
1,657,-0.0313721,-0.024292
1,658,-0.0196533,-0.0344238
1,659,-0.0145264,-0.0396729
1,660,0.000732422,-0.0351562
1,661,0.0313721,-0.0246582
1,662,0.0412598,0.0128174
1,663,0.00805664,0.00842285
1,664,0.0045166,0.00854492
1,665,0.00415039,0.0106201
1,666,0.0020752,0.00964355
1,667,0.00244141,0.0126953
1,668,0.00292969,0.0131836
1,669,0.00695801,0.0140381
1,670,0.0117188,0.0100098
1,671,0.0114746,0.00476074
1,672,0.0108643,0.00292969
1,673,0.0107422,0.0020752
1,674,0.00952148,0.000244141
1,675,0.00756836,-0.00402832
1,676,0.00561523,-0.00695801
1,677,0.000244141,0.00183105
1,678,0.000610352,0.00158691
1,679,0.00134277,0.00231934
1,680,0.00158691,0.00183105
1,681,0.00170898,0.00158691
1,682,0.00231934,0.00158691
1,683,0.00561523,0.00146484
1,684,0.00891113,0.000610352
1,685,0.00427246,0.0147705
1,686,-0.010376,0.0108643
1,687,-0.0184326,-0.00769043
1,688,-0.0144043,-0.0145264
1,689,-0.0125732,-0.0177002
1,690,-0.00476074,-0.0175781
1,691,0.0102539,-0.0155029
1,692,0.0177002,0.00231934
1,693,0.0180664,0.00268555
1,694,0.0206299,0.00463867
1,695,0.0147705,0.00524902
1,696,0.0057373,0.00463867
1,697,-0.00537109,-0.00195312
1,698,-0.00366211,-0.00939941
1,699,-0.00585938,-0.00817871
1,700,-0.00805664,-0.00390625
1,701,-0.00830078,-0.00170898
1,702,-0.00830078,-0.000976562
1,703,-0.00842285,0.000976562
1,704,-0.00732422,0.00463867
1,705,-0.00439453,0.00598145
1,706,-0.00610352,-0.00378418
1,707,-0.00476074,-0.0020752
1,708,-0.0134277,0
1,709,-0.0126953,0.00109863
1,710,-0.0117188,0.00134277
1,711,-0.0113525,0.00219727
1,712,-0.0065918,0.000610352
1,713,-0.00427246,-0.00305176
1,714,0.00378418,-0.00634766
1,715,0.00891113,0.00170898
1,716,0.00341797,0.0106201
1,717,-0.00134277,0.010498
1,718,-0.00341797,0.0111084
1,719,-0.00671387,0.00756836
1,720,-0.0141602,0.00244141
1,721,-0.0150146,-0.00524902
1,722,0.0185547,0.00134277
1,723,0.0136719,0.00231934
1,724,0.00549316,0.00146484
1,725,-0.00500488,-0.00427246
1,726,-0.0045166,-0.0112305
1,727,-0.00744629,-0.00939941
1,728,-0.00939941,-0.0045166
1,729,-0.00939941,-0.00219727
1,730,-0.00939941,-0.00134277
1,731,-0.00927734,0.000732422
1,732,-0.00793457,0.00488281
1,733,-0.00488281,0.0065918
1,734,-0.00585938,-0.00341797
1,735,-0.0045166,-0.0020752
1,736,-0.0124512,0
1,737,-0.0118408,0.000976562
1,738,-0.0108643,0.00134277
1,739,-0.0106201,0.0020752
1,740,-0.00695801,0.000366211
1,741,-0.00561523,-0.00305176
1,742,0.00280762,-0.00891113
1,743,0.010376,-0.000488281
1,744,0.0065918,0.0117188
1,745,0.0012207,0.0129395
1,746,-0.000976562,0.0140381
1,747,-0.00549316,0.0106201
1,748,-0.0152588,0.00524902
1,749,-0.0170898,-0.00537109
1,750,0.0162354,0.00146484
1,751,0.00695801,0.000854492
1,752,-0.00537109,-0.00512695
1,753,-0.00524902,-0.0130615
1,754,-0.00878906,-0.0109863
1,755,-0.0108643,-0.00512695
1,756,-0.0108643,-0.00244141
1,757,-0.0108643,-0.00146484
1,758,-0.0106201,0.000976562
1,759,-0.00891113,0.0057373
1,760,-0.00549316,0.00769043
1,761,-0.00708008,-0.00354004
1,762,-0.00537109,-0.0020752
1,763,-0.0141602,0.000610352
1,764,-0.0133057,0.00183105
1,765,-0.012207,0.0020752
1,766,-0.0118408,0.00280762
1,767,-0.0078125,0.000488281
1,768,-0.00671387,-0.00354004
1,769,0.0032959,-0.0111084
1,770,0.0126953,-0.000976562
1,771,0.00842285,0.0142822
1,772,0.00195312,0.0159912
1,773,-0.000610352,0.017334
1,774,-0.00622559,0.0133057
1,775,-0.0178223,0.00683594
1,776,-0.0198975,-0.00598145
1,777,0.00720215,-0.000366211
1,778,-0.00109863,-0.00415039
1,779,-0.00134277,-0.0098877
1,780,-0.00439453,-0.00915527
1,781,-0.0065918,-0.00524902
1,782,-0.00671387,-0.00341797
1,783,-0.00683594,-0.00268555
1,784,-0.00683594,-0.000976562
1,785,-0.00634766,0.00256348
1,786,-0.00463867,0.00415039
1,787,-0.00476074,-0.00231934
1,788,-0.00341797,-0.00146484
1,789,-0.0090332,0.000366211
1,790,-0.00842285,0.00109863
1,791,-0.00769043,0.0012207
1,792,-0.00744629,0.00158691
1,793,-0.00476074,-0.000610352
1,794,-0.0045166,-0.00402832
1,795,0.00476074,-0.00878906
1,796,0.0107422,0.000854492
1,797,0.00476074,0.0130615
1,798,-0.000732422,0.0137939
1,799,-0.00317383,0.0144043
1,800,-0.00695801,0.010376
1,801,-0.0145264,0.00341797
1,802,-0.0128174,-0.00695801
1,803,0.019165,0.000366211
1,804,0.020752,-0.000488281
1,805,0.0183105,-0.0078125
1,806,0.0125732,-0.0112305
1,807,0.0102539,-0.0119629
1,808,0.00915527,-0.0124512
1,809,0.00671387,-0.0124512
1,810,0.000854492,-0.0130615
1,811,-0.00463867,-0.0118408
1,812,0.00317383,0.0012207
1,813,0.0032959,0.00012207
1,814,0.00732422,-0.0020752
1,815,0.0065918,-0.00280762
1,816,0.00622559,-0.00317383
1,817,0.0065918,-0.00415039
1,818,0.00634766,-0.00744629
1,819,0.00537109,-0.010498
1,820,0.0187988,0.000610352
1,821,0.00732422,0.0158691
1,822,-0.0166016,0.017334
1,823,-0.0219727,0.0100098
1,824,-0.0244141,0.00634766
1,825,-0.0205078,-0.00231934
1,826,-0.0098877,-0.019165
1,827,0.0151367,-0.0205078
1,828,0.0479736,0.00341797
1,829,0.0437012,-0.0129395
1,830,0.0317383,-0.0234375
1,831,0.026001,-0.0264893
1,832,0.0234375,-0.027832
1,833,0.0175781,-0.0290527
1,834,0.00292969,-0.0319824
1,835,-0.0102539,-0.0292969
1,836,0.0145264,0.0020752
1,837,0.0119629,-0.000488281
1,838,0.0250244,-0.010498
1,839,0.0222168,-0.0125732
1,840,0.0202637,-0.0130615
1,841,0.0198975,-0.0157471
1,842,0.0158691,-0.0185547
1,843,0.0144043,-0.0198975
1,844,0.0362549,0.00927734
1,845,0.00646973,0.0334473
1,846,-0.0394287,0.0252686
1,847,-0.0461426,0.00866699
1,848,-0.0498047,0.000366211
1,849,-0.0380859,-0.0148926
1,850,-0.010376,-0.0466309
1,851,0.0421143,-0.0432129
1,852,0.0556641,-0.0211182
1,853,0.038208,-0.0336914
1,854,0.0299072,-0.0369873
1,855,0.026123,-0.0384521
1,856,0.0177002,-0.0394287
1,857,-0.0020752,-0.041626
1,858,-0.0177002,-0.0367432
1,859,0.0202637,0.0012207
1,860,0.0150146,-0.0020752
1,861,0.0281982,-0.017334
1,862,0.024292,-0.0197754
1,863,0.0217285,-0.0201416
1,864,0.020874,-0.0236816
1,865,0.0167236,-0.0257568
1,866,0.0167236,-0.0258789
1,867,0.0435791,0.012207
1,868,0.00842285,0.0428467
1,869,-0.0483398,0.0323486
1,870,-0.057251,0.0109863
1,871,-0.0623779,0.000610352
1,872,-0.0484619,-0.0194092
1,873,-0.0168457,-0.0616455
1,874,0.0472412,-0.0596924
1,875,0.0460205,-0.0174561
1,876,0.0395508,-0.0233154
1,877,0.036499,-0.0258789
1,878,0.0291748,-0.0296631
1,879,0.0119629,-0.0384521
1,880,-0.00354004,-0.0393066
1,881,0.0178223,0.00793457
1,882,0.0140381,0.00292969
1,883,0.0306396,-0.0065918
1,884,0.0279541,-0.0100098
1,885,0.0257568,-0.0111084
1,886,0.0262451,-0.0145264
1,887,0.0236816,-0.0174561
1,888,0.0239258,-0.017334
1,889,0.0344238,0.026001
1,890,-0.00756836,0.041626
1,891,-0.0550537,0.0125732
1,892,-0.055542,-0.00976562
1,893,-0.0566406,-0.020874
1,894,-0.0371094,-0.0341797
1,895,0.00585938,-0.0615234
1,896,0.0622559,-0.0378418
1,897,0.0388184,-0.00671387
1,898,0.0372314,-0.00976562
1,899,0.0325928,-0.0148926
1,900,0.0214844,-0.0272217
1,901,0.00915527,-0.0324707
1,902,0.0118408,0.0117188
1,903,0.010376,0.00671387
1,904,0.0269775,0.00402832
1,905,0.0258789,0.000610352
1,906,0.0245361,-0.000976562
1,907,0.0258789,-0.00354004
1,908,0.0245361,-0.00671387
1,909,0.0244141,-0.00671387
1,910,0.0200195,0.0308838
1,911,-0.0184326,0.0310059
1,912,-0.0478516,-0.00610352
1,913,-0.041626,-0.0240479
1,914,-0.0390625,-0.0332031
1,915,-0.0195312,-0.0380859
1,916,0.0231934,-0.0471191
1,917,0.0616455,-0.0113525
1,918,0.0358887,-0.00305176
1,919,0.0324707,-0.00854492
1,920,0.024292,-0.0216064
1,921,0.0136719,-0.0284424
1,922,0.00891113,0.0126953
1,923,0.00854492,0.0078125
1,924,0.0244141,0.00817871
1,925,0.0240479,0.00476074
1,926,0.0229492,0.00305176
1,927,0.0246582,0.000976562
1,928,0.0238037,-0.00231934
1,929,0.0235596,-0.00256348
1,930,0.013916,0.0311279
1,931,-0.0214844,0.0256348
1,932,-0.0429688,-0.0125732
1,933,-0.034668,-0.0280762
1,934,-0.0308838,-0.0361328
1,935,-0.012207,-0.0375977
1,936,0.0285645,-0.0393066
1,937,0.0588379,-0.000732422
1,938,0.0324707,-0.0057373
1,939,0.0256348,-0.019043
1,940,0.0157471,-0.0264893
1,941,0.00744629,0.0129395
1,942,0.00756836,0.00830078
1,943,0.0230713,0.0098877
1,944,0.0230713,0.0065918
1,945,0.0222168,0.00488281
1,946,0.0240479,0.00305176
1,947,0.0234375,-0.000366211
1,948,0.0231934,-0.000610352
1,949,0.0113525,0.03125
1,950,-0.0228271,0.0233154
1,951,-0.0408936,-0.0153809
1,952,-0.0316162,-0.0297852
1,953,-0.0273438,-0.0373535
1,954,-0.0090332,-0.0373535
1,955,0.0310059,-0.0358887
1,956,0.0574951,0.00390625
1,957,0.0268555,-0.0133057
1,958,0.0189209,-0.0218506
1,959,0.00439453,0.0130615
1,960,0.00561523,0.00878906
1,961,0.0198975,0.0128174
1,962,0.0203857,0.00976562
1,963,0.0198975,0.00805664
1,964,0.0219727,0.00671387
1,965,0.0218506,0.00341797
1,966,0.0213623,0.00292969
1,967,0.0057373,0.0299072
1,968,-0.024292,0.0177002
1,969,-0.0349121,-0.0201416
1,970,-0.0241699,-0.0317383
1,971,-0.019043,-0.0378418
1,972,-0.00231934,-0.0350342
1,973,0.0341797,-0.0274658
1,974,0.0523682,0.0128174
1,975,0.0262451,-0.0106201
1,976,-0.00280762,0.0134277
1,977,0.000610352,0.0100098
1,978,0.0114746,0.0197754
1,979,0.0134277,0.017334
1,980,0.0137939,0.015625
1,981,0.0163574,0.0152588
1,982,0.0177002,0.012207
1,983,0.0169678,0.0114746
1,984,-0.0078125,0.0269775
1,985,-0.02771,0.00439453
1,986,-0.0203857,-0.03125
1,987,-0.00634766,-0.036377
1,988,0.000610352,-0.0394287
1,989,0.0135498,-0.0300293
1,990,0.041626,-0.00817871
1,991,0.039917,0.0334473
1,992,-0.0078125,0.0115967
1,993,-0.00341797,0.00939941
1,994,0.00219727,0.0218506
1,995,0.00488281,0.0202637
1,996,0.00598145,0.0187988
1,997,0.00842285,0.0195312
1,998,0.0111084,0.0174561
1,999,0.0106201,0.0167236
1,1000,-0.0183105,0.020874
1,1001,-0.0268555,-0.00683594
1,1002,-0.00585938,-0.0358887
1,1003,0.00891113,-0.0351562
1,1004,0.0163574,-0.0352783
1,1005,0.024292,-0.0218506
1,1006,0.0407715,0.00817871
1,1007,0.022583,0.0445557
1,1008,0.00671387,-0.000854492
1,1009,0.0119629,-0.00708008
1,1010,0.0098877,-0.00793457
1,1011,0.00842285,-0.00793457
1,1012,0.00744629,-0.00939941
1,1013,0.00427246,-0.00891113
1,1014,0.00463867,-0.00720215
1,1015,0.0115967,0.00561523
1,1016,0.000610352,0.0118408
1,1017,-0.0148926,0.00634766
1,1018,-0.0168457,0.00012207
1,1019,-0.0184326,-0.00292969
1,1020,-0.0141602,-0.00805664
1,1021,-0.00524902,-0.0198975
1,1022,0.0137939,-0.0187988
1,1023,0.00964355,-0.00390625
1,1024,0.00830078,-0.00463867
1,1025,0.00744629,-0.00476074
1,1026,0.00695801,-0.0057373
1,1027,0.00476074,-0.0057373
1,1028,0.00463867,-0.00500488
1,1029,0.00915527,0.00512695
1,1030,-0.000610352,0.00939941
1,1031,-0.0126953,0.00378418
1,1032,-0.0135498,-0.0012207
1,1033,-0.0142822,-0.00378418
1,1034,-0.0101318,-0.00720215
1,1035,-0.00109863,-0.0151367
1,1036,0.0136719,-0.012207
1,1037,0.0216064,-0.00244141
1,1038,0.0198975,-0.00341797
1,1039,0.0198975,-0.0057373
1,1040,0.0153809,-0.00732422
1,1041,0.0140381,-0.00610352
1,1042,0.0150146,0.0170898
1,1043,-0.0090332,0.0184326
1,1044,-0.0290527,-0.00195312
1,1045,-0.0264893,-0.0125732
1,1046,-0.0256348,-0.0183105
1,1047,-0.0142822,-0.0219727
1,1048,0.0114746,-0.0305176
1,1049,0.0396729,-0.0125732
1,1050,0.0189209,-0.00109863
1,1051,0.0192871,-0.00317383
1,1052,0.015625,-0.00512695
1,1053,0.0140381,-0.00415039
1,1054,0.012207,0.0174561
1,1055,-0.0106201,0.0164795
1,1056,-0.0270996,-0.00476074
1,1057,-0.0234375,-0.0145264
1,1058,-0.0219727,-0.0197754
1,1059,-0.0107422,-0.0220947
1,1060,0.0146484,-0.0272217
1,1061,0.0389404,-0.00720215
1,1062,0.0183105,-0.00183105
1,1063,0.0151367,-0.00390625
1,1064,0.0136719,-0.00317383
1,1065,0.0106201,0.0169678
1,1066,-0.0108643,0.0151367
1,1067,-0.0255127,-0.00561523
1,1068,-0.0214844,-0.0146484
1,1069,-0.0197754,-0.0195312
1,1070,-0.00891113,-0.0212402
1,1071,0.0153809,-0.0247803
1,1072,0.0373535,-0.00463867
1,1073,0.0166016,-0.00268555
1,1074,0.0148926,-0.00219727
1,1075,0.00964355,0.0187988
1,1076,-0.0128174,0.0153809
1,1077,-0.0263672,-0.00769043
1,1078,-0.0212402,-0.0169678
1,1079,-0.019043,-0.0220947
1,1080,-0.00732422,-0.0230713
1,1081,0.0189209,-0.0247803
1,1082,0.0400391,-0.00134277
1,1083,0.0155029,-0.000488281
1,1084,0.00756836,0.0203857
1,1085,-0.0146484,0.0153809
1,1086,-0.0264893,-0.00939941
1,1087,-0.0202637,-0.0187988
1,1088,-0.0174561,-0.0236816
1,1089,-0.00549316,-0.0236816
1,1090,0.0211182,-0.022583
1,1091,0.0386963,0.00366211
1,1092,0.00817871,0.0229492
1,1093,-0.0162354,0.0170898
1,1094,-0.0292969,-0.0108643
1,1095,-0.0227051,-0.0211182
1,1096,-0.0196533,-0.0262451
1,1097,-0.00671387,-0.026123
1,1098,0.020874,-0.0244141
1,1099,0.0385742,0.00390625
1,1100,0.0168457,0.0322266
1,1101,-0.0319824,0.0368652
1,1102,-0.0438232,0.0222168
1,1103,-0.0498047,0.0153809
1,1104,-0.0429688,-0.00292969
1,1105,-0.0262451,-0.0404053
1,1106,0.024292,-0.0512695
1,1107,0.0185547,0.0428467
1,1108,0.000610352,0.0463867
1,1109,-0.0078125,0.048584
1,1110,-0.0209961,0.03479
1,1111,-0.0467529,0.00463867
1,1112,-0.0344238,-0.0419922
1,1113,0.0585938,0.0235596
1,1114,0.0568848,0.0349121
1,1115,0.032959,0.0438232
1,1116,-0.0179443,0.0593262
1,1117,-0.0698242,0.0205078
1,1118,0.0661621,0.0111084
1,1119,0.0474854,0.0283203
1,1120,0.00683594,0.0617676
1,1121,-0.0560303,0.0455322
1,1122,0.0549316,0.0212402
1,1123,0.0189209,0.0639648
1,1124,-0.0498047,0.0585938
1,1125,0.0350342,0.0438232
1,1126,-0.0194092,0.060791
1,1127,0.0472412,0.0627441
2,0,0.0285645,0.00708008
2,1,0.0258789,0.0101318
2,2,0.0220947,0.0100098
2,3,-0.0209961,-0.0108643
2,4,-0.00866699,-0.00500488
2,5,0.00915527,0.00622559
2,6,0.00415039,0.00634766
2,7,-0.000976562,-0.00415039
2,8,-0.00512695,-0.00830078
2,9,-0.00817871,-0.00769043
2,10,-0.00891113,-0.00598145
2,11,-0.00830078,-0.00476074
2,12,-0.00854492,-0.00280762
2,13,-0.00439453,0.00292969
2,14,0.000610352,0.00891113
2,15,0.0179443,0.0183105
2,16,0.00402832,0.0286865
2,17,-0.0164795,0.0308838
2,18,-0.019165,0.0229492
2,19,-0.0253906,0.0249023
2,20,-0.0245361,0.017334
2,21,-0.0301514,0.00952148
2,22,-0.0184326,-0.000732422
2,23,-0.0131836,-0.00683594
2,24,-0.0157471,-0.00610352
2,25,-0.0131836,-0.00158691
2,26,-0.0124512,0.00158691
2,27,-0.0123291,0.00280762
2,28,-0.0115967,0.00598145
2,29,-0.012207,0.0133057
2,30,-0.0101318,0.0153809
2,31,0.0166016,-0.017334
2,32,0.00366211,-0.00646973
2,33,-0.0065918,-0.0101318
2,34,-0.010376,-0.00805664
2,35,-0.0114746,-0.00695801
2,36,-0.0150146,-0.00512695
2,37,-0.015625,0.000732422
2,38,-0.00756836,0.00537109
2,39,-0.00390625,0.00500488
2,40,0.00439453,-0.010376
2,41,0.0184326,-0.0162354
2,42,0.0180664,-0.0117188
2,43,0.0186768,-0.00927734
2,44,0.0125732,-0.00231934
2,45,-0.00256348,0.0098877
2,46,-0.0195312,0.0113525
2,47,0.0462646,0.00292969
2,48,0.0423584,0.00402832
2,49,-0.0418701,-0.00598145
2,50,-0.0184326,-0.00341797
2,51,0.0220947,0.00683594
2,52,0.0135498,0.012207
2,53,0.00708008,0.00183105
2,54,-0.000610352,-0.00378418
2,55,-0.00878906,-0.00463867
2,56,-0.0113525,-0.00366211
2,57,-0.0111084,-0.00280762
2,58,-0.0123291,-0.00146484
2,59,-0.00610352,0.0020752
2,60,0.00305176,0.00598145
2,61,0.0233154,0.0117188
2,62,0.0202637,0.0302734
2,63,0.00402832,0.0426025
2,64,-0.00366211,0.0349121
2,65,-0.0090332,0.0396729
2,66,-0.0142822,0.0302734
2,67,-0.0286865,0.0202637
2,68,-0.0230713,-0.000488281
2,69,-0.0189209,-0.0131836
2,70,-0.0273438,-0.0090332
2,71,-0.0263672,-0.00134277
2,72,-0.0246582,0.00366211
2,73,-0.0238037,0.0057373
2,74,-0.0205078,0.010376
2,75,-0.0136719,0.0222168
2,76,-0.00524902,0.0262451
2,77,-0.000244141,-0.0345459
2,78,-0.00280762,-0.0133057
2,79,-0.0175781,-0.0148926
2,80,-0.0196533,-0.0098877
2,81,-0.0196533,-0.00720215
2,82,-0.0222168,-0.00305176
2,83,-0.0194092,0.00476074
2,84,-0.00793457,0.00671387
2,85,-0.00305176,0.000976562
2,86,-0.000366211,-0.0153809
2,87,0.012085,-0.0197754
2,88,0.0130615,-0.0130615
2,89,0.0140381,-0.00976562
2,90,0.00952148,-0.000732422
2,91,-0.00500488,0.0163574
2,92,-0.0233154,0.0166016
2,93,0.0548096,0.00170898
2,94,-0.0549316,-0.00415039
2,95,-0.0247803,-0.00292969
2,96,0.0311279,0.0078125
2,97,0.0196533,0.0163574
2,98,0.0117188,0.00756836
2,99,0.00244141,0.000732422
2,100,-0.00842285,-0.0020752
2,101,-0.0117188,-0.0020752
2,102,-0.0117188,-0.00170898
2,103,-0.0130615,-0.00109863
2,104,-0.00512695,0.000488281
2,105,0.00671387,0.00244141
2,106,0.0239258,0.0057373
2,107,0.0286865,0.0294189
2,108,0.0175781,0.0484619
2,109,0.00708008,0.0413818
2,110,0.00280762,0.0477295
2,111,-0.00622559,0.0372314
2,112,-0.0257568,0.0250244
2,113,-0.0245361,-0.00256348
2,114,-0.0206299,-0.0202637
2,115,-0.0333252,-0.0141602
2,116,-0.0345459,-0.00390625
2,117,-0.032959,0.00219727
2,118,-0.0317383,0.00500488
2,119,-0.0273438,0.0106201
2,120,-0.0163574,0.0255127
2,121,-0.00378418,0.0317383
2,122,-0.0123291,-0.045166
2,123,-0.00744629,-0.0179443
2,124,-0.0253906,-0.019165
2,125,-0.0258789,-0.012085
2,126,-0.0250244,-0.00842285
2,127,-0.0266113,-0.00292969
2,128,-0.0206299,0.00610352
2,129,-0.00720215,0.00610352
2,130,0.00134277,-0.00256348
2,131,0.00012207,-0.0153809
2,132,0.00842285,-0.0162354
2,133,0.00878906,-0.00891113
2,134,0.00927734,-0.00537109
2,135,0.00524902,0.00292969
2,136,-0.00915527,0.0194092
2,137,-0.0263672,0.0158691
2,138,-0.0526123,-0.00231934
2,139,-0.0239258,-0.0020752
2,140,0.0306396,0.0065918
2,141,0.0196533,0.0151367
2,142,0.0115967,0.0078125
2,143,0.00268555,0.00158691
2,144,-0.00756836,-0.00109863
2,145,-0.0106201,-0.0012207
2,146,-0.010498,-0.00109863
2,147,-0.0115967,-0.000488281
2,148,-0.00390625,0.000366211
2,149,0.00756836,0.0012207
2,150,0.0216064,0.00305176
2,151,0.0281982,0.0252686
2,152,0.0197754,0.0441895
2,153,0.00964355,0.038208
2,154,0.00610352,0.0444336
2,155,-0.00292969,0.0349121
2,156,-0.0217285,0.0238037
2,157,-0.0222168,-0.00268555
2,158,-0.0189209,-0.0198975
2,159,-0.0313721,-0.0135498
2,160,-0.032959,-0.00354004
2,161,-0.0314941,0.0020752
2,162,-0.0303955,0.00476074
2,163,-0.026123,0.0098877
2,164,-0.0151367,0.0236816
2,165,-0.00268555,0.0292969
2,166,-0.0150146,-0.0424805
2,167,-0.00830078,-0.0169678
2,168,-0.0253906,-0.0179443
2,169,-0.0251465,-0.0111084
2,170,-0.0240479,-0.00756836
2,171,-0.0250244,-0.00231934
2,172,-0.0185547,0.00598145
2,173,-0.00585938,0.00537109
2,174,0.00305176,-0.00268555
2,175,0.000488281,-0.0126953
2,176,0.00646973,-0.0125732
2,177,0.0065918,-0.00622559
2,178,0.00695801,-0.00305176
2,179,0.00354004,0.00378418
2,180,-0.0090332,0.0179443
2,181,-0.0239258,0.013916
2,182,0.0241699,0.000976562
2,183,-0.0317383,-0.00549316
2,184,-0.0209961,-0.0145264
2,185,-0.012085,-0.00769043
2,186,-0.00305176,-0.00183105
2,187,0.00732422,0.000366211
2,188,0.010376,0.000488281
2,189,0.0101318,0.000244141
2,190,0.0111084,-0.000244141
2,191,0.00317383,-0.000610352
2,192,-0.00842285,-0.000854492
2,193,-0.0212402,-0.00134277
2,194,-0.0294189,-0.0233154
2,195,-0.0224609,-0.0428467
2,196,-0.012207,-0.0375977
2,197,-0.0090332,-0.0439453
2,198,0.000610352,-0.0349121
2,199,0.0197754,-0.0245361
2,200,0.0218506,0.00195312
2,201,0.019165,0.0197754
2,202,0.0314941,0.0128174
2,203,0.0332031,0.00256348
2,204,0.0314941,-0.00317383
2,205,0.0303955,-0.00585938
2,206,0.0258789,-0.0107422
2,207,0.0141602,-0.0240479
2,208,0.00134277,-0.0292969
2,209,0.0178223,0.0419922
2,210,0.00927734,0.0168457
2,211,0.0264893,0.0172119
2,212,0.0258789,0.0102539
2,213,0.0244141,0.00683594
2,214,0.0250244,0.00146484
2,215,0.0178223,-0.00671387
2,216,0.00512695,-0.00537109
2,217,-0.00390625,0.00256348
2,218,-0.000366211,0.0112305
2,219,-0.00524902,0.0109863
2,220,-0.00561523,0.00500488
2,221,-0.00598145,0.00195312
2,222,-0.00305176,-0.00439453
2,223,0.00854492,-0.0181885
2,224,0.0229492,-0.0140381
2,225,-0.0150146,-0.00195312
2,226,-0.0102539,-0.00610352
2,227,-0.0057373,-0.0032959
2,228,-0.00146484,-0.000854492
2,229,0.00317383,-0.00012207
2,230,0.0045166,-0.00012207
2,231,0.00439453,-0.000244141
2,232,0.00463867,-0.000488281
2,233,0.000976562,-0.000488281
2,234,-0.0045166,-0.00012207
2,235,-0.00915527,0.000366211
2,236,-0.0136719,-0.00915527
2,237,-0.0113525,-0.0181885
2,238,-0.0065918,-0.0162354
2,239,-0.00549316,-0.019165
2,240,-0.000854492,-0.0153809
2,241,0.00793457,-0.0111084
2,242,0.00952148,0.000854492
2,243,0.00854492,0.00927734
2,244,0.0141602,0.0057373
2,245,0.0150146,0.000732422
2,246,0.0142822,-0.00170898
2,247,0.0137939,-0.00292969
2,248,0.0117188,-0.00512695
2,249,0.00610352,-0.0107422
2,250,0.00012207,-0.0128174
2,251,0.00964355,0.0183105
2,252,0.00476074,0.00744629
2,253,0.0126953,0.00756836
2,254,0.012085,0.00439453
2,255,0.0112305,0.00280762
2,256,0.0113525,0.000488281
2,257,0.00756836,-0.00305176
2,258,0.00183105,-0.00219727
2,259,-0.00256348,0.000854492
2,260,-0.000366211,0.00366211
2,261,-0.00183105,0.00341797
2,262,-0.00183105,0.000976562
2,263,-0.0020752,-0.000244141
2,264,-0.000854492,-0.00256348
2,265,0.00378418,-0.00805664
2,266,0.0098877,-0.00585938
2,267,0.0164795,0.00598145
2,268,0.00854492,0.00134277
2,269,0.00231934,-0.000610352
2,270,-0.00439453,0.000244141
2,271,-0.00610352,0.00109863
2,272,-0.00585938,0.00146484
2,273,-0.00610352,0.00244141
2,274,-0.000854492,0.0020752
2,275,0.0065918,0.000488281
2,276,0.0112305,-0.00305176
2,277,0.0189209,0.00708008
2,278,0.0177002,0.0183105
2,279,0.0114746,0.0172119
2,280,0.010498,0.020752
2,281,0.00402832,0.0174561
2,282,-0.0078125,0.0137939
2,283,-0.0119629,-0.000610352
2,284,-0.0117188,-0.0119629
2,285,-0.0184326,-0.0057373
2,286,-0.0196533,0.00158691
2,287,-0.0184326,0.00476074
2,288,-0.0175781,0.00622559
2,289,-0.0148926,0.00842285
2,290,-0.00634766,0.0136719
2,291,0.00231934,0.0145264
2,292,-0.0178223,-0.020752
2,293,-0.00842285,-0.00878906
2,294,-0.0183105,-0.00854492
2,295,-0.0166016,-0.00476074
2,296,-0.0151367,-0.00280762
2,297,-0.0144043,0.00012207
2,298,-0.00854492,0.00415039
2,299,-0.0012207,0.00231934
2,300,0.00366211,0.000610352
2,301,-0.0012207,-0.000488281
2,302,-0.000366211,-0.000610352
2,303,0.000366211,0.000976562
2,304,0.000976562,0.0020752
2,305,0.000610352,0.00378418
2,306,-0.00317383,0.00939941
2,307,-0.010376,0.00683594
2,308,0.00964355,-0.00549316
2,309,0.00292969,-0.00439453
2,310,-0.00366211,0.00012207
2,311,-0.00561523,0.00231934
2,312,-0.00561523,0.00317383
2,313,-0.00622559,0.00500488
2,314,-0.00268555,0.00439453
2,315,0.00292969,0.00146484
2,316,0.0090332,-0.00537109
2,317,0.0180664,-0.00268555
2,318,0.0201416,0.00366211
2,319,0.0146484,0.00549316
2,320,0.0151367,0.00793457
2,321,0.0090332,0.00854492
2,322,-0.000976562,0.0112305
2,323,-0.00878906,0.00390625
2,324,-0.0117188,-0.00390625
2,325,-0.0145264,0.00390625
2,326,-0.0135498,0.0101318
2,327,-0.0117188,0.0119629
2,328,-0.010498,0.0125732
2,329,-0.00769043,0.0128174
2,330,0.00146484,0.012085
2,331,0.00939941,0.00854492
2,332,-0.0218506,-0.00793457
2,333,-0.00927734,-0.00317383
2,334,-0.0148926,0
2,335,-0.012207,0.00195312
2,336,-0.010376,0.00280762
2,337,-0.00866699,0.00463867
2,338,-0.00366211,0.00585938
2,339,0.000732422,0.00268555
2,340,-0.0012207,0.00268555
2,341,-0.00769043,0.00170898
2,342,-0.00512695,-0.00158691
2,343,-0.00158691,-0.00146484
2,344,0.00012207,-0.000976562
2,345,0.00244141,0.000732422
2,346,0.00476074,0.00695801
2,347,-0.00146484,0.00927734
2,348,0.0146484,-0.00256348
2,349,0.00378418,-0.00305176
2,350,-0.0012207,-0.0032959
2,351,-0.00341797,-0.00305176
2,352,-0.00756836,-0.00341797
2,353,-0.010498,-0.00402832
2,354,-0.0102539,-0.00439453
2,355,-0.00366211,0.00512695
2,356,0.00708008,0.000488281
2,357,0.0151367,-0.00512695
2,358,0.0126953,-0.00488281
2,359,0.0141602,-0.00561523
2,360,0.00952148,-0.00427246
2,361,0.000366211,-0.00305176
2,362,-0.00842285,-0.00292969
2,363,-0.012207,-0.00488281
2,364,-0.0162354,0.00170898
2,365,-0.0162354,0.00646973
2,366,-0.0146484,0.00805664
2,367,-0.0135498,0.00866699
2,368,-0.010498,0.00878906
2,369,-0.000488281,0.00927734
2,370,0.00842285,0.00830078
2,371,-0.0183105,-0.000732422
2,372,-0.00720215,0.00012207
2,373,-0.00805664,0.00354004
2,374,-0.00549316,0.00354004
2,375,-0.00427246,0.00366211
2,376,-0.00305176,0.00378418
2,377,-0.00244141,0.0020752
2,378,-0.00354004,0.000610352
2,379,-0.0131836,-0.00976562
2,380,-0.0090332,-0.0126953
2,381,0.00280762,-0.00598145
2,382,0.00634766,-0.000732422
2,383,0.00769043,0.00195312
2,384,0.00695801,0.00598145
2,385,0.0032959,0.0126953
2,386,-0.00671387,0.0090332
2,387,0.00756836,-0.00231934
2,388,0.00378418,-0.00354004
2,389,0.00170898,-0.00366211
2,390,-0.00183105,-0.00488281
2,391,-0.00720215,-0.00585938
2,392,-0.0106201,-0.00610352
2,393,-0.0109863,0.00549316
2,394,-0.00341797,-0.00183105
2,395,0.00549316,-0.010376
2,396,0.00634766,-0.0100098
2,397,0.00793457,-0.012085
2,398,0.00634766,-0.0102539
2,399,0.00292969,-0.0098877
2,400,-0.00231934,-0.00585938
2,401,-0.00512695,-0.00415039
2,402,-0.00854492,-0.000976562
2,403,-0.00964355,0.000976562
2,404,-0.00915527,0.00134277
2,405,-0.00854492,0.00146484
2,406,-0.00683594,0.0012207
2,407,-0.0012207,0.00109863
2,408,0.00354004,0.00195312
2,409,-0.0106201,0.00524902
2,410,-0.00390625,0.00170898
2,411,-0.00244141,0.00231934
2,412,-0.000854492,0.00109863
2,413,-0.000244141,0.000854492
2,414,0.000366211,-0.000366211
2,415,-0.00109863,-0.00280762
2,416,-0.00439453,-0.00256348
2,417,-0.0106201,-0.0098877
2,418,-0.00366211,-0.00756836
2,419,0.00402832,0.00231934
2,420,0.00512695,0.0057373
2,421,0.00512695,0.00756836
2,422,0.00341797,0.00805664
2,423,-0.000610352,0.00756836
2,424,-0.00512695,0.00012207
2,425,0.00769043,-0.00146484
2,426,0.00646973,-0.00195312
2,427,0.00524902,-0.00354004
2,428,-0.000366211,-0.00512695
2,429,-0.00634766,-0.00610352
2,430,-0.0142822,0.00146484
2,431,-0.0111084,-0.00634766
2,432,-0.00305176,-0.0137939
2,433,0.000366211,-0.0124512
2,434,0.0020752,-0.0148926
2,435,0.00354004,-0.0123291
2,436,0.00634766,-0.0113525
2,437,0.0045166,-0.00512695
2,438,0.00244141,-0.000976562
2,439,0.00158691,-0.00134277
2,440,0.000488281,-0.00268555
2,441,0.000244141,-0.00366211
2,442,0.000244141,-0.00402832
2,443,0.000366211,-0.00488281
2,444,0.000244141,-0.00634766
2,445,-0.000854492,-0.00512695
2,446,-0.00268555,0.0107422
2,447,-0.000610352,0.0032959
2,448,0.00231934,0.00195312
2,449,0.00292969,-0.00012207
2,450,0.00305176,-0.000854492
2,451,0.0032959,-0.00268555
2,452,0.0012207,-0.00537109
2,453,-0.00305176,-0.0045166
2,454,-0.00366211,-0.00610352
2,455,0.00244141,0.00134277
2,456,0.00292969,0.0106201
2,457,0.00134277,0.0106201
2,458,0.000244141,0.0107422
2,459,-0.00146484,0.00732422
2,460,-0.0032959,-0.00012207
2,461,-0.000610352,-0.00769043
2,462,0.0078125,-0.000732422
2,463,0.00793457,-0.00219727
2,464,0.0032959,-0.00427246
2,465,-0.00268555,-0.00585938
2,466,-0.0144043,-0.00158691
2,467,-0.0126953,-0.00842285
2,468,-0.00500488,-0.0137939
2,469,-0.00109863,-0.0118408
2,470,0.000610352,-0.013916
2,471,0.00305176,-0.0113525
2,472,0.00769043,-0.0102539
2,473,0.00683594,-0.00427246
2,474,0.00500488,-0.000244141
2,475,0.00512695,-0.00183105
2,476,0.00427246,-0.00402832
2,477,0.00390625,-0.00537109
2,478,0.00366211,-0.00585938
2,479,0.00305176,-0.00671387
2,480,0.000854492,-0.00842285
2,481,-0.00244141,-0.00732422
2,482,-0.000366211,0.0113525
2,483,0.00012207,0.0032959
2,484,0.00292969,0.00146484
2,485,0.00341797,-0.000488281
2,486,0.00341797,-0.0012207
2,487,0.00366211,-0.00317383
2,488,0.00219727,-0.00561523
2,489,-0.00170898,-0.00500488
2,490,0.000732422,-0.00415039
2,491,0.00549316,0.00561523
2,492,0.00195312,0.0140381
2,493,-0.000732422,0.0124512
2,494,-0.00231934,0.0118408
2,495,-0.00378418,0.00671387
2,496,-0.00439453,-0.00317383
2,497,0.000976562,-0.010376
2,498,0.00830078,-0.00146484
2,499,0.00463867,-0.00341797
2,500,-0.000610352,-0.00524902
2,501,-0.0128174,-0.00280762
2,502,-0.0118408,-0.00842285
2,503,-0.00524902,-0.012207
2,504,-0.00146484,-0.0102539
2,505,0,-0.0119629
2,506,0.00244141,-0.00964355
2,507,0.00744629,-0.00854492
2,508,0.00708008,-0.00354004
2,509,0.00549316,-0.00012207
2,510,0.00610352,-0.00195312
2,511,0.00537109,-0.00427246
2,512,0.00488281,-0.00549316
2,513,0.0045166,-0.00598145
2,514,0.00378418,-0.00671387
2,515,0.000854492,-0.00842285
2,516,-0.00292969,-0.00744629
2,517,0.000488281,0.010376
2,518,0.000366211,0.00292969
2,519,0.00268555,0.00109863
2,520,0.00305176,-0.000610352
2,521,0.00292969,-0.00134277
2,522,0.0032959,-0.00305176
2,523,0.00231934,-0.00512695
2,524,-0.000976562,-0.00476074
2,525,0.00292969,-0.00280762
2,526,0.00646973,0.00720215
2,527,0.00146484,0.0142822
2,528,-0.00158691,0.012085
2,529,-0.00317383,0.0112305
2,530,-0.0045166,0.00585938
2,531,-0.00463867,-0.00415039
2,532,0.00146484,-0.010498
2,533,0.00830078,-0.00268555
2,534,0.00366211,-0.00537109
2,535,-0.0124512,-0.00622559
2,536,-0.012207,-0.010376
2,537,-0.00585938,-0.0113525
2,538,-0.00195312,-0.00878906
2,539,-0.000244141,-0.0100098
2,540,0.00256348,-0.00769043
2,541,0.00854492,-0.00683594
2,542,0.00842285,-0.00292969
2,543,0.00708008,-0.000610352
2,544,0.00842285,-0.00317383
2,545,0.0078125,-0.00561523
2,546,0.00708008,-0.00683594
2,547,0.0065918,-0.00732422
2,548,0.00537109,-0.00793457
2,549,0.000854492,-0.00952148
2,550,-0.00427246,-0.00854492
2,551,0.0012207,0.0098877
2,552,0.000366211,0.00244141
2,553,0.00195312,0.000244141
2,554,0.00231934,-0.00109863
2,555,0.00231934,-0.00170898
2,556,0.00292969,-0.00317383
2,557,0.00305176,-0.00500488
2,558,0.000488281,-0.00524902
2,559,0.0078125,-0.0012207
2,560,0.00964355,0.0112305
2,561,0.000610352,0.0179443
2,562,-0.00354004,0.0142822
2,563,-0.00561523,0.0128174
2,564,-0.00683594,0.00585938
2,565,-0.00610352,-0.00634766
2,566,0.00231934,-0.0128174
2,567,0.0113525,-0.0032959
2,568,-0.00415039,-0.010376
2,569,-0.00427246,-0.00756836
2,570,-0.0012207,-0.000854492
2,571,0.000366211,0.0012207
2,572,0.0012207,0.0020752
2,573,0.00231934,0.00244141
2,574,0.0057373,0.00146484
2,575,0.00549316,-0.000976562
2,576,0.00549316,-0.00366211
2,577,0.00634766,-0.00598145
2,578,0.00585938,-0.00646973
2,579,0.00512695,-0.00646973
2,580,0.00463867,-0.00634766
2,581,0.00341797,-0.00585938
2,582,-0.000854492,-0.00512695
2,583,-0.00488281,-0.00427246
2,584,-0.000244141,-0.00012207
2,585,-0.000732422,-0.0012207
2,586,-0.00244141,-0.00292969
2,587,-0.00195312,-0.00244141
2,588,-0.00170898,-0.00219727
2,589,-0.000732422,-0.0020752
2,590,0.00231934,-0.00195312
2,591,0.00354004,-0.00341797
2,592,0.0144043,0.00146484
2,593,0.0109863,0.0124512
2,594,-0.00170898,0.0153809
2,595,-0.00610352,0.0113525
2,596,-0.00805664,0.00952148
2,597,-0.00842285,0.00341797
2,598,-0.00695801,-0.00622559
2,599,0.0012207,-0.0101318
2,600,0.00646973,-0.0136719
2,601,0.00756836,-0.00305176
2,602,0.0065918,0.0117188
2,603,0.0045166,0.0128174
2,604,0.0045166,0.0161133
2,605,0.00292969,0.013916
2,606,0.00195312,0.0108643
2,607,0.00146484,0.000854492
2,608,0.0032959,-0.00708008
2,609,0.00268555,-0.00830078
2,610,0.00134277,-0.00634766
2,611,0.000610352,-0.00500488
2,612,0.000244141,-0.00427246
2,613,-0.000610352,-0.00256348
2,614,-0.00280762,0.000732422
2,615,-0.00390625,0.00170898
2,616,-0.00354004,-0.0131836
2,617,-0.00231934,-0.00610352
2,618,-0.00732422,-0.00720215
2,619,-0.0065918,-0.00415039
2,620,-0.00598145,-0.00305176
2,621,-0.00488281,-0.000976562
2,622,0.00109863,0.00183105
2,623,0.00622559,-0.000732422
2,624,0.0184326,0.0045166
2,625,0.00842285,0.0117188
2,626,-0.00634766,0.00976562
2,627,-0.00964355,0.00598145
2,628,-0.0108643,0.00427246
2,629,-0.00952148,0.00012207
2,630,-0.0065918,-0.00488281
2,631,0.000366211,-0.00537109
2,632,0.0292969,0.0178223
2,633,0.0112305,0.0338135
2,634,0.0020752,0.0299072
2,635,-0.00158691,0.0355225
2,636,-0.0065918,0.0292969
2,637,-0.0142822,0.0272217
2,638,-0.00964355,0.012207
2,639,-0.0045166,0.00549316
2,640,-0.0057373,0.00732422
2,641,-0.00537109,0.00793457
2,642,-0.00463867,0.00915527
2,643,-0.00463867,0.00964355
2,644,-0.00354004,0.010498
2,645,-0.000610352,0.0140381
2,646,0.00378418,0.0136719
2,647,0.00415039,-0.027832
2,648,0.00134277,-0.00891113
2,649,-0.00500488,-0.00622559
2,650,-0.00720215,-0.00146484
2,651,-0.00756836,0.000488281
2,652,-0.00915527,0.00488281
2,653,-0.0065918,0.0117188
2,654,0.00268555,0.0111084
2,655,0,0.0133057
2,656,-0.0129395,-0.00744629
2,657,-0.00952148,-0.0284424
2,658,-0.00390625,-0.0268555
2,659,-0.000732422,-0.0266113
2,660,0.00415039,-0.0168457
2,661,0.00915527,0.00292969
2,662,0.00292969,0.0198975
2,663,0.046875,0.0241699
2,664,0.0334473,0.0262451
2,665,0.0349121,0.0340576
2,666,0.0219727,0.0319824
2,667,0.00512695,0.036377
2,668,-0.00854492,0.0180664
2,669,-0.0118408,0.00671387
2,670,-0.0151367,0.013916
2,671,-0.0134277,0.0167236
2,672,-0.010498,0.0183105
2,673,-0.00891113,0.019043
2,674,-0.00463867,0.0192871
2,675,0.00854492,0.0218506
2,676,0.019043,0.0189209
2,677,-0.0285645,-0.0307617
2,678,-0.010498,-0.00939941
2,679,-0.0168457,0.00134277
2,680,-0.0137939,0.00769043
2,681,-0.0117188,0.0098877
2,682,-0.00939941,0.0155029
2,683,-0.0012207,0.0189209
2,684,0.0065918,0.010498
2,685,-0.00012207,0.00305176
2,686,-0.0211182,-0.0109863
2,687,-0.0227051,-0.0272217
2,688,-0.0142822,-0.0241699
2,689,-0.010498,-0.0235596
2,690,-0.000976562,-0.0134277
2,691,0.0123291,0.00927734
2,692,0.00878906,0.0272217
2,693,0.0587158,0.00927734
2,694,0.0664062,0.0163574
2,695,0.0494385,0.0209961
2,696,0.0297852,0.032959
2,697,-0.00183105,0.0195312
2,698,-0.0150146,0.00793457
2,699,-0.0180664,0.0185547
2,700,-0.0148926,0.0217285
2,701,-0.0102539,0.022583
2,702,-0.00769043,0.0231934
2,703,-0.00146484,0.0219727
2,704,0.0181885,0.0213623
2,705,0.0307617,0.0159912
2,706,-0.0562744,-0.019043
2,707,-0.020752,-0.00476074
2,708,-0.0236816,0.0128174
2,709,-0.0152588,0.0179443
2,710,-0.0109863,0.0194092
2,711,-0.00439453,0.0240479
2,712,0.0078125,0.0211182
2,713,0.0102539,0.00561523
2,714,0.0012207,-0.010498
2,715,-0.0214844,-0.0101318
2,716,-0.029541,-0.0141602
2,717,-0.0213623,-0.0111084
2,718,-0.0181885,-0.0106201
2,719,-0.00671387,-0.00439453
2,720,0.0125732,0.0126953
2,721,0.0146484,0.026001
2,722,0.0576172,0.00476074
2,723,0.0445557,0.0106201
2,724,0.0301514,0.0222168
2,725,0.00195312,0.0150146
2,726,-0.0109863,0.00720215
2,727,-0.0124512,0.0157471
2,728,-0.00964355,0.0178223
2,729,-0.00585938,0.0179443
2,730,-0.00366211,0.0180664
2,731,0.00134277,0.0166016
2,732,0.0170898,0.0142822
2,733,0.0262451,0.00927734
2,734,-0.0489502,-0.00830078
2,735,-0.0179443,-0.0012207
2,736,-0.0183105,0.0136719
2,737,-0.010498,0.0168457
2,738,-0.00683594,0.0174561
2,739,-0.000610352,0.0202637
2,740,0.00915527,0.0158691
2,741,0.00891113,0.00244141
2,742,0.00134277,-0.0111084
2,743,-0.0159912,-0.00598145
2,744,-0.024292,-0.00585938
2,745,-0.0183105,-0.00402832
2,746,-0.0161133,-0.00390625
2,747,-0.00683594,-0.000976562
2,748,0.0100098,0.00915527
2,749,0.0140381,0.0179443
2,750,0.0527344,0.0078125
2,751,0.0380859,0.0223389
2,752,0.00488281,0.0168457
2,753,-0.0108643,0.00939941
2,754,-0.0115967,0.0187988
2,755,-0.00842285,0.0203857
2,756,-0.00415039,0.0198975
2,757,-0.00170898,0.0198975
2,758,0.00378418,0.0177002
2,759,0.0211182,0.0137939
2,760,0.0306396,0.00756836
2,761,-0.0565186,-0.00476074
2,762,-0.0205078,0.000366211
2,763,-0.0192871,0.0175781
2,764,-0.0100098,0.0203857
2,765,-0.0057373,0.020874
2,766,0.00170898,0.0233154
2,767,0.0125732,0.0170898
2,768,0.0107422,0.00158691
2,769,0.00170898,-0.0135498
2,770,-0.0175781,-0.00512695
2,771,-0.0284424,-0.0032959
2,772,-0.0218506,-0.0020752
2,773,-0.0196533,-0.00219727
2,774,-0.00878906,-0.000244141
2,775,0.0115967,0.00878906
2,776,0.0181885,0.0180664
2,777,0.0345459,0.0129395
2,778,0.00793457,0.0125732
2,779,-0.00524902,0.00915527
2,780,-0.0045166,0.015625
2,781,-0.0020752,0.015625
2,782,0.00109863,0.0144043
2,783,0.00280762,0.0140381
2,784,0.0065918,0.0114746
2,785,0.0187988,0.00646973
2,786,0.024292,0.00109863
2,787,-0.0438232,0.0032959
2,788,-0.0155029,0.00280762
2,789,-0.012207,0.0162354
2,790,-0.0045166,0.0174561
2,791,-0.00134277,0.0172119
2,792,0.00488281,0.0181885
2,793,0.0128174,0.0117188
2,794,0.00915527,-0.000488281
2,795,0.0020752,-0.0108643
2,796,-0.0125732,-0.000732422
2,797,-0.0230713,0.00219727
2,798,-0.0185547,0.00195312
2,799,-0.0172119,0.0012207
2,800,-0.00842285,0.000732422
2,801,0.00927734,0.00390625
2,802,0.0175781,0.0102539
2,803,0.0195312,0.00878906
2,804,0.00915527,0.0129395
2,805,0.0130615,0.0145264
2,806,0.0133057,0.00976562
2,807,0.0144043,0.00610352
2,808,0.0148926,0.00476074
2,809,0.015625,0.000732422
2,810,0.0198975,-0.00830078
2,811,0.0186768,-0.0130615
2,812,-0.0280762,0.0172119
2,813,-0.00830078,0.00744629
2,814,0.00134277,0.0163574
2,815,0.00695801,0.0148926
2,816,0.00891113,0.0135498
2,817,0.013916,0.0123291
2,818,0.0175781,0.00463867
2,819,0.0101318,-0.00415039
2,820,0.00488281,-0.00488281
2,821,-0.00866699,0.0102539
2,822,-0.0244141,0.0124512
2,823,-0.0219727,0.00756836
2,824,-0.0216064,0.00488281
2,825,-0.0124512,-0.000854492
2,826,0.00866699,-0.00854492
2,827,0.0263672,-0.00378418
2,828,0.0205078,0.00769043
2,829,0.0231934,0.00317383
2,830,0.019165,-0.00366211
2,831,0.0172119,-0.00720215
2,832,0.0162354,-0.00866699
2,833,0.0136719,-0.0114746
2,834,0.00842285,-0.017334
2,835,0.00244141,-0.0172119
2,836,0.0020752,0.0126953
2,837,0.00354004,0.00439453
2,838,0.0131836,0.0032959
2,839,0.0134277,0.00134277
2,840,0.0129395,0.000366211
2,841,0.013916,-0.00146484
2,842,0.0115967,-0.0045166
2,843,0.00585938,-0.00488281
2,844,0.00610352,0.0045166
2,845,-0.00256348,0.0145264
2,846,-0.0168457,0.0131836
2,847,-0.0174561,0.0065918
2,848,-0.0180664,0.00341797
2,849,-0.0123291,-0.00354004
2,850,0.00219727,-0.0166016
2,851,0.0211182,-0.015625
2,852,0.0306396,-0.00805664
2,853,0.0213623,-0.0148926
2,854,0.0164795,-0.0178223
2,855,0.013916,-0.0187988
2,856,0.00878906,-0.0202637
2,857,-0.00231934,-0.0227051
2,858,-0.0090332,-0.0184326
2,859,0.0184326,0.00280762
2,860,0.0101318,-0.000976562
2,861,0.019165,-0.00939941
2,862,0.0164795,-0.0100098
2,863,0.0146484,-0.0100098
2,864,0.0134277,-0.0108643
2,865,0.00891113,-0.00866699
2,866,0.00549316,-0.00378418
2,867,0.00878906,0.0102539
2,868,-0.000732422,0.0177002
2,869,-0.0172119,0.0147705
2,870,-0.0192871,0.00744629
2,871,-0.020752,0.00402832
2,872,-0.0159912,-0.00415039
2,873,-0.00476074,-0.020874
2,874,0.0166016,-0.0241699
2,875,0.0300293,-0.00842285
2,876,0.0256348,-0.0125732
2,877,0.0231934,-0.0144043
2,878,0.0172119,-0.0174561
2,879,0.00390625,-0.0251465
2,880,-0.0057373,-0.0251465
2,881,0.020752,0.0152588
2,882,0.0113525,0.0045166
2,883,0.0238037,-0.00170898
2,884,0.0212402,-0.00390625
2,885,0.0192871,-0.00500488
2,886,0.0185547,-0.00695801
2,887,0.0131836,-0.00695801
2,888,0.00744629,-0.00317383
2,889,0.00805664,0.0128174
2,890,-0.00183105,0.0203857
2,891,-0.0184326,0.0136719
2,892,-0.0197754,0.00463867
2,893,-0.020752,0.00012207
2,894,-0.0146484,-0.00817871
2,895,0.000366211,-0.0249023
2,896,0.0228271,-0.0230713
2,897,0.0270996,-0.00439453
2,898,0.0257568,-0.00634766
2,899,0.0214844,-0.0100098
2,900,0.010498,-0.0195312
2,901,-0.00012207,-0.0231934
2,902,0.0161133,0.0211182
2,903,0.0090332,0.00793457
2,904,0.0209961,0.00585938
2,905,0.0194092,0.00268555
2,906,0.0179443,0.000976562
2,907,0.0178223,-0.00134277
2,908,0.0130615,-0.00354004
2,909,0.00683594,-0.0020752
2,910,0.00439453,0.0114746
2,911,-0.00366211,0.0167236
2,912,-0.0161133,0.00769043
2,913,-0.0159912,-0.000244141
2,914,-0.0159912,-0.00439453
2,915,-0.0098877,-0.0102539
2,916,0.00524902,-0.0214844
2,917,0.0230713,-0.0141602
2,918,0.0255127,-0.0020752
2,919,0.0224609,-0.00585938
2,920,0.013916,-0.0159912
2,921,0.00390625,-0.0209961
2,922,0.0108643,0.0219727
2,923,0.00683594,0.00878906
2,924,0.0183105,0.0090332
2,925,0.0174561,0.00585938
2,926,0.0163574,0.00402832
2,927,0.0167236,0.00170898
2,928,0.0126953,-0.00146484
2,929,0.00646973,-0.00134277
2,930,0.0020752,0.0107422
2,931,-0.00610352,0.0147705
2,932,-0.0164795,0.00476074
2,933,-0.0150146,-0.00268555
2,934,-0.0145264,-0.00646973
2,935,-0.0078125,-0.0109863
2,936,0.00805664,-0.0187988
2,937,0.0235596,-0.00891113
2,938,0.0224609,-0.00390625
2,939,0.0155029,-0.0141602
2,940,0.00598145,-0.0198975
2,941,0.00793457,0.0223389
2,942,0.00549316,0.00915527
2,943,0.0167236,0.010498
2,944,0.0163574,0.00732422
2,945,0.0155029,0.00537109
2,946,0.0161133,0.00317383
2,947,0.0125732,-0.000488281
2,948,0.00622559,-0.00109863
2,949,0.000976562,0.0101318
2,950,-0.00720215,0.0136719
2,951,-0.0164795,0.00354004
2,952,-0.0145264,-0.00354004
2,953,-0.0137939,-0.00708008
2,954,-0.00695801,-0.0109863
2,955,0.00915527,-0.017334
2,956,0.0235596,-0.0065918
2,957,0.0179443,-0.0100098
2,958,0.0098877,-0.0162354
2,959,0.00134277,0.020752
2,960,0.00280762,0.00915527
2,961,0.0126953,0.0125732
2,962,0.0131836,0.00964355
2,963,0.0128174,0.0078125
2,964,0.013916,0.00585938
2,965,0.0114746,0.00170898
2,966,0.00561523,-0.000366211
2,967,-0.00134277,0.00866699
2,968,-0.00964355,0.0107422
2,969,-0.0167236,0.000366211
2,970,-0.0135498,-0.00549316
2,971,-0.012207,-0.00854492
2,972,-0.00500488,-0.0108643
2,973,0.0112305,-0.0136719
2,974,0.0229492,-0.0012207
2,975,0.0217285,-0.00793457
2,976,-0.0181885,0.0167236
2,977,-0.00500488,0.00866699
2,978,0.00256348,0.0180664
2,979,0.00561523,0.0159912
2,980,0.00671387,0.0144043
2,981,0.00952148,0.0134277
2,982,0.0101318,0.00793457
2,983,0.00524902,0.00195312
2,984,-0.00695801,0.00549316
2,985,-0.0179443,0.00439453
2,986,-0.0200195,-0.00683594
2,987,-0.0131836,-0.0102539
2,988,-0.0101318,-0.012085
2,989,-0.000976562,-0.0107422
2,990,0.0175781,-0.00488281
2,991,0.0236816,0.0114746
2,992,-0.0290527,0.00915527
2,993,-0.00976562,0.00598145
2,994,-0.00549316,0.0178223
2,995,-0.00109863,0.017334
2,996,0.000854492,0.0163574
2,997,0.00427246,0.0167236
2,998,0.00732422,0.0117188
2,999,0.00476074,0.00415039
2,1000,-0.00939941,0.00219727
2,1001,-0.0211182,-0.00170898
2,1002,-0.019043,-0.0119629
2,1003,-0.010498,-0.0125732
2,1004,-0.00671387,-0.0131836
2,1005,0.00231934,-0.00891113
2,1006,0.019165,0.00256348
2,1007,0.0194092,0.0183105
2,1008,0.022583,-0.000976562
2,1009,0.0251465,-0.0145264
2,1010,0.0158691,-0.0163574
2,1011,0.0113525,-0.0166016
2,1012,0.0045166,-0.0181885
2,1013,-0.00634766,-0.0125732
2,1014,-0.00610352,0.000244141
2,1015,0.00170898,0.00891113
2,1016,0.0155029,-0.00170898
2,1017,0.0198975,-0.00524902
2,1018,0.0136719,-0.00549316
2,1019,0.0113525,-0.0057373
2,1020,0.00354004,-0.00561523
2,1021,-0.0106201,-0.0118408
2,1022,-0.0102539,-0.0159912
2,1023,0.0128174,-0.00549316
2,1024,0.00915527,-0.00634766
2,1025,0.00732422,-0.00646973
2,1026,0.00476074,-0.00732422
2,1027,-0.000488281,-0.00524902
2,1028,-0.00146484,-0.000244141
2,1029,-0.000488281,0.00463867
2,1030,0.00219727,0.000488281
2,1031,0.00231934,-0.00268555
2,1032,0.000854492,-0.00354004
2,1033,0.000244141,-0.00415039
2,1034,-0.000976562,-0.00439453
2,1035,-0.00292969,-0.00744629
2,1036,0.000366211,-0.00769043
2,1037,0.0213623,-0.0032959
2,1038,0.0189209,-0.0045166
2,1039,0.0168457,-0.00708008
2,1040,0.00793457,-0.0078125
2,1041,0.00134277,-0.00219727
2,1042,-0.00512695,0.00646973
2,1043,-0.00598145,0.00427246
2,1044,-0.00842285,-0.00134277
2,1045,-0.0078125,-0.00488281
2,1046,-0.0078125,-0.00683594
2,1047,-0.00476074,-0.00891113
2,1048,0.00231934,-0.0161133
2,1049,0.0135498,-0.0126953
2,1050,0.0179443,-0.00146484
2,1051,0.0170898,-0.00402832
2,1052,0.0101318,-0.00610352
2,1053,0.00292969,-0.00280762
2,1054,-0.00500488,0.00415039
2,1055,-0.00756836,0.00476074
2,1056,-0.0112305,0.000732422
2,1057,-0.00976562,-0.00292969
2,1058,-0.00964355,-0.00488281
2,1059,-0.00549316,-0.00732422
2,1060,0.00390625,-0.0144043
2,1061,0.0155029,-0.0107422
2,1062,0.0164795,-0.00256348
2,1063,0.0106201,-0.00512695
2,1064,0.00354004,-0.00280762
2,1065,-0.00476074,0.0032959
2,1066,-0.00793457,0.00500488
2,1067,-0.0118408,0.00158691
2,1068,-0.0101318,-0.00195312
2,1069,-0.0098877,-0.00390625
2,1070,-0.00537109,-0.00646973
2,1071,0.00463867,-0.0130615
2,1072,0.0158691,-0.00927734
2,1073,0.0130615,-0.00378418
2,1074,0.00537109,-0.0032959
2,1075,-0.00402832,0.00195312
2,1076,-0.00939941,0.00610352
2,1077,-0.0150146,0.00341797
2,1078,-0.0126953,-0.000488281
2,1079,-0.012207,-0.00256348
2,1080,-0.0065918,-0.0057373
2,1081,0.00598145,-0.0124512
2,1082,0.0183105,-0.00805664
2,1083,0.00817871,-0.00280762
2,1084,0.00109863,0.000488281
2,1085,-0.00769043,0.00720215
2,1086,-0.0163574,0.00561523
2,1087,-0.0141602,0.00183105
2,1088,-0.0136719,-0.00012207
2,1089,-0.00744629,-0.0032959
2,1090,0.00610352,-0.00830078
2,1091,0.0174561,-0.00366211
2,1092,0.00537109,0.00305176
2,1093,-0.00512695,0.00622559
2,1094,-0.0137939,0.0020752
2,1095,-0.012085,-0.000732422
2,1096,-0.0115967,-0.00219727
2,1097,-0.00646973,-0.00378418
2,1098,0.00378418,-0.00488281
2,1099,0.0114746,0.00012207
2,1100,0.020752,0.0126953
2,1101,0.00146484,0.0167236
2,1102,-0.00634766,0.0125732
2,1103,-0.00939941,0.010376
2,1104,-0.0114746,0.00354004
2,1105,-0.0124512,-0.00830078
2,1106,-0.00219727,-0.0144043
2,1107,0.03479,0.0186768
2,1108,0.0214844,0.0202637
2,1109,0.0163574,0.0211182
2,1110,0.00219727,0.0153809
2,1111,-0.0198975,0.00195312
2,1112,-0.0238037,-0.0163574
2,1113,0.0438232,0.00854492
2,1114,0.0406494,0.0129395
2,1115,0.0213623,0.0157471
2,1116,-0.0123291,0.0167236
2,1117,-0.0357666,0.000732422
2,1118,0.0378418,0.00427246
2,1119,0.0230713,0.0101318
2,1120,-0.00354004,0.0177002
2,1121,-0.0279541,0.00927734
2,1122,0.0245361,0.00732422
2,1123,0.000610352,0.0180664
2,1124,-0.0247803,0.0135498
2,1125,0.00805664,0.0125732
2,1126,-0.0101318,0.0162354
2,1127,0.0200195,0.0180664
3,0,0.0341797,0.00927734
3,1,0.0279541,0.0162354
3,2,0.0230713,0.0169678
3,3,-0.0216064,-0.0186768
3,4,-0.0090332,-0.00915527
3,5,0.010498,0.0133057
3,6,0.00695801,0.00927734
3,7,0.00476074,-0.00231934
3,8,0.00390625,-0.00146484
3,9,0.000610352,0.000732422
3,10,-0.000854492,0.00231934
3,11,-0.0012207,0.00292969
3,12,-0.00195312,0.00488281
3,13,-0.000488281,0.00769043
3,14,0.00463867,0.010376
3,15,0.017334,-0.00244141
3,16,0.00610352,0.00830078
3,17,-0.0119629,0.019043
3,18,-0.0155029,0.0170898
3,19,-0.0211182,0.0201416
3,20,-0.0213623,0.0162354
3,21,-0.029541,0.0133057
3,22,-0.0194092,0.00415039
3,23,-0.0141602,-0.0109863
3,24,-0.0166016,-0.0147705
3,25,-0.010376,-0.00854492
3,26,-0.0078125,-0.00366211
3,27,-0.00634766,-0.000732422
3,28,-0.00439453,0.0045166
3,29,-0.00415039,0.0146484
3,30,-0.00610352,0.0126953
3,31,0.0115967,-0.0255127
3,32,0.00280762,-0.0129395
3,33,-0.00390625,-0.0253906
3,34,-0.00585938,-0.0217285
3,35,-0.0065918,-0.0194092
3,36,-0.00866699,-0.0174561
3,37,-0.00891113,-0.00769043
3,38,-0.0032959,0.00012207
3,39,-0.0178223,-0.00488281
3,40,-0.0192871,-0.0151367
3,41,-0.00769043,-0.0161133
3,42,-0.00256348,-0.0108643
3,43,-0.000488281,-0.00878906
3,44,0.00183105,-0.00280762
3,45,0.000488281,0.00646973
3,46,-0.00524902,0.00720215
3,47,0.0546875,0.00952148
3,48,0.0510254,0.0123291
3,49,-0.0507812,-0.0153809
3,50,-0.0230713,-0.00866699
3,51,0.0297852,0.0166016
3,52,0.0161133,0.0197754
3,53,0.0114746,0.00500488
3,54,0.0145264,-0.00146484
3,55,0.00976562,-0.00256348
3,56,0.00683594,-0.00134277
3,57,0.00476074,-0.000366211
3,58,0.00219727,0.00146484
3,59,-0.000976562,0.00610352
3,60,0.00219727,0.00927734
3,61,0.010498,0.00231934
3,62,0.00476074,0.0223389
3,63,-0.00964355,0.041748
3,64,-0.0133057,0.0358887
3,65,-0.0185547,0.0415039
3,66,-0.0194092,0.0318604
3,67,-0.0273438,0.0192871
3,68,-0.013916,-0.00634766
3,69,-0.0100098,-0.0203857
3,70,-0.0241699,-0.019043
3,71,-0.024292,-0.0128174
3,72,-0.0220947,-0.00842285
3,73,-0.0202637,-0.0057373
3,74,-0.0163574,-0.000610352
3,75,-0.0102539,0.0133057
3,76,-0.00842285,0.0203857
3,77,0.000976562,-0.0368652
3,78,-0.0012207,-0.0205078
3,79,-0.0137939,-0.0406494
3,80,-0.0153809,-0.0351562
3,81,-0.0159912,-0.03125
3,82,-0.0189209,-0.02771
3,83,-0.0184326,-0.0109863
3,84,-0.00927734,0.00109863
3,85,-0.0174561,0.00305176
3,86,-0.0231934,-0.00439453
3,87,-0.0166016,-0.00354004
3,88,-0.0119629,0.000366211
3,89,-0.0107422,0.00231934
3,90,-0.00695801,0.00463867
3,91,-0.00756836,0.00769043
3,92,-0.00622559,-0.00488281
3,93,0.0726318,0.00439453
3,94,-0.0737305,-0.00842285
3,95,-0.0344238,-0.00610352
3,96,0.0463867,0.0168457
3,97,0.0251465,0.02771
3,98,0.0184326,0.0114746
3,99,0.0238037,-0.00244141
3,100,0.0175781,-0.00720215
3,101,0.0131836,-0.00634766
3,102,0.00952148,-0.00500488
3,103,0.00524902,-0.00317383
3,104,-0.0020752,0.00378418
3,105,-0.000976562,0.00805664
3,106,0.00378418,0.00866699
3,107,0.00439453,0.0350342
3,108,-0.00476074,0.0601807
3,109,-0.00866699,0.0506592
3,110,-0.0130615,0.0579834
3,111,-0.0147705,0.0435791
3,112,-0.0227051,0.0223389
3,113,-0.00878906,-0.017334
3,114,-0.00598145,-0.0288086
3,115,-0.0294189,-0.0213623
3,116,-0.0358887,-0.0146484
3,117,-0.034668,-0.0109863
3,118,-0.0327148,-0.00878906
3,119,-0.0275879,-0.00439453
3,120,-0.0161133,0.0112305
3,121,-0.00952148,0.026123
3,122,-0.0090332,-0.0430908
3,123,-0.00524902,-0.0255127
3,124,-0.0233154,-0.0510254
3,125,-0.0245361,-0.0441895
3,126,-0.0247803,-0.0391846
3,127,-0.0283203,-0.0344238
3,128,-0.0266113,-0.0125732
3,129,-0.0142822,0.00244141
3,130,-0.013916,0.0100098
3,131,-0.0224609,0.0065918
3,132,-0.0209961,0.0102539
3,133,-0.0180664,0.0126953
3,134,-0.0178223,0.0145264
3,135,-0.0137939,0.0128174
3,136,-0.0152588,0.00927734
3,137,-0.00878906,-0.0162354
3,138,-0.0731201,-0.00378418
3,139,-0.0344238,-0.00402832
3,140,0.0469971,0.0140381
3,141,0.026123,0.0267334
3,142,0.019165,0.0117188
3,143,0.0241699,-0.0032959
3,144,0.0178223,-0.00842285
3,145,0.0134277,-0.0078125
3,146,0.00964355,-0.00622559
3,147,0.00537109,-0.0045166
3,148,-0.00231934,0.00280762
3,149,-0.00170898,0.00708008
3,150,0.0020752,0.00976562
3,151,0.00488281,0.0352783
3,152,-0.00134277,0.0595703
3,153,-0.00524902,0.0500488
3,154,-0.00891113,0.057251
3,155,-0.0111084,0.0428467
3,156,-0.0189209,0.0213623
3,157,-0.00732422,-0.0187988
3,158,-0.00512695,-0.0285645
3,159,-0.0286865,-0.019165
3,160,-0.0361328,-0.0125732
3,161,-0.0352783,-0.00952148
3,162,-0.0333252,-0.00769043
3,163,-0.0283203,-0.00415039
3,164,-0.0161133,0.0101318
3,165,-0.00817871,0.0255127
3,166,-0.0117188,-0.0402832
3,167,-0.00646973,-0.024292
3,168,-0.0249023,-0.0483398
3,169,-0.0258789,-0.0418701
3,170,-0.0257568,-0.0369873
3,171,-0.0291748,-0.0322266
3,172,-0.0266113,-0.0111084
3,173,-0.0144043,0.00305176
3,174,-0.0112305,0.0112305
3,175,-0.0195312,0.00927734
3,176,-0.0194092,0.0135498
3,177,-0.0172119,0.0153809
3,178,-0.0172119,0.0169678
3,179,-0.0137939,0.0142822
3,180,-0.0157471,0.00952148
3,181,-0.00952148,-0.0175781
3,182,0.0352783,0.00219727
3,183,-0.0489502,-0.012085
3,184,-0.0281982,-0.0262451
3,185,-0.0203857,-0.0115967
3,186,-0.0249023,0.00427246
3,187,-0.0180664,0.00964355
3,188,-0.0135498,0.00878906
3,189,-0.0098877,0.00708008
3,190,-0.00537109,0.00524902
3,191,0.00231934,-0.00268555
3,192,0.00170898,-0.00720215
3,193,-0.0020752,-0.010498
3,194,-0.00646973,-0.0362549
3,195,-0.00170898,-0.0610352
3,196,0.00256348,-0.0513916
3,197,0.0057373,-0.0588379
3,198,0.00854492,-0.0441895
3,199,0.0172119,-0.0223389
3,200,0.00732422,0.0192871
3,201,0.0057373,0.0285645
3,202,0.029541,0.0178223
3,203,0.0373535,0.0109863
3,204,0.036377,0.00817871
3,205,0.0344238,0.00634766
3,206,0.0291748,0.00317383
3,207,0.0158691,-0.010498
3,208,0.00683594,-0.0262451
3,209,0.0140381,0.039917
3,210,0.00769043,0.0241699
3,211,0.0275879,0.0476074
3,212,0.0281982,0.0410156
3,213,0.0279541,0.0361328
3,214,0.0311279,0.0311279
3,215,0.0275879,0.0098877
3,216,0.0145264,-0.00390625
3,217,0.0100098,-0.0124512
3,218,0.0184326,-0.0112305
3,219,0.0187988,-0.0157471
3,220,0.0167236,-0.017334
3,221,0.0167236,-0.0189209
3,222,0.0135498,-0.0157471
3,223,0.0158691,-0.010376
3,224,0.010376,0.0179443
3,225,-0.0236816,-0.00439453
3,226,-0.0142822,-0.0118408
3,227,-0.010376,-0.00512695
3,228,-0.0119629,0.00268555
3,229,-0.00842285,0.00524902
3,230,-0.00622559,0.00488281
3,231,-0.0045166,0.00390625
3,232,-0.00231934,0.00292969
3,233,0.0012207,-0.00109863
3,234,0.000854492,-0.00341797
3,235,-0.00109863,-0.00549316
3,236,-0.00402832,-0.0174561
3,237,-0.00268555,-0.0289307
3,238,-0.000366211,-0.024292
3,239,0.000854492,-0.027832
3,240,0.00256348,-0.0209961
3,241,0.00708008,-0.010498
3,242,0.00366211,0.00952148
3,243,0.00292969,0.0135498
3,244,0.0140381,0.00756836
3,245,0.0179443,0.00402832
3,246,0.0175781,0.00280762
3,247,0.0167236,0.0020752
3,248,0.0142822,0.000854492
3,249,0.00756836,-0.00512695
3,250,0.00256348,-0.0124512
3,251,0.0078125,0.0180664
3,252,0.00427246,0.0109863
3,253,0.0141602,0.0216064
3,254,0.0142822,0.0184326
3,255,0.0140381,0.0162354
3,256,0.0153809,0.0137939
3,257,0.0133057,0.00390625
3,258,0.00683594,-0.00231934
3,259,0.00378418,-0.00622559
3,260,0.00769043,-0.00610352
3,261,0.00793457,-0.00842285
3,262,0.00708008,-0.00915527
3,263,0.00720215,-0.0098877
3,264,0.00598145,-0.00805664
3,265,0.00744629,-0.00537109
3,266,0.00549316,0.00866699
3,267,0.0250244,0.0133057
3,268,0.0181885,0.00427246
3,269,0.0167236,-0.00817871
3,270,0.00952148,-0.0114746
3,271,0.00598145,-0.010376
3,272,0.00366211,-0.00830078
3,273,0.000488281,-0.00634766
3,274,-0.00292969,0.00170898
3,275,-0.00134277,0.00610352
3,276,0.00488281,0.0098877
3,277,0.0117188,0.0257568
3,278,0.0118408,0.0413818
3,279,0.00695801,0.0345459
3,280,0.00585938,0.0396729
3,281,0.00134277,0.0297852
3,282,-0.00878906,0.0148926
3,283,-0.00964355,-0.0146484
3,284,-0.00830078,-0.0200195
3,285,-0.0219727,-0.00744629
3,286,-0.0274658,-0.000366211
3,287,-0.0270996,0.00158691
3,288,-0.0258789,0.00256348
3,289,-0.0223389,0.00378418
3,290,-0.0112305,0.0101318
3,291,-0.000366211,0.0187988
3,292,-0.0146484,-0.0238037
3,293,-0.00854492,-0.0146484
3,294,-0.0256348,-0.0270996
3,295,-0.0251465,-0.022583
3,296,-0.024292,-0.0195312
3,297,-0.0257568,-0.015625
3,298,-0.0205078,-0.00195312
3,299,-0.00952148,0.00561523
3,300,-0.0032959,0.00927734
3,301,-0.00756836,0.00915527
3,302,-0.00610352,0.0128174
3,303,-0.00500488,0.0141602
3,304,-0.00500488,0.0155029
3,305,-0.0045166,0.0131836
3,306,-0.0090332,0.0101318
3,307,-0.0123291,-0.0107422
3,308,0.0187988,-0.00585938
3,309,0.00891113,-0.0152588
3,310,-0.000610352,-0.0151367
3,311,-0.00366211,-0.0125732
3,312,-0.00427246,-0.00976562
3,313,-0.00622559,-0.00646973
3,314,-0.00378418,0.0032959
3,315,0.000854492,0.00878906
3,316,0.0140381,0.00915527
3,317,0.0230713,0.0174561
3,318,0.0257568,0.0266113
3,319,0.0180664,0.022583
3,320,0.0183105,0.026123
3,321,0.0102539,0.0201416
3,322,-0.00610352,0.012085
3,323,-0.0195312,-0.00854492
3,324,-0.0169678,-0.013916
3,325,-0.0200195,0.00195312
3,326,-0.0212402,0.0119629
3,327,-0.020752,0.0145264
3,328,-0.0198975,0.0152588
3,329,-0.0174561,0.0152588
3,330,-0.00708008,0.0153809
3,331,0.00720215,0.0153809
3,332,-0.0161133,-0.0129395
3,333,-0.0109863,-0.0078125
3,334,-0.0288086,-0.010376
3,335,-0.0270996,-0.00695801
3,336,-0.0255127,-0.00500488
3,337,-0.0253906,-0.00134277
3,338,-0.0163574,0.00720215
3,339,-0.00476074,0.00939941
3,340,0,0.00598145
3,341,-0.000488281,0.00427246
3,342,0.00671387,0.00671387
3,343,0.00842285,0.00891113
3,344,0.00939941,0.0106201
3,345,0.00720215,0.0106201
3,346,-0.000488281,0.0130615
3,347,-0.0175781,-0.000488281
3,348,0.0118408,-0.00939941
3,349,0.00268555,-0.0119629
3,350,-0.000854492,-0.0112305
3,351,-0.00231934,-0.00915527
3,352,-0.00524902,-0.00756836
3,353,-0.0065918,0.000366211
3,354,-0.00561523,0.00622559
3,355,0.00805664,0.0146484
3,356,0.0117188,0.0194092
3,357,0.0112305,0.0216064
3,358,0.00695801,0.0161133
3,359,0.00622559,0.017334
3,360,0.00219727,0.0113525
3,361,-0.00756836,0.00012207
3,362,-0.0131836,-0.0155029
3,363,-0.0078125,-0.0159912
3,364,-0.0131836,-0.00390625
3,365,-0.0181885,0.00476074
3,366,-0.0194092,0.00708008
3,367,-0.0192871,0.0078125
3,368,-0.0181885,0.00842285
3,369,-0.0106201,0.0102539
3,370,0.00219727,0.0126953
3,371,-0.00512695,-0.00952148
3,372,-0.00427246,-0.0065918
3,373,-0.0144043,-0.0117188
3,374,-0.0145264,-0.00927734
3,375,-0.0141602,-0.00769043
3,376,-0.0152588,-0.00537109
3,377,-0.0128174,0.00195312
3,378,-0.00671387,0.00598145
3,379,-0.00134277,-0.000732422
3,380,0.00317383,-0.00256348
3,381,0.0109863,0.00427246
3,382,0.0109863,0.00817871
3,383,0.0111084,0.010498
3,384,0.00732422,0.0111084
3,385,-0.00195312,0.012085
3,386,-0.0150146,-0.00305176
3,387,0.012207,-0.0057373
3,388,0.00952148,-0.00695801
3,389,0.00695801,-0.00646973
3,390,0.00366211,-0.00695801
3,391,-0.00402832,-0.0032959
3,392,-0.00854492,0.00012207
3,393,-0.0045166,0.0123291
3,394,-0.00512695,0.0192871
3,395,-0.00720215,0.0230713
3,396,-0.0065918,0.0170898
3,397,-0.00805664,0.0183105
3,398,-0.00683594,0.0115967
3,399,-0.00634766,-0.00170898
3,400,0.000610352,-0.017334
3,401,0.00317383,-0.0153809
3,402,-0.00854492,-0.0098877
3,403,-0.015625,-0.00720215
3,404,-0.0169678,-0.00646973
3,405,-0.0168457,-0.00598145
3,406,-0.0155029,-0.00512695
3,407,-0.010376,0.000488281
3,408,-0.00500488,0.0098877
3,409,0.000488281,-0.010376
3,410,0.00012207,-0.00793457
3,411,-0.00463867,-0.0189209
3,412,-0.00598145,-0.0172119
3,413,-0.0065918,-0.0157471
3,414,-0.00866699,-0.0147705
3,415,-0.0111084,-0.00720215
3,416,-0.00927734,-0.000244141
3,417,-0.00354004,0.00012207
3,418,-0.00012207,0.00146484
3,419,0.00158691,0.00939941
3,420,0.000244141,0.0115967
3,421,-0.000610352,0.0129395
3,422,-0.00244141,0.0109863
3,423,-0.00744629,0.00610352
3,424,-0.00561523,-0.0114746
3,425,0.0142822,-0.00219727
3,426,0.0118408,-0.00280762
3,427,0.0100098,-0.00463867
3,428,0.00012207,-0.00512695
3,429,-0.00744629,-0.00500488
3,430,-0.0119629,0.00610352
3,431,-0.0141602,0.0114746
3,432,-0.0152588,0.0148926
3,433,-0.0115967,0.0111084
3,434,-0.0126953,0.0117188
3,435,-0.00854492,0.00732422
3,436,-0.00170898,-0.00219727
3,437,0.00964355,-0.0125732
3,438,0.00830078,-0.00915527
3,439,-0.00305176,-0.00927734
3,440,-0.00878906,-0.0113525
3,441,-0.00939941,-0.012207
3,442,-0.00939941,-0.012207
3,443,-0.00830078,-0.0115967
3,444,-0.00610352,-0.00598145
3,445,-0.00732422,0.0045166
3,446,0.00170898,-0.00500488
3,447,0.00170898,-0.00512695
3,448,0.00134277,-0.015625
3,449,0.000244141,-0.0153809
3,450,-0.000488281,-0.0146484
3,451,-0.00219727,-0.0150146
3,452,-0.00585938,-0.010498
3,453,-0.00756836,-0.0045166
3,454,-0.00354004,0.00134277
3,455,-0.00146484,0.00585938
3,456,-0.00427246,0.0123291
3,457,-0.00610352,0.012085
3,458,-0.00732422,0.0123291
3,459,-0.00744629,0.00854492
3,460,-0.00793457,0.000244141
3,461,0.00231934,-0.0136719
3,462,0.0124512,-0.00109863
3,463,0.0113525,-0.00305176
3,464,0.0020752,-0.00524902
3,465,-0.00561523,-0.00671387
3,466,-0.0131836,0.00268555
3,467,-0.0151367,0.00671387
3,468,-0.0152588,0.0100098
3,469,-0.0109863,0.00756836
3,470,-0.0117188,0.00817871
3,471,-0.00732422,0.00524902
3,472,0.000732422,-0.00146484
3,473,0.0114746,-0.00891113
3,474,0.00854492,-0.00561523
3,475,-0.00134277,-0.00732422
3,476,-0.00549316,-0.0109863
3,477,-0.0057373,-0.012207
3,478,-0.00561523,-0.0124512
3,479,-0.00463867,-0.012085
3,480,-0.00354004,-0.00720215
3,481,-0.00683594,0.00231934
3,482,0.000732422,-0.00231934
3,483,0.00146484,-0.00341797
3,484,0.00219727,-0.012207
3,485,0.00146484,-0.0124512
3,486,0.000976562,-0.012085
3,487,-0.00012207,-0.0128174
3,488,-0.0032959,-0.0101318
3,489,-0.0057373,-0.00549316
3,490,-0.00305176,0.00183105
3,491,-0.00183105,0.00744629
3,492,-0.00598145,0.0126953
3,493,-0.00756836,0.0114746
3,494,-0.00878906,0.0112305
3,495,-0.00817871,0.00695801
3,496,-0.00695801,-0.00158691
3,497,0.00476074,-0.0126953
3,498,0.010376,-0.00183105
3,499,0.00268555,-0.00439453
3,500,-0.00390625,-0.00646973
3,501,-0.0115967,0.000732422
3,502,-0.0131836,0.00366211
3,503,-0.0129395,0.00646973
3,504,-0.00915527,0.00512695
3,505,-0.00952148,0.00561523
3,506,-0.0057373,0.00366211
3,507,0.00158691,-0.000854492
3,508,0.0106201,-0.00598145
3,509,0.00732422,-0.0032959
3,510,-0.000488281,-0.00549316
3,511,-0.00341797,-0.00915527
3,512,-0.00341797,-0.010376
3,513,-0.0032959,-0.0106201
3,514,-0.00244141,-0.010498
3,515,-0.00195312,-0.0065918
3,516,-0.00561523,0.00109863
3,517,0,-0.000976562
3,518,0.000976562,-0.00231934
3,519,0.0020752,-0.0090332
3,520,0.00170898,-0.00939941
3,521,0.00134277,-0.00927734
3,522,0.000732422,-0.0101318
3,523,-0.00170898,-0.00854492
3,524,-0.00415039,-0.00512695
3,525,-0.00244141,0.00195312
3,526,-0.00195312,0.00720215
3,527,-0.00598145,0.0111084
3,528,-0.00720215,0.00952148
3,529,-0.00817871,0.0090332
3,530,-0.00744629,0.00524902
3,531,-0.00549316,-0.00219727
3,532,0.00524902,-0.010498
3,533,0.00463867,-0.00402832
3,534,-0.0012207,-0.00744629
3,535,-0.0112305,-0.00305176
3,536,-0.0123291,-0.00109863
3,537,-0.0111084,0.00170898
3,538,-0.00744629,0.00183105
3,539,-0.00732422,0.00231934
3,540,-0.00390625,0.00195312
3,541,0.00354004,0.000732422
3,542,0.0111084,-0.00158691
3,543,0.00622559,0.000366211
3,544,0.000610352,-0.00317383
3,545,-0.000610352,-0.00769043
3,546,-0.00012207,-0.00927734
3,547,0.000244141,-0.00964355
3,548,0.00109863,-0.00964355
3,549,0.000732422,-0.0065918
3,550,-0.00463867,-0.000610352
3,551,-0.00170898,0.00109863
3,552,0.000244141,-0.000732422
3,553,0.00195312,-0.00537109
3,554,0.0020752,-0.00610352
3,555,0.0020752,-0.00622559
3,556,0.00195312,-0.00732422
3,557,0.000610352,-0.00732422
3,558,-0.0020752,-0.00561523
3,559,-0.00195312,0.00244141
3,560,-0.00256348,0.00830078
3,561,-0.00732422,0.0107422
3,562,-0.00817871,0.00842285
3,563,-0.00891113,0.00744629
3,564,-0.00744629,0.00366211
3,565,-0.00390625,-0.00341797
3,566,0.00695801,-0.00830078
3,567,0.0057373,-0.00439453
3,568,-0.00244141,-0.00878906
3,569,-0.0012207,-0.00854492
3,570,0.000854492,-0.00561523
3,571,0.00158691,-0.00280762
3,572,0.00231934,-0.0020752
3,573,0.00256348,0.000244141
3,574,0.0045166,0.00561523
3,575,0.00427246,0.00817871
3,576,-0.000976562,0.00622559
3,577,0.00012207,0.00292969
3,578,0.00317383,-0.00012207
3,579,0.00463867,-0.000976562
3,580,0.00512695,-0.0012207
3,581,0.0057373,-0.00146484
3,582,0.00488281,-0.00134277
3,583,0.000488281,-0.00195312
3,584,-0.0057373,0.00146484
3,585,-0.00244141,0.0012207
3,586,-0.00219727,0.00292969
3,587,-0.000854492,0.00231934
3,588,-0.000244141,0.0020752
3,589,0.000976562,0.00158691
3,590,0.00317383,-0.000488281
3,591,0.00292969,-0.00268555
3,592,-0.00012207,0.00268555
3,593,-0.00378418,0.00622559
3,594,-0.00708008,0.00390625
3,595,-0.00622559,0.00158691
3,596,-0.00598145,0.000488281
3,597,-0.00366211,-0.0012207
3,598,0.00109863,-0.00292969
3,599,0.00537109,0.000854492
3,600,0.0065918,-0.0124512
3,601,0.00915527,-0.0112305
3,602,0.0101318,-0.00610352
3,603,0.00769043,-0.00195312
3,604,0.00842285,-0.000366211
3,605,0.0057373,0.00268555
3,606,0.00195312,0.0115967
3,607,-0.00317383,0.0148926
3,608,-0.00744629,0.00805664
3,609,-0.00268555,0.00549316
3,610,0.00341797,0.0045166
3,611,0.00561523,0.00476074
3,612,0.00646973,0.00488281
3,613,0.00720215,0.00524902
3,614,0.0065918,0.00439453
3,615,0.00366211,-0.000976562
3,616,-0.00854492,-0.00317383
3,617,-0.0045166,0.00012207
3,618,-0.00695801,0.00439453
3,619,-0.00500488,0.00488281
3,620,-0.00402832,0.00488281
3,621,-0.00219727,0.00549316
3,622,0.00280762,0.00402832
3,623,0.00610352,0
3,624,0.000366211,0.00317383
3,625,-0.00708008,0.00378418
3,626,-0.0090332,-0.00219727
3,627,-0.00646973,-0.00415039
3,628,-0.00537109,-0.00512695
3,629,-0.00183105,-0.00476074
3,630,0.00354004,-0.00146484
3,631,0.00292969,0.0078125
3,632,0.0251465,0.00134277
3,633,0.0170898,0.00390625
3,634,0.00891113,0.00415039
3,635,0.00695801,0.00537109
3,636,0.00012207,0.00500488
3,637,-0.0164795,0.00683594
3,638,-0.0268555,0.00427246
3,639,-0.0195312,-0.00646973
3,640,-0.010376,-0.000244141
3,641,-0.00402832,0.0112305
3,642,-0.00305176,0.0158691
3,643,-0.00268555,0.0178223
3,644,-0.00280762,0.0198975
3,645,-0.00219727,0.0185547
3,646,0.00476074,0.00683594
3,647,-0.00158691,-0.0065918
3,648,-0.00402832,-0.00292969
3,649,-0.0123291,-0.00170898
3,650,-0.0114746,0.00012207
3,651,-0.0106201,0.000976562
3,652,-0.0098877,0.00292969
3,653,-0.00366211,0.00671387
3,654,0.00341797,0.00695801
3,655,-0.00317383,-0.00268555
3,656,-0.00305176,-0.0111084
3,657,0.00756836,-0.0147705
3,658,0.0109863,-0.0112305
3,659,0.0129395,-0.00976562
3,660,0.0117188,-0.00402832
3,661,0.00646973,0.0065918
3,662,-0.0130615,0.0118408
3,663,0.0396729,0.00561523
3,664,0.0285645,0.00720215
3,665,0.0299072,0.0098877
3,666,0.0181885,0.0098877
3,667,-0.0045166,0.0136719
3,668,-0.0285645,0.00585938
3,669,-0.0256348,-0.00390625
3,670,-0.015625,0.0106201
3,671,-0.0090332,0.0231934
3,672,-0.00732422,0.0268555
3,673,-0.00634766,0.02771
3,674,-0.00512695,0.0275879
3,675,0.00134277,0.0219727
3,676,0.0137939,0.00939941
3,677,-0.0194092,-0.00244141
3,678,-0.0131836,-0.000732422
3,679,-0.0290527,0.00708008
3,680,-0.0256348,0.00915527
3,681,-0.0230713,0.0098877
3,682,-0.0206299,0.0130615
3,683,-0.00756836,0.0159912
3,684,0.00427246,0.0117188
3,685,0.00292969,0.00415039
3,686,0.00012207,-0.000366211
3,687,0.00878906,-0.00537109
3,688,0.0123291,-0.00402832
3,689,0.0145264,-0.00317383
3,690,0.0131836,0.00012207
3,691,0.0078125,0.00952148
3,692,-0.0172119,0.012207
3,693,0.046875,0.00378418
3,694,0.0526123,0.00695801
3,695,0.0379639,0.00927734
3,696,0.0148926,0.0177002
3,697,-0.0223389,0.0098877
3,698,-0.0272217,0.00512695
3,699,-0.0159912,0.0252686
3,700,-0.00927734,0.0343018
3,701,-0.00683594,0.0349121
3,702,-0.00537109,0.0339355
3,703,-0.00292969,0.0302734
3,704,0.00854492,0.0187988
3,705,0.0235596,0.00708008
3,706,-0.0352783,0.00720215
3,707,-0.020874,0.00488281
3,708,-0.0408936,0.0224609
3,709,-0.0351562,0.0238037
3,710,-0.0310059,0.0239258
3,711,-0.0267334,0.0273438
3,712,-0.00817871,0.0256348
3,713,0.00549316,0.0146484
3,714,0.010376,0.010498
3,715,0.00598145,0.0124512
3,716,0.0107422,0.00683594
3,717,0.0135498,0.00512695
3,718,0.015625,0.00500488
3,719,0.0141602,0.00476074
3,720,0.0102539,0.0111084
3,721,-0.0168457,0.0126953
3,722,0.0450439,0.00219727
3,723,0.0339355,0.00500488
3,724,0.0180664,0.0134277
3,725,-0.0126953,0.00915527
3,726,-0.019165,0.00793457
3,727,-0.0102539,0.0234375
3,728,-0.00537109,0.0281982
3,729,-0.00354004,0.0273438
3,730,-0.00231934,0.0258789
3,731,-0.000244141,0.0218506
3,732,0.00915527,0.0114746
3,733,0.0201416,0.00317383
3,734,-0.0301514,0.00939941
3,735,-0.0170898,0.00610352
3,736,-0.0319824,0.0227051
3,737,-0.0269775,0.0230713
3,738,-0.0235596,0.0228271
3,739,-0.0197754,0.0251465
3,740,-0.00500488,0.0216064
3,741,0.00476074,0.0109863
3,742,0.0102539,0.00939941
3,743,0.0065918,0.0131836
3,744,0.00830078,0.00878906
3,745,0.0100098,0.00634766
3,746,0.0114746,0.0057373
3,747,0.010376,0.00439453
3,748,0.00854492,0.0078125
3,749,-0.0108643,0.00964355
3,750,0.0401611,0.00390625
3,751,0.0241699,0.0142822
3,752,-0.0108643,0.0112305
3,753,-0.0195312,0.0114746
3,754,-0.00952148,0.0284424
3,755,-0.0045166,0.0319824
3,756,-0.00231934,0.0301514
3,757,-0.00109863,0.0280762
3,758,0.0012207,0.0230713
3,759,0.0117188,0.010376
3,760,0.0234375,0.00170898
3,761,-0.03479,0.0130615
3,762,-0.0194092,0.00830078
3,763,-0.0350342,0.0285645
3,764,-0.0292969,0.0285645
3,765,-0.0253906,0.0279541
3,766,-0.0209961,0.0302734
3,767,-0.00439453,0.0249023
3,768,0.0057373,0.0118408
3,769,0.0128174,0.0112305
3,770,0.00854492,0.0168457
3,771,0.00915527,0.0118408
3,772,0.0107422,0.00830078
3,773,0.012085,0.00744629
3,774,0.0109863,0.00500488
3,775,0.0098877,0.00793457
3,776,-0.010376,0.010498
3,777,0.0239258,0.00915527
3,778,-0.0020752,0.00939941
3,779,-0.0108643,0.0124512
3,780,-0.00366211,0.0239258
3,781,-0.000732422,0.0236816
3,782,0.000732422,0.0209961
3,783,0.00158691,0.0187988
3,784,0.00317383,0.0140381
3,785,0.0107422,0.00341797
3,786,0.0180664,-0.00170898
3,787,-0.0269775,0.0131836
3,788,-0.0141602,0.00830078
3,789,-0.0238037,0.0255127
3,790,-0.0192871,0.0249023
3,791,-0.0163574,0.0239258
3,792,-0.0128174,0.0251465
3,793,-0.0012207,0.019043
3,794,0.00463867,0.0078125
3,795,0.0112305,0.00927734
3,796,0.00793457,0.0155029
3,797,0.00610352,0.0114746
3,798,0.00671387,0.00769043
3,799,0.00744629,0.0065918
3,800,0.00683594,0.00366211
3,801,0.00769043,0.00402832
3,802,-0.00427246,0.00683594
3,803,0.0205078,0.00866699
3,804,0.00842285,0.019165
3,805,0.010376,0.0205078
3,806,0.00878906,0.010498
3,807,0.00878906,0.00463867
3,808,0.00878906,0.00134277
3,809,0.0090332,-0.00415039
3,810,0.0115967,-0.0133057
3,811,0.010376,-0.0114746
3,812,-0.0179443,0.0170898
3,813,-0.00646973,0.0107422
3,814,-0.00366211,0.026123
3,815,-0.000610352,0.0238037
3,816,0.000854492,0.0218506
3,817,0.00354004,0.020874
3,818,0.00695801,0.0108643
3,819,0.00415039,0
3,820,0.0114746,0.00817871
3,821,0.00842285,0.0184326
3,822,-0.000976562,0.0151367
3,823,-0.00256348,0.00891113
3,824,-0.00305176,0.00646973
3,825,-0.0020752,0.000854492
3,826,0.00476074,-0.00524902
3,827,0.0107422,-0.000244141
3,828,0.0275879,0.0119629
3,829,0.0186768,0.000610352
3,830,0.0108643,-0.0142822
3,831,0.0090332,-0.0200195
3,832,0.00817871,-0.0223389
3,833,0.00708008,-0.0249023
3,834,0.00292969,-0.0246582
3,835,-0.00720215,-0.0135498
3,836,0.00158691,0.00646973
3,837,0.00610352,0.00415039
3,838,0.020752,0.00476074
3,839,0.0201416,0.00244141
3,840,0.019043,0.0012207
3,841,0.0186768,-0.00134277
3,842,0.0101318,-0.00732422
3,843,-0.000366211,-0.00939941
3,844,0.00439453,0.00378418
3,845,0.0012207,0.0126953
3,846,-0.0131836,0.012085
3,847,-0.0163574,0.00646973
3,848,-0.0183105,0.00390625
3,849,-0.0151367,-0.00219727
3,850,-0.00476074,-0.0136719
3,851,0.0222168,-0.012207
3,852,0.0211182,-0.00952148
3,853,0.00952148,-0.0180664
3,854,0.00512695,-0.0212402
3,855,0.00280762,-0.0223389
3,856,-0.000610352,-0.0231934
3,857,-0.00805664,-0.0219727
3,858,-0.013916,-0.012085
3,859,0.0111084,0.00561523
3,860,0.010498,0.00183105
3,861,0.0272217,-0.00366211
3,862,0.0250244,-0.00561523
3,863,0.0229492,-0.00646973
3,864,0.0213623,-0.00891113
3,865,0.00952148,-0.0112305
3,866,-0.00158691,-0.00817871
3,867,0.00512695,-0.000976562
3,868,0.00561523,0.00378418
3,869,-0.00634766,0.00610352
3,870,-0.0111084,0.00317383
3,871,-0.0135498,0.00170898
3,872,-0.0130615,-0.00231934
3,873,-0.00842285,-0.0134277
3,874,0.0150146,-0.0163574
3,875,0.0214844,-0.00683594
3,876,0.0179443,-0.00952148
3,877,0.0155029,-0.0108643
3,878,0.0107422,-0.0126953
3,879,-0.00012207,-0.0183105
3,880,-0.00683594,-0.0194092
3,881,0.0114746,0.0179443
3,882,0.00927734,0.00964355
3,883,0.0272217,0.0141602
3,884,0.0262451,0.010498
3,885,0.0249023,0.00817871
3,886,0.0252686,0.00500488
3,887,0.0170898,-0.00341797
3,888,0.00585938,-0.00585938
3,889,0.0090332,-0.00402832
3,890,0.010376,-0.000976562
3,891,0.000854492,-0.00268555
3,892,-0.00305176,-0.0057373
3,893,-0.00463867,-0.00756836
3,894,-0.00488281,-0.0090332
3,895,-0.000244141,-0.0142822
3,896,0.0134277,-0.00463867
3,897,0.0257568,-0.00219727
3,898,0.0246582,-0.0032959
3,899,0.0213623,-0.00476074
3,900,0.0107422,-0.0117188
3,901,0.00012207,-0.0195312
3,902,0.0101318,0.019165
3,903,0.00683594,0.0118408
3,904,0.0219727,0.0217285
3,905,0.0218506,0.0179443
3,906,0.0211182,0.0153809
3,907,0.0227051,0.012207
3,908,0.0185547,0.00109863
3,909,0.00964355,-0.00500488
3,910,0.00610352,-0.0045166
3,911,0.00500488,-0.00402832
3,912,-0.00146484,-0.010376
3,913,-0.00256348,-0.0131836
3,914,-0.00292969,-0.0152588
3,915,-0.00134277,-0.0141602
3,916,0.00561523,-0.0129395
3,917,0.0136719,0.00708008
3,918,0.0266113,-0.00109863
3,919,0.0245361,-0.00256348
3,920,0.0153809,-0.00927734
3,921,0.00317383,-0.0183105
3,922,0.00805664,0.0174561
3,923,0.00524902,0.0115967
3,924,0.0183105,0.0228271
3,925,0.0186768,0.0194092
3,926,0.0183105,0.0168457
3,927,0.0201416,0.0140381
3,928,0.0177002,0.00268555
3,929,0.0101318,-0.00463867
3,930,0.00402832,-0.00341797
3,931,0.00134277,-0.00366211
3,932,-0.00415039,-0.0119629
3,933,-0.00402832,-0.0148926
3,934,-0.00378418,-0.0169678
3,935,-0.00109863,-0.0153809
3,936,0.00744629,-0.0119629
3,937,0.0144043,0.0109863
3,938,0.0252686,-0.00146484
3,939,0.0174561,-0.0078125
3,940,0.00476074,-0.0169678
3,941,0.0065918,0.0158691
3,942,0.00415039,0.0111084
3,943,0.0157471,0.0227051
3,944,0.0162354,0.0195312
3,945,0.0161133,0.0170898
3,946,0.0180664,0.0144043
3,947,0.0166016,0.0032959
3,948,0.0100098,-0.00439453
3,949,0.00280762,-0.00256348
3,950,-0.000610352,-0.00317383
3,951,-0.00561523,-0.012207
3,952,-0.00476074,-0.0152588
3,953,-0.00427246,-0.0172119
3,954,-0.000976562,-0.0153809
3,955,0.00817871,-0.0111084
3,956,0.0144043,0.0124512
3,957,0.0200195,-0.00549316
3,958,0.00732422,-0.0140381
3,959,0.00341797,0.0125732
3,960,0.00219727,0.00964355
3,961,0.0107422,0.0212402
3,962,0.0117188,0.0186768
3,963,0.0118408,0.0166016
3,964,0.0136719,0.0145264
3,965,0.0137939,0.00427246
3,966,0.00891113,-0.00366211
3,967,0.000610352,-0.000732422
3,968,-0.00402832,-0.00158691
3,969,-0.00793457,-0.0114746
3,970,-0.00585938,-0.0145264
3,971,-0.00500488,-0.0164795
3,972,-0.000976562,-0.0145264
3,973,0.00891113,-0.00927734
3,974,0.0142822,0.0141602
3,975,0.0146484,-0.00671387
3,976,-0.00708008,0.00646973
3,977,-0.00390625,0.00671387
3,978,-0.00378418,0.019165
3,979,-0.00170898,0.0180664
3,980,-0.000610352,0.0168457
3,981,0.00146484,0.0163574
3,982,0.00585938,0.00891113
3,983,0.0057373,0.000488281
3,984,-0.00183105,0.00476074
3,985,-0.00744629,0.00354004
3,986,-0.00793457,-0.00683594
3,987,-0.00415039,-0.00976562
3,988,-0.00244141,-0.0112305
3,989,0.00183105,-0.00976562
3,990,0.0108643,-0.00317383
3,991,0.0101318,0.0157471
3,992,-0.0145264,0.00476074
3,993,-0.00878906,0.00463867
3,994,-0.0159912,0.0168457
3,995,-0.0133057,0.0170898
3,996,-0.0113525,0.0166016
3,997,-0.00927734,0.0178223
3,998,-0.00134277,0.0140381
3,999,0.00317383,0.0065918
3,1000,0.000976562,0.00610352
3,1001,-0.00146484,0.00463867
3,1002,0.00268555,-0.00195312
3,1003,0.00598145,-0.00317383
3,1004,0.0078125,-0.00354004
3,1005,0.00878906,-0.00219727
3,1006,0.0107422,0.00439453
3,1007,-0.00158691,0.0133057
3,1008,0.0174561,-0.000488281
3,1009,0.0306396,-0.0090332
3,1010,0.0251465,-0.0102539
3,1011,0.0217285,-0.0108643
3,1012,0.0181885,-0.0133057
3,1013,0.00537109,-0.0137939
3,1014,-0.00244141,-0.00683594
3,1015,-0.00402832,-0.0152588
3,1016,0.00341797,-0.0218506
3,1017,0.00463867,-0.0159912
3,1018,0.00170898,-0.0109863
3,1019,0.00012207,-0.00939941
3,1020,-0.00244141,-0.00512695
3,1021,-0.00683594,-0.00317383
3,1022,0.000244141,-0.000976562
3,1023,0.0197754,-0.00476074
3,1024,0.0170898,-0.0057373
3,1025,0.0151367,-0.00610352
3,1026,0.0134277,-0.00756836
3,1027,0.00537109,-0.00817871
3,1028,-0.000732422,-0.00463867
3,1029,-0.00170898,-0.00683594
3,1030,0.000854492,-0.00939941
3,1031,-0.000854492,-0.00744629
3,1032,-0.00256348,-0.00585938
3,1033,-0.00354004,-0.00561523
3,1034,-0.00390625,-0.00402832
3,1035,-0.00390625,-0.00463867
3,1036,0.00415039,-0.00280762
3,1037,0.0421143,-0.00317383
3,1038,0.0385742,-0.00488281
3,1039,0.0366211,-0.00878906
3,1040,0.0196533,-0.0142822
3,1041,0.00305176,-0.0107422
3,1042,-0.00012207,-0.0119629
3,1043,0.00317383,-0.0145264
3,1044,-0.00439453,-0.013916
3,1045,-0.00793457,-0.0134277
3,1046,-0.0098877,-0.0141602
3,1047,-0.00915527,-0.0123291
3,1048,-0.0045166,-0.0152588
3,1049,0.0166016,-0.00537109
3,1050,0.0361328,-0.00183105
3,1051,0.0349121,-0.00549316
3,1052,0.0201416,-0.0115967
3,1053,0.00439453,-0.00976562
3,1054,0.000488281,-0.0098877
3,1055,0.00268555,-0.0113525
3,1056,-0.00476074,-0.012207
3,1057,-0.0078125,-0.0125732
3,1058,-0.00939941,-0.0136719
3,1059,-0.00817871,-0.0123291
3,1060,-0.00244141,-0.0150146
3,1061,0.0170898,-0.00415039
3,1062,0.0328369,-0.00354004
3,1063,0.0196533,-0.00976562
3,1064,0.00488281,-0.00891113
3,1065,0.000976562,-0.00866699
3,1066,0.00268555,-0.00964355
3,1067,-0.0045166,-0.0109863
3,1068,-0.00720215,-0.0118408
3,1069,-0.00854492,-0.0129395
3,1070,-0.00732422,-0.0118408
3,1071,-0.00134277,-0.0144043
3,1072,0.0166016,-0.0032959
3,1073,0.0213623,-0.00756836
3,1074,0.00671387,-0.00830078
3,1075,0.00195312,-0.00769043
3,1076,0.00292969,-0.0078125
3,1077,-0.0045166,-0.0102539
3,1078,-0.00683594,-0.0117188
3,1079,-0.00793457,-0.0131836
3,1080,-0.00634766,-0.0124512
3,1081,0.000488281,-0.0146484
3,1082,0.0172119,-0.00158691
3,1083,0.00854492,-0.00415039
3,1084,0.00366211,-0.00305176
3,1085,0.00231934,-0.00183105
3,1086,-0.00317383,-0.00634766
3,1087,-0.00378418,-0.00866699
3,1088,-0.00402832,-0.0102539
3,1089,-0.00219727,-0.0100098
3,1090,0.00427246,-0.0101318
3,1091,0.012085,0.0032959
3,1092,0.0032959,0.00012207
3,1093,0,0.000488281
3,1094,-0.00244141,-0.00415039
3,1095,-0.00170898,-0.0057373
3,1096,-0.0012207,-0.00671387
3,1097,0.000244141,-0.00610352
3,1098,0.00427246,-0.00390625
3,1099,0.00402832,0.00598145
3,1100,0.0161133,0.00683594
3,1101,0.00634766,0.0101318
3,1102,0.00146484,0.00805664
3,1103,-0.000610352,0.00720215
3,1104,-0.00317383,0.00366211
3,1105,-0.00561523,-0.0020752
3,1106,-0.00415039,-0.00476074
3,1107,0.0218506,0.00976562
3,1108,0.0150146,0.0102539
3,1109,0.0124512,0.0107422
3,1110,0.00500488,0.00805664
3,1111,-0.00488281,0.00195312
3,1112,-0.0102539,-0.00598145
3,1113,0.0290527,0.00415039
3,1114,0.0284424,0.00634766
3,1115,0.0189209,0.00805664
3,1116,0.00402832,0.00976562
3,1117,-0.0168457,0.00268555
3,1118,0.0289307,0.0020752
3,1119,0.0209961,0.00524902
3,1120,0.00854492,0.010376
3,1121,-0.0150146,0.00744629
3,1122,0.0228271,0.00390625
3,1123,0.0111084,0.0107422
3,1124,-0.0144043,0.0100098
3,1125,0.012207,0.00756836
3,1126,-0.00842285,0.0113525
3,1127,0.00524902,0.0135498
4,0,0.00634766,0
4,1,-0.0146484,-0.000854492
4,2,-0.0185547,-0.0020752
4,3,0.020752,0.00280762
4,4,0.0106201,0.00158691
4,5,-0.0174561,-0.00842285
4,6,-0.0119629,-0.0184326
4,7,-0.0201416,-0.0256348
4,8,-0.0198975,-0.0147705
4,9,-0.0098877,0.00231934
4,10,-0.00341797,0.0090332
4,11,-0.00012207,0.0102539
4,12,0.0057373,0.0157471
4,13,0.0133057,0.0125732
4,14,0.0126953,0.00524902
4,15,0.00915527,-0.0078125
4,16,-0.0090332,-0.0107422
4,17,-0.0230713,-0.00756836
4,18,-0.0200195,-0.00292969
4,19,-0.0223389,-0.0020752
4,20,-0.0177002,0.00012207
4,21,-0.0172119,0.00744629
4,22,-0.0164795,0.00939941
4,23,-0.0114746,0.00366211
4,24,0.00830078,-0.00390625
4,25,0.0251465,-0.000976562
4,26,0.0290527,0.00231934
4,27,0.0288086,0.0057373
4,28,0.0246582,0.00927734
4,29,0.000488281,0.0133057
4,30,-0.020874,-0.000610352
4,31,0.0262451,-0.00183105
4,32,0.00488281,-0.00415039
4,33,-0.00341797,-0.0155029
4,34,-0.00671387,-0.0150146
4,35,-0.0065918,-0.0146484
4,36,-0.00732422,-0.0147705
4,37,-0.00305176,-0.0111084
4,38,0.00219727,-0.00805664
4,39,-0.0065918,0.00341797
4,40,-0.000610352,0.010498
4,41,0.00366211,0.0167236
4,42,0.00378418,0.0146484
4,43,0.00439453,0.0150146
4,44,0.00244141,0.0111084
4,45,-0.0032959,0.00598145
4,46,-0.0140381,0.000610352
4,47,0.0123291,0.00244141
4,48,0.0106201,0.00390625
4,49,-0.00964355,-0.00524902
4,50,-0.00378418,-0.00341797
4,51,0.000976562,0.00708008
4,52,-0.00512695,0.00598145
4,53,0.00146484,0.00524902
4,54,0.00683594,0.00512695
4,55,0.00878906,0.0032959
4,56,0.00842285,0.00219727
4,57,0.00720215,0.000976562
4,58,0.00769043,-0.000488281
4,59,0.00390625,-0.00427246
4,60,0.00134277,-0.00708008
4,61,-0.00878906,0.00219727
4,62,-0.00561523,0
4,63,-0.00317383,-0.000244141
4,64,-0.0020752,-0.00012207
4,65,-0.0020752,0.000366211
4,66,-0.00170898,0.000366211
4,67,-0.0032959,0.00244141
4,68,-0.00244141,0.00158691
4,69,-0.00695801,0.00231934
4,70,-0.010376,0.00109863
4,71,-0.00354004,-0.0020752
4,72,0.000488281,-0.00183105
4,73,0.00231934,-0.00158691
4,74,0.00622559,0.000244141
4,75,0.00732422,0.00683594
4,76,-0.00109863,0.0078125
4,77,-0.00964355,-0.00012207
4,78,-0.00305176,-0.00183105
4,79,-0.0057373,-0.00915527
4,80,-0.00561523,-0.0102539
4,81,-0.00476074,-0.0106201
4,82,-0.00683594,-0.012085
4,83,-0.00842285,-0.0107422
4,84,-0.00854492,-0.00720215
4,85,-0.00830078,0.00512695
4,86,-0.00891113,0.0126953
4,87,-0.0111084,0.0178223
4,88,-0.0106201,0.0166016
4,89,-0.0109863,0.0161133
4,90,-0.0090332,0.0113525
4,91,-0.00805664,0.00598145
4,92,-0.00305176,-0.00195312
4,93,0.0316162,0.00305176
4,94,-0.0324707,-0.0057373
4,95,-0.0151367,-0.00427246
4,96,0.0185547,0.0151367
4,97,0.00549316,0.0236816
4,98,0.0205078,0.026001
4,99,0.0284424,0.0145264
4,100,0.0228271,-0.00183105
4,101,0.0163574,-0.00805664
4,102,0.0114746,-0.0100098
4,103,0.0065918,-0.0155029
4,104,-0.00720215,-0.0150146
4,105,-0.0117188,-0.010376
4,106,-0.0180664,0.0144043
4,107,-0.000488281,0.010376
4,108,0.0135498,0.00476074
4,109,0.0125732,0.000854492
4,110,0.0142822,0.000610352
4,111,0.0114746,-0.000854492
4,112,0.00939941,-0.00305176
4,113,0.0098877,-0.00537109
4,114,0.000488281,0.00354004
4,115,-0.0196533,0.0107422
4,116,-0.0245361,0.00195312
4,117,-0.0220947,-0.00195312
4,118,-0.0196533,-0.00537109
4,119,-0.0106201,-0.0078125
4,120,0.0115967,-0.00476074
4,121,0.017334,0.00952148
4,122,-0.0339355,0.00720215
4,123,-0.00866699,0.0020752
4,124,-0.00817871,0.00012207
4,125,-0.00585938,-0.00231934
4,126,-0.00488281,-0.00341797
4,127,-0.00793457,-0.00500488
4,128,-0.0133057,-0.0045166
4,129,-0.0161133,0
4,130,-0.00683594,0.010376
4,131,-0.0109863,0.0150146
4,132,-0.015625,0.0162354
4,133,-0.0145264,0.0153809
4,134,-0.0155029,0.0142822
4,135,-0.0117188,0.00952148
4,136,-0.00646973,0.00488281
4,137,0.00683594,-0.00427246
4,138,-0.0354004,-0.00256348
4,139,-0.0169678,-0.00292969
4,140,0.022583,0.0141602
4,141,0.0098877,0.0255127
4,142,0.0251465,0.0270996
4,143,0.0322266,0.0133057
4,144,0.024292,-0.00463867
4,145,0.0163574,-0.0108643
4,146,0.0108643,-0.0124512
4,147,0.00463867,-0.0181885
4,148,-0.0107422,-0.015625
4,149,-0.0155029,-0.00915527
4,150,-0.017334,0.0180664
4,151,0.00158691,0.012207
4,152,0.0166016,0.00439453
4,153,0.0148926,-0.000244141
4,154,0.0170898,-0.000732422
4,155,0.0136719,-0.00219727
4,156,0.0118408,-0.00476074
4,157,0.0119629,-0.00695801
4,158,0.00280762,0.0045166
4,159,-0.0192871,0.0145264
4,160,-0.0273438,0.00500488
4,161,-0.0257568,0
4,162,-0.0235596,-0.00439453
4,163,-0.0140381,-0.00854492
4,164,0.0115967,-0.00854492
4,165,0.0214844,0.00756836
4,166,-0.0358887,0.0114746
4,167,-0.00915527,0.00378418
4,168,-0.00805664,0.0032959
4,169,-0.00549316,0.000366211
4,170,-0.00463867,-0.000976562
4,171,-0.00769043,-0.00219727
4,172,-0.0131836,-0.00158691
4,173,-0.0163574,0.00317383
4,174,-0.00598145,0.0111084
4,175,-0.0098877,0.0144043
4,176,-0.0137939,0.0151367
4,177,-0.0124512,0.0146484
4,178,-0.0133057,0.0136719
4,179,-0.00976562,0.00927734
4,180,-0.00390625,0.00549316
4,181,0.00927734,-0.00390625
4,182,0.0178223,0.00170898
4,183,-0.0251465,-0.0133057
4,184,-0.0128174,-0.0264893
4,185,-0.0288086,-0.0270996
4,186,-0.0349121,-0.0118408
4,187,-0.0249023,0.00683594
4,188,-0.0161133,0.0130615
4,189,-0.0102539,0.0142822
4,190,-0.00305176,0.0201416
4,191,0.0129395,0.0161133
4,192,0.0174561,0.00854492
4,193,0.0166016,-0.0200195
4,194,-0.00305176,-0.0133057
4,195,-0.0186768,-0.00415039
4,196,-0.0166016,0.000610352
4,197,-0.0187988,0.00146484
4,198,-0.0150146,0.00280762
4,199,-0.0130615,0.00598145
4,200,-0.0130615,0.00854492
4,201,-0.00439453,-0.00402832
4,202,0.0184326,-0.0163574
4,203,0.0289307,-0.00695801
4,204,0.0280762,-0.00146484
4,205,0.0262451,0.0032959
4,206,0.0168457,0.00854492
4,207,-0.0111084,0.0107422
4,208,-0.0239258,-0.00610352
4,209,0.0367432,-0.0141602
4,210,0.0090332,-0.00488281
4,211,0.00769043,-0.00549316
4,212,0.00512695,-0.00244141
4,213,0.0045166,-0.000976562
4,214,0.00756836,-0.00012207
4,215,0.0135498,-0.000854492
4,216,0.0166016,-0.00537109
4,217,0.00402832,-0.0113525
4,218,0.00769043,-0.0144043
4,219,0.0113525,-0.0150146
4,220,0.0102539,-0.0145264
4,221,0.0112305,-0.0136719
4,222,0.00817871,-0.00939941
4,223,0.00268555,-0.00549316
4,224,-0.0101318,0.0045166
4,225,-0.0131836,-0.00549316
4,226,-0.0078125,-0.0125732
4,227,-0.0150146,-0.012085
4,228,-0.0175781,-0.00415039
4,229,-0.012207,0.00476074
4,230,-0.00769043,0.00744629
4,231,-0.00476074,0.00769043
4,232,-0.000854492,0.0102539
4,233,0.00744629,0.00720215
4,234,0.0100098,0.00268555
4,235,0.00708008,-0.0111084
4,236,-0.00219727,-0.00708008
4,237,-0.00952148,-0.00170898
4,238,-0.00830078,0.000732422
4,239,-0.00939941,0.00134277
4,240,-0.00756836,0.00183105
4,241,-0.0065918,0.0032959
4,242,-0.00634766,0.00439453
4,243,-0.00268555,-0.00268555
4,244,0.00817871,-0.00964355
4,245,0.0140381,-0.00512695
4,246,0.013916,-0.00195312
4,247,0.0130615,0.000610352
4,248,0.00866699,0.00390625
4,249,-0.00537109,0.00646973
4,250,-0.0125732,-0.00183105
4,251,0.0172119,-0.00866699
4,252,0.00427246,-0.00292969
4,253,0.00390625,-0.00354004
4,254,0.00268555,-0.00195312
4,255,0.00256348,-0.0012207
4,256,0.00402832,-0.000976562
4,257,0.00671387,-0.00170898
4,258,0.00805664,-0.00415039
4,259,0.0020752,-0.00634766
4,260,0.00317383,-0.00695801
4,261,0.00402832,-0.00683594
4,262,0.0032959,-0.00671387
4,263,0.00366211,-0.00634766
4,264,0.00244141,-0.0045166
4,265,-0.00012207,-0.00292969
4,266,-0.00537109,0.0020752
4,267,0.0203857,0.0144043
4,268,0.029541,0.00939941
4,269,0.0283203,-0.00415039
4,270,0.0146484,-0.0147705
4,271,0.00598145,-0.0159912
4,272,0.00146484,-0.0147705
4,273,-0.00646973,-0.0163574
4,274,-0.017334,-0.00671387
4,275,-0.0187988,0.00195312
4,276,-0.00378418,0.0205078
4,277,0.00756836,0.00964355
4,278,0.0158691,-0.00231934
4,279,0.0124512,-0.00549316
4,280,0.0141602,-0.00708008
4,281,0.0109863,-0.00695801
4,282,0.00939941,-0.00915527
4,283,0.00830078,-0.0107422
4,284,0.00683594,0.0020752
4,285,-0.00585938,0.019043
4,286,-0.0189209,0.015625
4,287,-0.0211182,0.0106201
4,288,-0.0217285,0.00610352
4,289,-0.0172119,-0.00170898
4,290,0.00354004,-0.0145264
4,291,0.0211182,-0.00549316
4,292,-0.020874,0.0229492
4,293,-0.00488281,0.00720215
4,294,-0.00317383,0.00952148
4,295,-0.0020752,0.0065918
4,296,-0.00219727,0.00524902
4,297,-0.00427246,0.00598145
4,298,-0.00817871,0.00805664
4,299,-0.00915527,0.0119629
4,300,0.00134277,0.00939941
4,301,0.000610352,0.00939941
4,302,0.000244141,0.00866699
4,303,0.00134277,0.00830078
4,304,0.000610352,0.00805664
4,305,0.00109863,0.00561523
4,306,0.00402832,0.00292969
4,307,0.00830078,-0.00585938
4,308,0.0333252,-0.00952148
4,309,0.0219727,-0.019165
4,310,0.00158691,-0.0197754
4,311,-0.00732422,-0.0158691
4,312,-0.0102539,-0.0123291
4,313,-0.0181885,-0.00952148
4,314,-0.0201416,0.00341797
4,315,-0.0146484,0.00964355
4,316,0.00866699,0.0168457
4,317,0.0135498,0.0020752
4,318,0.0141602,-0.0118408
4,319,0.00891113,-0.0123291
4,320,0.00952148,-0.0146484
4,321,0.00634766,-0.0125732
4,322,0.00292969,-0.0147705
4,323,0.0012207,-0.0163574
4,324,0.00695801,-0.00646973
4,325,0.00537109,0.0157471
4,326,-0.00878906,0.0236816
4,327,-0.0145264,0.0220947
4,328,-0.0178223,0.019043
4,329,-0.0189209,0.0106201
4,330,-0.00793457,-0.0128174
4,331,0.0155029,-0.0174561
4,332,-0.00537109,0.0303955
4,333,0.000488281,0.00878906
4,334,0.00622559,0.0112305
4,335,0.0057373,0.00854492
4,336,0.00500488,0.00756836
4,337,0.00439453,0.00952148
4,338,0.00146484,0.0125732
4,339,0.0012207,0.0145264
4,340,0.00854492,0.000610352
4,341,0.00756836,0.00158691
4,342,0.00561523,0.00280762
4,343,0.00585938,0.00292969
4,344,0.00500488,0.0032959
4,345,0.00378418,0.00244141
4,346,0.00500488,-0.000488281
4,347,0.00463867,-0.00952148
4,348,0.041748,-0.0118408
4,349,0.0115967,-0.0166016
4,350,-0.00268555,-0.0155029
4,351,-0.00854492,-0.0130615
4,352,-0.0200195,-0.0135498
4,353,-0.0263672,-0.00500488
4,354,-0.0198975,-0.00378418
4,355,-0.00195312,0.0198975
4,356,0.0163574,0.00109863
4,357,0.0253906,-0.0163574
4,358,0.0180664,-0.0169678
4,359,0.0197754,-0.0200195
4,360,0.0131836,-0.0169678
4,361,0.00524902,-0.0217285
4,362,0.00366211,-0.0258789
4,363,0.00378418,-0.013916
4,364,-0.00805664,0.0159912
4,365,-0.0255127,0.0269775
4,366,-0.0305176,0.0269775
4,367,-0.0328369,0.0235596
4,368,-0.0296631,0.0147705
4,369,-0.00683594,-0.0106201
4,370,0.0240479,-0.0162354
4,371,-0.0249023,0.0357666
4,372,-0.00231934,0.0098877
4,373,0.0111084,0.00952148
4,374,0.0123291,0.00549316
4,375,0.012085,0.00415039
4,376,0.0111084,0.00463867
4,377,0.00292969,0.00671387
4,378,-0.00317383,0.00891113
4,379,0.00488281,-0.00854492
4,380,0,0.000976562
4,381,-0.00830078,0.0106201
4,382,-0.00805664,0.0123291
4,383,-0.00964355,0.0129395
4,384,-0.00805664,0.010376
4,385,-0.00268555,0.00390625
4,386,0.00842285,-0.013916
4,387,0.0285645,-0.00964355
4,388,0.0164795,-0.0118408
4,389,0.00952148,-0.0114746
4,390,-0.0012207,-0.0151367
4,391,-0.0212402,-0.0107422
4,392,-0.0294189,-0.00708008
4,393,-0.0150146,0.0246582
4,394,0.00512695,0.00756836
4,395,0.0202637,-0.00927734
4,396,0.0163574,-0.0114746
4,397,0.0187988,-0.0142822
4,398,0.013916,-0.0118408
4,399,0.00891113,-0.013916
4,400,0.00720215,-0.0163574
4,401,-0.000610352,0.00170898
4,402,-0.0198975,0.0241699
4,403,-0.0306396,0.0213623
4,404,-0.029541,0.0168457
4,405,-0.0281982,0.0117188
4,406,-0.0194092,0.00305176
4,407,0.0090332,-0.012207
4,408,0.026001,-0.00585938
4,409,-0.0334473,0.0283203
4,410,-0.00671387,0.00708008
4,411,0,0.0012207
4,412,0.00244141,-0.00341797
4,413,0.00244141,-0.00524902
4,414,-0.00012207,-0.00720215
4,415,-0.00854492,-0.0045166
4,416,-0.0159912,0.00427246
4,417,-0.0155029,0.00439453
4,418,-0.015625,0.0107422
4,419,-0.0142822,0.0184326
4,420,-0.0107422,0.0198975
4,421,-0.010498,0.0200195
4,422,-0.00634766,0.015625
4,423,0.00170898,0.00927734
4,424,0.0135498,-0.00915527
4,425,0.0286865,-0.00427246
4,426,0.0239258,-0.00585938
4,427,0.0185547,-0.0107422
4,428,-0.00671387,-0.0113525
4,429,-0.026123,-0.00622559
4,430,-0.0197754,0.019165
4,431,-0.00842285,0.010376
4,432,0.00500488,0.000854492
4,433,0.00622559,-0.00195312
4,434,0.00805664,-0.0032959
4,435,0.00756836,-0.0020752
4,436,0.00805664,-0.000244141
4,437,0.00744629,0.000610352
4,438,-0.00341797,0.0178223
4,439,-0.020874,0.0233154
4,440,-0.020752,0.00732422
4,441,-0.0144043,-0.000244141
4,442,-0.0102539,-0.00488281
4,443,-0.00012207,-0.010376
4,444,0.020752,-0.0101318
4,445,0.0162354,0.00549316
4,446,-0.0251465,0.0100098
4,447,-0.0078125,0.00158691
4,448,-0.0115967,-0.00732422
4,449,-0.00927734,-0.0107422
4,450,-0.0090332,-0.0124512
4,451,-0.0123291,-0.0159912
4,452,-0.0168457,-0.0136719
4,453,-0.0217285,-0.00183105
4,454,-0.0285645,0.0170898
4,455,-0.0233154,0.0174561
4,456,-0.012085,0.0198975
4,457,-0.0065918,0.0203857
4,458,-0.0045166,0.0198975
4,459,0.00012207,0.0151367
4,460,0.00708008,0.0112305
4,461,0.0131836,-0.000366211
4,462,0.0252686,-0.0020752
4,463,0.0233154,-0.00646973
4,464,0.0012207,-0.00939941
4,465,-0.0187988,-0.00512695
4,466,-0.0177002,0.0128174
4,467,-0.0118408,0.00939941
4,468,-0.00170898,0.00476074
4,469,0.0012207,0.00256348
4,470,0.00256348,0.00183105
4,471,0.00366211,0.00231934
4,472,0.00598145,0.00524902
4,473,0.00585938,0.00708008
4,474,-0.00439453,0.0205078
4,475,-0.0177002,0.0180664
4,476,-0.0129395,0
4,477,-0.00561523,-0.00720215
4,478,-0.000976562,-0.0106201
4,479,0.00769043,-0.0137939
4,480,0.0217285,-0.00695801
4,481,0.00927734,0.00915527
4,482,-0.0167236,0.000366211
4,483,-0.00671387,-0.00109863
4,484,-0.013916,-0.00964355
4,485,-0.0123291,-0.0117188
4,486,-0.012085,-0.0130615
4,487,-0.0148926,-0.0163574
4,488,-0.0167236,-0.0146484
4,489,-0.0196533,-0.00415039
4,490,-0.0279541,0.0183105
4,491,-0.0217285,0.0168457
4,492,-0.00939941,0.017334
4,493,-0.0045166,0.0172119
4,494,-0.0020752,0.0167236
4,495,0.00170898,0.0126953
4,496,0.00671387,0.010376
4,497,0.0098877,0.00341797
4,498,0.0230713,-0.00378418
4,499,0.0045166,-0.00732422
4,500,-0.0135498,-0.00402832
4,501,-0.0147705,0.00866699
4,502,-0.0123291,0.00744629
4,503,-0.00488281,0.00537109
4,504,-0.00158691,0.00366211
4,505,-0.000610352,0.0032959
4,506,0.00109863,0.00354004
4,507,0.00427246,0.00683594
4,508,0.00463867,0.00915527
4,509,-0.00402832,0.0196533
4,510,-0.013916,0.0140381
4,511,-0.00769043,-0.00305176
4,512,-0.000732422,-0.00927734
4,513,0.00354004,-0.0118408
4,514,0.010498,-0.0136719
4,515,0.0195312,-0.00500488
4,516,0.00488281,0.00939941
4,517,-0.0108643,-0.00366211
4,518,-0.00537109,-0.0020752
4,519,-0.0131836,-0.0098877
4,520,-0.0119629,-0.0113525
4,521,-0.0117188,-0.0123291
4,522,-0.0140381,-0.0155029
4,523,-0.0146484,-0.0142822
4,524,-0.0163574,-0.00512695
4,525,-0.0251465,0.0170898
4,526,-0.0192871,0.0150146
4,527,-0.00756836,0.0146484
4,528,-0.00317383,0.0142822
4,529,-0.000854492,0.0137939
4,530,0.00231934,0.010498
4,531,0.00646973,0.00891113
4,532,0.00793457,0.00463867
4,533,0.0123291,-0.00683594
4,534,-0.00415039,-0.00561523
4,535,-0.0129395,0.0012207
4,536,-0.0147705,0.00549316
4,537,-0.0101318,0.00854492
4,538,-0.00561523,0.00744629
4,539,-0.00512695,0.00805664
4,540,-0.00231934,0.00744629
4,541,0.00219727,0.0112305
4,542,0.00341797,0.0141602
4,543,-0.0045166,0.0198975
4,544,-0.0111084,0.0065918
4,545,-0.00109863,-0.0112305
4,546,0.00622559,-0.0162354
4,547,0.0107422,-0.017334
4,548,0.0164795,-0.0161133
4,549,0.019043,-0.000610352
4,550,-0.00183105,0.0136719
4,551,-0.0045166,-0.0134277
4,552,-0.00439453,-0.00463867
4,553,-0.0142822,-0.0114746
4,554,-0.0134277,-0.0115967
4,555,-0.0130615,-0.012085
4,556,-0.0147705,-0.0151367
4,557,-0.0131836,-0.0152588
4,558,-0.0131836,-0.00854492
4,559,-0.0217285,0.0155029
4,560,-0.0164795,0.0136719
4,561,-0.00634766,0.0128174
4,562,-0.00305176,0.012085
4,563,-0.000732422,0.0115967
4,564,0.00170898,0.00878906
4,565,0.00415039,0.00854492
4,566,0.0045166,0.00842285
4,567,0.0211182,-0.0032959
4,568,0.00183105,-0.0148926
4,569,-0.00720215,-0.00317383
4,570,-0.0125732,0.0078125
4,571,-0.00964355,0.00878906
4,572,-0.010498,0.0106201
4,573,-0.00793457,0.00866699
4,574,-0.00415039,0.0102539
4,575,-0.00134277,0.0123291
4,576,-0.000732422,0.00390625
4,577,0.00463867,-0.013916
4,578,0.0137939,-0.019043
4,579,0.015625,-0.0175781
4,580,0.0168457,-0.0147705
4,581,0.0148926,-0.00854492
4,582,0.00170898,0.00817871
4,583,-0.0146484,0.0107422
4,584,0.012085,-0.022583
4,585,0.0012207,-0.00622559
4,586,-0.00488281,-0.00598145
4,587,-0.00585938,-0.00341797
4,588,-0.00524902,-0.00256348
4,589,-0.00488281,-0.00305176
4,590,0,-0.0057373
4,591,0.00427246,-0.00915527
4,592,0.00402832,0.00195312
4,593,0.0020752,0.00268555
4,594,-0.00134277,0.000732422
4,595,-0.00305176,-0.000854492
4,596,-0.00280762,-0.0012207
4,597,-0.00354004,-0.00146484
4,598,-0.0057373,-0.000244141
4,599,-0.00646973,0.00756836
4,600,0.0157471,-0.0244141
4,601,0.00500488,-0.00793457
4,602,-0.00732422,0.00671387
4,603,-0.00769043,0.00830078
4,604,-0.00952148,0.0106201
4,605,-0.00866699,0.00720215
4,606,-0.00646973,0.00439453
4,607,-0.00158691,0.00488281
4,608,0.00866699,-0.0135498
4,609,0.0195312,-0.0292969
4,610,0.020752,-0.0224609
4,611,0.0151367,-0.0162354
4,612,0.0124512,-0.0112305
4,613,0.00415039,-0.00244141
4,614,-0.0164795,0.0111084
4,615,-0.0197754,0.00622559
4,616,0.019043,-0.0250244
4,617,0.00500488,-0.00512695
4,618,0.00402832,0.00390625
4,619,0.00183105,0.00793457
4,620,0.00256348,0.0098877
4,621,0.00415039,0.0117188
4,622,0.010498,0.00634766
4,623,0.0194092,-0.00622559
4,624,0.0333252,-0.00671387
4,625,0.0205078,-0.00317383
4,626,0.000488281,-0.00817871
4,627,-0.00598145,-0.0113525
4,628,-0.00805664,-0.0124512
4,629,-0.0109863,-0.0111084
4,630,-0.0153809,-0.010498
4,631,-0.0129395,0.00256348
4,632,0.0113525,-0.00292969
4,633,-0.00610352,-0.00646973
4,634,-0.0090332,-0.00488281
4,635,-0.0109863,-0.00549316
4,636,-0.00927734,-0.00512695
4,637,-0.00622559,-0.00500488
4,638,-0.00415039,-0.0020752
4,639,0.0158691,-0.00305176
4,640,0.0332031,0.00170898
4,641,0.0240479,0.00830078
4,642,0.0152588,0.00769043
4,643,0.00952148,0.0078125
4,644,-0.00146484,0.00415039
4,645,-0.0181885,-0.00952148
4,646,-0.00939941,-0.0163574
4,647,0.0310059,0.00939941
4,648,0.00756836,0.00378418
4,649,0.00244141,0.0098877
4,650,-0.00158691,0.010498
4,651,-0.00305176,0.0112305
4,652,-0.00292969,0.0147705
4,653,0.00390625,0.0158691
4,654,0.0157471,0.0131836
4,655,0.026001,0.0109863
4,656,0.0224609,0.00683594
4,657,0.0184326,-0.00231934
4,658,0.0163574,-0.00622559
4,659,0.0162354,-0.00683594
4,660,0.0106201,-0.00720215
4,661,0.00610352,-0.00878906
4,662,-0.00610352,-0.0045166
4,663,0.0119629,-0.00463867
4,664,0.00732422,-0.00500488
4,665,0.00732422,-0.00598145
4,666,0.00439453,-0.00610352
4,667,0.00219727,-0.0100098
4,668,0.00219727,-0.010498
4,669,0.0100098,-0.0100098
4,670,0.0108643,0.00012207
4,671,-0.0012207,0.00805664
4,672,-0.00830078,0.00878906
4,673,-0.0115967,0.00805664
4,674,-0.0155029,0.00512695
4,675,-0.0129395,-0.00708008
4,676,0.00524902,-0.0106201
4,677,0.000976562,0.00964355
4,678,0.00219727,0.00427246
4,679,0.00793457,0.0115967
4,680,0.00720215,0.0114746
4,681,0.00671387,0.0118408
4,682,0.00756836,0.0137939
4,683,0.00793457,0.0131836
4,684,0.0098877,0.00915527
4,685,0.0189209,-0.00317383
4,686,0.0112305,-0.00402832
4,687,0.00158691,-0.0078125
4,688,-0.000366211,-0.00842285
4,689,-0.00158691,-0.00854492
4,690,-0.00292969,-0.00695801
4,691,-0.00219727,-0.00671387
4,692,0.00012207,-0.00500488
4,693,0.0195312,-0.00268555
4,694,0.0213623,-0.00378418
4,695,0.0155029,-0.00439453
4,696,0.0109863,-0.010376
4,697,0.00915527,-0.0125732
4,698,0.0045166,-0.00891113
4,699,-0.00976562,0.00183105
4,700,-0.0223389,0.00524902
4,701,-0.026001,0.00537109
4,702,-0.026123,0.00317383
4,703,-0.0228271,0.000488281
4,704,-0.00292969,-0.00671387
4,705,0.0181885,-0.00292969
4,706,-0.0228271,0.00793457
4,707,-0.00305176,0.00427246
4,708,0.00830078,0.0118408
4,709,0.0107422,0.0112305
4,710,0.0108643,0.0108643
4,711,0.012085,0.0113525
4,712,0.0078125,0.00976562
4,713,0.00170898,0.00585938
4,714,0.00830078,-0.0118408
4,715,0.000488281,-0.0118408
4,716,-0.00939941,-0.0113525
4,717,-0.0108643,-0.00866699
4,718,-0.0124512,-0.00805664
4,719,-0.010498,-0.00500488
4,720,-0.00585938,-0.00158691
4,721,0.00646973,-0.000854492
4,722,0.0181885,-0.000610352
4,723,0.0136719,-0.00158691
4,724,0.010376,-0.00646973
4,725,0.00854492,-0.00854492
4,726,0.00231934,-0.0057373
4,727,-0.0114746,0.000854492
4,728,-0.0206299,0.00146484
4,729,-0.0223389,0.0012207
4,730,-0.0216064,-0.000610352
4,731,-0.0175781,-0.00219727
4,732,0.000488281,-0.00488281
4,733,0.0155029,0.000732422
4,734,-0.0218506,0.0032959
4,735,-0.00366211,0.00268555
4,736,0.00500488,0.00891113
4,737,0.00756836,0.00866699
4,738,0.00769043,0.00830078
4,739,0.00866699,0.00842285
4,740,0.00488281,0.00671387
4,741,-0.000976562,0.00366211
4,742,0.00402832,-0.0098877
4,743,-0.0012207,-0.010498
4,744,-0.0078125,-0.0100098
4,745,-0.00891113,-0.00744629
4,746,-0.0101318,-0.00695801
4,747,-0.00830078,-0.00427246
4,748,-0.00463867,-0.000610352
4,749,0.0057373,0.000732422
4,750,0.0153809,-0.00134277
4,751,0.0123291,-0.0065918
4,752,0.010498,-0.00878906
4,753,0.00219727,-0.00524902
4,754,-0.0141602,0.00134277
4,755,-0.0238037,0.000976562
4,756,-0.0252686,0.000244141
4,757,-0.0240479,-0.00170898
4,758,-0.0189209,-0.00354004
4,759,0.00219727,-0.00537109
4,760,0.0180664,0.00195312
4,761,-0.0250244,0.00317383
4,762,-0.00439453,0.00280762
4,763,0.00512695,0.00976562
4,764,0.00805664,0.00939941
4,765,0.00830078,0.00878906
4,766,0.00939941,0.00891113
4,767,0.00512695,0.00683594
4,768,-0.00195312,0.00341797
4,769,0.00305176,-0.0112305
4,770,-0.00195312,-0.0118408
4,771,-0.00866699,-0.0107422
4,772,-0.00976562,-0.00756836
4,773,-0.0109863,-0.00683594
4,774,-0.00891113,-0.00378418
4,775,-0.0045166,0.000488281
4,776,0.00744629,0.00183105
4,777,0.010376,-0.00390625
4,778,0.0090332,-0.00537109
4,779,0.00244141,-0.00195312
4,780,-0.0108643,0.00219727
4,781,-0.0183105,0
4,782,-0.019165,-0.00146484
4,783,-0.0180664,-0.0032959
4,784,-0.0136719,-0.00476074
4,785,0.00292969,-0.00524902
4,786,0.0140381,0.00256348
4,787,-0.0197754,0.00146484
4,788,-0.00390625,0.00195312
4,789,0.00195312,0.00744629
4,790,0.00439453,0.00708008
4,791,0.0045166,0.00671387
4,792,0.00512695,0.0065918
4,793,0.00195312,0.00512695
4,794,-0.00305176,0.00317383
4,795,0.00109863,-0.0057373
4,796,-0.00219727,-0.00769043
4,797,-0.00585938,-0.00830078
4,798,-0.00622559,-0.00622559
4,799,-0.00695801,-0.0057373
4,800,-0.00524902,-0.00354004
4,801,-0.00183105,0
4,802,0.0065918,0.00183105
4,803,0.0142822,-0.000488281
4,804,0.00976562,0.00402832
4,805,-0.00439453,0.00354004
4,806,-0.0144043,-0.00537109
4,807,-0.0157471,-0.00976562
4,808,-0.0150146,-0.012207
4,809,-0.0112305,-0.0142822
4,810,0.00463867,-0.0106201
4,811,0.0131836,0.00512695
4,812,-0.0148926,-0.00305176
4,813,-0.00415039,0.00195312
4,814,-0.00366211,0.010498
4,815,-0.00170898,0.010498
4,816,-0.00195312,0.0100098
4,817,-0.00170898,0.010376
4,818,-0.00268555,0.00756836
4,819,-0.00390625,0.00537109
4,820,0.00488281,0.0032959
4,821,0.00292969,-0.00256348
4,822,0.0020752,-0.00769043
4,823,0.00170898,-0.00683594
4,824,0.00158691,-0.00695801
4,825,0.00170898,-0.00524902
4,826,0.0045166,-0.000976562
4,827,0.00952148,0.00415039
4,828,0.0151367,0.00292969
4,829,-0.000244141,0.000244141
4,830,-0.0128174,-0.00964355
4,831,-0.0155029,-0.0142822
4,832,-0.0152588,-0.0166016
4,833,-0.0123291,-0.0178223
4,834,0.00219727,-0.0113525
4,835,0.0112305,0.00695801
4,836,-0.0135498,-0.00769043
4,837,-0.00390625,0.0012207
4,838,-0.00476074,0.0115967
4,839,-0.00305176,0.0117188
4,840,-0.00317383,0.0113525
4,841,-0.00317383,0.0118408
4,842,-0.00366211,0.00720215
4,843,-0.00292969,0.00390625
4,844,0.00952148,0.00598145
4,845,0.00561523,0.000244141
4,846,0.00268555,-0.00671387
4,847,0.0020752,-0.00671387
4,848,0.00219727,-0.00744629
4,849,0.0020752,-0.00622559
4,850,0.0057373,-0.00305176
4,851,0.0119629,0.00354004
4,852,0.0246582,0.0020752
4,853,0.00292969,-0.00366211
4,854,-0.00671387,-0.00939941
4,855,-0.010498,-0.012085
4,856,-0.0157471,-0.0163574
4,857,-0.0125732,-0.0202637
4,858,0.00378418,-0.00476074
4,859,0.00598145,-0.00219727
4,860,0.00109863,0.00378418
4,861,-0.00439453,0.0180664
4,862,-0.0057373,0.0180664
4,863,-0.00708008,0.0184326
4,864,-0.00805664,0.0209961
4,865,-0.00463867,0.0168457
4,866,0.00561523,0.0129395
4,867,0.02771,0.019165
4,868,0.0205078,0.0100098
4,869,0.015625,-0.00585938
4,870,0.0141602,-0.00976562
4,871,0.0144043,-0.012207
4,872,0.0106201,-0.0123291
4,873,0.0115967,-0.0128174
4,874,0.00939941,-0.00439453
4,875,0.0280762,0.00378418
4,876,0.0172119,0.00134277
4,877,0.0106201,0.0012207
4,878,-0.00256348,-0.00256348
4,879,-0.0220947,-0.0144043
4,880,-0.0129395,-0.0157471
4,881,0.0351562,0.00341797
4,882,0.00817871,0.00317383
4,883,-0.000610352,0.0125732
4,884,-0.00524902,0.0133057
4,885,-0.00720215,0.0146484
4,886,-0.00769043,0.0183105
4,887,0.00012207,0.0177002
4,888,0.0161133,0.0147705
4,889,0.0319824,0.0198975
4,890,0.0269775,0.0117188
4,891,0.0238037,-0.00415039
4,892,0.0218506,-0.0100098
4,893,0.0222168,-0.0119629
4,894,0.015625,-0.0128174
4,895,0.0107422,-0.015625
4,896,-0.00366211,-0.00756836
4,897,0.0334473,0.00134277
4,898,0.0299072,0.00402832
4,899,0.0194092,0.00537109
4,900,-0.0106201,0.00292969
4,901,-0.0236816,-0.00854492
4,902,0.0390625,-0.00292969
4,903,0.00793457,-0.0020752
4,904,-0.00195312,-0.00476074
4,905,-0.00622559,-0.00341797
4,906,-0.00708008,-0.00219727
4,907,-0.00708008,-0.000732422
4,908,0.00109863,0.00146484
4,909,0.0126953,0.00219727
4,910,0.0098877,0.0126953
4,911,0.0107422,0.00976562
4,912,0.0128174,0.00280762
4,913,0.0123291,-0.00158691
4,914,0.0130615,-0.00231934
4,915,0.00927734,-0.00390625
4,916,0.00317383,-0.00634766
4,917,-0.0124512,-0.00146484
4,918,0.03479,0.00292969
4,919,0.0279541,0.00549316
4,920,-0.00109863,0.00805664
4,921,-0.0239258,-0.00354004
4,922,0.03479,-0.00415039
4,923,0.00610352,-0.00378418
4,924,-0.00488281,-0.012207
4,925,-0.00842285,-0.0111084
4,926,-0.00866699,-0.010376
4,927,-0.00891113,-0.010376
4,928,-0.00158691,-0.00708008
4,929,0.00671387,-0.0032959
4,930,-0.00427246,0.0113525
4,931,0.000732422,0.010498
4,932,0.00769043,0.00842285
4,933,0.00854492,0.00524902
4,934,0.00976562,0.00524902
4,935,0.00769043,0.00268555
4,936,0.00195312,0.000244141
4,937,-0.0130615,0.00183105
4,938,0.0305176,0.00341797
4,939,0.00415039,0.0100098
4,940,-0.022583,0.000732422
4,941,0.0302734,-0.00708008
4,942,0.00463867,-0.00488281
4,943,-0.00671387,-0.0148926
4,944,-0.00952148,-0.0136719
4,945,-0.00964355,-0.0131836
4,946,-0.0098877,-0.0137939
4,947,-0.00317383,-0.010498
4,948,0.00317383,-0.00610352
4,949,-0.010498,0.0098877
4,950,-0.00354004,0.00964355
4,951,0.00537109,0.00964355
4,952,0.0065918,0.00720215
4,953,0.00805664,0.00756836
4,954,0.0065918,0.00512695
4,955,0.0012207,0.00366211
4,956,-0.0125732,0.00476074
4,957,0.0140381,0.0111084
4,958,-0.015625,0.00708008
4,959,0.0170898,-0.00671387
4,960,0.000854492,-0.00512695
4,961,-0.0101318,-0.0174561
4,962,-0.0114746,-0.0168457
4,963,-0.0109863,-0.0170898
4,964,-0.0117188,-0.0186768
4,965,-0.00720215,-0.0151367
4,966,-0.00476074,-0.00891113
4,967,-0.0205078,0.0090332
4,968,-0.0112305,0.010498
4,969,-0.00012207,0.0142822
4,970,0.0020752,0.0131836
4,971,0.00354004,0.013916
4,972,0.00390625,0.0107422
4,973,0.000244141,0.00964355
4,974,-0.00939941,0.00769043
4,975,0.00976562,0.0131836
4,976,-0.0150146,0.000732422
4,977,-0.00708008,-0.00109863
4,978,-0.0142822,-0.00842285
4,979,-0.0124512,-0.00915527
4,980,-0.0117188,-0.0108643
4,981,-0.0131836,-0.0129395
4,982,-0.0137939,-0.0106201
4,983,-0.0179443,-0.00378418
4,984,-0.0253906,0.00891113
4,985,-0.0153809,0.00939941
4,986,-0.0032959,0.0151367
4,987,-0.000488281,0.0166016
4,988,0.000610352,0.0175781
4,989,0.00244141,0.0150146
4,990,0.0032959,0.0161133
4,991,0.00317383,0.010376
4,992,-0.0244141,0.0151367
4,993,-0.00610352,0.00585938
4,994,-0.0032959,0.010376
4,995,-0.00109863,0.00866699
4,996,-0.00109863,0.00708008
4,997,-0.00183105,0.00756836
4,998,-0.00549316,0.00793457
4,999,-0.00976562,0.00927734
4,1000,-0.00170898,0.00219727
4,1001,-0.000488281,0.000854492
4,1002,0.000610352,0.00219727
4,1003,0.00109863,0.00402832
4,1004,0.000610352,0.00463867
4,1005,0.00109863,0.00476074
4,1006,0.00427246,0.00646973
4,1007,0.0101318,0.00158691
4,1008,0.0113525,-0.000854492
4,1009,0.00195312,-0.00134277
4,1010,-0.0032959,0.00012207
4,1011,-0.00512695,0.00146484
4,1012,-0.00415039,0.00402832
4,1013,0.00524902,0.00622559
4,1014,0.0170898,0.00524902
4,1015,0.0135498,0.00769043
4,1016,0.0175781,0.00341797
4,1017,0.022583,-0.00244141
4,1018,0.0214844,-0.00561523
4,1019,0.0228271,-0.00537109
4,1020,0.0164795,-0.00524902
4,1021,0.00866699,-0.00610352
4,1022,-0.0119629,-0.000244141
4,1023,0.00463867,-0.00012207
4,1024,0.00354004,0.00012207
4,1025,0.00305176,0.000488281
4,1026,0.00378418,0.00109863
4,1027,0.00500488,0.0012207
4,1028,0.00634766,0.00012207
4,1029,0.00439453,-0.0032959
4,1030,0.00354004,-0.00317383
4,1031,0.00244141,-0.0032959
4,1032,0.00195312,-0.00354004
4,1033,0.0020752,-0.00341797
4,1034,0.00109863,-0.00268555
4,1035,0,-0.00317383
4,1036,-0.00280762,-0.00195312
4,1037,0.0214844,0.00012207
4,1038,0.0214844,0.000854492
4,1039,0.0249023,0.000244141
4,1040,0.0217285,-0.00170898
4,1041,0.0141602,-0.00634766
4,1042,0.00231934,-0.0274658
4,1043,-0.00439453,-0.0233154
4,1044,-0.0130615,-0.0167236
4,1045,-0.0137939,-0.0130615
4,1046,-0.0142822,-0.0115967
4,1047,-0.0114746,-0.00720215
4,1048,-0.00744629,-0.00488281
4,1049,0.000610352,-0.00366211
4,1050,0.0238037,0.000488281
4,1051,0.0275879,-0.000610352
4,1052,0.0234375,-0.0032959
4,1053,0.0134277,-0.00817871
4,1054,-0.000854492,-0.0310059
4,1055,-0.00793457,-0.0267334
4,1056,-0.0167236,-0.019043
4,1057,-0.0170898,-0.0144043
4,1058,-0.0174561,-0.0125732
4,1059,-0.0134277,-0.00744629
4,1060,-0.0078125,-0.00390625
4,1061,0.00317383,-0.0020752
4,1062,0.0281982,-0.00134277
4,1063,0.0238037,-0.00427246
4,1064,0.0131836,-0.00952148
4,1065,-0.00134277,-0.0323486
4,1066,-0.00866699,-0.0273438
4,1067,-0.0181885,-0.0187988
4,1068,-0.0187988,-0.013916
4,1069,-0.0192871,-0.012207
4,1070,-0.0150146,-0.00683594
4,1071,-0.00927734,-0.00305176
4,1072,0.00268555,-0.0012207
4,1073,0.0289307,-0.00390625
4,1074,0.0164795,-0.0108643
4,1075,-0.00109863,-0.0390625
4,1076,-0.00891113,-0.0341797
4,1077,-0.0195312,-0.0244141
4,1078,-0.0205078,-0.0183105
4,1079,-0.0209961,-0.0159912
4,1080,-0.0162354,-0.0090332
4,1081,-0.0098877,-0.0032959
4,1082,0.00341797,0.000610352
4,1083,0.0198975,-0.00793457
4,1084,0.00439453,-0.0334473
4,1085,-0.00317383,-0.0310059
4,1086,-0.0134277,-0.0244141
4,1087,-0.0150146,-0.0194092
4,1088,-0.0152588,-0.0169678
4,1089,-0.0123291,-0.0100098
4,1090,-0.0078125,-0.00305176
4,1091,0.00109863,0.00427246
4,1092,0.0185547,-0.015625
4,1093,0.0100098,-0.0164795
4,1094,-0.00109863,-0.0183105
4,1095,-0.00378418,-0.0175781
4,1096,-0.00439453,-0.0167236
4,1097,-0.00512695,-0.0123291
4,1098,-0.00476074,-0.00817871
4,1099,-0.0032959,0.00109863
4,1100,0.0493164,-0.00183105
4,1101,0.0263672,-0.0140381
4,1102,0.0164795,-0.0185547
4,1103,0.012085,-0.0202637
4,1104,0.00256348,-0.0180664
4,1105,-0.00720215,-0.0168457
4,1106,-0.0106201,-0.00317383
4,1107,0.0394287,-0.00646973
4,1108,0.0307617,-0.00964355
4,1109,0.0274658,-0.010376
4,1110,0.0153809,-0.00866699
4,1111,0.00170898,-0.00683594
4,1112,-0.0113525,0.00183105
4,1113,0.0452881,-0.00256348
4,1114,0.0447998,-0.00305176
4,1115,0.0323486,-0.00231934
4,1116,0.0180664,-0.000488281
4,1117,-0.00598145,0.00390625
4,1118,0.0441895,-0.000854492
4,1119,0.0335693,-0.000854492
4,1120,0.0219727,-0.00012207
4,1121,-0.00195312,0.00231934
4,1122,0.0354004,-0.00012207
4,1123,0.0251465,0.000732422
4,1124,0.000610352,0.00268555
4,1125,0.0230713,0.000488281
4,1126,0.00427246,0.00158691
4,1127,0.013916,0.000244141
5,0,0.0369873,0.00109863
5,1,0.0202637,0.00134277
5,2,0.0157471,0.00195312
5,3,-0.0148926,-0.00292969
5,4,-0.00695801,-0.0012207
5,5,0.0177002,-0.000610352
5,6,0.0296631,-0.0045166
5,7,0.0164795,-0.022583
5,8,-0.00109863,-0.0197754
5,9,-0.0157471,-0.010498
5,10,-0.019165,-0.00537109
5,11,-0.0181885,-0.00256348
5,12,-0.0194092,0.00317383
5,13,-0.00769043,0.0125732
5,14,0.00537109,0.019043
5,15,0.041748,0.0114746
5,16,0.0164795,0.0150146
5,17,-0.0206299,0.0180664
5,18,-0.026123,0.0145264
5,19,-0.0345459,0.0169678
5,20,-0.032959,0.0142822
5,21,-0.0388184,0.0126953
5,22,-0.0267334,0
5,23,-0.0267334,-0.00317383
5,24,-0.0212402,0.0117188
5,25,-0.00646973,0.0263672
5,26,-0.000488281,0.0314941
5,27,0.00244141,0.0336914
5,28,0.00695801,0.0368652
5,29,0.0133057,0.036499
5,30,0.0150146,0.020752
5,31,0.00439453,-0.013916
5,32,-0.00158691,-0.00622559
5,33,-0.00830078,-0.012207
5,34,-0.00805664,-0.010376
5,35,-0.00769043,-0.00915527
5,36,-0.00744629,-0.00744629
5,37,-0.00390625,0.00183105
5,38,0.00292969,0.0090332
5,39,-0.0270996,0.019165
5,40,-0.0314941,-0.00830078
5,41,-0.00366211,-0.0266113
5,42,0.0112305,-0.0222168
5,43,0.0181885,-0.0195312
5,44,0.0231934,-0.00756836
5,45,0.0267334,0.0162354
5,46,0.00354004,0.0205078
5,47,0.0228271,0.00146484
5,48,0.0196533,0.00292969
5,49,-0.019165,-0.00427246
5,50,-0.00891113,-0.00244141
5,51,0.0181885,0.00463867
5,52,0.0246582,0.00463867
5,53,0.0159912,-0.0128174
5,54,0.00317383,-0.0140381
5,55,-0.00939941,-0.00952148
5,56,-0.0133057,-0.00634766
5,57,-0.0133057,-0.00415039
5,58,-0.0157471,0
5,59,-0.00964355,0.00817871
5,60,-0.0020752,0.0145264
5,61,0.0279541,0.0135498
5,62,0.0119629,0.0166016
5,63,-0.0133057,0.0177002
5,64,-0.0177002,0.0135498
5,65,-0.0238037,0.0155029
5,66,-0.0231934,0.0126953
5,67,-0.0286865,0.0106201
5,68,-0.0201416,-0.000610352
5,69,-0.0197754,-0.00354004
5,70,-0.0202637,0.00793457
5,71,-0.0123291,0.0177002
5,72,-0.0078125,0.0212402
5,73,-0.00549316,0.0227051
5,74,-0.00109863,0.0253906
5,75,0.00793457,0.0284424
5,76,0.0118408,0.0212402
5,77,-0.00219727,-0.0157471
5,78,-0.0032959,-0.00720215
5,79,-0.0101318,-0.0125732
5,80,-0.00952148,-0.010376
5,81,-0.0090332,-0.0090332
5,82,-0.0090332,-0.00720215
5,83,-0.0065918,0.0012207
5,84,-0.00134277,0.00793457
5,85,-0.0266113,0.0172119
5,86,-0.0283203,-0.00585938
5,87,-0.00280762,-0.0187988
5,88,0.0098877,-0.0142822
5,89,0.015625,-0.0113525
5,90,0.0194092,-0.00183105
5,91,0.0213623,0.0180664
5,92,0.00170898,0.019043
5,93,0.0219727,0.00183105
5,94,-0.0220947,-0.00341797
5,95,-0.0106201,-0.00268555
5,96,0.0195312,0.00732422
5,97,0.0217285,0.0109863
5,98,0.0161133,-0.00488281
5,99,0.00671387,-0.00976562
5,100,-0.0045166,-0.00952148
5,101,-0.00866699,-0.00793457
5,102,-0.00952148,-0.00598145
5,103,-0.0128174,-0.00317383
5,104,-0.0111084,0.00476074
5,105,-0.00756836,0.012085
5,106,0.0163574,0.0153809
5,107,0.00939941,0.0169678
5,108,-0.00439453,0.0151367
5,109,-0.00805664,0.0108643
5,110,-0.0115967,0.0119629
5,111,-0.0123291,0.00927734
5,112,-0.0172119,0.00720215
5,113,-0.0131836,-0.0012207
5,114,-0.0124512,-0.00341797
5,115,-0.0174561,0.0057373
5,116,-0.0163574,0.0114746
5,117,-0.0136719,0.0133057
5,118,-0.012085,0.0140381
5,119,-0.00805664,0.015625
5,120,0.00354004,0.0198975
5,121,0.010498,0.0194092
5,122,-0.00878906,-0.0140381
5,123,-0.00512695,-0.0065918
5,124,-0.012207,-0.010376
5,125,-0.0112305,-0.00830078
5,126,-0.010498,-0.00708008
5,127,-0.0106201,-0.00524902
5,128,-0.00854492,0.00219727
5,129,-0.00402832,0.00805664
5,130,-0.0222168,0.0162354
5,131,-0.0222168,-0.00219727
5,132,-0.000854492,-0.0109863
5,133,0.0090332,-0.00720215
5,134,0.0133057,-0.00463867
5,135,0.0158691,0.00231934
5,136,0.0162354,0.0177002
5,137,0.00012207,0.0164795
5,138,-0.0220947,-0.00146484
5,139,-0.0107422,-0.00170898
5,140,0.0202637,0.00610352
5,141,0.0220947,0.0101318
5,142,0.0159912,-0.00476074
5,143,0.00671387,-0.00976562
5,144,-0.00427246,-0.00952148
5,145,-0.00842285,-0.00793457
5,146,-0.00927734,-0.00598145
5,147,-0.0124512,-0.00305176
5,148,-0.0109863,0.00488281
5,149,-0.0078125,0.0125732
5,150,0.0151367,0.0148926
5,151,0.0102539,0.0158691
5,152,-0.00109863,0.0135498
5,153,-0.00488281,0.00964355
5,154,-0.00769043,0.010498
5,155,-0.00891113,0.00817871
5,156,-0.013916,0.00671387
5,157,-0.0114746,-0.000732422
5,158,-0.0107422,-0.00292969
5,159,-0.0158691,0.00646973
5,160,-0.0162354,0.0118408
5,161,-0.013916,0.0131836
5,162,-0.0125732,0.0136719
5,163,-0.00854492,0.0145264
5,164,0.00390625,0.0175781
5,165,0.0118408,0.0174561
5,166,-0.0109863,-0.0117188
5,167,-0.00598145,-0.00561523
5,168,-0.0133057,-0.00830078
5,169,-0.012085,-0.00634766
5,170,-0.0112305,-0.00524902
5,171,-0.0112305,-0.00341797
5,172,-0.00842285,0.00341797
5,173,-0.00366211,0.00878906
5,174,-0.019165,0.017334
5,175,-0.0198975,0
5,176,-0.000244141,-0.00939941
5,177,0.0090332,-0.00646973
5,178,0.0131836,-0.00427246
5,179,0.015625,0.00183105
5,180,0.0163574,0.0161133
5,181,0.000976562,0.0155029
5,182,0.0111084,0.000976562
5,183,-0.0214844,-0.00500488
5,184,-0.0235596,-0.00927734
5,185,-0.0162354,0.00549316
5,186,-0.0065918,0.0101318
5,187,0.00463867,0.00952148
5,188,0.00878906,0.00769043
5,189,0.00952148,0.0057373
5,190,0.0125732,0.00256348
5,191,0.0108643,-0.0057373
5,192,0.00720215,-0.0135498
5,193,-0.0161133,-0.0146484
5,194,-0.0115967,-0.0155029
5,195,-0.000366211,-0.0135498
5,196,0.00366211,-0.00976562
5,197,0.00634766,-0.0107422
5,198,0.0078125,-0.00842285
5,199,0.0126953,-0.00732422
5,200,0.0111084,0.00012207
5,201,0.010498,0.00219727
5,202,0.0153809,-0.0078125
5,203,0.0157471,-0.0130615
5,204,0.0135498,-0.0142822
5,205,0.012085,-0.0146484
5,206,0.00805664,-0.0152588
5,207,-0.00512695,-0.0172119
5,208,-0.0135498,-0.0169678
5,209,0.012207,0.010498
5,210,0.0065918,0.00500488
5,211,0.0141602,0.00708008
5,212,0.0128174,0.00524902
5,213,0.0118408,0.00427246
5,214,0.0117188,0.00231934
5,215,0.00842285,-0.00439453
5,216,0.00317383,-0.00952148
5,217,0.0177002,-0.019165
5,218,0.0192871,-0.00170898
5,219,0.000244141,0.0090332
5,220,-0.00915527,0.00671387
5,221,-0.0134277,0.00463867
5,222,-0.0161133,-0.0012207
5,223,-0.0177002,-0.0152588
5,224,-0.00195312,-0.015625
5,225,-0.0113525,-0.00170898
5,226,-0.0129395,-0.00378418
5,227,-0.00842285,0.00354004
5,228,-0.00305176,0.00561523
5,229,0.00280762,0.00500488
5,230,0.00488281,0.00390625
5,231,0.00524902,0.00280762
5,232,0.0065918,0.00109863
5,233,0.00537109,-0.00341797
5,234,0.00305176,-0.00769043
5,235,-0.00878906,-0.00744629
5,236,-0.0065918,-0.00720215
5,237,-0.000854492,-0.0057373
5,238,0.00134277,-0.00402832
5,239,0.00256348,-0.0045166
5,240,0.00341797,-0.00354004
5,241,0.00585938,-0.00341797
5,242,0.00524902,-0.00012207
5,243,0.00512695,0.000854492
5,244,0.00720215,-0.00463867
5,245,0.00756836,-0.0078125
5,246,0.0065918,-0.00830078
5,247,0.00585938,-0.00842285
5,248,0.00378418,-0.00854492
5,249,-0.00317383,-0.00878906
5,250,-0.0078125,-0.00793457
5,251,0.00683594,0.00402832
5,252,0.00354004,0.00195312
5,253,0.00744629,0.00268555
5,254,0.0065918,0.00183105
5,255,0.00598145,0.00146484
5,256,0.00585938,0.000488281
5,257,0.00378418,-0.00280762
5,258,0.000976562,-0.00524902
5,259,0.00793457,-0.010498
5,260,0.00915527,-0.00170898
5,261,-0.00012207,0.00439453
5,262,-0.00488281,0.00354004
5,263,-0.00708008,0.00268555
5,264,-0.00854492,-0.000244141
5,265,-0.00976562,-0.00720215
5,266,-0.00170898,-0.00793457
5,267,0.032959,0.00390625
5,268,0.0203857,-0.0134277
5,269,0.00524902,-0.0167236
5,270,-0.00939941,-0.0130615
5,271,-0.0140381,-0.00952148
5,272,-0.0142822,-0.00646973
5,273,-0.0168457,-0.00134277
5,274,-0.0115967,0.010498
5,275,-0.00415039,0.0209961
5,276,0.0252686,0.0162354
5,277,0.0179443,0.0130615
5,278,0.00183105,0.00793457
5,279,-0.00378418,0.00524902
5,280,-0.00708008,0.0057373
5,281,-0.0090332,0.00500488
5,282,-0.0146484,0.00610352
5,283,-0.0133057,0.000610352
5,284,-0.0129395,-0.00268555
5,285,-0.015625,0.0125732
5,286,-0.0155029,0.0229492
5,287,-0.0130615,0.0249023
5,288,-0.0115967,0.0253906
5,289,-0.00732422,0.0253906
5,290,0.00830078,0.0223389
5,291,0.0201416,0.015625
5,292,-0.0145264,-0.00537109
5,293,-0.00830078,-0.00292969
5,294,-0.0164795,-0.00305176
5,295,-0.0144043,-0.00170898
5,296,-0.0129395,-0.00109863
5,297,-0.012207,0.0012207
5,298,-0.00671387,0.00854492
5,299,0.00012207,0.0136719
5,300,-0.0159912,0.0249023
5,301,-0.0198975,0.00354004
5,302,0.00170898,-0.0126953
5,303,0.0126953,-0.0109863
5,304,0.0180664,-0.00927734
5,305,0.0213623,-0.00219727
5,306,0.0247803,0.0147705
5,307,0.00549316,0.0183105
5,308,0.0288086,-0.0246582
5,309,0.00500488,-0.0270996
5,310,-0.0163574,-0.019043
5,311,-0.022583,-0.0126953
5,312,-0.0222168,-0.00793457
5,313,-0.0252686,0.000244141
5,314,-0.0150146,0.0177002
5,315,-0.00183105,0.0323486
5,316,0.0418701,0.0206299
5,317,0.0285645,0.0144043
5,318,0.00170898,0.00683594
5,319,-0.00720215,0.00439453
5,320,-0.0125732,0.00500488
5,321,-0.0155029,0.00500488
5,322,-0.0244141,0.00805664
5,323,-0.0219727,0.00158691
5,324,-0.020874,-0.00427246
5,325,-0.020874,0.0184326
5,326,-0.0180664,0.036377
5,327,-0.0147705,0.0401611
5,328,-0.0126953,0.0413818
5,329,-0.00756836,0.041626
5,330,0.0114746,0.0343018
5,331,0.0279541,0.0192871
5,332,-0.0151367,-0.00537109
5,333,-0.00964355,-0.00280762
5,334,-0.0196533,-0.0020752
5,335,-0.0170898,-0.000366211
5,336,-0.0152588,0.000610352
5,337,-0.0140381,0.00390625
5,338,-0.00646973,0.0137939
5,339,0.00317383,0.0201416
5,340,-0.020752,0.0321045
5,341,-0.0269775,0.00134277
5,342,0.00292969,-0.0224609
5,343,0.0183105,-0.0196533
5,344,0.026001,-0.0172119
5,345,0.0305176,-0.00610352
5,346,0.034668,0.019165
5,347,0.0065918,0.0263672
5,348,0.0216064,-0.0167236
5,349,0.0012207,-0.024292
5,350,-0.00756836,-0.0238037
5,351,-0.010376,-0.0201416
5,352,-0.0179443,-0.0167236
5,353,-0.0219727,0.00195312
5,354,-0.0213623,0.0206299
5,355,0.0192871,0.0393066
5,356,0.0137939,0.0286865
5,357,-0.000610352,0.00830078
5,358,-0.00634766,0.000366211
5,359,-0.0107422,-0.00244141
5,360,-0.0137939,-0.00549316
5,361,-0.024292,-0.0118408
5,362,-0.0200195,-0.0158691
5,363,-0.012207,-0.0181885
5,364,-0.0231934,-0.00280762
5,365,-0.0319824,0.0124512
5,366,-0.0330811,0.0172119
5,367,-0.032959,0.0192871
5,368,-0.0307617,0.0219727
5,369,-0.0163574,0.0263672
5,370,0.00476074,0.0252686
5,371,0.00219727,-0.00939941
5,372,-0.00170898,-0.0057373
5,373,-0.00915527,-0.00976562
5,374,-0.0101318,-0.00732422
5,375,-0.010376,-0.00598145
5,376,-0.0125732,-0.00305176
5,377,-0.0146484,0.00732422
5,378,-0.0112305,0.0167236
5,379,-0.0279541,0.00280762
5,380,-0.0108643,-0.0211182
5,381,0.0219727,-0.0170898
5,382,0.02771,-0.00500488
5,383,0.0302734,0.00109863
5,384,0.0236816,0.0118408
5,385,0.00585938,0.0296631
5,386,-0.0196533,0.0162354
5,387,0.0130615,-0.0140381
5,388,0.00756836,-0.0178223
5,389,0.00402832,-0.0169678
5,390,-0.00219727,-0.0184326
5,391,-0.0140381,-0.00939941
5,392,-0.0230713,0.00219727
5,393,-0.00683594,0.0321045
5,394,-0.00488281,0.0240479
5,395,-0.00378418,0.00585938
5,396,-0.00354004,-0.00170898
5,397,-0.00476074,-0.00512695
5,398,-0.00537109,-0.00866699
5,399,-0.00891113,-0.0177002
5,400,-0.00500488,-0.0187988
5,401,0.000976562,-0.0164795
5,402,-0.0126953,-0.0119629
5,403,-0.0247803,-0.00708008
5,404,-0.0274658,-0.00512695
5,405,-0.0284424,-0.00390625
5,406,-0.0281982,-0.00183105
5,407,-0.0213623,0.00671387
5,408,-0.00854492,0.0161133
5,409,0.00634766,-0.00378418
5,410,0.00183105,-0.00366211
5,411,-0.00109863,-0.00891113
5,412,-0.00305176,-0.00805664
5,413,-0.00402832,-0.00732422
5,414,-0.00683594,-0.00683594
5,415,-0.0133057,-0.00183105
5,416,-0.0155029,0.00524902
5,417,-0.0174561,-0.0106201
5,418,0.00427246,-0.0172119
5,419,0.0220947,-0.000610352
5,420,0.0196533,0.00891113
5,421,0.0183105,0.0135498
5,422,0.00915527,0.0167236
5,423,-0.0100098,0.0185547
5,424,-0.0195312,-0.000976562
5,425,0.0179443,-0.00598145
5,426,0.0150146,-0.0078125
5,427,0.0123291,-0.0128174
5,428,-0.00183105,-0.0152588
5,429,-0.0158691,-0.0140381
5,430,-0.0264893,0.0145264
5,431,-0.0189209,0.0106201
5,432,-0.00476074,0.000488281
5,433,0.000366211,-0.00366211
5,434,0.00231934,-0.0065918
5,435,0.00415039,-0.00891113
5,436,0.00805664,-0.0166016
5,437,0.0100098,-0.0142822
5,438,0.0118408,-0.00915527
5,439,0.000854492,-0.0150146
5,440,-0.0100098,-0.0203857
5,441,-0.0130615,-0.0213623
5,442,-0.0145264,-0.0213623
5,443,-0.0159912,-0.0203857
5,444,-0.0177002,-0.0117188
5,445,-0.0162354,0.00244141
5,446,0.0065918,0.00341797
5,447,0.00366211,-0.000366211
5,448,0.0057373,-0.0045166
5,449,0.00378418,-0.00549316
5,450,0.00268555,-0.0057373
5,451,0.000366211,-0.00744629
5,452,-0.00708008,-0.0090332
5,453,-0.0134277,-0.0065918
5,454,-0.0020752,-0.0174561
5,455,0.015625,-0.0065918
5,456,0.0144043,0.0145264
5,457,0.00598145,0.0180664
5,458,0.00195312,0.0196533
5,459,-0.00598145,0.0151367
5,460,-0.0189209,0.00244141
5,461,-0.0112305,-0.0152588
5,462,0.0175781,-0.00268555
5,463,0.0168457,-0.00842285
5,464,0.00390625,-0.0153809
5,465,-0.0100098,-0.0187988
5,466,-0.0306396,0.00488281
5,467,-0.0222168,0.00305176
5,468,-0.00500488,-0.00219727
5,469,0.00170898,-0.00427246
5,470,0.00463867,-0.0065918
5,471,0.00732422,-0.00793457
5,472,0.0140381,-0.0137939
5,473,0.0151367,-0.010376
5,474,0.0147705,-0.00476074
5,475,0.00646973,-0.0140381
5,476,-0.00219727,-0.0227051
5,477,-0.00500488,-0.0246582
5,478,-0.00634766,-0.0251465
5,479,-0.00842285,-0.0247803
5,480,-0.0135498,-0.0174561
5,481,-0.0170898,-0.00354004
5,482,0.00549316,0.00634766
5,483,0.00390625,0.0012207
5,484,0.00769043,-0.00219727
5,485,0.00610352,-0.00378418
5,486,0.00512695,-0.00439453
5,487,0.00354004,-0.00683594
5,488,-0.0032959,-0.0108643
5,489,-0.010376,-0.0107422
5,490,0.00476074,-0.0178223
5,491,0.0180664,-0.000854492
5,492,0.00891113,0.019043
5,493,-0.000732422,0.0195312
5,494,-0.00537109,0.0195312
5,495,-0.0115967,0.0123291
5,496,-0.0196533,-0.00476074
5,497,-0.0057373,-0.019043
5,498,0.0163574,-0.00537109
5,499,0.00585938,-0.0133057
5,500,-0.00598145,-0.0183105
5,501,-0.0283203,0
5,502,-0.0205078,-0.000732422
5,503,-0.00415039,-0.0032959
5,504,0.0020752,-0.00415039
5,505,0.00512695,-0.00585938
5,506,0.0078125,-0.0065918
5,507,0.0147705,-0.0108643
5,508,0.0152588,-0.00732422
5,509,0.0141602,-0.00231934
5,510,0.00817871,-0.0118408
5,511,0.00158691,-0.0206299
5,512,-0.000732422,-0.0227051
5,513,-0.00195312,-0.0234375
5,514,-0.00402832,-0.0233154
5,515,-0.0101318,-0.0175781
5,516,-0.0152588,-0.00585938
5,517,0.00439453,0.00683594
5,518,0.00341797,0.00170898
5,519,0.00756836,-0.000732422
5,520,0.00634766,-0.00244141
5,521,0.00561523,-0.00317383
5,522,0.0045166,-0.00549316
5,523,-0.00109863,-0.0101318
5,524,-0.00744629,-0.0109863
5,525,0.00732422,-0.015625
5,526,0.0168457,0.00158691
5,527,0.00524902,0.0184326
5,528,-0.00366211,0.0174561
5,529,-0.00793457,0.0167236
5,530,-0.0124512,0.00939941
5,531,-0.0174561,-0.00720215
5,532,-0.00256348,-0.0180664
5,533,0.0112305,-0.0114746
5,534,0.0012207,-0.0205078
5,535,-0.0284424,-0.0098877
5,536,-0.020874,-0.00842285
5,537,-0.00378418,-0.00585938
5,538,0.00317383,-0.00439453
5,539,0.00683594,-0.00524902
5,540,0.0100098,-0.00488281
5,541,0.019165,-0.00671387
5,542,0.0186768,-0.00231934
5,543,0.0155029,0.00280762
5,544,0.0133057,-0.00878906
5,545,0.00976562,-0.0198975
5,546,0.00805664,-0.0228271
5,547,0.00695801,-0.0239258
5,548,0.00476074,-0.0246582
5,549,-0.00390625,-0.0213623
5,550,-0.0134277,-0.0117188
5,551,0.00256348,0.00976562
5,552,0.00305176,0.00341797
5,553,0.00830078,0.00219727
5,554,0.0078125,0
5,555,0.00720215,-0.00109863
5,556,0.00695801,-0.00390625
5,557,0.00305176,-0.0106201
5,558,-0.00305176,-0.0137939
5,559,0.013916,-0.0133057
5,560,0.017334,0.00793457
5,561,-0.00109863,0.020874
5,562,-0.0101318,0.0166016
5,563,-0.0142822,0.0142822
5,564,-0.0163574,0.00500488
5,565,-0.0155029,-0.0140381
5,566,0.00402832,-0.0198975
5,567,0.0164795,-0.0119629
5,568,-0.00939941,-0.0245361
5,569,-0.00793457,-0.019165
5,570,-0.00134277,-0.00708008
5,571,0.00219727,-0.00170898
5,572,0.0045166,-0.00012207
5,573,0.00683594,0.00219727
5,574,0.0145264,0.00646973
5,575,0.0131836,0.00939941
5,576,0.00817871,0.0114746
5,577,0.015625,0.00292969
5,578,0.0212402,-0.00537109
5,579,0.0218506,-0.00805664
5,580,0.0217285,-0.00939941
5,581,0.0202637,-0.0109863
5,582,0.0109863,-0.0151367
5,583,-0.00183105,-0.0167236
5,584,-0.00170898,0.00939941
5,585,0.000610352,0.0045166
5,586,0.00524902,0.00646973
5,587,0.00610352,0.00439453
5,588,0.00646973,0.0032959
5,589,0.00805664,0.00134277
5,590,0.0101318,-0.00512695
5,591,0.00854492,-0.0108643
5,592,0.0187988,-0.000610352
5,593,0.00671387,0.0152588
5,594,-0.0142822,0.0118408
5,595,-0.0175781,0.00354004
5,596,-0.019043,-0.000488281
5,597,-0.0144043,-0.00769043
5,598,-0.00183105,-0.0192871
5,599,0.0150146,-0.0107422
5,600,0.0129395,-0.0345459
5,601,0.00756836,-0.026123
5,602,0.00183105,-0.0065918
5,603,0.000976562,0.00146484
5,604,0.00158691,0.00512695
5,605,0.00244141,0.00878906
5,606,0.00708008,0.0180664
5,607,0.00512695,0.019043
5,608,-0.000244141,0.0184326
5,609,0.0159912,0.0146484
5,610,0.029541,0.0106201
5,611,0.0319824,0.00854492
5,612,0.0327148,0.00720215
5,613,0.0318604,0.0045166
5,614,0.0229492,-0.00720215
5,615,0.0098877,-0.0197754
5,616,-0.00476074,0.00830078
5,617,-0.00146484,0.00524902
5,618,0.00183105,0.0101318
5,619,0.00378418,0.00866699
5,620,0.00476074,0.00769043
5,621,0.00793457,0.00708008
5,622,0.0155029,0.0020752
5,623,0.0192871,-0.00512695
5,624,0.0214844,0.012085
5,625,-0.0045166,0.019165
5,626,-0.0251465,-0.000488281
5,627,-0.0224609,-0.0113525
5,628,-0.020874,-0.0166016
5,629,-0.010498,-0.0201416
5,630,0.0111084,-0.0220947
5,631,0.0223389,0
5,632,0.0410156,0.00610352
5,633,0.00415039,0.0161133
5,634,-0.00817871,0.0159912
5,635,-0.0150146,0.0205078
5,636,-0.0192871,0.0194092
5,637,-0.0322266,0.0236816
5,638,-0.0319824,0.0118408
5,639,-0.0296631,0.00634766
5,640,-0.0150146,0.0272217
5,641,0.00134277,0.043335
5,642,0.00695801,0.0461426
5,643,0.00964355,0.0467529
5,644,0.0141602,0.0454102
5,645,0.0247803,0.03125
5,646,0.0322266,0.00842285
5,647,-0.00366211,-0.00744629
5,648,-0.0057373,-0.0012207
5,649,-0.0155029,0.00317383
5,650,-0.0141602,0.00512695
5,651,-0.0130615,0.00598145
5,652,-0.0117188,0.00952148
5,653,-0.00158691,0.0183105
5,654,0.012085,0.0211182
5,655,-0.0098877,0.034668
5,656,-0.0291748,0.00109863
5,657,-0.00830078,-0.0362549
5,658,0.00830078,-0.0371094
5,659,0.0167236,-0.0373535
5,660,0.0253906,-0.0241699
5,661,0.0358887,0.00415039
5,662,0.00646973,0.0251465
5,663,0.0205078,0.010376
5,664,0.00915527,0.0119629
5,665,0.00671387,0.0159912
5,666,-0.00012207,0.0159912
5,667,-0.0137939,0.0219727
5,668,-0.0223389,0.0146484
5,669,-0.0186768,0.00854492
5,670,-0.00842285,0.0211182
5,671,-0.00012207,0.0292969
5,672,0.00280762,0.0300293
5,673,0.00439453,0.0299072
5,674,0.00720215,0.0275879
5,675,0.0167236,0.0169678
5,676,0.0251465,0.00292969
5,677,-0.00842285,-0.00817871
5,678,-0.00610352,-0.000976562
5,679,-0.0141602,0.00634766
5,680,-0.0128174,0.00866699
5,681,-0.0117188,0.00964355
5,682,-0.0107422,0.0133057
5,683,-0.00195312,0.019043
5,684,0.0090332,0.0183105
5,685,-0.00231934,0.0253906
5,686,-0.019043,0.00305176
5,687,-0.00842285,-0.0249023
5,688,0.00231934,-0.0266113
5,689,0.00769043,-0.0274658
5,690,0.0145264,-0.0185547
5,691,0.0222168,0.00183105
5,692,0.0012207,0.0213623
5,693,0.0284424,0.00390625
5,694,0.0327148,0.0065918
5,695,0.0247803,0.00805664
5,696,0.0153809,0.0146484
5,697,-0.00244141,0.0152588
5,698,0.000976562,0.0107422
5,699,0.00488281,0.00854492
5,700,0.00256348,0.00341797
5,701,0.00146484,0.000732422
5,702,0.00109863,-0.000488281
5,703,0.000732422,-0.00354004
5,704,0.0045166,-0.00830078
5,705,0.00939941,-0.00805664
5,706,-0.0114746,-0.00402832
5,707,-0.0045166,0.000732422
5,708,-0.00793457,0.0101318
5,709,-0.00695801,0.0118408
5,710,-0.00610352,0.0123291
5,711,-0.0057373,0.0146484
5,712,-0.000610352,0.0140381
5,713,0.00390625,0.00817871
5,714,0.012207,0.00708008
5,715,0.00146484,0.00732422
5,716,-0.00769043,-0.00244141
5,717,-0.00793457,-0.00634766
5,718,-0.00805664,-0.00842285
5,719,-0.00512695,-0.00866699
5,720,-0.00134277,-0.00622559
5,721,-0.00402832,0.00756836
5,722,0.0308838,0.00146484
5,723,0.0252686,0.00317383
5,724,0.0206299,0.00854492
5,725,0.00537109,0.0117188
5,726,0.00708008,0.00927734
5,727,0.00866699,0.00317383
5,728,0.00439453,-0.00476074
5,729,0.00256348,-0.00793457
5,730,0.00170898,-0.00927734
5,731,0.000610352,-0.0119629
5,732,0.00109863,-0.0144043
5,733,0.00268555,-0.010376
5,734,-0.00976562,-0.000244141
5,735,-0.00292969,0.00158691
5,736,-0.00366211,0.00915527
5,737,-0.00280762,0.0098877
5,738,-0.00231934,0.0100098
5,739,-0.00195312,0.0111084
5,740,0.000854492,0.00817871
5,741,0.00219727,0.00219727
5,742,0.0147705,0.000610352
5,743,0.00756836,0.00842285
5,744,-0.00622559,0.00598145
5,745,-0.00976562,0.00158691
5,746,-0.0115967,-0.000732422
5,747,-0.0101318,-0.00415039
5,748,-0.00708008,-0.00866699
5,749,-0.00231934,0.000244141
5,750,0.0316162,0.00231934
5,751,0.0280762,0.00854492
5,752,0.0100098,0.0134277
5,753,0.0111084,0.0112305
5,754,0.0126953,0.0020752
5,755,0.00671387,-0.0090332
5,756,0.00427246,-0.0131836
5,757,0.00305176,-0.0150146
5,758,0.00134277,-0.0181885
5,759,0.000488281,-0.0205078
5,760,0.000732422,-0.0142822
5,761,-0.0115967,0.00146484
5,762,-0.00305176,0.00244141
5,763,-0.00280762,0.0111084
5,764,-0.00183105,0.0115967
5,765,-0.0012207,0.0114746
5,766,-0.000732422,0.0123291
5,767,0.00195312,0.0078125
5,768,0.00244141,0.000244141
5,769,0.0197754,-0.00158691
5,770,0.0118408,0.0113525
5,771,-0.00769043,0.0107422
5,772,-0.0134277,0.00500488
5,773,-0.0161133,0.00195312
5,774,-0.0147705,-0.00378418
5,775,-0.0109863,-0.012207
5,776,-0.00170898,-0.00280762
5,777,0.0281982,0.00512695
5,778,0.0137939,0.0107422
5,779,0.0133057,0.0100098
5,780,0.0140381,0.00012207
5,781,0.00842285,-0.0113525
5,782,0.00610352,-0.0155029
5,783,0.00488281,-0.017334
5,784,0.00292969,-0.0201416
5,785,0.000488281,-0.0218506
5,786,-0.00183105,-0.0150146
5,787,-0.0101318,0.0045166
5,788,-0.00219727,0.00317383
5,789,-0.000366211,0.0100098
5,790,0.000488281,0.00964355
5,791,0.000976562,0.00927734
5,792,0.00170898,0.00915527
5,793,0.0032959,0.00354004
5,794,0.0020752,-0.00341797
5,795,0.0201416,-0.0032959
5,796,0.0135498,0.0126953
5,797,-0.00708008,0.0145264
5,798,-0.0136719,0.00830078
5,799,-0.0167236,0.00512695
5,800,-0.015625,-0.0020752
5,801,-0.0111084,-0.0137939
5,802,0.00170898,-0.00708008
5,803,0.0264893,0.00891113
5,804,0.0222168,0.0114746
5,805,0.0223389,-0.00231934
5,806,0.0159912,-0.0178223
5,807,0.0131836,-0.0233154
5,808,0.0115967,-0.0256348
5,809,0.00866699,-0.0290527
5,810,0.0020752,-0.0314941
5,811,-0.00622559,-0.0222168
5,812,-0.0111084,0.0136719
5,813,-0.00146484,0.00622559
5,814,0.00427246,0.0114746
5,815,0.00561523,0.00915527
5,816,0.00622559,0.0078125
5,817,0.00756836,0.00561523
5,818,0.00805664,-0.00378418
5,819,0.00354004,-0.0117188
5,820,0.0279541,-0.0057373
5,821,0.0205078,0.020752
5,822,-0.00952148,0.0266113
5,823,-0.019165,0.0168457
5,824,-0.0236816,0.012085
5,825,-0.0220947,-0.000488281
5,826,-0.0130615,-0.0222168
5,827,0.0118408,-0.0177002
5,828,0.0220947,0.00463867
5,829,0.0184326,-0.00671387
5,830,0.0117188,-0.0183105
5,831,0.0090332,-0.0219727
5,832,0.00756836,-0.0235596
5,833,0.00476074,-0.0252686
5,834,-0.00256348,-0.0249023
5,835,-0.0108643,-0.0159912
5,836,-0.00512695,0.0146484
5,837,0.000732422,0.00524902
5,838,0.00793457,0.00524902
5,839,0.00878906,0.00244141
5,840,0.00891113,0.000976562
5,841,0.0100098,-0.00195312
5,842,0.00805664,-0.0100098
5,843,0.00158691,-0.0142822
5,844,0.0185547,-0.00952148
5,845,0.0175781,0.0145264
5,846,-0.00488281,0.026001
5,847,-0.0135498,0.0197754
5,848,-0.0177002,0.0168457
5,849,-0.0179443,0.00549316
5,850,-0.0119629,-0.0151367
5,851,0.0129395,-0.0185547
5,852,0.0172119,-0.0109863
5,853,0.0065918,-0.0216064
5,854,0.00231934,-0.0247803
5,855,0.000366211,-0.026001
5,856,-0.00305176,-0.0272217
5,857,-0.0098877,-0.0246582
5,858,-0.0137939,-0.0134277
5,859,0.0012207,0.0109863
5,860,0.00268555,0.00378418
5,861,0.00830078,0.0032959
5,862,0.00769043,0.00109863
5,863,0.00732422,0
5,864,0.00732422,-0.00231934
5,865,0.00390625,-0.00878906
5,866,-0.00158691,-0.012085
5,867,0.0153809,-0.0150146
5,868,0.0198975,0.00695801
5,869,0.00158691,0.0234375
5,870,-0.00842285,0.0205078
5,871,-0.0130615,0.0189209
5,872,-0.0164795,0.00939941
5,873,-0.0175781,-0.0100098
5,874,0.0032959,-0.0186768
5,875,0.026123,-0.0117188
5,876,0.0238037,-0.0162354
5,877,0.0223389,-0.0183105
5,878,0.0184326,-0.0218506
5,879,0.00585938,-0.0286865
5,880,-0.00549316,-0.0263672
5,881,0.00231934,0.0151367
5,882,0.00292969,0.00732422
5,883,0.00939941,0.0112305
5,884,0.00915527,0.00854492
5,885,0.0090332,0.00695801
5,886,0.0101318,0.0045166
5,887,0.0111084,-0.00415039
5,888,0.00915527,-0.0114746
5,889,0.0311279,-0.00610352
5,890,0.0194092,0.0161133
5,891,-0.0109863,0.0168457
5,892,-0.0194092,0.00720215
5,893,-0.0230713,0.00219727
5,894,-0.020874,-0.00793457
5,895,-0.0111084,-0.0273438
5,896,0.0109863,-0.0209961
5,897,0.041748,-0.00488281
5,898,0.041748,-0.00732422
5,899,0.0394287,-0.0117188
5,900,0.0244141,-0.0241699
5,901,0.00463867,-0.0307617
5,902,0.00158691,0.0134277
5,903,0.00195312,0.00817871
5,904,0.00769043,0.0142822
5,905,0.00842285,0.0114746
5,906,0.00854492,0.00976562
5,907,0.0109863,0.00744629
5,908,0.0161133,-0.00158691
5,909,0.0174561,-0.0109863
5,910,0.0349121,0.00549316
5,911,0.00952148,0.0229492
5,912,-0.0240479,0.00756836
5,913,-0.0275879,-0.0065918
5,914,-0.0288086,-0.013916
5,915,-0.0201416,-0.0224609
5,916,0.000854492,-0.036499
5,917,0.0206299,-0.0162354
5,918,0.0457764,-0.00256348
5,919,0.0447998,-0.00708008
5,920,0.03125,-0.0203857
5,921,0.00964355,-0.0294189
5,922,-0.000976562,0.0115967
5,923,0.000488281,0.0078125
5,924,0.00500488,0.0142822
5,925,0.00622559,0.0115967
5,926,0.00671387,0.0100098
5,927,0.00952148,0.00793457
5,928,0.0162354,-0.000732422
5,929,0.0187988,-0.0100098
5,930,0.0328369,0.0117188
5,931,0.00390625,0.0258789
5,932,-0.02771,0.00463867
5,933,-0.0284424,-0.0107422
5,934,-0.0281982,-0.0184326
5,935,-0.0174561,-0.026001
5,936,0.00744629,-0.0368652
5,937,0.0249023,-0.0126953
5,938,0.0467529,-0.00463867
5,939,0.0344238,-0.0180664
5,940,0.0123291,-0.0281982
5,941,-0.00231934,0.010498
5,942,-0.000366211,0.00744629
5,943,0.00341797,0.0141602
5,944,0.00488281,0.0115967
5,945,0.00549316,0.0100098
5,946,0.00854492,0.00805664
5,947,0.0159912,-0.000244141
5,948,0.0192871,-0.00927734
5,949,0.0311279,0.0147705
5,950,0.000854492,0.0269775
5,951,-0.0290527,0.00305176
5,952,-0.0283203,-0.0125732
5,953,-0.0273438,-0.0203857
5,954,-0.015625,-0.0272217
5,955,0.0107422,-0.0362549
5,956,0.0267334,-0.0106201
5,957,0.0391846,-0.0135498
5,958,0.0174561,-0.0247803
5,959,-0.00598145,0.00842285
5,960,-0.00231934,0.00671387
5,961,-0.000610352,0.0134277
5,962,0.00134277,0.0111084
5,963,0.00219727,0.00976562
5,964,0.00549316,0.00793457
5,965,0.0141602,0.000854492
5,966,0.0186768,-0.00732422
5,967,0.0268555,0.020874
5,968,-0.00439453,0.0289307
5,969,-0.0296631,0.000854492
5,970,-0.0262451,-0.0148926
5,971,-0.0239258,-0.0227051
5,972,-0.0111084,-0.0283203
5,973,0.0172119,-0.0339355
5,974,0.029541,-0.00671387
5,975,0.0307617,-0.0125732
5,976,-0.017334,0.00427246
5,977,-0.00854492,0.00476074
5,978,-0.0129395,0.012085
5,979,-0.00964355,0.0106201
5,980,-0.0078125,0.00964355
5,981,-0.00427246,0.00927734
5,982,0.00671387,0.00634766
5,983,0.0144043,0.00170898
5,984,0.0131836,0.0360107
5,985,-0.015625,0.0306396
5,986,-0.0239258,-0.00488281
5,987,-0.0142822,-0.0187988
5,988,-0.00866699,-0.0250244
5,989,0.00476074,-0.0264893
5,990,0.032959,-0.0219727
5,991,0.0322266,0.00500488
5,992,-0.019165,0.00134277
5,993,-0.0102539,0.00244141
5,994,-0.0180664,0.00891113
5,995,-0.0150146,0.00878906
5,996,-0.0130615,0.00866699
5,997,-0.0106201,0.0100098
5,998,-0.000610352,0.0123291
5,999,0.00854492,0.0119629
5,1000,0.000610352,0.0366211
5,1001,-0.0184326,0.0198975
5,1002,-0.010498,-0.012085
5,1003,0.00134277,-0.0194092
5,1004,0.0078125,-0.0223389
5,1005,0.0169678,-0.0186768
5,1006,0.034668,-0.00549316
5,1007,0.020874,0.0140381
5,1008,0.0108643,-0.000366211
5,1009,0.0141602,-0.00439453
5,1010,0.0098877,-0.0045166
5,1011,0.00756836,-0.0045166
5,1012,0.00476074,-0.00537109
5,1013,-0.00219727,-0.00561523
5,1014,-0.00512695,-0.00402832
5,1015,0.000610352,-0.0253906
5,1016,0.0144043,-0.0217285
5,1017,0.0131836,-0.00476074
5,1018,0.0057373,0.00183105
5,1019,0.00195312,0.00402832
5,1020,-0.00610352,0.00524902
5,1021,-0.0224609,0.00012207
5,1022,-0.0214844,-0.0125732
5,1023,0.0078125,-0.00158691
5,1024,0.00610352,-0.00170898
5,1025,0.00512695,-0.00170898
5,1026,0.00415039,-0.00231934
5,1027,0.000610352,-0.00317383
5,1028,-0.00170898,-0.00317383
5,1029,0.00183105,-0.0124512
5,1030,0.00708008,-0.00842285
5,1031,0.00366211,0.00012207
5,1032,-0.000366211,0.00244141
5,1033,-0.00244141,0.00305176
5,1034,-0.00561523,0.00256348
5,1035,-0.0117188,-0.00134277
5,1036,-0.00817871,-0.00634766
5,1037,0.0142822,-0.000732422
5,1038,0.0129395,-0.00109863
5,1039,0.012207,-0.00244141
5,1040,0.00671387,-0.00585938
5,1041,0.000976562,-0.00756836
5,1042,0.00744629,-0.0209961
5,1043,0.0125732,-0.00964355
5,1044,0.000976562,0.00427246
5,1045,-0.00634766,0.00610352
5,1046,-0.0102539,0.00634766
5,1047,-0.0137939,0.00354004
5,1048,-0.0192871,-0.00561523
5,1049,-0.00695801,-0.0108643
5,1050,0.0123291,-0.000366211
5,1051,0.012207,-0.00158691
5,1052,0.00805664,-0.00512695
5,1053,0.00268555,-0.00732422
5,1054,0.00732422,-0.0170898
5,1055,0.00964355,-0.00622559
5,1056,-0.0020752,0.00476074
5,1057,-0.00793457,0.00549316
5,1058,-0.0112305,0.00537109
5,1059,-0.0130615,0.00244141
5,1060,-0.0153809,-0.00549316
5,1061,-0.00268555,-0.00830078
5,1062,0.0118408,-0.0012207
5,1063,0.00842285,-0.00463867
5,1064,0.00354004,-0.00683594
5,1065,0.00720215,-0.0146484
5,1066,0.00805664,-0.00427246
5,1067,-0.00341797,0.00488281
5,1068,-0.00854492,0.00500488
5,1069,-0.0113525,0.00476074
5,1070,-0.0123291,0.00183105
5,1071,-0.0130615,-0.00549316
5,1072,-0.000610352,-0.00683594
5,1073,0.0106201,-0.00402832
5,1074,0.00610352,-0.00720215
5,1075,0.00866699,-0.0117188
5,1076,0.00610352,-0.000976562
5,1077,-0.00683594,0.00537109
5,1078,-0.0109863,0.00415039
5,1079,-0.0133057,0.0032959
5,1080,-0.0125732,0.00012207
5,1081,-0.00976562,-0.0065918
5,1082,0.00390625,-0.00500488
5,1083,0.0118408,-0.00488281
5,1084,0.0119629,-0.000488281
5,1085,-0.00012207,0.00732422
5,1086,-0.0144043,0.00268555
5,1087,-0.0148926,-0.0020752
5,1088,-0.0151367,-0.00427246
5,1089,-0.0102539,-0.00708008
5,1090,0.000732422,-0.0100098
5,1091,0.012207,0.000488281
5,1092,0.0124512,0.00964355
5,1093,-0.00598145,0.0107422
5,1094,-0.0174561,-0.00415039
5,1095,-0.0142822,-0.0102539
5,1096,-0.0125732,-0.0131836
5,1097,-0.00524902,-0.0137939
5,1098,0.00939941,-0.0111084
5,1099,0.0145264,0.00549316
5,1100,0.0280762,0.0244141
5,1101,-0.0114746,0.0162354
5,1102,-0.0216064,0.00146484
5,1103,-0.0255127,-0.00634766
5,1104,-0.0222168,-0.0186768
5,1105,-0.00854492,-0.0423584
5,1106,0.0135498,-0.0286865
5,1107,0.0167236,0.0206299
5,1108,0.00012207,0.0180664
5,1109,-0.00708008,0.0159912
5,1110,-0.0164795,0.00549316
5,1111,-0.027832,-0.0211182
5,1112,-0.0107422,-0.0341797
5,1113,0.0284424,0.0101318
5,1114,0.026123,0.0145264
5,1115,0.0126953,0.0168457
5,1116,-0.012085,0.0141602
5,1117,-0.0233154,-0.0098877
5,1118,0.0317383,0.00476074
5,1119,0.0227051,0.0118408
5,1120,0.00415039,0.020874
5,1121,-0.0164795,0.00390625
5,1122,0.0280762,0.00891113
5,1123,0.0126953,0.0230713
5,1124,-0.0124512,0.00964355
5,1125,0.0238037,0.0175781
5,1126,-0.000244141,0.015625
5,1127,0.0290527,0.019043
6,0,0.03479,0.024292
6,1,0.00830078,0.0397949
6,2,-0.00183105,0.0389404
6,3,0.00756836,-0.0391846
6,4,0.00720215,-0.0174561
6,5,-0.0227051,0.0172119
6,6,-0.0310059,-0.00549316
6,7,-0.0352783,-0.00231934
6,8,-0.0181885,0.0223389
6,9,0.0032959,0.034668
6,10,0.0128174,0.0343018
6,11,0.0148926,0.029541
6,12,0.0233154,0.0255127
6,13,0.0256348,-0.00109863
6,14,0.0251465,-0.0297852
6,15,-0.00683594,-0.0318604
6,16,-0.0328369,-0.0323486
6,17,-0.0534668,-0.0238037
6,18,-0.0441895,-0.0137939
6,19,-0.0501709,-0.0126953
6,20,-0.0379639,-0.00366211
6,21,-0.0245361,0.0157471
6,22,0.00439453,0.0263672
6,23,-0.0107422,0.0192871
6,24,-0.0114746,-0.0106201
6,25,0.0140381,-0.022583
6,26,0.0244141,-0.0183105
6,27,0.0283203,-0.0144043
6,28,0.03125,-0.0032959
6,29,0.0137939,0.0229492
6,30,-0.0244141,0.0169678
6,31,0.0253906,-0.0240479
6,32,0.00915527,-0.00939941
6,33,0.0167236,-0.0196533
6,34,0.0172119,-0.0186768
6,35,0.0170898,-0.0183105
6,36,0.0189209,-0.0205078
6,37,0.0184326,-0.0257568
6,38,0.0102539,-0.0288086
6,39,-0.032959,-0.026123
6,40,-0.034668,-0.0142822
6,41,-0.0332031,0.00244141
6,42,-0.0274658,0.00964355
6,43,-0.0263672,0.0135498
6,44,-0.0180664,0.0162354
6,45,-0.00720215,0.0308838
6,46,0.0109863,0.0384521
6,47,0.0272217,0.0217285
6,48,0.0201416,0.026001
6,49,-0.0163574,-0.0291748
6,50,-0.00476074,-0.0148926
6,51,-0.00585938,0.0229492
6,52,-0.0231934,0.0134277
6,53,-0.0246582,0.0169678
6,54,-0.0012207,0.0239258
6,55,0.0192871,0.0212402
6,56,0.0253906,0.0164795
6,57,0.0244141,0.0125732
6,58,0.027832,0.00610352
6,59,0.0158691,-0.0115967
6,60,0.00158691,-0.0290527
6,61,-0.0198975,-0.0164795
6,62,-0.0361328,-0.0045166
6,63,-0.0455322,0.010498
6,64,-0.0349121,0.0125732
6,65,-0.038208,0.0161133
6,66,-0.0262451,0.0159912
6,67,-0.00817871,0.0219727
6,68,0.0158691,0.0151367
6,69,0.00134277,0.0163574
6,70,-0.0131836,-0.00292969
6,71,-0.00268555,-0.022583
6,72,0.00585938,-0.0247803
6,73,0.0102539,-0.0240479
6,74,0.0172119,-0.0183105
6,75,0.0183105,0.00744629
6,76,-0.00878906,0.0233154
6,77,0.00366211,-0.0273438
6,78,0.00183105,-0.0107422
6,79,0.00268555,-0.0219727
6,80,0.00317383,-0.0216064
6,81,0.00292969,-0.0212402
6,82,0.00256348,-0.0238037
6,83,-0.00146484,-0.0263672
6,84,-0.00805664,-0.0234375
6,85,-0.0325928,-0.000610352
6,86,-0.0300293,0.00744629
6,87,-0.0222168,0.0167236
6,88,-0.0150146,0.0183105
6,89,-0.0123291,0.0202637
6,90,-0.00512695,0.0180664
6,91,0.00927734,0.0220947
6,92,0.0251465,0.0186768
6,93,0.0350342,0.0078125
6,94,-0.0343018,-0.0128174
6,95,-0.0147705,-0.0090332
6,96,0.012207,0.0227051
6,97,-0.00842285,0.0280762
6,98,-0.00744629,0.0306396
6,99,0.015625,0.019043
6,100,0.0299072,0.00292969
6,101,0.03125,-0.00476074
6,102,0.02771,-0.00683594
6,103,0.0256348,-0.0136719
6,104,0.0032959,-0.0183105
6,105,-0.0202637,-0.020752
6,106,-0.0257568,0.0020752
6,107,-0.0305176,0.0222168
6,108,-0.0283203,0.0393066
6,109,-0.019043,0.0333252
6,110,-0.019165,0.0380859
6,111,-0.0100098,0.0296631
6,112,0.0090332,0.0216064
6,113,0.0239258,0.000488281
6,114,0.0142822,0.00976562
6,115,-0.010376,0.00439453
6,116,-0.0175781,-0.0174561
6,117,-0.0133057,-0.0247803
6,118,-0.0098877,-0.0269775
6,119,-0.00134277,-0.0272217
6,120,0.0166016,-0.00756836
6,121,0.00769043,0.024292
6,122,-0.0163574,-0.0229492
6,123,-0.00537109,-0.00915527
6,124,-0.0107422,-0.0187988
6,125,-0.010376,-0.0192871
6,126,-0.010376,-0.019043
6,127,-0.0124512,-0.0213623
6,128,-0.0183105,-0.0209961
6,129,-0.0218506,-0.0131836
6,130,-0.0231934,0.0219727
6,131,-0.0168457,0.0253906
6,132,-0.00549316,0.0266113
6,133,0.000976562,0.0229492
6,134,0.00427246,0.0227051
6,135,0.00830078,0.0163574
6,136,0.022583,0.00976562
6,137,0.0332031,-0.00292969
6,138,-0.0352783,-0.00488281
6,139,-0.0161133,-0.00537109
6,140,0.0172119,0.019043
6,141,-0.000976562,0.0289307
6,142,0.000610352,0.0307617
6,143,0.0197754,0.0142822
6,144,0.0294189,-0.00439453
6,145,0.0288086,-0.012085
6,146,0.0249023,-0.0131836
6,147,0.0212402,-0.019165
6,148,-0.00134277,-0.0181885
6,149,-0.0245361,-0.0147705
6,150,-0.0238037,0.00842285
6,151,-0.0240479,0.0284424
6,152,-0.0183105,0.043457
6,153,-0.0108643,0.0355225
6,154,-0.00976562,0.039917
6,155,-0.00292969,0.0297852
6,156,0.0137939,0.0177002
6,157,0.0235596,-0.00537109
6,158,0.017334,0.00585938
6,159,-0.00769043,0.00622559
6,160,-0.0203857,-0.0128174
6,161,-0.0185547,-0.020752
6,162,-0.0158691,-0.0235596
6,163,-0.00805664,-0.0257568
6,164,0.0133057,-0.0112305
6,165,0.0128174,0.0211182
6,166,-0.020752,-0.0175781
6,167,-0.00720215,-0.00720215
6,168,-0.0142822,-0.0150146
6,169,-0.013916,-0.0157471
6,170,-0.0136719,-0.015625
6,171,-0.0159912,-0.0175781
6,172,-0.0212402,-0.0161133
6,173,-0.0231934,-0.0078125
6,174,-0.0163574,0.0262451
6,175,-0.00927734,0.027832
6,176,0.00170898,0.0266113
6,177,0.00683594,0.0218506
6,178,0.00976562,0.020874
6,179,0.0119629,0.013916
6,180,0.0240479,0.00439453
6,181,0.0314941,-0.0101318
6,182,0.0169678,0.00317383
6,183,-0.0206299,-0.0170898
6,184,-0.00366211,-0.0297852
6,185,-0.00561523,-0.03125
6,186,-0.0224609,-0.0115967
6,187,-0.0294189,0.00878906
6,188,-0.0275879,0.0164795
6,189,-0.0234375,0.0169678
6,190,-0.0186768,0.0224609
6,191,0.00415039,0.0181885
6,192,0.0272217,0.0112305
6,193,0.022583,-0.0124512
6,194,0.0201416,-0.0325928
6,195,0.012207,-0.0467529
6,196,0.00585938,-0.0374756
6,197,0.00415039,-0.041748
6,198,-0.00146484,-0.0303955
6,199,-0.0167236,-0.0157471
6,200,-0.0235596,0.00891113
6,201,-0.0192871,-0.00354004
6,202,0.00610352,-0.00744629
6,203,0.0223389,0.0100098
6,204,0.0217285,0.0183105
6,205,0.0196533,0.0216064
6,206,0.012085,0.0250244
6,207,-0.0117188,0.0134277
6,208,-0.0162354,-0.0196533
6,209,0.0235596,0.0144043
6,210,0.00830078,0.00598145
6,211,0.0164795,0.0126953
6,212,0.0161133,0.0136719
6,213,0.0158691,0.0135498
6,214,0.0183105,0.0152588
6,215,0.0234375,0.0133057
6,216,0.024292,0.0045166
6,217,0.0123291,-0.0291748
6,218,0.00476074,-0.0299072
6,219,-0.00622559,-0.0270996
6,220,-0.0106201,-0.0213623
6,221,-0.0134277,-0.0200195
6,222,-0.0145264,-0.0125732
6,223,-0.0252686,-0.0012207
6,224,-0.0308838,0.0146484
6,225,-0.0115967,-0.00622559
6,226,-0.00500488,-0.0137939
6,227,-0.00610352,-0.0141602
6,228,-0.012085,-0.00317383
6,229,-0.0131836,0.00708008
6,230,-0.0115967,0.010498
6,231,-0.00952148,0.010376
6,232,-0.00671387,0.0124512
6,233,0.00366211,0.00817871
6,234,0.013916,0.00268555
6,235,0.00939941,-0.00805664
6,236,0.0065918,-0.0172119
6,237,0.00158691,-0.0229492
6,238,-0.000610352,-0.0179443
6,239,-0.00183105,-0.0197754
6,240,-0.00341797,-0.013916
6,241,-0.00952148,-0.00537109
6,242,-0.0106201,0.00671387
6,243,-0.0102539,0.000244141
6,244,0.00158691,-0.00402832
6,245,0.0113525,0.00268555
6,246,0.012085,0.0065918
6,247,0.0113525,0.00830078
6,248,0.00830078,0.010498
6,249,-0.00402832,0.00732422
6,250,-0.00964355,-0.00769043
6,251,0.0124512,0.00439453
6,252,0.0045166,0.00183105
6,253,0.0090332,0.00427246
6,254,0.00878906,0.00488281
6,255,0.00854492,0.00488281
6,256,0.00976562,0.00549316
6,257,0.0117188,0.00427246
6,258,0.0115967,0.00012207
6,259,0.00305176,-0.0148926
6,260,-0.000854492,-0.0146484
6,261,-0.00585938,-0.0124512
6,262,-0.00732422,-0.00952148
6,263,-0.00854492,-0.00854492
6,264,-0.00817871,-0.00488281
6,265,-0.0123291,0.00158691
6,266,-0.0136719,0.00964355
6,267,0.0201416,0.0155029
6,268,0.0222168,0.0146484
6,269,0.0209961,-0.00561523
6,270,0.0134277,-0.0212402
6,271,0.00805664,-0.0247803
6,272,0.00512695,-0.0229492
6,273,-0.000610352,-0.0238037
6,274,-0.0118408,-0.00927734
6,275,-0.0218506,0.00646973
6,276,-0.00610352,0.0187988
6,277,0.00354004,0.0288086
6,278,0.0141602,0.0319824
6,279,0.0136719,0.0233154
6,280,0.0166016,0.0246582
6,281,0.0148926,0.0151367
6,282,0.0178223,-0.00158691
6,283,0.0109863,-0.0187988
6,284,0.0169678,-0.00817871
6,285,0.00256348,0.0065918
6,286,-0.0178223,0.00500488
6,287,-0.022583,0.000244141
6,288,-0.0233154,-0.00256348
6,289,-0.0209961,-0.00793457
6,290,-0.0012207,-0.0129395
6,291,0.0198975,0.00317383
6,292,-0.0206299,0.00427246
6,293,-0.00842285,0.00109863
6,294,-0.0166016,0.00134277
6,295,-0.0162354,0.00012207
6,296,-0.0157471,-0.00012207
6,297,-0.017334,-0.000488281
6,298,-0.0181885,0.0020752
6,299,-0.0148926,0.00756836
6,300,0.00744629,0.0219727
6,301,0.0136719,0.0196533
6,302,0.019165,0.0142822
6,303,0.0186768,0.00915527
6,304,0.0195312,0.00720215
6,305,0.0158691,0.00195312
6,306,0.0166016,-0.0101318
6,307,0.0129395,-0.0230713
6,308,0.0336914,-0.00280762
6,309,0.0158691,-0.0198975
6,310,-0.00354004,-0.0285645
6,311,-0.0111084,-0.0279541
6,312,-0.0123291,-0.0241699
6,313,-0.0179443,-0.0206299
6,314,-0.0162354,0.000610352
6,315,-0.0118408,0.0217285
6,316,0.010498,0.0206299
6,317,0.0251465,0.0203857
6,318,0.0357666,0.0141602
6,319,0.0288086,0.00744629
6,320,0.0324707,0.00598145
6,321,0.0241699,-0.000244141
6,322,0.0152588,-0.0164795
6,323,-0.00231934,-0.0246582
6,324,0.0113525,-0.0180664
6,325,0.00927734,0.00366211
6,326,-0.0112305,0.017334
6,327,-0.0196533,0.0169678
6,328,-0.0228271,0.0153809
6,329,-0.0255127,0.00939941
6,330,-0.0124512,-0.00915527
6,331,0.0201416,-0.0114746
6,332,-0.0140381,0.0200195
6,333,-0.00671387,0.00708008
6,334,-0.0137939,0.0131836
6,335,-0.0137939,0.0118408
6,336,-0.0131836,0.0113525
6,337,-0.013916,0.0123291
6,338,-0.0109863,0.0151367
6,339,-0.00415039,0.0168457
6,340,0.0239258,0.0109863
6,341,0.0272217,0.00646973
6,342,0.0268555,-0.00012207
6,343,0.0222168,-0.00378418
6,344,0.0211182,-0.00598145
6,345,0.0140381,-0.00817871
6,346,0.00598145,-0.019043
6,347,-0.00488281,-0.0270996
6,348,0.0209961,-0.0200195
6,349,-0.000854492,-0.0314941
6,350,-0.0101318,-0.0319824
6,351,-0.012085,-0.0281982
6,352,-0.019165,-0.0256348
6,353,-0.0194092,-0.00366211
6,354,-0.0164795,0.019043
6,355,0.00708008,0.0236816
6,356,0.0245361,0.0240479
6,357,0.0390625,0.0175781
6,358,0.0323486,0.00976562
6,359,0.0367432,0.00830078
6,360,0.0279541,0.0012207
6,361,0.0183105,-0.0164795
6,362,-0.00292969,-0.0268555
6,363,0.0124512,-0.0181885
6,364,0.00927734,0.00634766
6,365,-0.0130615,0.0186768
6,366,-0.0214844,0.0169678
6,367,-0.0245361,0.0146484
6,368,-0.0262451,0.00708008
6,369,-0.00939941,-0.0130615
6,370,0.0249023,-0.0124512
6,371,-0.0183105,0.0202637
6,372,-0.0090332,0.00744629
6,373,-0.0184326,0.0148926
6,374,-0.0183105,0.0133057
6,375,-0.0174561,0.0126953
6,376,-0.0180664,0.0134277
6,377,-0.0145264,0.0155029
6,378,-0.00683594,0.017334
6,379,0.0230713,0.0150146
6,380,0.0281982,0.00976562
6,381,0.0301514,0.00244141
6,382,0.0256348,-0.00195312
6,383,0.0247803,-0.00427246
6,384,0.0168457,-0.00732422
6,385,0.0078125,-0.0198975
6,386,-0.00598145,-0.0305176
6,387,0.0194092,-0.0177002
6,388,0.0142822,-0.0231934
6,389,0.010498,-0.0222168
6,390,0.0045166,-0.0253906
6,391,-0.0101318,-0.0150146
6,392,-0.0236816,-0.00268555
6,393,-0.0131836,0.0170898
6,394,-0.00488281,0.0279541
6,395,0.00695801,0.0328369
6,396,0.0090332,0.0244141
6,397,0.0119629,0.026123
6,398,0.0124512,0.0169678
6,399,0.0183105,0.00195312
6,400,0.0134277,-0.0164795
6,401,0.0174561,-0.00366211
6,402,0.000244141,0.00830078
6,403,-0.0186768,0.00158691
6,404,-0.0214844,-0.0045166
6,405,-0.0213623,-0.00756836
6,406,-0.0170898,-0.0129395
6,407,0.00463867,-0.013916
6,408,0.020874,0.0065918
6,409,-0.0220947,-0.000244141
6,410,-0.00964355,-0.000488281
6,411,-0.0194092,-0.00134277
6,412,-0.0184326,-0.00268555
6,413,-0.0177002,-0.00292969
6,414,-0.0186768,-0.00378418
6,415,-0.019043,-0.00268555
6,416,-0.0168457,0.00280762
6,417,0,0.0227051
6,418,0.00866699,0.022583
6,419,0.0169678,0.0202637
6,420,0.0174561,0.0153809
6,421,0.0186768,0.0137939
6,422,0.015625,0.00756836
6,423,0.0177002,-0.00476074
6,424,0.0155029,-0.0201416
6,425,0.0311279,-0.00793457
6,426,0.0273438,-0.0098877
6,427,0.0247803,-0.0164795
6,428,0.00280762,-0.019043
6,429,-0.0200195,-0.0192871
6,430,-0.0251465,0.00512695
6,431,-0.0279541,0.0212402
6,432,-0.0229492,0.0345459
6,433,-0.0141602,0.0285645
6,434,-0.0134277,0.0324707
6,435,-0.00524902,0.0246582
6,436,0.0126953,0.0164795
6,437,0.0246582,-0.00268555
6,438,0.0169678,0.0102539
6,439,-0.00769043,0.0065918
6,440,-0.0180664,-0.013916
6,441,-0.0155029,-0.0212402
6,442,-0.0128174,-0.0236816
6,443,-0.00500488,-0.0247803
6,444,0.0136719,-0.00817871
6,445,0.0101318,0.0222168
6,446,-0.0174561,-0.0175781
6,447,-0.00683594,-0.00769043
6,448,-0.0134277,-0.0162354
6,449,-0.0119629,-0.0168457
6,450,-0.0114746,-0.0166016
6,451,-0.0123291,-0.0184326
6,452,-0.0155029,-0.0178223
6,453,-0.0187988,-0.0107422
6,454,-0.019043,0.0198975
6,455,-0.010498,0.0253906
6,456,-0.000610352,0.0292969
6,457,0.00390625,0.0258789
6,458,0.00622559,0.0256348
6,459,0.00842285,0.0183105
6,460,0.0197754,0.010376
6,461,0.0297852,-0.00402832
6,462,0.0308838,-0.00292969
6,463,0.0303955,-0.0102539
6,464,0.0090332,-0.0180664
6,465,-0.0141602,-0.0239258
6,466,-0.0264893,-0.00134277
6,467,-0.0339355,0.0144043
6,468,-0.0328369,0.0292969
6,469,-0.0224609,0.0255127
6,470,-0.0227051,0.0297852
6,471,-0.0123291,0.0239258
6,472,0.00830078,0.0201416
6,473,0.026123,0.00354004
6,474,0.0144043,0.0150146
6,475,-0.0098877,0.00476074
6,476,-0.0150146,-0.0185547
6,477,-0.010498,-0.0251465
6,478,-0.00708008,-0.0268555
6,479,0.00109863,-0.0256348
6,480,0.0155029,-0.00341797
6,481,0.00402832,0.026123
6,482,-0.0125732,-0.0223389
6,483,-0.00463867,-0.00976562
6,484,-0.0090332,-0.020752
6,485,-0.00744629,-0.020874
6,486,-0.00708008,-0.0203857
6,487,-0.00744629,-0.0223389
6,488,-0.0109863,-0.0219727
6,489,-0.0161133,-0.0152588
6,490,-0.0245361,0.0148926
6,491,-0.017334,0.022583
6,492,-0.00854492,0.0292969
6,493,-0.00305176,0.0270996
6,494,-0.000610352,0.0274658
6,495,0.00354004,0.020874
6,496,0.017334,0.0158691
6,497,0.0317383,0.00378418
6,498,0.0286865,-0.00671387
6,499,0.010376,-0.0153809
6,500,-0.0098877,-0.0224609
6,501,-0.0234375,-0.00378418
6,502,-0.0316162,0.0098877
6,503,-0.0322266,0.0236816
6,504,-0.022583,0.0211182
6,505,-0.0231934,0.0249023
6,506,-0.0133057,0.0206299
6,507,0.0057373,0.0187988
6,508,0.0235596,0.00524902
6,509,0.0115967,0.0147705
6,510,-0.00976562,0.00341797
6,511,-0.0123291,-0.0178223
6,512,-0.00756836,-0.0231934
6,513,-0.00439453,-0.024292
6,514,0.00292969,-0.0223389
6,515,0.0140381,-0.000976562
6,516,0.0012207,0.0245361
6,517,-0.0090332,-0.0214844
6,518,-0.0032959,-0.00939941
6,519,-0.00622559,-0.0200195
6,520,-0.00488281,-0.0200195
6,521,-0.0045166,-0.0194092
6,522,-0.00476074,-0.0211182
6,523,-0.0078125,-0.0206299
6,524,-0.0130615,-0.0150146
6,525,-0.0235596,0.0106201
6,526,-0.0178223,0.0184326
6,527,-0.010498,0.0255127
6,528,-0.00537109,0.0241699
6,529,-0.0032959,0.0247803
6,530,0.00109863,0.019165
6,531,0.0141602,0.0159912
6,532,0.0285645,0.00634766
6,533,0.0158691,-0.0129395
6,534,-0.00195312,-0.0249023
6,535,-0.0219727,-0.0106201
6,536,-0.0338135,0.0012207
6,537,-0.0380859,0.0153809
6,538,-0.027832,0.0155029
6,539,-0.029541,0.019165
6,540,-0.0185547,0.0174561
6,541,0.000854492,0.0198975
6,542,0.022583,0.0102539
6,543,0.0078125,0.0175781
6,544,-0.0112305,0.000976562
6,545,-0.00830078,-0.0202637
6,546,-0.00195312,-0.0240479
6,547,0.00158691,-0.0241699
6,548,0.00854492,-0.0200195
6,549,0.0146484,0.00476074
6,550,-0.00439453,0.026001
6,551,-0.00317383,-0.0239258
6,552,-0.000854492,-0.0106201
6,553,-0.00146484,-0.022583
6,554,-0.00012207,-0.0222168
6,555,0.00012207,-0.0213623
6,556,0.000488281,-0.0229492
6,557,-0.00231934,-0.0228271
6,558,-0.00854492,-0.0183105
6,559,-0.0266113,0.00341797
6,560,-0.0227051,0.0130615
6,561,-0.0174561,0.0228271
6,562,-0.0119629,0.0230713
6,563,-0.0100098,0.024292
6,564,-0.00415039,0.0198975
6,565,0.0098877,0.0198975
6,566,0.0273438,0.0131836
6,567,0.0174561,-0.0137939
6,568,-0.00415039,-0.0183105
6,569,-0.0153809,-0.0184326
6,570,-0.0241699,-0.0129395
6,571,-0.0197754,-0.00720215
6,572,-0.0222168,-0.00634766
6,573,-0.0166016,-0.00158691
6,574,-0.00927734,0.00805664
6,575,0.00585938,0.0125732
6,576,-0.00488281,0.0115967
6,577,-0.00708008,-0.0045166
6,578,0.00500488,-0.0112305
6,579,0.010376,-0.00878906
6,580,0.0123291,-0.0065918
6,581,0.0140381,-0.000366211
6,582,0.00598145,0.0145264
6,583,-0.0123291,0.012085
6,584,0.0112305,-0.0129395
6,585,0.00427246,-0.00622559
6,586,0.00817871,-0.0134277
6,587,0.0090332,-0.0123291
6,588,0.0090332,-0.0117188
6,589,0.010498,-0.0118408
6,590,0.0113525,-0.012085
6,591,0.00720215,-0.0129395
6,592,-0.0155029,-0.0153809
6,593,-0.0178223,-0.00720215
6,594,-0.0202637,0.00292969
6,595,-0.0178223,0.00646973
6,596,-0.0177002,0.00842285
6,597,-0.0129395,0.0090332
6,598,-0.00610352,0.0153809
6,599,0.00683594,0.0185547
6,600,0.0157471,-0.0239258
6,601,0.00634766,-0.0369873
6,602,-0.00646973,-0.0412598
6,603,-0.00878906,-0.0303955
6,604,-0.0117188,-0.0325928
6,605,-0.0123291,-0.0213623
6,606,-0.0186768,-0.00524902
6,607,-0.0119629,0.0140381
6,608,-0.017334,0.00415039
6,609,-0.00183105,-0.0101318
6,610,0.0180664,-0.000854492
6,611,0.0214844,0.00793457
6,612,0.0214844,0.012085
6,613,0.017334,0.0197754
6,614,-0.00439453,0.0230713
6,615,-0.0189209,-0.00354004
6,616,0.0250244,0.000488281
6,617,0.00927734,-0.000976562
6,618,0.0177002,-0.00256348
6,619,0.0175781,-0.000854492
6,620,0.0174561,-0.000244141
6,621,0.0198975,0.00109863
6,622,0.024292,0.000610352
6,623,0.0233154,-0.0057373
6,624,-0.000854492,-0.0338135
6,625,-0.0101318,-0.027832
6,626,-0.0211182,-0.0181885
6,627,-0.0223389,-0.0115967
6,628,-0.024292,-0.00927734
6,629,-0.0211182,-0.00341797
6,630,-0.0228271,0.00915527
6,631,-0.0159912,0.0227051
6,632,0.0306396,-0.0128174
6,633,0.0238037,-0.024292
6,634,0.0144043,-0.020874
6,635,0.0136719,-0.024292
6,636,0.0057373,-0.0192871
6,637,-0.00915527,-0.015625
6,638,-0.0184326,-0.00012207
6,639,-0.00939941,-0.0113525
6,640,0.0102539,-0.00817871
6,641,0.0130615,0.0113525
6,642,0.0078125,0.0183105
6,643,0.00439453,0.020752
6,644,-0.00390625,0.0217285
6,645,-0.0180664,0.00793457
6,646,-0.00634766,-0.0162354
6,647,0.0157471,0.0189209
6,648,0.00610352,0.00744629
6,649,0.0115967,0.0144043
6,650,0.0100098,0.0146484
6,651,0.00939941,0.0144043
6,652,0.00976562,0.0162354
6,653,0.0125732,0.017334
6,654,0.0166016,0.0124512
6,655,0.0257568,-0.0163574
6,656,0.0175781,-0.0212402
6,657,0.00585938,-0.0257568
6,658,0.00012207,-0.0234375
6,659,-0.00268555,-0.0238037
6,660,-0.00598145,-0.0180664
6,661,-0.0166016,-0.012207
6,662,-0.0244141,0.00109863
6,663,0.0524902,-0.0147705
6,664,0.0384521,-0.0155029
6,665,0.0408936,-0.0194092
6,666,0.0262451,-0.0180664
6,667,0.00268555,-0.0234375
6,668,-0.0227051,-0.0136719
6,669,-0.00793457,-0.0217285
6,670,0.0125732,-0.00280762
6,671,0.00537109,0.0236816
6,672,-0.00378418,0.0290527
6,673,-0.00854492,0.0296631
6,674,-0.0174561,0.0253906
6,675,-0.0227051,-0.0020752
6,676,0.00646973,-0.0257568
6,677,0.00256348,0.0299072
6,678,0.00109863,0.0114746
6,679,0.00195312,0.0233154
6,680,0.00012207,0.0234375
6,681,-0.000366211,0.0231934
6,682,-0.00109863,0.0263672
6,683,0.00244141,0.0300293
6,684,0.0111084,0.026001
6,685,0.0395508,-0.00598145
6,686,0.0319824,-0.0157471
6,687,0.0198975,-0.0273438
6,688,0.0117188,-0.0283203
6,689,0.00842285,-0.0303955
6,690,0.00146484,-0.026001
6,691,-0.0148926,-0.027832
6,692,-0.0321045,-0.0194092
6,693,0.0554199,-0.00512695
6,694,0.0611572,-0.00854492
6,695,0.0429688,-0.0119629
6,696,0.0166016,-0.0262451
6,697,-0.020752,-0.0257568
6,698,-0.00354004,-0.0264893
6,699,0.0119629,0.00512695
6,700,-0.00512695,0.0317383
6,701,-0.0164795,0.0335693
6,702,-0.0214844,0.0317383
6,703,-0.0285645,0.022583
6,704,-0.0216064,-0.0133057
6,705,0.0200195,-0.0296631
6,706,-0.0134277,0.0341797
6,707,-0.00524902,0.0128174
6,708,-0.010498,0.0273438
6,709,-0.012085,0.0273438
6,710,-0.0119629,0.0270996
6,711,-0.0135498,0.0310059
6,712,-0.00964355,0.036499
6,713,0.0020752,0.0344238
6,714,0.0437012,0.00732422
6,715,0.0397949,-0.00500488
6,716,0.0311279,-0.020874
6,717,0.0224609,-0.0250244
6,718,0.0195312,-0.0285645
6,719,0.0100098,-0.0268555
6,720,-0.00842285,-0.0367432
6,721,-0.0318604,-0.036377
6,722,0.0493164,-0.00231934
6,723,0.0355225,-0.00634766
6,724,0.0163574,-0.0192871
6,725,-0.0134277,-0.0220947
6,726,-0.000366211,-0.0198975
6,727,0.00842285,0.00622559
6,728,-0.00720215,0.0247803
6,729,-0.0158691,0.0247803
6,730,-0.0195312,0.0227051
6,731,-0.0239258,0.0146484
6,732,-0.0150146,-0.0130615
6,733,0.0185547,-0.0218506
6,734,-0.0148926,0.0252686
6,735,-0.00585938,0.00939941
6,736,-0.0115967,0.0202637
6,737,-0.0124512,0.0202637
6,738,-0.012207,0.0201416
6,739,-0.0135498,0.0230713
6,740,-0.010498,0.0275879
6,741,-0.00134277,0.0267334
6,742,0.0321045,0.00952148
6,743,0.0305176,0.000366211
6,744,0.0255127,-0.012085
6,745,0.0192871,-0.0161133
6,746,0.017334,-0.019043
6,747,0.0098877,-0.0189209
6,748,-0.00354004,-0.0284424
6,749,-0.0216064,-0.0310059
6,750,0.0402832,-0.00524902
6,751,0.0201416,-0.0206299
6,752,-0.0129395,-0.0253906
6,753,0.000976562,-0.0213623
6,754,0.00891113,0.00817871
6,755,-0.00964355,0.0272217
6,756,-0.0192871,0.0264893
6,757,-0.0231934,0.0238037
6,758,-0.0275879,0.0144043
6,759,-0.015625,-0.0158691
6,760,0.0219727,-0.0231934
6,761,-0.0187988,0.0270996
6,762,-0.00756836,0.0098877
6,763,-0.0146484,0.0216064
6,764,-0.0153809,0.0216064
6,765,-0.0150146,0.0214844
6,766,-0.0164795,0.0247803
6,767,-0.0131836,0.0300293
6,768,-0.00305176,0.029541
6,769,0.0344238,0.0129395
6,770,0.0333252,0.00292969
6,771,0.0288086,-0.0108643
6,772,0.0222168,-0.0157471
6,773,0.0202637,-0.019043
6,774,0.0119629,-0.0196533
6,775,-0.0020752,-0.03125
6,776,-0.0219727,-0.0354004
6,777,0.0180664,-0.0130615
6,778,-0.00537109,-0.0197754
6,779,0.00390625,-0.013916
6,780,0.0057373,0.00805664
6,781,-0.0102539,0.0187988
6,782,-0.0170898,0.0167236
6,783,-0.0196533,0.0141602
6,784,-0.0216064,0.00671387
6,785,-0.00939941,-0.013916
6,786,0.0186768,-0.0144043
6,787,-0.0177002,0.0174561
6,788,-0.00708008,0.00622559
6,789,-0.0136719,0.013916
6,790,-0.013916,0.013916
6,791,-0.0134277,0.013916
6,792,-0.0145264,0.0161133
6,793,-0.012207,0.0202637
6,794,-0.00512695,0.020874
6,795,0.022583,0.0133057
6,796,0.0231934,0.00671387
6,797,0.0214844,-0.00305176
6,798,0.0174561,-0.00732422
6,799,0.0163574,-0.0098877
6,800,0.010498,-0.0114746
6,801,0.00195312,-0.0216064
6,802,-0.0114746,-0.0272217
6,803,0.0126953,-0.0144043
6,804,0.0142822,-0.00170898
6,805,0.00134277,0.0100098
6,806,-0.0164795,0.00512695
6,807,-0.0202637,-0.000488281
6,808,-0.020874,-0.00366211
6,809,-0.0185547,-0.00927734
6,810,-0.000610352,-0.0142822
6,811,0.0174561,0.00195312
6,812,-0.0220947,0.00158691
6,813,-0.00866699,-0.000366211
6,814,-0.0158691,0.000244141
6,815,-0.0146484,0.000244141
6,816,-0.013916,0.000488281
6,817,-0.0146484,0.00134277
6,818,-0.0141602,0.00488281
6,819,-0.0117188,0.00878906
6,820,0.00537109,0.0195312
6,821,0.00952148,0.0186768
6,822,0.0128174,0.0144043
6,823,0.0126953,0.00964355
6,824,0.0134277,0.0078125
6,825,0.0111084,0.00268555
6,826,0.0129395,-0.00769043
6,827,0.0111084,-0.0181885
6,828,0.0183105,0.012207
6,829,-0.00439453,0.00476074
6,830,-0.0145264,-0.0136719
6,831,-0.0130615,-0.019043
6,832,-0.0112305,-0.0206299
6,833,-0.0057373,-0.0202637
6,834,0.00805664,-0.00415039
6,835,0.00598145,0.0200195
6,836,-0.0133057,-0.017334
6,837,-0.00476074,-0.00793457
6,838,-0.0078125,-0.0163574
6,839,-0.0057373,-0.0161133
6,840,-0.00512695,-0.0155029
6,841,-0.00476074,-0.0163574
6,842,-0.00634766,-0.0147705
6,843,-0.010376,-0.00952148
6,844,-0.0147705,0.012207
6,845,-0.010498,0.019165
6,846,-0.0057373,0.0245361
6,847,-0.00183105,0.0223389
6,848,-0.00012207,0.0224609
6,849,0.00305176,0.0166016
6,850,0.0159912,0.0118408
6,851,0.0305176,0.00268555
6,852,0.00610352,0.00488281
6,853,-0.0124512,-0.0032959
6,854,-0.015625,-0.00805664
6,855,-0.0159912,-0.0100098
6,856,-0.0135498,-0.0126953
6,857,0.00158691,-0.00866699
6,858,0.0129395,0.00939941
6,859,-0.0164795,-0.00305176
6,860,-0.00695801,-0.00134277
6,861,-0.0118408,-0.00390625
6,862,-0.0100098,-0.00524902
6,863,-0.0090332,-0.00561523
6,864,-0.00842285,-0.00695801
6,865,-0.00793457,-0.00683594
6,866,-0.0090332,-0.00195312
6,867,-0.000732422,0.0183105
6,868,0.00549316,0.0202637
6,869,0.0107422,0.0196533
6,870,0.0118408,0.015625
6,871,0.0129395,0.0145264
6,872,0.0118408,0.00878906
6,873,0.0185547,-0.000366211
6,874,0.0236816,-0.0113525
6,875,0.00524902,0.00598145
6,876,0.000366211,0.00671387
6,877,-0.00219727,0.0065918
6,878,-0.00646973,0.0045166
6,879,-0.00976562,-0.00366211
6,880,0.000610352,-0.00842285
6,881,-0.000488281,0.0118408
6,882,-0.000488281,0.00500488
6,883,0.000854492,0.00976562
6,884,0.00146484,0.0090332
6,885,0.00170898,0.00842285
6,886,0.00292969,0.00854492
6,887,0.00512695,0.00793457
6,888,0.00622559,0.0065918
6,889,0.0145264,0.00292969
6,890,0.0129395,0.00012207
6,891,0.00915527,-0.0045166
6,892,0.00646973,-0.00598145
6,893,0.00549316,-0.00695801
6,894,0.00292969,-0.00646973
6,895,-0.000854492,-0.00793457
6,896,-0.00537109,-0.0045166
6,897,0.0209961,0.00476074
6,898,0.0201416,0.00720215
6,899,0.0152588,0.0107422
6,900,-0.00476074,0.00915527
6,901,-0.0169678,-0.00915527
6,902,0.0189209,0.00427246
6,903,0.00720215,0.00244141
6,904,0.0151367,0.0057373
6,905,0.0148926,0.00622559
6,906,0.0146484,0.00598145
6,907,0.0164795,0.00634766
6,908,0.0185547,0.00341797
6,909,0.0168457,-0.00244141
6,910,0.00268555,-0.0174561
6,911,-0.00402832,-0.0177002
6,912,-0.0108643,-0.0164795
6,913,-0.012085,-0.0128174
6,914,-0.0133057,-0.0117188
6,915,-0.0117188,-0.0065918
6,916,-0.0153809,0.00366211
6,917,-0.0162354,0.0174561
6,918,0.0258789,0.00280762
6,919,0.0229492,0.00817871
6,920,0.00158691,0.0124512
6,921,-0.0202637,-0.00476074
6,922,0.0219727,-0.0032959
6,923,0.00842285,-0.000366211
6,924,0.0168457,0.000366211
6,925,0.0166016,0.0012207
6,926,0.0163574,0.0012207
6,927,0.0181885,0.00109863
6,928,0.0197754,-0.00256348
6,929,0.0164795,-0.00866699
6,930,-0.00732422,-0.020874
6,931,-0.0136719,-0.0189209
6,932,-0.0185547,-0.0145264
6,933,-0.0179443,-0.00964355
6,934,-0.0185547,-0.00769043
6,935,-0.0150146,-0.00231934
6,936,-0.0157471,0.0102539
6,937,-0.0130615,0.0240479
6,938,0.0255127,0.00585938
6,939,0.00500488,0.0131836
6,940,-0.0205078,-0.00195312
6,941,0.0218506,-0.00732422
6,942,0.00842285,-0.00195312
6,943,0.0164795,-0.00244141
6,944,0.0163574,-0.00146484
6,945,0.0159912,-0.00146484
6,946,0.0178223,-0.00170898
6,947,0.0189209,-0.0057373
6,948,0.0148926,-0.0114746
6,949,-0.012207,-0.020874
6,950,-0.0178223,-0.0180664
6,951,-0.0213623,-0.0123291
6,952,-0.0196533,-0.00720215
6,953,-0.0198975,-0.00500488
6,954,-0.0155029,0.00012207
6,955,-0.0145264,0.0130615
6,956,-0.0101318,0.0257568
6,957,0.0117188,0.012085
6,958,-0.0172119,0.00402832
6,959,0.0178223,-0.0141602
6,960,0.0065918,-0.00463867
6,961,0.0124512,-0.00769043
6,962,0.0124512,-0.00671387
6,963,0.0123291,-0.00646973
6,964,0.0137939,-0.00732422
6,965,0.0140381,-0.0114746
6,966,0.00915527,-0.0155029
6,967,-0.0205078,-0.0166016
6,968,-0.0234375,-0.0123291
6,969,-0.0230713,-0.00500488
6,970,-0.0195312,-0.000244141
6,971,-0.0189209,0.0020752
6,972,-0.0134277,0.00549316
6,973,-0.00915527,0.0166016
6,974,-0.00219727,0.0247803
6,975,0.00415039,0.012085
6,976,-0.00390625,-0.0181885
6,977,-0.00219727,-0.0065918
6,978,-0.00610352,-0.0114746
6,979,-0.0057373,-0.0113525
6,980,-0.00537109,-0.0111084
6,981,-0.00549316,-0.0124512
6,982,-0.00646973,-0.0144043
6,983,-0.00891113,-0.0125732
6,984,-0.0231934,0.00549316
6,985,-0.0180664,0.00878906
6,986,-0.0090332,0.0135498
6,987,-0.00402832,0.0136719
6,988,-0.00195312,0.0145264
6,989,0.00146484,0.012207
6,990,0.00927734,0.0114746
6,991,0.0151367,0.00378418
6,992,-0.0198975,0.00378418
6,993,-0.0090332,0.0012207
6,994,-0.0194092,0.00317383
6,995,-0.0192871,0.00231934
6,996,-0.0185547,0.00219727
6,997,-0.0198975,0.00231934
6,998,-0.0186768,0.00463867
6,999,-0.0137939,0.00866699
6,1000,0.00598145,0.0194092
6,1001,0.0129395,0.0162354
6,1002,0.0195312,0.0117188
6,1003,0.0189209,0.00732422
6,1004,0.0196533,0.00561523
6,1005,0.0155029,0.00109863
6,1006,0.0141602,-0.0109863
6,1007,0.00769043,-0.0252686
6,1008,0.0107422,0.000488281
6,1009,0.0197754,0.000488281
6,1010,0.0185547,0.0012207
6,1011,0.0178223,0.00134277
6,1012,0.019043,0.00146484
6,1013,0.0202637,-0.00109863
6,1014,0.0181885,-0.00671387
6,1015,-0.000610352,-0.0285645
6,1016,-0.00683594,-0.0267334
6,1017,-0.0144043,-0.0200195
6,1018,-0.0158691,-0.0134277
6,1019,-0.0174561,-0.0109863
6,1020,-0.0155029,-0.00439453
6,1021,-0.019165,0.00964355
6,1022,-0.0159912,0.024292
6,1023,0.00891113,-0.000244141
6,1024,0.00830078,0.00012207
6,1025,0.0078125,0.000244141
6,1026,0.00805664,0.000366211
6,1027,0.00769043,-0.000244141
6,1028,0.0065918,-0.00219727
6,1029,0.000366211,-0.0107422
6,1030,-0.00317383,-0.010498
6,1031,-0.00683594,-0.00866699
6,1032,-0.00732422,-0.00622559
6,1033,-0.00793457,-0.00537109
6,1034,-0.00683594,-0.00268555
6,1035,-0.0078125,0.00317383
6,1036,-0.00622559,0.00976562
6,1037,0.0180664,0.000732422
6,1038,0.0172119,0.000854492
6,1039,0.0180664,0.000976562
6,1040,0.017334,-0.000488281
6,1041,0.0141602,-0.0045166
6,1042,0.00134277,-0.0201416
6,1043,-0.00634766,-0.0192871
6,1044,-0.0147705,-0.0162354
6,1045,-0.0157471,-0.0118408
6,1046,-0.0169678,-0.010376
6,1047,-0.0142822,-0.00524902
6,1048,-0.0152588,0.00610352
6,1049,-0.0107422,0.0203857
6,1050,0.0170898,0.00012207
6,1051,0.0184326,0.00012207
6,1052,0.0181885,-0.00158691
6,1053,0.0145264,-0.00549316
6,1054,-0.00012207,-0.0196533
6,1055,-0.00732422,-0.0177002
6,1056,-0.0153809,-0.0137939
6,1057,-0.0161133,-0.00964355
6,1058,-0.0172119,-0.00805664
6,1059,-0.0142822,-0.00341797
6,1060,-0.0142822,0.00744629
6,1061,-0.00842285,0.0209961
6,1062,0.0180664,0
6,1063,0.0183105,-0.00170898
6,1064,0.0146484,-0.0057373
6,1065,-0.000488281,-0.0192871
6,1066,-0.00744629,-0.0168457
6,1067,-0.0152588,-0.0126953
6,1068,-0.0158691,-0.00854492
6,1069,-0.0169678,-0.00708008
6,1070,-0.0140381,-0.00280762
6,1071,-0.0136719,0.0078125
6,1072,-0.00769043,0.0206299
6,1073,0.0216064,-0.00231934
6,1074,0.017334,-0.00695801
6,1075,-0.00109863,-0.0216064
6,1076,-0.00830078,-0.0180664
6,1077,-0.0167236,-0.0124512
6,1078,-0.0174561,-0.0078125
6,1079,-0.0186768,-0.00610352
6,1080,-0.0155029,-0.00170898
6,1081,-0.0147705,0.00952148
6,1082,-0.00744629,0.0230713
6,1083,0.0220947,-0.00598145
6,1084,0.00109863,-0.0252686
6,1085,-0.0065918,-0.0203857
6,1086,-0.0164795,-0.0130615
6,1087,-0.0178223,-0.00805664
6,1088,-0.0195312,-0.00622559
6,1089,-0.0168457,-0.00158691
6,1090,-0.0172119,0.00976562
6,1091,-0.0098877,0.0236816
6,1092,0.00805664,-0.0235596
6,1093,0.00012207,-0.020874
6,1094,-0.010376,-0.0162354
6,1095,-0.0131836,-0.0118408
6,1096,-0.0151367,-0.010498
6,1097,-0.0142822,-0.0057373
6,1098,-0.0179443,0.00378418
6,1099,-0.015625,0.0167236
6,1100,0.0338135,-0.00756836
6,1101,0.0213623,-0.0183105
6,1102,0.0128174,-0.0206299
6,1103,0.00964355,-0.0230713
6,1104,0.00268555,-0.020874
6,1105,-0.0114746,-0.0249023
6,1106,-0.0250244,-0.0183105
6,1107,0.0294189,-0.00952148
6,1108,0.0218506,-0.0128174
6,1109,0.0194092,-0.0152588
6,1110,0.0108643,-0.0152588
6,1111,-0.00280762,-0.0236816
6,1112,-0.0175781,-0.0255127
6,1113,0.0294189,-0.00439453
6,1114,0.0288086,-0.00671387
6,1115,0.0202637,-0.00866699
6,1116,0.00976562,-0.0205078
6,1117,-0.00634766,-0.0307617
6,1118,0.0274658,-0.0020752
6,1119,0.0206299,-0.00476074
6,1120,0.013916,-0.0161133
6,1121,0.000488281,-0.02771
6,1122,0.0218506,-0.00317383
6,1123,0.0166016,-0.0148926
6,1124,0.00378418,-0.027832
6,1125,0.0166016,-0.00939941
6,1126,0.00830078,-0.0206299
6,1127,0.0266113,-0.0140381
7,0,0.0239258,0.0220947
7,1,-0.00390625,0.0341797
7,2,-0.0130615,0.0321045
7,3,0.0175781,-0.03125
7,4,0.0113525,-0.0128174
7,5,-0.0252686,0.0078125
7,6,-0.0273438,-0.0151367
7,7,-0.0299072,-0.0189209
7,8,-0.0216064,0.0045166
7,9,-0.00817871,0.0220947
7,10,-0.0012207,0.0252686
7,11,0.00170898,0.0228271
7,12,0.00866699,0.0220947
7,13,0.0164795,0.00231934
7,14,0.0201416,-0.0217285
7,15,-0.00256348,-0.0303955
7,16,-0.0274658,-0.0302734
7,17,-0.0495605,-0.0224609
7,18,-0.0424805,-0.0134277
7,19,-0.0490723,-0.012207
7,20,-0.0389404,-0.00390625
7,21,-0.0305176,0.0133057
7,22,-0.00585938,0.0235596
7,23,-0.0157471,0.0108643
7,24,-0.00805664,-0.0118408
7,25,0.0205078,-0.015625
7,26,0.0306396,-0.0108643
7,27,0.0339355,-0.00720215
7,28,0.0361328,0.0012207
7,29,0.019043,0.0152588
7,30,-0.0150146,0.00195312
7,31,0.0338135,-0.0220947
7,32,0.0126953,-0.00598145
7,33,0.0201416,-0.00683594
7,34,0.0178223,-0.00488281
7,35,0.0164795,-0.00402832
7,36,0.0168457,-0.00427246
7,37,0.0140381,-0.00854492
7,38,0.00756836,-0.0155029
7,39,-0.0269775,-0.0205078
7,40,-0.0269775,-0.0158691
7,41,-0.022583,-0.00756836
7,42,-0.0174561,-0.00146484
7,43,-0.0161133,0.00170898
7,44,-0.0107422,0.00598145
7,45,-0.00317383,0.0206299
7,46,0.00805664,0.0311279
7,47,0.0219727,0.0184326
7,48,0.0161133,0.0214844
7,49,-0.0134277,-0.0233154
7,50,-0.00354004,-0.0113525
7,51,-0.0057373,0.0151367
7,52,-0.0209961,0.00671387
7,53,-0.0224609,0.00488281
7,54,-0.00549316,0.0106201
7,55,0.00891113,0.012085
7,56,0.0126953,0.0101318
7,57,0.0123291,0.0078125
7,58,0.013916,0.00390625
7,59,0.00585938,-0.00817871
7,60,-0.00537109,-0.0201416
7,61,-0.0172119,-0.00915527
7,62,-0.0303955,0.00317383
7,63,-0.0388184,0.0163574
7,64,-0.0302734,0.0158691
7,65,-0.0333252,0.0194092
7,66,-0.0236816,0.017334
7,67,-0.0101318,0.0192871
7,68,0.00817871,0.0102539
7,69,-0.0012207,0.0106201
7,70,-0.00976562,-0.00109863
7,71,0.00170898,-0.0164795
7,72,0.00915527,-0.0197754
7,73,0.0128174,-0.0201416
7,74,0.0185547,-0.0181885
7,75,0.0186768,-0.00488281
7,76,-0.00500488,0.00695801
7,77,0.00622559,-0.0269775
7,78,0.00366211,-0.00866699
7,79,0.00561523,-0.0123291
7,80,0.00427246,-0.0107422
7,81,0.00366211,-0.00976562
7,82,0.00256348,-0.0102539
7,83,-0.00219727,-0.0111084
7,84,-0.00744629,-0.0106201
7,85,-0.0269775,0.00598145
7,86,-0.0234375,0.00561523
7,87,-0.012085,0.00646973
7,88,-0.00488281,0.00732422
7,89,-0.00170898,0.00830078
7,90,0.00305176,0.00842285
7,91,0.0145264,0.0125732
7,92,0.0222168,0.0106201
7,93,0.0383301,0.00646973
7,94,-0.0384521,-0.0101318
7,95,-0.0166016,-0.00720215
7,96,0.0150146,0.0175781
7,97,-0.00805664,0.0250244
7,98,-0.00720215,0.0257568
7,99,0.0131836,0.0134277
7,100,0.0238037,-0.000854492
7,101,0.0234375,-0.00732422
7,102,0.0198975,-0.0090332
7,103,0.0157471,-0.0150146
7,104,-0.00537109,-0.0166016
7,105,-0.0275879,-0.0137939
7,106,-0.0263672,0.0141602
7,107,-0.0255127,0.032959
7,108,-0.0184326,0.0452881
7,109,-0.010376,0.0361328
7,110,-0.00927734,0.0402832
7,111,-0.00244141,0.029541
7,112,0.0131836,0.0166016
7,113,0.020874,-0.00683594
7,114,0.0150146,0.00732422
7,115,-0.00769043,0.00964355
7,116,-0.0167236,-0.0115967
7,117,-0.0140381,-0.0211182
7,118,-0.0109863,-0.0251465
7,119,-0.00354004,-0.0297852
7,120,0.0133057,-0.0212402
7,121,0.00646973,0.00964355
7,122,-0.0209961,-0.0222168
7,123,-0.00634766,-0.00817871
7,124,-0.0106201,-0.0134277
7,125,-0.0101318,-0.0129395
7,126,-0.00976562,-0.012207
7,127,-0.0114746,-0.0133057
7,128,-0.0161133,-0.0114746
7,129,-0.0189209,-0.00427246
7,130,-0.0200195,0.0262451
7,131,-0.0129395,0.022583
7,132,0.00231934,0.0187988
7,133,0.0090332,0.0151367
7,134,0.0129395,0.0144043
7,135,0.0153809,0.0102539
7,136,0.0270996,0.00366211
7,137,0.0299072,-0.010376
7,138,-0.0406494,-0.00366211
7,139,-0.0184326,-0.00439453
7,140,0.0200195,0.0152588
7,141,-0.00158691,0.0270996
7,142,0.000244141,0.0288086
7,143,0.0181885,0.0119629
7,144,0.0253906,-0.00561523
7,145,0.0234375,-0.0126953
7,146,0.0192871,-0.0137939
7,147,0.0136719,-0.0196533
7,148,-0.00854492,-0.0170898
7,149,-0.0308838,-0.00939941
7,150,-0.0250244,0.0203857
7,151,-0.0194092,0.0378418
7,152,-0.00793457,0.0473633
7,153,-0.00158691,0.0366211
7,154,0.000854492,0.0401611
7,155,0.00561523,0.0281982
7,156,0.0194092,0.0119629
7,157,0.0220947,-0.0124512
7,158,0.0187988,0.00476074
7,159,-0.00549316,0.012085
7,160,-0.0206299,-0.00744629
7,161,-0.0200195,-0.0177002
7,162,-0.0178223,-0.0222168
7,163,-0.0109863,-0.0284424
7,164,0.00927734,-0.0233154
7,165,0.0098877,0.00878906
7,166,-0.0270996,-0.0162354
7,167,-0.0090332,-0.00646973
7,168,-0.0148926,-0.0112305
7,169,-0.013916,-0.0113525
7,170,-0.0131836,-0.0108643
7,171,-0.0147705,-0.012085
7,172,-0.0183105,-0.00976562
7,173,-0.0197754,-0.00134277
7,174,-0.0144043,0.0286865
7,175,-0.00683594,0.0245361
7,176,0.00744629,0.0202637
7,177,0.0129395,0.0158691
7,178,0.0164795,0.0145264
7,179,0.0174561,0.00964355
7,180,0.0272217,0.000244141
7,181,0.0279541,-0.0161133
7,182,0.0194092,0.00268555
7,183,-0.0229492,-0.0140381
7,184,-0.00195312,-0.0283203
7,185,-0.00439453,-0.0303955
7,186,-0.020874,-0.0111084
7,187,-0.0262451,0.00830078
7,188,-0.0234375,0.015625
7,189,-0.0189209,0.0164795
7,190,-0.0125732,0.0220947
7,191,0.010376,0.0170898
7,192,0.0327148,0.00671387
7,193,0.0239258,-0.0240479
7,194,0.0159912,-0.0410156
7,195,0.00244141,-0.0489502
7,196,-0.00305176,-0.0372314
7,197,-0.00610352,-0.0404053
7,198,-0.00976562,-0.02771
7,199,-0.0224609,-0.00952148
7,200,-0.022583,0.0155029
7,201,-0.020874,-0.00317383
7,202,0.00415039,-0.0131836
7,203,0.0224609,0.00524902
7,204,0.0230713,0.0157471
7,205,0.0212402,0.0206299
7,206,0.0146484,0.02771
7,207,-0.00720215,0.0245361
7,208,-0.0118408,-0.00842285
7,209,0.0300293,0.0129395
7,210,0.0102539,0.00537109
7,211,0.0170898,0.0098877
7,212,0.0157471,0.0102539
7,213,0.0148926,0.0100098
7,214,0.0166016,0.0112305
7,215,0.0196533,0.00866699
7,216,0.0202637,-0.000366211
7,217,0.0114746,-0.0303955
7,218,0.00354004,-0.0257568
7,219,-0.010498,-0.020874
7,220,-0.0155029,-0.0159912
7,221,-0.0187988,-0.0144043
7,222,-0.019043,-0.00915527
7,223,-0.027832,0.00170898
7,224,-0.0270996,0.0192871
7,225,-0.0123291,-0.00512695
7,226,-0.00378418,-0.0133057
7,227,-0.00537109,-0.0144043
7,228,-0.0115967,-0.00402832
7,229,-0.012207,0.00598145
7,230,-0.0102539,0.00939941
7,231,-0.00805664,0.00952148
7,232,-0.0045166,0.0118408
7,233,0.00598145,0.0078125
7,234,0.0157471,0.00109863
7,235,0.00976562,-0.0133057
7,236,0.00439453,-0.0201416
7,237,-0.0032959,-0.0222168
7,238,-0.00500488,-0.0163574
7,239,-0.00695801,-0.0174561
7,240,-0.00756836,-0.0114746
7,241,-0.0124512,-0.00183105
7,242,-0.010376,0.00952148
7,243,-0.0108643,-0.00012207
7,244,0.000732422,-0.00695801
7,245,0.0114746,0.000244141
7,246,0.0125732,0.00512695
7,247,0.012085,0.00756836
7,248,0.00952148,0.0113525
7,249,-0.00158691,0.0115967
7,250,-0.00683594,-0.00317383
7,251,0.015625,0.00292969
7,252,0.00561523,0.00146484
7,253,0.00939941,0.0032959
7,254,0.00854492,0.00378418
7,255,0.00805664,0.00378418
7,256,0.00878906,0.00439453
7,257,0.00976562,0.00305176
7,258,0.00939941,-0.00134277
7,259,0.00292969,-0.0144043
7,260,-0.000976562,-0.012085
7,261,-0.00708008,-0.00976562
7,262,-0.00878906,-0.00732422
7,263,-0.0100098,-0.00646973
7,264,-0.00952148,-0.00390625
7,265,-0.0125732,0.00219727
7,266,-0.0111084,0.0109863
7,267,0.0155029,0.0155029
7,268,0.0196533,0.0177002
7,269,0.020752,-0.000244141
7,270,0.0142822,-0.0157471
7,271,0.00927734,-0.0200195
7,272,0.00585938,-0.019043
7,273,-0.000244141,-0.020874
7,274,-0.012207,-0.00915527
7,275,-0.0213623,0.00646973
7,276,-0.00610352,0.0240479
7,277,0.00646973,0.0281982
7,278,0.0200195,0.0241699
7,279,0.019043,0.015625
7,280,0.0228271,0.0152588
7,281,0.0197754,0.00732422
7,282,0.0209961,-0.00842285
7,283,0.0108643,-0.0213623
7,284,0.0169678,-0.00610352
7,285,0.00317383,0.0106201
7,286,-0.0177002,0.00793457
7,287,-0.0224609,0.00244141
7,288,-0.0233154,-0.000976562
7,289,-0.0217285,-0.00769043
7,290,-0.0045166,-0.0148926
7,291,0.0135498,0.000732422
7,292,-0.0245361,0.00842285
7,293,-0.00976562,0.00219727
7,294,-0.0168457,0.00158691
7,295,-0.0155029,-0.000366211
7,296,-0.0145264,-0.000976562
7,297,-0.0152588,-0.00195312
7,298,-0.0145264,-0.000244141
7,299,-0.0114746,0.00622559
7,300,0.00500488,0.0179443
7,301,0.010498,0.0142822
7,302,0.0170898,0.0109863
7,303,0.0169678,0.00744629
7,304,0.0179443,0.00598145
7,305,0.0148926,0.00231934
7,306,0.0142822,-0.00805664
7,307,0.00805664,-0.0213623
7,308,0.03125,0.000610352
7,309,0.0159912,-0.0137939
7,310,-0.00170898,-0.0220947
7,311,-0.00854492,-0.0219727
7,312,-0.0101318,-0.019043
7,313,-0.0155029,-0.0158691
7,314,-0.0140381,0.00195312
7,315,-0.0078125,0.0209961
7,316,0.0151367,0.0211182
7,317,0.0297852,0.0133057
7,318,0.0390625,-0.000854492
7,319,0.0308838,-0.00561523
7,320,0.0340576,-0.0090332
7,321,0.0246582,-0.0119629
7,322,0.0128174,-0.0236816
7,323,-0.00622559,-0.0235596
7,324,0.00842285,-0.0163574
7,325,0.0100098,0.00549316
7,326,-0.0090332,0.0196533
7,327,-0.017334,0.0197754
7,328,-0.0206299,0.0181885
7,329,-0.0245361,0.0125732
7,330,-0.0157471,-0.00488281
7,331,0.0128174,-0.00805664
7,332,-0.0137939,0.0275879
7,333,-0.00683594,0.00952148
7,334,-0.0129395,0.0137939
7,335,-0.0123291,0.0111084
7,336,-0.0115967,0.00976562
7,337,-0.012085,0.00952148
7,338,-0.00878906,0.010376
7,339,-0.00183105,0.0130615
7,340,0.0205078,0.00622559
7,341,0.0218506,0.00158691
7,342,0.0214844,-0.00354004
7,343,0.0174561,-0.00598145
7,344,0.0162354,-0.00769043
7,345,0.0106201,-0.00854492
7,346,0.0012207,-0.0166016
7,347,-0.0118408,-0.0217285
7,348,0.0227051,-0.0168457
7,349,0.000854492,-0.0270996
7,350,-0.00817871,-0.02771
7,351,-0.0106201,-0.024292
7,352,-0.0179443,-0.0217285
7,353,-0.0179443,-0.00134277
7,354,-0.0115967,0.020752
7,355,0.0152588,0.0267334
7,356,0.0308838,0.0162354
7,357,0.0415039,-0.00268555
7,358,0.0332031,-0.00866699
7,359,0.0368652,-0.0133057
7,360,0.0269775,-0.0167236
7,361,0.0147705,-0.0318604
7,362,-0.00622559,-0.0323486
7,363,0.0125732,-0.0196533
7,364,0.0123291,0.00878906
7,365,-0.0107422,0.0256348
7,366,-0.0198975,0.0253906
7,367,-0.0235596,0.0230713
7,368,-0.0272217,0.0157471
7,369,-0.0148926,-0.00646973
7,370,0.0177002,-0.0108643
7,371,-0.0152588,0.0334473
7,372,-0.00842285,0.0115967
7,373,-0.0172119,0.0166016
7,374,-0.0167236,0.0128174
7,375,-0.0159912,0.0111084
7,376,-0.0167236,0.0102539
7,377,-0.0128174,0.010376
7,378,-0.00427246,0.013916
7,379,0.0187988,0.00720215
7,380,0.0231934,0.00170898
7,381,0.0273438,-0.00195312
7,382,0.0236816,-0.00390625
7,383,0.0229492,-0.00537109
7,384,0.0161133,-0.00634766
7,385,0.00561523,-0.0157471
7,386,-0.0107422,-0.0251465
7,387,0.0175781,-0.015625
7,388,0.012085,-0.0206299
7,389,0.00830078,-0.0198975
7,390,0.00183105,-0.022583
7,391,-0.0111084,-0.012085
7,392,-0.0206299,0.00219727
7,393,-0.00769043,0.0240479
7,394,0.00305176,0.026001
7,395,0.0161133,0.0192871
7,396,0.0162354,0.0111084
7,397,0.0198975,0.0100098
7,398,0.0180664,0.00268555
7,399,0.0216064,-0.0136719
7,400,0.0140381,-0.026001
7,401,0.0200195,-0.00598145
7,402,0.00305176,0.0126953
7,403,-0.0184326,0.0109863
7,404,-0.0224609,0.0057373
7,405,-0.0228271,0.00231934
7,406,-0.0203857,-0.00439453
7,407,-0.00170898,-0.0126953
7,408,0.0157471,0.000244141
7,409,-0.0224609,0.010376
7,410,-0.0098877,0.00268555
7,411,-0.0179443,0.00146484
7,412,-0.0163574,-0.000976562
7,413,-0.0153809,-0.00183105
7,414,-0.0158691,-0.0032959
7,415,-0.0147705,-0.00268555
7,416,-0.012207,0.00378418
7,417,-0.000610352,0.0140381
7,418,0.00756836,0.0123291
7,419,0.0170898,0.0133057
7,420,0.0177002,0.0112305
7,421,0.0187988,0.010498
7,422,0.0157471,0.00671387
7,423,0.0158691,-0.00354004
7,424,0.0114746,-0.0201416
7,425,0.0266113,-0.00720215
7,426,0.0230713,-0.0090332
7,427,0.0201416,-0.0155029
7,428,0.000732422,-0.0167236
7,429,-0.019165,-0.0135498
7,430,-0.024292,0.0129395
7,431,-0.020752,0.0246582
7,432,-0.0090332,0.0308838
7,433,-0.00195312,0.0239258
7,434,0.000732422,0.026123
7,435,0.00622559,0.0181885
7,436,0.022583,0.00646973
7,437,0.0291748,-0.0117188
7,438,0.0198975,0.00842285
7,439,-0.00695801,0.0117188
7,440,-0.0202637,-0.00537109
7,441,-0.0187988,-0.0128174
7,442,-0.0162354,-0.0158691
7,443,-0.00939941,-0.0194092
7,444,0.0090332,-0.0119629
7,445,0.00866699,0.0112305
7,446,-0.0219727,-0.0124512
7,447,-0.00805664,-0.00598145
7,448,-0.012207,-0.0126953
7,449,-0.0098877,-0.0131836
7,450,-0.00878906,-0.0129395
7,451,-0.00842285,-0.0146484
7,452,-0.0098877,-0.0135498
7,453,-0.013916,-0.00671387
7,454,-0.0158691,0.0126953
7,455,-0.00769043,0.0159912
7,456,0.0012207,0.0222168
7,457,0.0045166,0.020874
7,458,0.0065918,0.0212402
7,459,0.0078125,0.0162354
7,460,0.0172119,0.00842285
7,461,0.0264893,-0.0090332
7,462,0.0262451,-0.00292969
7,463,0.0255127,-0.0100098
7,464,0.00671387,-0.0163574
7,465,-0.0142822,-0.0185547
7,466,-0.02771,0.00561523
7,467,-0.0275879,0.019165
7,468,-0.0179443,0.0296631
7,469,-0.00891113,0.0246582
7,470,-0.00683594,0.027832
7,471,0.000732422,0.0211182
7,472,0.0203857,0.0135498
7,473,0.0322266,-0.00378418
7,474,0.0169678,0.0136719
7,475,-0.0106201,0.00964355
7,476,-0.0185547,-0.0113525
7,477,-0.0147705,-0.0183105
7,478,-0.0114746,-0.0206299
7,479,-0.00354004,-0.0219727
7,480,0.012207,-0.00866699
7,481,0.00463867,0.0147705
7,482,-0.0183105,-0.0197754
7,483,-0.00610352,-0.00878906
7,484,-0.0078125,-0.0172119
7,485,-0.00537109,-0.0168457
7,486,-0.00439453,-0.0162354
7,487,-0.00366211,-0.0177002
7,488,-0.00561523,-0.0167236
7,489,-0.0119629,-0.010498
7,490,-0.0198975,0.00854492
7,491,-0.0129395,0.0141602
7,492,-0.00634766,0.0228271
7,493,-0.00244141,0.0224609
7,494,-0.000610352,0.0233154
7,495,0.00219727,0.0185547
7,496,0.0140381,0.0131836
7,497,0.0286865,-0.00231934
7,498,0.0244141,-0.0065918
7,499,0.00842285,-0.0140381
7,500,-0.0101318,-0.0180664
7,501,-0.0252686,0.00183105
7,502,-0.0264893,0.0141602
7,503,-0.0189209,0.0249023
7,504,-0.0102539,0.0213623
7,505,-0.00878906,0.0244141
7,506,-0.00134277,0.0192871
7,507,0.0168457,0.0144043
7,508,0.0292969,-0.000244141
7,509,0.0135498,0.0140381
7,510,-0.0106201,0.00744629
7,511,-0.0153809,-0.012085
7,512,-0.0112305,-0.0179443
7,513,-0.00793457,-0.0195312
7,514,-0.000732422,-0.0198975
7,515,0.0118408,-0.00598145
7,516,0.00244141,0.0142822
7,517,-0.0144043,-0.0198975
7,518,-0.00463867,-0.00866699
7,519,-0.00512695,-0.0167236
7,520,-0.00292969,-0.0161133
7,521,-0.0020752,-0.0155029
7,522,-0.00109863,-0.0167236
7,523,-0.00305176,-0.0157471
7,524,-0.00939941,-0.0107422
7,525,-0.0187988,0.00537109
7,526,-0.0133057,0.0113525
7,527,-0.00866699,0.0201416
7,528,-0.00524902,0.0202637
7,529,-0.00366211,0.0213623
7,530,-0.000488281,0.0172119
7,531,0.010498,0.0135498
7,532,0.0255127,0.000732422
7,533,0.0140381,-0.0119629
7,534,-0.00280762,-0.0211182
7,535,-0.0253906,-0.0065918
7,536,-0.0299072,0.00549316
7,537,-0.0252686,0.0187988
7,538,-0.0158691,0.0179443
7,539,-0.0152588,0.0216064
7,540,-0.00646973,0.0186768
7,541,0.0129395,0.019043
7,542,0.0292969,0.00769043
7,543,0.0090332,0.0178223
7,544,-0.0131836,0.00439453
7,545,-0.0118408,-0.0162354
7,546,-0.00585938,-0.0205078
7,547,-0.0020752,-0.0211182
7,548,0.00524902,-0.0189209
7,549,0.0135498,-0.000854492
7,550,-0.00170898,0.0161133
7,551,-0.00854492,-0.024292
7,552,-0.00195312,-0.0102539
7,553,0,-0.019165
7,554,0.00219727,-0.0178223
7,555,0.00280762,-0.0169678
7,556,0.00427246,-0.0179443
7,557,0.00219727,-0.017334
7,558,-0.00585938,-0.0137939
7,559,-0.0206299,-0.00109863
7,560,-0.0169678,0.00708008
7,561,-0.015625,0.0183105
7,562,-0.0123291,0.0196533
7,563,-0.0112305,0.0213623
7,564,-0.00695801,0.0180664
7,565,0.00512695,0.017334
7,566,0.024292,0.00817871
7,567,0.0153809,-0.0125732
7,568,-0.00720215,-0.0184326
7,569,-0.0150146,-0.0168457
7,570,-0.019043,-0.00915527
7,571,-0.0146484,-0.00366211
7,572,-0.0159912,-0.00219727
7,573,-0.0109863,0.0020752
7,574,-0.00292969,0.0123291
7,575,0.0098877,0.0159912
7,576,-0.00561523,0.0125732
7,577,-0.00878906,-0.00402832
7,578,0.00305176,-0.0111084
7,579,0.00830078,-0.00915527
7,580,0.010376,-0.00708008
7,581,0.0126953,-0.00158691
7,582,0.00732422,0.0114746
7,583,-0.00793457,0.00866699
7,584,0.00927734,-0.013916
7,585,0.00439453,-0.0057373
7,586,0.00964355,-0.010498
7,587,0.010376,-0.0090332
7,588,0.0102539,-0.00830078
7,589,0.0118408,-0.00842285
7,590,0.0114746,-0.00891113
7,591,0.00598145,-0.0106201
7,592,-0.0100098,-0.0155029
7,593,-0.0124512,-0.0078125
7,594,-0.0186768,0.00231934
7,595,-0.0183105,0.00585938
7,596,-0.019043,0.0078125
7,597,-0.0153809,0.00842285
7,598,-0.010376,0.0142822
7,599,0.00427246,0.0172119
7,600,0.0140381,-0.026001
7,601,0.00524902,-0.0372314
7,602,-0.00634766,-0.0386963
7,603,-0.00842285,-0.0275879
7,604,-0.0113525,-0.0289307
7,605,-0.0118408,-0.0179443
7,606,-0.0174561,0
7,607,-0.0118408,0.019043
7,608,-0.0187988,0.00378418
7,609,-0.00219727,-0.0108643
7,610,0.0170898,-0.000976562
7,611,0.0201416,0.00732422
7,612,0.0198975,0.0118408
7,613,0.0163574,0.0192871
7,614,-0.00170898,0.0228271
7,615,-0.0119629,-0.00183105
7,616,0.026001,0.00219727
7,617,0.0098877,0.000732422
7,618,0.0174561,0.00134277
7,619,0.0163574,0.00244141
7,620,0.0155029,0.00268555
7,621,0.0168457,0.00354004
7,622,0.0184326,0.0020752
7,623,0.0174561,-0.00463867
7,624,0.00354004,-0.0290527
7,625,-0.00476074,-0.0230713
7,626,-0.0180664,-0.0152588
7,627,-0.020874,-0.0098877
7,628,-0.0235596,-0.00769043
7,629,-0.0216064,-0.00317383
7,630,-0.0252686,0.00817871
7,631,-0.0184326,0.0224609
7,632,0.0354004,-0.0147705
7,633,0.0262451,-0.0289307
7,634,0.0151367,-0.0253906
7,635,0.0136719,-0.029541
7,636,0.00402832,-0.0240479
7,637,-0.0167236,-0.020752
7,638,-0.0303955,-0.00439453
7,639,-0.0135498,-0.0189209
7,640,0.0114746,-0.00891113
7,641,0.0141602,0.0163574
7,642,0.00842285,0.0238037
7,643,0.00439453,0.0258789
7,644,-0.00439453,0.0263672
7,645,-0.0180664,0.00939941
7,646,-0.00317383,-0.0152588
7,647,0.0159912,0.026123
7,648,0.00500488,0.0109863
7,649,0.00683594,0.0202637
7,650,0.00476074,0.019165
7,651,0.00390625,0.0180664
7,652,0.00341797,0.0192871
7,653,0.00561523,0.0179443
7,654,0.0118408,0.0125732
7,655,0.0230713,-0.010498
7,656,0.0169678,-0.0167236
7,657,0.00964355,-0.0256348
7,658,0.00463867,-0.0251465
7,659,0.00231934,-0.0263672
7,660,-0.00146484,-0.0216064
7,661,-0.0142822,-0.0181885
7,662,-0.0285645,-0.00488281
7,663,0.0541992,-0.017334
7,664,0.0389404,-0.0183105
7,665,0.0410156,-0.0228271
7,666,0.0256348,-0.0216064
7,667,-0.000488281,-0.0272217
7,668,-0.0283203,-0.0167236
7,669,-0.00683594,-0.0241699
7,670,0.0148926,-0.00195312
7,671,0.00317383,0.0253906
7,672,-0.00769043,0.0303955
7,673,-0.0135498,0.0305176
7,674,-0.0234375,0.0264893
7,675,-0.0280762,0.00231934
7,676,0.00500488,-0.015625
7,677,-0.00195312,0.0375977
7,678,-0.00158691,0.0136719
7,679,-0.00366211,0.022583
7,680,-0.0045166,0.0206299
7,681,-0.00463867,0.0194092
7,682,-0.00549316,0.020874
7,683,-0.00183105,0.022583
7,684,0.00805664,0.0209961
7,685,0.0374756,0.000366211
7,686,0.0302734,-0.00817871
7,687,0.0197754,-0.0214844
7,688,0.012207,-0.024292
7,689,0.0090332,-0.0272217
7,690,0.00256348,-0.0249023
7,691,-0.0141602,-0.0294189
7,692,-0.0344238,-0.0216064
7,693,0.0568848,-0.00598145
7,694,0.0631104,-0.0100098
7,695,0.0454102,-0.0137939
7,696,0.0216064,-0.0281982
7,697,-0.0150146,-0.0268555
7,698,0.00537109,-0.0220947
7,699,0.0155029,0.00756836
7,700,-0.0112305,0.0285645
7,701,-0.0252686,0.0291748
7,702,-0.0316162,0.0269775
7,703,-0.039917,0.019165
7,704,-0.0319824,-0.00610352
7,705,0.0137939,-0.0108643
7,706,-0.0240479,0.0408936
7,707,-0.0100098,0.0126953
7,708,-0.0166016,0.0185547
7,709,-0.0151367,0.0162354
7,710,-0.0140381,0.0148926
7,711,-0.0142822,0.0163574
7,712,-0.00866699,0.020874
7,713,0.00244141,0.0241699
7,714,0.0441895,0.0112305
7,715,0.0385742,0.00439453
7,716,0.0266113,-0.00793457
7,717,0.0174561,-0.0135498
7,718,0.0140381,-0.0174561
7,719,0.00622559,-0.019043
7,720,-0.010498,-0.0319824
7,721,-0.0306396,-0.0339355
7,722,0.052002,-0.00280762
7,723,0.0388184,-0.00720215
7,724,0.0231934,-0.0205078
7,725,-0.00537109,-0.0227051
7,726,0.00830078,-0.0147705
7,727,0.0109863,0.00878906
7,728,-0.0133057,0.0213623
7,729,-0.024292,0.0202637
7,730,-0.0288086,0.0179443
7,731,-0.0340576,0.0109863
7,732,-0.0236816,-0.00720215
7,733,0.0129395,-0.00585938
7,734,-0.0245361,0.0300293
7,735,-0.0100098,0.00866699
7,736,-0.0162354,0.0115967
7,737,-0.0144043,0.00976562
7,738,-0.0133057,0.00878906
7,739,-0.0133057,0.00976562
7,740,-0.00854492,0.013916
7,741,-0.000366211,0.0179443
7,742,0.0332031,0.0112305
7,743,0.0297852,0.00720215
7,744,0.0209961,-0.000732422
7,745,0.0141602,-0.00561523
7,746,0.0117188,-0.00854492
7,747,0.00561523,-0.0111084
7,748,-0.00598145,-0.0230713
7,749,-0.0197754,-0.0280762
7,750,0.0447998,-0.0057373
7,751,0.0291748,-0.0214844
7,752,-0.00219727,-0.0257568
7,753,0.0115967,-0.0147705
7,754,0.0115967,0.0112305
7,755,-0.0170898,0.0228271
7,756,-0.0291748,0.020752
7,757,-0.0340576,0.0178223
7,758,-0.0390625,0.00976562
7,759,-0.0255127,-0.00927734
7,760,0.0153809,-0.00500488
7,761,-0.0305176,0.0319824
7,762,-0.0123291,0.00878906
7,763,-0.0197754,0.0111084
7,764,-0.017334,0.00915527
7,765,-0.0158691,0.00817871
7,766,-0.015625,0.00915527
7,767,-0.0102539,0.013916
7,768,-0.00158691,0.019165
7,769,0.0358887,0.013916
7,770,0.0328369,0.0102539
7,771,0.0233154,0.00231934
7,772,0.0158691,-0.0032959
7,773,0.0131836,-0.0065918
7,774,0.0065918,-0.0101318
7,775,-0.00524902,-0.0244141
7,776,-0.0195312,-0.0317383
7,777,0.027832,-0.0134277
7,778,0.0057373,-0.0201416
7,779,0.0129395,-0.00769043
7,780,0.00695801,0.0109863
7,781,-0.0172119,0.0150146
7,782,-0.0258789,0.0117188
7,783,-0.0289307,0.0090332
7,784,-0.0311279,0.00244141
7,785,-0.0170898,-0.00927734
7,786,0.0131836,-0.000732422
7,787,-0.0280762,0.0205078
7,788,-0.0112305,0.00476074
7,789,-0.0175781,0.00476074
7,790,-0.0150146,0.00341797
7,791,-0.0135498,0.00280762
7,792,-0.0130615,0.0032959
7,793,-0.0090332,0.00732422
7,794,-0.00341797,0.0125732
7,795,0.0241699,0.0125732
7,796,0.0230713,0.0114746
7,797,0.0168457,0.00744629
7,798,0.0117188,0.00292969
7,799,0.0100098,0.000610352
7,800,0.00549316,-0.0032959
7,801,-0.0012207,-0.015625
7,802,-0.0090332,-0.0244141
7,803,0.0289307,-0.0148926
7,804,0.0219727,0.0057373
7,805,-0.00231934,0.0144043
7,806,-0.026001,0.00219727
7,807,-0.0297852,-0.00476074
7,808,-0.0297852,-0.00817871
7,809,-0.0258789,-0.0135498
7,810,-0.00427246,-0.0123291
7,811,0.0134277,0.00976562
7,812,-0.0338135,0.00219727
7,813,-0.0128174,-0.00231934
7,814,-0.0186768,-0.00793457
7,815,-0.0147705,-0.00866699
7,816,-0.0128174,-0.00878906
7,817,-0.0115967,-0.00939941
7,818,-0.00927734,-0.00610352
7,819,-0.00939941,0.00134277
7,820,0.00561523,0.0128174
7,821,0.00915527,0.0170898
7,822,0.0078125,0.0213623
7,823,0.00622559,0.0181885
7,824,0.00610352,0.0172119
7,825,0.00463867,0.0109863
7,826,0.00793457,-0.00109863
7,827,0.0137939,-0.0168457
7,828,0.0205078,0.0185547
7,829,-0.0130615,0.0101318
7,830,-0.0239258,-0.0133057
7,831,-0.0203857,-0.0201416
7,832,-0.0168457,-0.0220947
7,833,-0.00817871,-0.0227051
7,834,0.0108643,-0.00720215
7,835,0.00646973,0.0169678
7,836,-0.0219727,-0.0183105
7,837,-0.00756836,-0.00878906
7,838,-0.00878906,-0.0179443
7,839,-0.00524902,-0.0178223
7,840,-0.00378418,-0.017334
7,841,-0.0020752,-0.019043
7,842,-0.00280762,-0.0184326
7,843,-0.00976562,-0.0125732
7,844,-0.0168457,0.00244141
7,845,-0.0107422,0.0114746
7,846,-0.00817871,0.024292
7,847,-0.0057373,0.0247803
7,848,-0.00463867,0.026001
7,849,-0.00158691,0.020874
7,850,0.0111084,0.0158691
7,851,0.0319824,0.00134277
7,852,0.00134277,0.010498
7,853,-0.0167236,0.00280762
7,854,-0.0189209,-0.00280762
7,855,-0.0185547,-0.00561523
7,856,-0.0150146,-0.010498
7,857,0.00146484,-0.0117188
7,858,0.0109863,0.00439453
7,859,-0.0216064,0.00109863
7,860,-0.00915527,-0.000488281
7,861,-0.0150146,-0.0032959
7,862,-0.0126953,-0.00488281
7,863,-0.0114746,-0.00537109
7,864,-0.0109863,-0.00695801
7,865,-0.0100098,-0.00695801
7,866,-0.0106201,-0.00134277
7,867,-0.00488281,0.0119629
7,868,0.00317383,0.0136719
7,869,0.0108643,0.0175781
7,870,0.0119629,0.0157471
7,871,0.0131836,0.0153809
7,872,0.0115967,0.0109863
7,873,0.0152588,0.00170898
7,874,0.0170898,-0.0141602
7,875,0.00622559,0.0107422
7,876,0.00183105,0.012207
7,877,-0.000732422,0.0119629
7,878,-0.00500488,0.00976562
7,879,-0.00854492,-0.00109863
7,880,0.00134277,-0.00842285
7,881,0.000366211,0.0144043
7,882,-0.00134277,0.00561523
7,883,-0.00402832,0.0098877
7,884,-0.00427246,0.00878906
7,885,-0.00415039,0.00830078
7,886,-0.00427246,0.00854492
7,887,-0.00183105,0.00817871
7,888,0.00244141,0.00708008
7,889,0.0114746,0.00280762
7,890,0.0112305,0.000366211
7,891,0.0109863,-0.00341797
7,892,0.00891113,-0.00476074
7,893,0.00842285,-0.00561523
7,894,0.00537109,-0.00537109
7,895,-0.00146484,-0.00793457
7,896,-0.0123291,-0.00756836
7,897,0.0257568,0.00622559
7,898,0.0247803,0.00927734
7,899,0.0200195,0.0137939
7,900,0,0.012085
7,901,-0.012207,-0.00817871
7,902,0.0257568,0.00134277
7,903,0.0090332,0.0020752
7,904,0.0133057,0.00634766
7,905,0.0109863,0.00720215
7,906,0.0098877,0.00744629
7,907,0.0100098,0.00842285
7,908,0.010498,0.00646973
7,909,0.0115967,-0.000610352
7,910,0.00158691,-0.0130615
7,911,-0.00341797,-0.0130615
7,912,-0.00720215,-0.0140381
7,913,-0.00769043,-0.0114746
7,914,-0.00842285,-0.0106201
7,915,-0.0078125,-0.00646973
7,916,-0.0125732,0.00268555
7,917,-0.0174561,0.0161133
7,918,0.0311279,0.00366211
7,919,0.0283203,0.0101318
7,920,0.00683594,0.0145264
7,921,-0.0150146,-0.00500488
7,922,0.0305176,-0.00756836
7,923,0.0112305,-0.00109863
7,924,0.0170898,0.00134277
7,925,0.0145264,0.00292969
7,926,0.0133057,0.00354004
7,927,0.0134277,0.00439453
7,928,0.0129395,0.00170898
7,929,0.0115967,-0.0057373
7,930,-0.00732422,-0.0163574
7,931,-0.0117188,-0.0145264
7,932,-0.0142822,-0.0123291
7,933,-0.0130615,-0.00854492
7,934,-0.0133057,-0.00671387
7,935,-0.0108643,-0.00231934
7,936,-0.0119629,0.00976562
7,937,-0.0119629,0.0238037
7,938,0.0308838,0.00695801
7,939,0.010376,0.0145264
7,940,-0.0152588,-0.00280762
7,941,0.0306396,-0.012085
7,942,0.0114746,-0.00268555
7,943,0.0177002,-0.00146484
7,944,0.0152588,0.000244141
7,945,0.013916,0.000854492
7,946,0.0140381,0.00158691
7,947,0.0129395,-0.0012207
7,948,0.010376,-0.00830078
7,949,-0.012085,-0.0167236
7,950,-0.0157471,-0.0140381
7,951,-0.0168457,-0.0101318
7,952,-0.0146484,-0.00585938
7,953,-0.0145264,-0.00378418
7,954,-0.0112305,0.000488281
7,955,-0.0102539,0.0131836
7,956,-0.00756836,0.0263672
7,957,0.0162354,0.012207
7,958,-0.0135498,0.00158691
7,959,0.0269775,-0.0192871
7,960,0.010376,-0.00561523
7,961,0.0159912,-0.00695801
7,962,0.0140381,-0.00500488
7,963,0.0128174,-0.00415039
7,964,0.0130615,-0.00402832
7,965,0.0109863,-0.0065918
7,966,0.0065918,-0.012085
7,967,-0.0200195,-0.0144043
7,968,-0.0212402,-0.010376
7,969,-0.019165,-0.00390625
7,970,-0.0153809,0.000488281
7,971,-0.0144043,0.00305176
7,972,-0.0100098,0.00622559
7,973,-0.00512695,0.0183105
7,974,0.00170898,0.0275879
7,975,0.00012207,0.00769043
7,976,0.00415039,-0.0196533
7,977,0.00146484,-0.00695801
7,978,0.00109863,-0.0117188
7,979,0.00109863,-0.0109863
7,980,0.000854492,-0.010498
7,981,0.000854492,-0.0114746
7,982,-0.00109863,-0.0126953
7,983,-0.00537109,-0.0114746
7,984,-0.0244141,-0.000244141
7,985,-0.0187988,0.0032959
7,986,-0.0090332,0.0111084
7,987,-0.00378418,0.0133057
7,988,-0.00146484,0.0152588
7,989,0.00170898,0.0145264
7,990,0.010376,0.0179443
7,991,0.0183105,0.0128174
7,992,-0.0147705,0.00891113
7,993,-0.00683594,0.00231934
7,994,-0.0133057,0.00195312
7,995,-0.0123291,0.000244141
7,996,-0.0117188,-0.000366211
7,997,-0.012207,-0.0012207
7,998,-0.0107422,-0.000244141
7,999,-0.00769043,0.00415039
7,1000,0.000976562,0.00964355
7,1001,0.00646973,0.00793457
7,1002,0.0134277,0.00805664
7,1003,0.0137939,0.0065918
7,1004,0.0146484,0.00598145
7,1005,0.012085,0.00378418
7,1006,0.0111084,-0.00280762
7,1007,0.00598145,-0.0131836
7,1008,0.013916,0.00231934
7,1009,0.0213623,0.00695801
7,1010,0.0179443,0.00756836
7,1011,0.0162354,0.00756836
7,1012,0.0161133,0.00805664
7,1013,0.0152588,0.00390625
7,1014,0.0144043,-0.00500488
7,1015,-0.00598145,-0.0258789
7,1016,-0.0106201,-0.0252686
7,1017,-0.0137939,-0.0219727
7,1018,-0.0136719,-0.0159912
7,1019,-0.0145264,-0.0136719
7,1020,-0.0125732,-0.00695801
7,1021,-0.015625,0.00793457
7,1022,-0.0144043,0.0247803
7,1023,0.00939941,0.00109863
7,1024,0.00805664,0.00158691
7,1025,0.00720215,0.00170898
7,1026,0.00695801,0.0020752
7,1027,0.0057373,0.000854492
7,1028,0.00488281,-0.00219727
7,1029,-0.00280762,-0.00878906
7,1030,-0.00549316,-0.0090332
7,1031,-0.00756836,-0.00878906
7,1032,-0.00720215,-0.00683594
7,1033,-0.00756836,-0.00610352
7,1034,-0.00622559,-0.00354004
7,1035,-0.00646973,0.00219727
7,1036,-0.00488281,0.0090332
7,1037,0.0153809,0.0012207
7,1038,0.0142822,0.00158691
7,1039,0.0144043,0.0020752
7,1040,0.012085,0.00012207
7,1041,0.00915527,-0.00488281
7,1042,-0.00354004,-0.0155029
7,1043,-0.00939941,-0.0148926
7,1044,-0.0157471,-0.0145264
7,1045,-0.0157471,-0.0113525
7,1046,-0.0167236,-0.010376
7,1047,-0.0137939,-0.00634766
7,1048,-0.0130615,0.00292969
7,1049,-0.00695801,0.0151367
7,1050,0.0135498,0.000366211
7,1051,0.0141602,0.000732422
7,1052,0.0124512,-0.00109863
7,1053,0.00891113,-0.00561523
7,1054,-0.00292969,-0.0151367
7,1055,-0.00817871,-0.0133057
7,1056,-0.0153809,-0.0115967
7,1057,-0.0157471,-0.00878906
7,1058,-0.0168457,-0.00769043
7,1059,-0.0140381,-0.0045166
7,1060,-0.0129395,0.00366211
7,1061,-0.00537109,0.0146484
7,1062,0.0136719,0.000244141
7,1063,0.0123291,-0.00134277
7,1064,0.00878906,-0.00561523
7,1065,-0.00244141,-0.0145264
7,1066,-0.00744629,-0.012207
7,1067,-0.0146484,-0.0101318
7,1068,-0.0152588,-0.00756836
7,1069,-0.0163574,-0.0065918
7,1070,-0.0136719,-0.00366211
7,1071,-0.0125732,0.00378418
7,1072,-0.0045166,0.0140381
7,1073,0.0145264,-0.0020752
7,1074,0.0102539,-0.00671387
7,1075,-0.00183105,-0.0166016
7,1076,-0.00671387,-0.0129395
7,1077,-0.0155029,-0.00927734
7,1078,-0.0166016,-0.00634766
7,1079,-0.0179443,-0.00524902
7,1080,-0.0153809,-0.00268555
7,1081,-0.0140381,0.00512695
7,1082,-0.00439453,0.0157471
7,1083,0.0128174,-0.00549316
7,1084,0.00305176,-0.0187988
7,1085,-0.00219727,-0.0135498
7,1086,-0.0129395,-0.00854492
7,1087,-0.0153809,-0.00561523
7,1088,-0.017334,-0.0045166
7,1089,-0.015625,-0.0020752
7,1090,-0.0163574,0.00524902
7,1091,-0.0078125,0.0164795
7,1092,0.00976562,-0.0164795
7,1093,0.00366211,-0.0135498
7,1094,-0.00671387,-0.0114746
7,1095,-0.0101318,-0.00915527
7,1096,-0.012207,-0.00854492
7,1097,-0.012207,-0.0057373
7,1098,-0.0164795,0.000366211
7,1099,-0.0147705,0.0118408
7,1100,0.0288086,-0.00378418
7,1101,0.0136719,-0.013916
7,1102,0.00561523,-0.0170898
7,1103,0.00219727,-0.0197754
7,1104,-0.00280762,-0.0189209
7,1105,-0.0158691,-0.0224609
7,1106,-0.0279541,-0.012085
7,1107,0.0206299,-0.00683594
7,1108,0.0141602,-0.00964355
7,1109,0.0119629,-0.0118408
7,1110,0.00598145,-0.012085
7,1111,-0.00549316,-0.0179443
7,1112,-0.0183105,-0.0155029
7,1113,0.0273438,-0.00292969
7,1114,0.027832,-0.00488281
7,1115,0.0214844,-0.00585938
7,1116,0.0133057,-0.013916
7,1117,-0.00402832,-0.020752
7,1118,0.0292969,-0.00170898
7,1119,0.0240479,-0.00292969
7,1120,0.019043,-0.0107422
7,1121,0.00280762,-0.0200195
7,1122,0.0264893,-0.00170898
7,1123,0.0229492,-0.0098877
7,1124,0.00634766,-0.0206299
7,1125,0.022583,-0.00683594
7,1126,0.0100098,-0.0167236
7,1127,0.0255127,-0.0130615
8,0,0.0152588,0.00146484
8,1,0.00817871,0.00146484
8,2,0.00512695,0.000732422
8,3,-0.0045166,-0.000610352
8,4,-0.0012207,-0.000732422
8,5,0,-0.000610352
8,6,0.00134277,0.000976562
8,7,0.00744629,0.000854492
8,8,0.00427246,-0.00195312
8,9,0.000610352,-0.00427246
8,10,-0.000854492,-0.00231934
8,11,-0.00256348,-0.00268555
8,12,-0.00317383,-0.00427246
8,13,-0.00268555,-0.00354004
8,14,-0.000976562,-0.00476074
8,15,0.00549316,0.0020752
8,16,0.000732422,0.00610352
8,17,-0.0057373,0.00976562
8,18,-0.00720215,0.00805664
8,19,-0.00952148,0.00927734
8,20,-0.0107422,0.00671387
8,21,-0.0172119,0.00439453
8,22,-0.0163574,-0.00244141
8,23,-0.019043,-0.00891113
8,24,-0.0161133,-0.0090332
8,25,-0.00866699,-0.0020752
8,26,-0.00634766,0.00305176
8,27,-0.00524902,0.00500488
8,28,-0.00500488,0.010376
8,29,-0.00732422,0.0184326
8,30,-0.00683594,0.0136719
8,31,0.0109863,-0.0124512
8,32,0.00256348,-0.00512695
8,33,-0.00158691,-0.00793457
8,34,-0.00219727,-0.00634766
8,35,-0.0020752,-0.00500488
8,36,-0.00280762,-0.00488281
8,37,-0.00390625,-0.00268555
8,38,-0.00341797,-0.000976562
8,39,-0.0101318,-0.0198975
8,40,-0.00134277,-0.0234375
8,41,0.0078125,-0.0115967
8,42,0.00793457,-0.00170898
8,43,0.00744629,0.00158691
8,44,0.00317383,0.00708008
8,45,-0.00817871,0.0166016
8,46,-0.019043,0.0109863
8,47,0.015625,0.00109863
8,48,0.0136719,0.000732422
8,49,-0.0133057,-0.0012207
8,50,-0.00561523,-0.00134277
8,51,0.00610352,0.00158691
8,52,0.00378418,0.00537109
8,53,0.00744629,0.00805664
8,54,0.00671387,0.00305176
8,55,0.00415039,-0.00280762
8,56,0.00268555,-0.00292969
8,57,0.000976562,-0.00378418
8,58,0.000244141,-0.00622559
8,59,-0.000976562,-0.00708008
8,60,-0.000732422,-0.00842285
8,61,0.00134277,0.00561523
8,62,0.00109863,0.012207
8,63,-0.00134277,0.0179443
8,64,-0.00280762,0.0145264
8,65,-0.0045166,0.0159912
8,66,-0.00598145,0.0111084
8,67,-0.0113525,0.00378418
8,68,-0.0112305,-0.0090332
8,69,-0.0131836,-0.013916
8,70,-0.0151367,-0.0115967
8,71,-0.0130615,-0.00476074
8,72,-0.012085,-0.0012207
8,73,-0.0112305,0.000976562
8,74,-0.0112305,0.00500488
8,75,-0.0112305,0.013916
8,76,-0.00842285,0.0141602
8,77,0.0057373,-0.0109863
8,78,0.000976562,-0.00561523
8,79,-0.00524902,-0.0101318
8,80,-0.00646973,-0.00891113
8,81,-0.00622559,-0.00744629
8,82,-0.00793457,-0.0078125
8,83,-0.00939941,-0.00488281
8,84,-0.00769043,-0.00292969
8,85,-0.00170898,-0.0162354
8,86,0.00720215,-0.0159912
8,87,0.0109863,-0.00280762
8,88,0.00793457,0.00439453
8,89,0.0057373,0.00708008
8,90,0.000488281,0.0090332
8,91,-0.0126953,0.0119629
8,92,-0.0203857,0.000244141
8,93,0.0218506,0
8,94,-0.0217285,-0.000976562
8,95,-0.0100098,-0.00170898
8,96,0.0125732,0.00317383
8,97,0.00634766,0.00964355
8,98,0.00817871,0.0161133
8,99,0.0102539,0.00805664
8,100,0.00854492,-0.00219727
8,101,0.00683594,-0.00488281
8,102,0.00488281,-0.00634766
8,103,0.00390625,-0.00976562
8,104,0.00012207,-0.0115967
8,105,-0.00195312,-0.0118408
8,106,-0.00317383,0.0113525
8,107,0.0012207,0.0195312
8,108,0.0032959,0.0251465
8,109,0.00219727,0.0194092
8,110,0.0012207,0.020874
8,111,-0.000244141,0.0131836
8,112,-0.00427246,0.000244141
8,113,-0.00549316,-0.0177002
8,114,-0.00610352,-0.0196533
8,115,-0.0128174,-0.0140381
8,116,-0.0174561,-0.00720215
8,117,-0.0186768,-0.00524902
8,118,-0.0180664,-0.00305176
8,119,-0.0187988,-0.000976562
8,120,-0.0164795,0.00769043
8,121,-0.0100098,0.0130615
8,122,0.000854492,-0.0065918
8,123,-0.000610352,-0.00500488
8,124,-0.0090332,-0.0106201
8,125,-0.0112305,-0.0101318
8,126,-0.0108643,-0.00891113
8,127,-0.0136719,-0.00952148
8,128,-0.0155029,-0.0065918
8,129,-0.0125732,-0.00427246
8,130,0.00854492,-0.0123291
8,131,0.0189209,-0.00817871
8,132,0.0172119,0.00671387
8,133,0.0101318,0.0111084
8,134,0.00598145,0.0131836
8,135,-0.00134277,0.0108643
8,136,-0.0180664,0.00634766
8,137,-0.0227051,-0.0123291
8,138,-0.0222168,-0.000976562
8,139,-0.010376,-0.00170898
8,140,0.0131836,0.00317383
8,141,0.00598145,0.00964355
8,142,0.00708008,0.0169678
8,143,0.0102539,0.0090332
8,144,0.00927734,-0.00134277
8,145,0.00769043,-0.00463867
8,146,0.00585938,-0.00610352
8,147,0.00500488,-0.00964355
8,148,0.000488281,-0.012085
8,149,-0.00219727,-0.0125732
8,150,-0.00500488,0.0115967
8,151,0.000244141,0.0189209
8,152,0.00354004,0.0235596
8,153,0.00280762,0.0179443
8,154,0.00231934,0.019165
8,155,0.0012207,0.0115967
8,156,-0.00146484,-0.00158691
8,157,-0.00231934,-0.0186768
8,158,-0.00244141,-0.0194092
8,159,-0.010376,-0.0135498
8,160,-0.0168457,-0.00756836
8,161,-0.0186768,-0.00634766
8,162,-0.0181885,-0.00439453
8,163,-0.0192871,-0.00341797
8,164,-0.0163574,0.00415039
8,165,-0.00964355,0.0107422
8,166,-0.000366211,-0.00378418
8,167,-0.00109863,-0.00390625
8,168,-0.00927734,-0.00939941
8,169,-0.0115967,-0.00939941
8,170,-0.0113525,-0.00842285
8,171,-0.0142822,-0.00927734
8,172,-0.0159912,-0.00695801
8,173,-0.0129395,-0.00488281
8,174,0.0111084,-0.0100098
8,175,0.0209961,-0.0045166
8,176,0.0178223,0.00976562
8,177,0.0098877,0.0126953
8,178,0.00561523,0.0141602
8,179,-0.00158691,0.0106201
8,180,-0.0177002,0.00402832
8,181,-0.0205078,-0.0153809
8,182,0.010376,0.00109863
8,183,-0.013916,-0.00268555
8,184,-0.00756836,-0.00915527
8,185,-0.00817871,-0.0157471
8,186,-0.010376,-0.00805664
8,187,-0.00842285,0.00183105
8,188,-0.00671387,0.00476074
8,189,-0.00500488,0.00610352
8,190,-0.00402832,0.00915527
8,191,-0.000244141,0.0111084
8,192,0.00170898,0.0108643
8,193,0.00341797,-0.0115967
8,194,-0.00231934,-0.0185547
8,195,-0.00549316,-0.0230713
8,196,-0.00439453,-0.0175781
8,197,-0.00390625,-0.0187988
8,198,-0.00231934,-0.0114746
8,199,0.000976562,0.00146484
8,200,0.00280762,0.0180664
8,201,0.00256348,0.0189209
8,202,0.00976562,0.0126953
8,203,0.0164795,0.00622559
8,204,0.0185547,0.00512695
8,205,0.0180664,0.00317383
8,206,0.019165,0.00231934
8,207,0.0158691,-0.0045166
8,208,0.00830078,-0.010376
8,209,0.000976562,0.0032959
8,210,0.0012207,0.00366211
8,211,0.00927734,0.00878906
8,212,0.0117188,0.00866699
8,213,0.0112305,0.00769043
8,214,0.0141602,0.00830078
8,215,0.0155029,0.0057373
8,216,0.012207,0.00366211
8,217,-0.0119629,0.0090332
8,218,-0.020752,0.00415039
8,219,-0.017334,-0.00915527
8,220,-0.00976562,-0.0119629
8,221,-0.00561523,-0.0135498
8,222,0.00134277,-0.0101318
8,223,0.0170898,-0.00402832
8,224,0.0203857,0.0142822
8,225,-0.00683594,-0.000732422
8,226,-0.00402832,-0.00415039
8,227,-0.0045166,-0.00708008
8,228,-0.00524902,-0.0032959
8,229,-0.00378418,0.0012207
8,230,-0.00268555,0.00256348
8,231,-0.00195312,0.00305176
8,232,-0.0012207,0.00427246
8,233,0.000610352,0.00488281
8,234,0.00146484,0.00463867
8,235,0.000976562,-0.0057373
8,236,-0.00231934,-0.00866699
8,237,-0.00415039,-0.010498
8,238,-0.0032959,-0.00793457
8,239,-0.00317383,-0.00854492
8,240,-0.0020752,-0.00512695
8,241,-0.00012207,0.000610352
8,242,0.00170898,0.00817871
8,243,0.0012207,0.00830078
8,244,0.00463867,0.00488281
8,245,0.00769043,0.00183105
8,246,0.00866699,0.00146484
8,247,0.00842285,0.000610352
8,248,0.00891113,0.000488281
8,249,0.00683594,-0.00231934
8,250,0.00292969,-0.00500488
8,251,0.00109863,0.0012207
8,252,0.000732422,0.00146484
8,253,0.00463867,0.0032959
8,254,0.0057373,0.00317383
8,255,0.00549316,0.00268555
8,256,0.00695801,0.00280762
8,257,0.00744629,0.00158691
8,258,0.0057373,0.000854492
8,259,-0.00537109,0.00366211
8,260,-0.00927734,0.0020752
8,261,-0.00817871,-0.00366211
8,262,-0.00488281,-0.00488281
8,263,-0.00305176,-0.0057373
8,264,0.00012207,-0.00439453
8,265,0.00720215,-0.00219727
8,266,0.00927734,0.00585938
8,267,0.00854492,0.00476074
8,268,0.00878906,0.00683594
8,269,0.00720215,0.00183105
8,270,0.00305176,-0.00354004
8,271,0.000854492,-0.00500488
8,272,0.00012207,-0.00512695
8,273,-0.00109863,-0.00598145
8,274,-0.00231934,-0.00500488
8,275,-0.00146484,-0.00292969
8,276,0.00244141,0.00744629
8,277,0.00683594,0.0101318
8,278,0.00842285,0.0114746
8,279,0.00622559,0.00854492
8,280,0.00610352,0.00927734
8,281,0.00390625,0.00524902
8,282,0.000244141,-0.00146484
8,283,-0.00317383,-0.010376
8,284,-0.00109863,-0.0102539
8,285,-0.00415039,-0.00463867
8,286,-0.00927734,0.00012207
8,287,-0.0113525,0.000488281
8,288,-0.0109863,0.0012207
8,289,-0.012085,0.000732422
8,290,-0.00830078,0.00231934
8,291,-0.000854492,0.00512695
8,292,-0.00256348,-0.000366211
8,293,-0.00134277,-0.00146484
8,294,-0.00634766,-0.00317383
8,295,-0.00744629,-0.00305176
8,296,-0.00695801,-0.00244141
8,297,-0.00878906,-0.0020752
8,298,-0.00866699,0
8,299,-0.00585938,0.000976562
8,300,0.00830078,-0.00305176
8,301,0.0109863,-0.00244141
8,302,0.00939941,0.00305176
8,303,0.00561523,0.00439453
8,304,0.00366211,0.00561523
8,305,0.000244141,0.00439453
8,306,-0.0078125,0.00256348
8,307,-0.0115967,-0.00585938
8,308,0.0164795,-0.00512695
8,309,0.00695801,-0.00866699
8,310,-0.00378418,-0.00964355
8,311,-0.00769043,-0.0078125
8,312,-0.00842285,-0.00610352
8,313,-0.0108643,-0.00439453
8,314,-0.0090332,0.00134277
8,315,-0.00402832,0.00634766
8,316,0.0137939,0.00415039
8,317,0.0175781,0.00354004
8,318,0.0166016,0.00280762
8,319,0.0112305,0.00256348
8,320,0.0107422,0.00354004
8,321,0.0057373,0.00256348
8,322,-0.00390625,0.00292969
8,323,-0.0131836,-0.00012207
8,324,-0.010498,-0.0012207
8,325,-0.00695801,0.00476074
8,326,-0.00646973,0.0106201
8,327,-0.00708008,0.0118408
8,328,-0.0057373,0.012207
8,329,-0.00598145,0.012085
8,330,0.000244141,0.0108643
8,331,0.00939941,0.00744629
8,332,-0.00292969,-0.00341797
8,333,-0.00195312,-0.0012207
8,334,-0.00610352,0.00146484
8,335,-0.00610352,0.00292969
8,336,-0.00512695,0.00354004
8,337,-0.00646973,0.00561523
8,338,-0.00427246,0.0090332
8,339,-0.000976562,0.0090332
8,340,-0.00292969,-0.00268555
8,341,-0.00427246,-0.0118408
8,342,0.00268555,-0.0119629
8,343,0.00524902,-0.00732422
8,344,0.00634766,-0.00439453
8,345,0.00561523,0.000610352
8,346,0.0020752,0.0113525
8,347,-0.010498,0.013916
8,348,0.0201416,-0.0126953
8,349,0.00244141,-0.0206299
8,350,-0.00610352,-0.0200195
8,351,-0.0098877,-0.0174561
8,352,-0.0163574,-0.0170898
8,353,-0.0211182,-0.00598145
8,354,-0.0201416,0.00488281
8,355,0.0205078,0.0158691
8,356,0.0256348,0.0129395
8,357,0.0250244,0.00683594
8,358,0.0163574,0.00415039
8,359,0.0148926,0.00439453
8,360,0.00622559,0.0020752
8,361,-0.0145264,0.000488281
8,362,-0.0317383,-0.00488281
8,363,-0.0290527,-0.00488281
8,364,-0.0230713,0.00610352
8,365,-0.0180664,0.0172119
8,366,-0.0172119,0.020874
8,367,-0.0148926,0.0223389
8,368,-0.0137939,0.0245361
8,369,-0.00427246,0.0285645
8,370,0.0098877,0.0250244
8,371,0.00390625,-0.00805664
8,372,-0.00183105,-0.00231934
8,373,-0.010376,0.00280762
8,374,-0.0111084,0.00610352
8,375,-0.010376,0.00720215
8,376,-0.0131836,0.010376
8,377,-0.0124512,0.0161133
8,378,-0.00927734,0.0172119
8,379,-0.0181885,-0.0203857
8,380,-0.00524902,-0.0404053
8,381,0.0180664,-0.0301514
8,382,0.0212402,-0.0135498
8,383,0.0218506,-0.0057373
8,384,0.0145264,0.00744629
8,385,-0.00390625,0.0330811
8,386,-0.0356445,0.0296631
8,387,0.0106201,-0.0115967
8,388,0.00524902,-0.0146484
8,389,0.00183105,-0.0144043
8,390,-0.00244141,-0.0169678
8,391,-0.0109863,-0.0123291
8,392,-0.0162354,-0.00549316
8,393,0.00463867,0.0179443
8,394,0.00927734,0.0170898
8,395,0.0124512,0.0124512
8,396,0.00854492,0.00744629
8,397,0.00805664,0.00683594
8,398,0.00378418,0.00244141
8,399,-0.00805664,-0.00622559
8,400,-0.0169678,-0.0150146
8,401,-0.0161133,-0.0133057
8,402,-0.0169678,-0.00415039
8,403,-0.0178223,0.00402832
8,404,-0.0184326,0.00646973
8,405,-0.0174561,0.00817871
8,406,-0.0174561,0.00964355
8,407,-0.0125732,0.0152588
8,408,-0.00292969,0.0184326
8,409,0.00524902,-0.00183105
8,410,-0.000732422,-0.0012207
8,411,-0.00817871,-0.000488281
8,412,-0.0101318,0.000976562
8,413,-0.0101318,0.00170898
8,414,-0.0130615,0.00231934
8,415,-0.0147705,0.00561523
8,416,-0.0133057,0.00708008
8,417,-0.00463867,-0.0196533
8,418,0.0125732,-0.0268555
8,419,0.0244141,-0.0114746
8,420,0.0200195,0.00012207
8,421,0.0174561,0.00512695
8,422,0.00744629,0.0102539
8,423,-0.0141602,0.019043
8,424,-0.0327148,0.0045166
8,425,0.0144043,-0.00549316
8,426,0.012207,-0.00769043
8,427,0.0112305,-0.0119629
8,428,0.00170898,-0.0145264
8,429,-0.00793457,-0.0136719
8,430,-0.0112305,0.0136719
8,431,-0.00842285,0.0152588
8,432,-0.00244141,0.0135498
8,433,-0.000976562,0.00830078
8,434,-0.000732422,0.00720215
8,435,0.00012207,0.00244141
8,436,-0.000610352,-0.0098877
8,437,0.000244141,-0.019165
8,438,-0.00134277,-0.0172119
8,439,-0.00769043,-0.0128174
8,440,-0.0125732,-0.00952148
8,441,-0.0140381,-0.00878906
8,442,-0.0147705,-0.00708008
8,443,-0.0155029,-0.00622559
8,444,-0.0164795,0.000244141
8,445,-0.0140381,0.00842285
8,446,0.00524902,0.0032959
8,447,0.000488281,-0.000488281
8,448,-0.00390625,-0.00439453
8,449,-0.00598145,-0.00476074
8,450,-0.00671387,-0.0045166
8,451,-0.00866699,-0.00634766
8,452,-0.012207,-0.00610352
8,453,-0.0130615,-0.0045166
8,454,0.00769043,-0.0151367
8,455,0.0245361,-0.00854492
8,456,0.0227051,0.00830078
8,457,0.0125732,0.0128174
8,458,0.00793457,0.013916
8,459,-0.00158691,0.0107422
8,460,-0.0202637,0.0020752
8,461,-0.0219727,-0.0185547
8,462,0.0147705,-0.00280762
8,463,0.0153809,-0.00744629
8,464,0.00708008,-0.0131836
8,465,-0.00305176,-0.0155029
8,466,-0.0164795,0.00952148
8,467,-0.0144043,0.0118408
8,468,-0.00732422,0.012207
8,469,-0.00366211,0.00756836
8,470,-0.00268555,0.00683594
8,471,-0.00012207,0.00280762
8,472,0.00402832,-0.00842285
8,473,0.00793457,-0.0163574
8,474,0.00415039,-0.0140381
8,475,-0.00341797,-0.0126953
8,476,-0.00878906,-0.0129395
8,477,-0.00976562,-0.0130615
8,478,-0.0108643,-0.0119629
8,479,-0.0111084,-0.0115967
8,480,-0.0133057,-0.00585938
8,481,-0.0148926,0.00317383
8,482,0.00244141,0.00439453
8,483,0,-0.00012207
8,484,-0.00280762,-0.00500488
8,485,-0.0045166,-0.00610352
8,486,-0.00512695,-0.00622559
8,487,-0.00634766,-0.00878906
8,488,-0.00964355,-0.0098877
8,489,-0.0111084,-0.00854492
8,490,0.0107422,-0.00976562
8,491,0.0241699,0.00195312
8,492,0.0177002,0.0162354
8,493,0.00756836,0.0166016
8,494,0.00292969,0.0157471
8,495,-0.00439453,0.00927734
8,496,-0.0179443,-0.00488281
8,497,-0.0126953,-0.0239258
8,498,0.0157471,-0.00390625
8,499,0.00939941,-0.010376
8,500,0.000732422,-0.0136719
8,501,-0.0169678,0.00585938
8,502,-0.0155029,0.00842285
8,503,-0.00915527,0.00976562
8,504,-0.00488281,0.00622559
8,505,-0.00390625,0.00549316
8,506,-0.000610352,0.00219727
8,507,0.00585938,-0.0078125
8,508,0.0114746,-0.0142822
8,509,0.00830078,-0.0125732
8,510,0.000976562,-0.0125732
8,511,-0.00488281,-0.013916
8,512,-0.00622559,-0.0145264
8,513,-0.00769043,-0.0136719
8,514,-0.00830078,-0.0137939
8,515,-0.0118408,-0.00976562
8,516,-0.0146484,-0.00158691
8,517,0.00146484,0.00549316
8,518,0.000244141,0.000244141
8,519,-0.000854492,-0.00476074
8,520,-0.00231934,-0.00622559
8,521,-0.00280762,-0.00646973
8,522,-0.00366211,-0.00915527
8,523,-0.00646973,-0.0107422
8,524,-0.00817871,-0.0098877
8,525,0.0135498,-0.00537109
8,526,0.0229492,0.00805664
8,527,0.0128174,0.0187988
8,528,0.00305176,0.0164795
8,529,-0.00109863,0.0145264
8,530,-0.0065918,0.00671387
8,531,-0.0157471,-0.0101318
8,532,-0.00610352,-0.0263672
8,533,0.0140381,-0.0090332
8,534,0.00610352,-0.0150146
8,535,-0.0206299,0.00195312
8,536,-0.0202637,0.00500488
8,537,-0.0140381,0.0078125
8,538,-0.00805664,0.00500488
8,539,-0.00695801,0.00439453
8,540,-0.00195312,0.00158691
8,541,0.00817871,-0.00793457
8,542,0.0170898,-0.0136719
8,543,0.0133057,-0.0130615
8,544,0.00524902,-0.0152588
8,545,-0.00146484,-0.0178223
8,546,-0.00317383,-0.0186768
8,547,-0.00500488,-0.0178223
8,548,-0.00610352,-0.0180664
8,549,-0.0119629,-0.0145264
8,550,-0.0172119,-0.00634766
8,551,0.000976562,0.00695801
8,552,0.000732422,0.000366211
8,553,0.00109863,-0.00622559
8,554,-0.000244141,-0.00830078
8,555,-0.000854492,-0.00866699
8,556,-0.000976562,-0.0118408
8,557,-0.00378418,-0.0144043
8,558,-0.00598145,-0.0137939
8,559,0.0184326,-0.00292969
8,560,0.0250244,0.0155029
8,561,0.00927734,0.0256348
8,562,-0.00158691,0.0201416
8,563,-0.00610352,0.0168457
8,564,-0.0101318,0.00610352
8,565,-0.0163574,-0.0162354
8,566,-0.000366211,-0.0323486
8,567,0.0158691,-0.00842285
8,568,-0.0151367,-0.00878906
8,569,-0.017334,-0.00500488
8,570,-0.015625,0.00109863
8,571,-0.0101318,0.00170898
8,572,-0.00939941,0.00183105
8,573,-0.00415039,0.00134277
8,574,0.00830078,-0.00219727
8,575,0.0196533,-0.00402832
8,576,0.0172119,-0.00622559
8,577,0.0123291,-0.012207
8,578,0.00732422,-0.0159912
8,579,0.0057373,-0.0169678
8,580,0.00378418,-0.0169678
8,581,0.00219727,-0.017334
8,582,-0.00537109,-0.017334
8,583,-0.0125732,-0.013916
8,584,-0.00109863,0.00500488
8,585,0.00146484,-0.00012207
8,586,0.00488281,-0.00646973
8,587,0.00488281,-0.00854492
8,588,0.00463867,-0.00891113
8,589,0.0057373,-0.0113525
8,590,0.00488281,-0.0142822
8,591,0.0032959,-0.0144043
8,592,0.0195312,0.00561523
8,593,0.0144043,0.0240479
8,594,-0.00549316,0.0250244
8,595,-0.0124512,0.0153809
8,596,-0.0147705,0.010498
8,597,-0.0129395,-0.00012207
8,598,-0.0078125,-0.0219727
8,599,0.0137939,-0.0275879
8,600,-0.00488281,-0.0162354
8,601,-0.00976562,-0.012085
8,602,-0.0141602,-0.00427246
8,603,-0.0106201,-0.0012207
8,604,-0.0107422,-0.000488281
8,605,-0.00646973,0.000488281
8,606,0.00512695,0.00158691
8,607,0.0170898,0.00244141
8,608,0.0183105,-0.00280762
8,609,0.0178223,-0.0101318
8,610,0.013916,-0.0119629
8,611,0.0117188,-0.012085
8,612,0.00976562,-0.0126953
8,613,0.00683594,-0.0129395
8,614,-0.00231934,-0.0168457
8,615,-0.00805664,-0.019043
8,616,-0.000854492,0.00280762
8,617,0.00280762,-0.000488281
8,618,0.00854492,-0.00610352
8,619,0.00927734,-0.0078125
8,620,0.00915527,-0.0078125
8,621,0.0111084,-0.00915527
8,622,0.012085,-0.0115967
8,623,0.0117188,-0.0123291
8,624,0.0211182,0.0106201
8,625,0.00537109,0.0263672
8,626,-0.0168457,0.0195312
8,627,-0.0200195,0.00805664
8,628,-0.0205078,0.00292969
8,629,-0.0142822,-0.00598145
8,630,-0.00146484,-0.024292
8,631,0.0216064,-0.0202637
8,632,0.026001,-0.00280762
8,633,0.0172119,-0.00537109
8,634,0.00878906,-0.00366211
8,635,0.00732422,-0.00292969
8,636,0.000488281,-0.00134277
8,637,-0.0130615,0.0057373
8,638,-0.022583,0.00939941
8,639,-0.0169678,0.00720215
8,640,-0.00585938,0.0118408
8,641,0.000244141,0.0184326
8,642,0.000976562,0.0212402
8,643,0.00256348,0.0203857
8,644,0.00219727,0.0213623
8,645,0.00610352,0.0170898
8,646,0.0144043,0.00732422
8,647,0.00292969,-0.00720215
8,648,0.000732422,-0.000732422
8,649,0,0.0057373
8,650,0.000854492,0.00854492
8,651,0.00134277,0.00927734
8,652,0.00146484,0.0126953
8,653,0.00390625,0.0163574
8,654,0.00671387,0.0158691
8,655,-0.0137939,-0.00366211
8,656,-0.0196533,-0.022583
8,657,-0.00500488,-0.0303955
8,658,0.00354004,-0.0229492
8,659,0.00732422,-0.0185547
8,660,0.00915527,-0.00646973
8,661,0.0112305,0.0164795
8,662,-0.00720215,0.0313721
8,663,0.0303955,-0.00219727
8,664,0.0206299,-0.000610352
8,665,0.0202637,0.000366211
8,666,0.0102539,0.00158691
8,667,-0.0078125,0.00732422
8,668,-0.0258789,0.0078125
8,669,-0.022583,0.00646973
8,670,-0.0135498,0.0141602
8,671,-0.00671387,0.0219727
8,672,-0.00537109,0.0241699
8,673,-0.00305176,0.0239258
8,674,-0.00183105,0.0249023
8,675,0.00671387,0.022583
8,676,0.0170898,0.0137939
8,677,-0.00390625,-0.00732422
8,678,-0.00280762,-0.00146484
8,679,-0.00744629,0.0065918
8,680,-0.00671387,0.0101318
8,681,-0.00549316,0.0106201
8,682,-0.00646973,0.0146484
8,683,-0.00317383,0.0194092
8,684,0.000976562,0.0179443
8,685,-0.0146484,-0.00720215
8,686,-0.0170898,-0.0262451
8,687,-0.000366211,-0.0296631
8,688,0.00756836,-0.0203857
8,689,0.0107422,-0.0145264
8,690,0.0107422,-0.00219727
8,691,0.00769043,0.0229492
8,692,-0.0153809,0.0335693
8,693,0.0296631,0.00109863
8,694,0.0311279,0.0020752
8,695,0.0198975,0.00317383
8,696,0.000854492,0.00683594
8,697,-0.0231934,0.00500488
8,698,-0.0246582,0.00622559
8,699,-0.019165,0.0150146
8,700,-0.0125732,0.0214844
8,701,-0.010376,0.022583
8,702,-0.00769043,0.0227051
8,703,-0.00476074,0.0231934
8,704,0.00720215,0.0230713
8,705,0.0168457,0.0172119
8,706,-0.0109863,-0.0045166
8,707,-0.0065918,-0.0012207
8,708,-0.0142822,0.00769043
8,709,-0.0136719,0.0109863
8,710,-0.0118408,0.0109863
8,711,-0.0136719,0.0146484
8,712,-0.0100098,0.019043
8,713,-0.00585938,0.0167236
8,714,-0.0137939,-0.0102539
8,715,-0.010498,-0.0251465
8,716,0.00598145,-0.022583
8,717,0.0114746,-0.0128174
8,718,0.0133057,-0.00683594
8,719,0.0111084,0.00292969
8,720,0.00280762,0.0249023
8,721,-0.020874,0.0290527
8,722,0.0257568,0.000610352
8,723,0.0178223,0.00195312
8,724,0.00488281,0.00500488
8,725,-0.0141602,0.00427246
8,726,-0.0167236,0.00610352
8,727,-0.013916,0.012207
8,728,-0.00939941,0.0153809
8,729,-0.00756836,0.0153809
8,730,-0.00549316,0.0153809
8,731,-0.00256348,0.0152588
8,732,0.00732422,0.0151367
8,733,0.0131836,0.0119629
8,734,-0.0114746,-0.00146484
8,735,-0.00634766,-0.000488281
8,736,-0.012207,0.00622559
8,737,-0.0115967,0.00830078
8,738,-0.0098877,0.00793457
8,739,-0.0112305,0.010498
8,740,-0.00817871,0.0133057
8,741,-0.00537109,0.0113525
8,742,-0.00964355,-0.0057373
8,743,-0.00708008,-0.0145264
8,744,0.00402832,-0.012207
8,745,0.0078125,-0.00634766
8,746,0.0090332,-0.00244141
8,747,0.00793457,0.00317383
8,748,0.00244141,0.0172119
8,749,-0.0134277,0.0195312
8,750,0.0200195,0.00158691
8,751,0.00769043,0.00488281
8,752,-0.012085,0.00488281
8,753,-0.0153809,0.00756836
8,754,-0.0129395,0.0135498
8,755,-0.00878906,0.0157471
8,756,-0.00695801,0.0152588
8,757,-0.00500488,0.0150146
8,758,-0.00195312,0.0142822
8,759,0.00854492,0.0133057
8,760,0.0140381,0.010376
8,761,-0.0134277,0
8,762,-0.00720215,0.00012207
8,763,-0.0130615,0.00756836
8,764,-0.0123291,0.00939941
8,765,-0.0106201,0.00878906
8,766,-0.0117188,0.0113525
8,767,-0.00842285,0.0136719
8,768,-0.00549316,0.0111084
8,769,-0.00854492,-0.00427246
8,770,-0.00634766,-0.0119629
8,771,0.00402832,-0.010376
8,772,0.00756836,-0.00561523
8,773,0.00878906,-0.0020752
8,774,0.0078125,0.00256348
8,775,0.00341797,0.0155029
8,776,-0.0113525,0.0183105
8,777,0.0106201,0.00268555
8,778,-0.0020752,0.00390625
8,779,-0.00488281,0.00756836
8,780,-0.00500488,0.0108643
8,781,-0.00415039,0.00952148
8,782,-0.0032959,0.00756836
8,783,-0.00219727,0.00708008
8,784,0.000244141,0.00512695
8,785,0.00817871,0.0032959
8,786,0.0106201,0.00341797
8,787,-0.0126953,0.00317383
8,788,-0.00598145,0.00109863
8,789,-0.00927734,0.00598145
8,790,-0.00854492,0.00646973
8,791,-0.00720215,0.00561523
8,792,-0.0078125,0.00695801
8,793,-0.00512695,0.00769043
8,794,-0.00354004,0.00585938
8,795,-0.00341797,0.00256348
8,796,-0.00341797,0.00012207
8,797,0.000976562,-0.000732422
8,798,0.00305176,-0.000488281
8,799,0.00378418,0.000610352
8,800,0.00439453,0.0012207
8,801,0.00427246,0.00585938
8,802,-0.00170898,0.00793457
8,803,0.0222168,0.00500488
8,804,0.0198975,0.0109863
8,805,0.0141602,0.00830078
8,806,0.00805664,-0.00170898
8,807,0.00695801,-0.00732422
8,808,0.00646973,-0.00915527
8,809,0.00769043,-0.0144043
8,810,0.0111084,-0.0203857
8,811,0.0065918,-0.0150146
8,812,-0.0155029,0.0107422
8,813,-0.00476074,0.00378418
8,814,-0.00231934,0.00476074
8,815,-0.0012207,0.00231934
8,816,-0.000610352,0.000732422
8,817,0.000366211,-0.00012207
8,818,0.00244141,-0.00317383
8,819,0.00231934,-0.00476074
8,820,0.0100098,0.0218506
8,821,0.000976562,0.0311279
8,822,-0.00976562,0.0211182
8,823,-0.0098877,0.00878906
8,824,-0.00939941,0.00415039
8,825,-0.00378418,-0.00476074
8,826,0.0098877,-0.0184326
8,827,0.0253906,-0.0141602
8,828,0.0407715,0.00561523
8,829,0.0306396,-0.0020752
8,830,0.017334,-0.0164795
8,831,0.0137939,-0.0234375
8,832,0.0111084,-0.0256348
8,833,0.00952148,-0.0322266
8,834,0.00488281,-0.0395508
8,835,-0.00488281,-0.0291748
8,836,-0.00939941,0.0142822
8,837,0.00012207,0.00463867
8,838,0.00817871,-0.000610352
8,839,0.00878906,-0.00524902
8,840,0.0078125,-0.00671387
8,841,0.0100098,-0.0101318
8,842,0.00964355,-0.0157471
8,843,0.00744629,-0.0158691
8,844,0.0245361,0.0323486
8,845,0.0098877,0.052002
8,846,-0.0158691,0.0375977
8,847,-0.0203857,0.0166016
8,848,-0.0212402,0.00732422
8,849,-0.0135498,-0.00891113
8,850,0.00744629,-0.0396729
8,851,0.041748,-0.0377197
8,852,0.0394287,-0.00512695
8,853,0.0209961,-0.0163574
8,854,0.0141602,-0.0231934
8,855,0.0106201,-0.026001
8,856,0.0057373,-0.0335693
8,857,-0.00158691,-0.045166
8,858,-0.00671387,-0.034668
8,859,-0.00500488,0.0186768
8,860,0.00280762,0.00634766
8,861,0.0131836,0.000854492
8,862,0.0130615,-0.00415039
8,863,0.0113525,-0.00524902
8,864,0.0134277,-0.00842285
8,865,0.0124512,-0.0141602
8,866,0.010498,-0.0141602
8,867,0.0332031,0.0356445
8,868,0.0150146,0.0540771
8,869,-0.0148926,0.0360107
8,870,-0.0214844,0.0134277
8,871,-0.0228271,0.00366211
8,872,-0.0155029,-0.0126953
8,873,0.00622559,-0.0465088
8,874,0.0424805,-0.0440674
8,875,0.0250244,-0.00866699
8,876,0.019043,-0.0134277
8,877,0.0157471,-0.0167236
8,878,0.0107422,-0.0230713
8,879,0.00317383,-0.0374756
8,880,-0.000488281,-0.0338135
8,881,-0.00268555,0.0166016
8,882,0.00341797,0.00646973
8,883,0.0151367,0.0045166
8,884,0.0158691,0.000610352
8,885,0.0145264,-0.000366211
8,886,0.0174561,-0.0020752
8,887,0.0180664,-0.00708008
8,888,0.0161133,-0.00817871
8,889,0.0256348,0.0321045
8,890,0.00415039,0.0443115
8,891,-0.0200195,0.0228271
8,892,-0.0223389,0.00354004
8,893,-0.0214844,-0.00476074
8,894,-0.0123291,-0.0159912
8,895,0.0123291,-0.0401611
8,896,0.0415039,-0.0288086
8,897,0.0231934,-0.00305176
8,898,0.0217285,-0.00610352
8,899,0.0202637,-0.00939941
8,900,0.0148926,-0.0205078
8,901,0.00732422,-0.024292
8,902,-0.00354004,0.00744629
8,903,0.00170898,0.00415039
8,904,0.0123291,0.00610352
8,905,0.0145264,0.00390625
8,906,0.013916,0.00305176
8,907,0.0177002,0.00268555
8,908,0.0198975,-0.0012207
8,909,0.0178223,-0.00341797
8,910,0.0045166,0.0244141
8,911,-0.0161133,0.0283203
8,912,-0.0268555,0.00695801
8,913,-0.0213623,-0.00585938
8,914,-0.0174561,-0.0113525
8,915,-0.00598145,-0.0151367
8,916,0.0202637,-0.0228271
8,917,0.0386963,-0.00292969
8,918,0.024292,-0.00292969
8,919,0.0250244,-0.00524902
8,920,0.0216064,-0.0141602
8,921,0.0113525,-0.0198975
8,922,-0.0057373,0.00268555
8,923,0.000366211,0.00305176
8,924,0.0102539,0.00634766
8,925,0.0131836,0.00476074
8,926,0.0130615,0.00378418
8,927,0.0169678,0.00366211
8,928,0.0197754,0.000244141
8,929,0.0178223,-0.00219727
8,930,-0.00622559,0.0234375
8,931,-0.026123,0.0236816
8,932,-0.0306396,0.00170898
8,933,-0.0211182,-0.0090332
8,934,-0.0158691,-0.0135498
8,935,-0.00305176,-0.0146484
8,936,0.0249023,-0.0157471
8,937,0.0396729,0.00793457
8,938,0.026001,-0.00244141
8,939,0.0245361,-0.0107422
8,940,0.0144043,-0.0172119
8,941,-0.00695801,0.00109863
8,942,-0.000488281,0.00268555
8,943,0.00830078,0.00708008
8,944,0.0114746,0.00585938
8,945,0.0115967,0.00488281
8,946,0.0153809,0.00537109
8,947,0.0186768,0.00219727
8,948,0.0170898,-0.00012207
8,949,-0.0107422,0.0231934
8,950,-0.0300293,0.0206299
8,951,-0.0307617,-0.00158691
8,952,-0.0194092,-0.0109863
8,953,-0.0135498,-0.0147705
8,954,-0.000610352,-0.0142822
8,955,0.0273438,-0.0112305
8,956,0.0388184,0.013916
8,957,0.0321045,-0.00646973
8,958,0.0197754,-0.0128174
8,959,-0.0109863,-0.00244141
8,960,-0.00256348,0.00183105
8,961,0.00537109,0.00756836
8,962,0.00939941,0.00671387
8,963,0.0098877,0.00561523
8,964,0.013916,0.00622559
8,965,0.0178223,0.00378418
8,966,0.0163574,0.00158691
8,967,-0.0203857,0.0251465
8,968,-0.0393066,0.0189209
8,969,-0.0343018,-0.00463867
8,970,-0.019043,-0.0130615
8,971,-0.0119629,-0.0162354
8,972,0.00268555,-0.0136719
8,973,0.0328369,-0.00500488
8,974,0.0408936,0.0234375
8,975,0.0344238,-0.00549316
8,976,-0.0200195,-0.00524902
8,977,-0.00720215,0.0020752
8,978,-0.00280762,0.0119629
8,979,0.0020752,0.0118408
8,980,0.00354004,0.010376
8,981,0.00671387,0.0123291
8,982,0.0125732,0.0117188
8,983,0.0129395,0.00964355
8,984,-0.0341797,0.0314941
8,985,-0.0523682,0.0153809
8,986,-0.0351562,-0.012207
8,987,-0.0135498,-0.0187988
8,988,-0.00402832,-0.0200195
8,989,0.012207,-0.0135498
8,990,0.0450439,0.00695801
8,991,0.0424805,0.0408936
8,992,-0.0167236,-0.00354004
8,993,-0.00683594,0.00231934
8,994,-0.00610352,0.0125732
8,995,-0.00244141,0.0131836
8,996,-0.000976562,0.0123291
8,997,0.000488281,0.0152588
8,998,0.00646973,0.0168457
8,999,0.00878906,0.0153809
8,1000,-0.0286865,0.0240479
8,1001,-0.0422363,0.00390625
8,1002,-0.0223389,-0.0185547
8,1003,-0.00415039,-0.0203857
8,1004,0.00402832,-0.0194092
8,1005,0.0152588,-0.0107422
8,1006,0.0378418,0.0128174
8,1007,0.0256348,0.0407715
8,1008,0.0065918,-0.000610352
8,1009,0.00708008,-0.00415039
8,1010,0.00488281,-0.00341797
8,1011,0.00341797,-0.00256348
8,1012,0.00268555,-0.00317383
8,1013,-0.000976562,-0.00317383
8,1014,-0.00244141,-0.00183105
8,1015,0.0065918,-0.0200195
8,1016,0.0166016,-0.0186768
8,1017,0.0152588,-0.00695801
8,1018,0.00805664,0.000244141
8,1019,0.00500488,0.0020752
8,1020,-0.00268555,0.00402832
8,1021,-0.0178223,0.00244141
8,1022,-0.0214844,-0.00854492
8,1023,0.00488281,-0.00195312
8,1024,0.00415039,-0.00195312
8,1025,0.00341797,-0.00158691
8,1026,0.00354004,-0.0020752
8,1027,0.0020752,-0.00244141
8,1028,0.00134277,-0.00195312
8,1029,0.00537109,-0.00317383
8,1030,0.0057373,-0.00146484
8,1031,0.00170898,-0.000244141
8,1032,-0.000854492,-0.00012207
8,1033,-0.00195312,-0.000366211
8,1034,-0.0032959,-0.000854492
8,1035,-0.00537109,-0.00427246
8,1036,-0.00268555,-0.0065918
8,1037,0.012207,-0.000976562
8,1038,0.0109863,-0.000854492
8,1039,0.0125732,-0.00183105
8,1040,0.0112305,-0.00378418
8,1041,0.00878906,-0.00390625
8,1042,0.00817871,0.00732422
8,1043,0.000366211,0.0107422
8,1044,-0.00939941,0.0032959
8,1045,-0.010498,-0.0020752
8,1046,-0.0102539,-0.00488281
8,1047,-0.00708008,-0.00708008
8,1048,0.00109863,-0.0151367
8,1049,0.0126953,-0.010376
8,1050,0.012085,0
8,1051,0.0141602,-0.000610352
8,1052,0.0135498,-0.00256348
8,1053,0.0109863,-0.00292969
8,1054,0.00476074,0.0101318
8,1055,-0.00561523,0.0123291
8,1056,-0.0141602,0.00219727
8,1057,-0.0129395,-0.00402832
8,1058,-0.0117188,-0.00695801
8,1059,-0.00646973,-0.00842285
8,1060,0.00585938,-0.0145264
8,1061,0.0177002,-0.0057373
8,1062,0.0133057,-0.000610352
8,1063,0.0131836,-0.00231934
8,1064,0.0109863,-0.00268555
8,1065,0.00354004,0.0101318
8,1066,-0.00708008,0.012085
8,1067,-0.0148926,0.00195312
8,1068,-0.0129395,-0.00402832
8,1069,-0.0114746,-0.00671387
8,1070,-0.00585938,-0.00805664
8,1071,0.0065918,-0.0130615
8,1072,0.0174561,-0.00366211
8,1073,0.0163574,-0.00231934
8,1074,0.0137939,-0.00317383
8,1075,0.00280762,0.0130615
8,1076,-0.0107422,0.0155029
8,1077,-0.0192871,0.00244141
8,1078,-0.0162354,-0.00500488
8,1079,-0.013916,-0.00842285
8,1080,-0.00646973,-0.0100098
8,1081,0.0101318,-0.0153809
8,1082,0.0234375,-0.00256348
8,1083,0.0163574,-0.00146484
8,1084,-0.00012207,0.0166016
8,1085,-0.0172119,0.0174561
8,1086,-0.0240479,0.000976562
8,1087,-0.0183105,-0.00732422
8,1088,-0.0145264,-0.0108643
8,1089,-0.00476074,-0.0117188
8,1090,0.0163574,-0.0142822
8,1091,0.0288086,0.00366211
8,1092,-0.000366211,0.0167236
8,1093,-0.0180664,0.0158691
8,1094,-0.0234375,-0.000976562
8,1095,-0.0169678,-0.00866699
8,1096,-0.0130615,-0.0118408
8,1097,-0.0032959,-0.0118408
8,1098,0.0170898,-0.012085
8,1099,0.0273438,0.00646973
8,1100,0.0548096,0.0305176
8,1101,0.0148926,0.0389404
8,1102,-0.00756836,0.0258789
8,1103,-0.0157471,0.0196533
8,1104,-0.0223389,0.000854492
8,1105,-0.0310059,-0.0410156
8,1106,-0.0020752,-0.0633545
8,1107,0.0476074,0.0338135
8,1108,0.0163574,0.0341797
8,1109,0.00341797,0.0328369
8,1110,-0.0172119,0.0167236
8,1111,-0.0546875,-0.0216064
8,1112,-0.0412598,-0.0668945
8,1113,0.0334473,0.0146484
8,1114,0.0251465,0.0198975
8,1115,0.00341797,0.019165
8,1116,-0.0380859,0.0145264
8,1117,-0.0549316,-0.0206299
8,1118,0.0253906,0.00598145
8,1119,0.0117188,0.0119629
8,1120,-0.0151367,0.0241699
8,1121,-0.0386963,0.00769043
8,1122,0.0147705,0.00842285
8,1123,-0.0045166,0.0266113
8,1124,-0.0299072,0.0187988
8,1125,0.0134277,0.0198975
8,1126,-0.00512695,0.0275879
8,1127,0.0517578,0.0395508
9,0,0.052124,0.00927734
9,1,0.0341797,0.0164795
9,2,0.0236816,0.0178223
9,3,-0.0206299,-0.0200195
9,4,-0.00769043,-0.010498
9,5,0.00720215,0.0141602
9,6,0.00842285,0.00964355
9,7,0.000366211,-0.00817871
9,8,-0.00317383,-0.0065918
9,9,-0.00439453,-0.00183105
9,10,-0.00366211,0.000732422
9,11,-0.00341797,0.00170898
9,12,-0.00500488,0.00305176
9,13,-0.00476074,0.00402832
9,14,-0.00341797,0.00195312
9,15,0.0217285,0.0161133
9,16,-0.00476074,0.0267334
9,17,-0.0341797,0.0314941
9,18,-0.0336914,0.0249023
9,19,-0.0427246,0.0268555
9,20,-0.0373535,0.0209961
9,21,-0.0395508,0.0152588
9,22,-0.0227051,0.00463867
9,23,-0.0183105,0.00012207
9,24,-0.0170898,-0.00793457
9,25,-0.00939941,-0.00915527
9,26,-0.00671387,-0.00512695
9,27,-0.00744629,-0.00146484
9,28,-0.00854492,0.00549316
9,29,-0.0155029,0.0231934
9,30,-0.0166016,0.022583
9,31,0.0249023,-0.0175781
9,32,0.00549316,-0.010376
9,33,-0.00622559,-0.0267334
9,34,-0.0107422,-0.0272217
9,35,-0.012085,-0.0263672
9,36,-0.017334,-0.0274658
9,37,-0.0206299,-0.0217285
9,38,-0.0137939,-0.0098877
9,39,-0.0281982,0.00427246
9,40,-0.0196533,-0.0111084
9,41,0.0020752,-0.0107422
9,42,0.00817871,-0.00476074
9,43,0.0102539,-0.00146484
9,44,0.0090332,0.00524902
9,45,-0.0012207,0.0217285
9,46,-0.019043,0.020874
9,47,0.0406494,0.00952148
9,48,0.0324707,0.012085
9,49,-0.0305176,-0.0155029
9,50,-0.0130615,-0.00878906
9,51,0.0146484,0.0136719
9,52,0.0119629,0.0119629
9,53,0.0045166,-0.00341797
9,54,0.00231934,-0.00549316
9,55,-0.000366211,-0.0045166
9,56,-0.00146484,-0.0032959
9,57,-0.00219727,-0.00219727
9,58,-0.00500488,-0.0012207
9,59,-0.0078125,0.00219727
9,60,-0.0078125,0.0045166
9,61,0.0212402,0.0180664
9,62,0.00268555,0.0317383
9,63,-0.0198975,0.0384521
9,64,-0.0218506,0.0306396
9,65,-0.0294189,0.0335693
9,66,-0.0270996,0.0263672
9,67,-0.0319824,0.0197754
9,68,-0.0205078,0.00585938
9,69,-0.0185547,0.00244141
9,70,-0.0231934,-0.00158691
9,71,-0.0180664,-0.00427246
9,72,-0.013916,-0.00219727
9,73,-0.0133057,0.000610352
9,74,-0.0108643,0.00634766
9,75,-0.00756836,0.0229492
9,76,-0.00598145,0.026123
9,77,0.0142822,-0.0212402
9,78,0.00134277,-0.010498
9,79,-0.0134277,-0.0219727
9,80,-0.0177002,-0.0209961
9,81,-0.0186768,-0.0200195
9,82,-0.0247803,-0.0192871
9,83,-0.0275879,-0.0118408
9,84,-0.0186768,-0.00134277
9,85,-0.0268555,0.0102539
9,86,-0.0200195,-0.00854492
9,87,0.00378418,-0.0128174
9,88,0.0106201,-0.00708008
9,89,0.0134277,-0.00378418
9,90,0.0128174,0.00366211
9,91,0.00476074,0.0224609
9,92,-0.0147705,0.0230713
9,93,0.0374756,0.00317383
9,94,-0.0369873,-0.00744629
9,95,-0.0172119,-0.00500488
9,96,0.0209961,0.0101318
9,97,0.0148926,0.0128174
9,98,0.00878906,0.00146484
9,99,0.0078125,-0.00610352
9,100,0.00317383,-0.0102539
9,101,0,-0.010376
9,102,-0.00134277,-0.0090332
9,103,-0.00549316,-0.00830078
9,104,-0.0106201,-0.000366211
9,105,-0.0115967,0.0090332
9,106,0.019165,0.0223389
9,107,0.0108643,0.0366211
9,108,-0.00244141,0.0428467
9,109,-0.00671387,0.0335693
9,110,-0.012085,0.0369873
9,111,-0.0130615,0.0281982
9,112,-0.0212402,0.0202637
9,113,-0.0172119,0.00415039
9,114,-0.0164795,0.00341797
9,115,-0.0255127,0.00561523
9,116,-0.0249023,0.00231934
9,117,-0.020752,0.00195312
9,118,-0.0192871,0.00341797
9,119,-0.013916,0.00622559
9,120,-0.000854492,0.0179443
9,121,0.00512695,0.0252686
9,122,0.00390625,-0.0211182
9,123,-0.00256348,-0.00891113
9,124,-0.0198975,-0.0128174
9,125,-0.0236816,-0.010498
9,126,-0.0244141,-0.00952148
9,127,-0.0310059,-0.00646973
9,128,-0.0325928,0.00268555
9,129,-0.0216064,0.0111084
9,130,-0.019043,0.0162354
9,131,-0.0131836,-0.00549316
9,132,0.0098877,-0.0140381
9,133,0.0157471,-0.00878906
9,134,0.0186768,-0.00585938
9,135,0.0170898,0.00183105
9,136,0.00939941,0.0203857
9,137,-0.0118408,0.0220947
9,138,-0.0351562,-0.00402832
9,139,-0.0167236,-0.0032959
9,140,0.0209961,0.00793457
9,141,0.0144043,0.0114746
9,142,0.00915527,0.00305176
9,143,0.00866699,-0.00549316
9,144,0.00402832,-0.0109863
9,145,0.000488281,-0.0117188
9,146,-0.000854492,-0.010376
9,147,-0.00488281,-0.0098877
9,148,-0.010376,-0.0012207
9,149,-0.0117188,0.00952148
9,150,0.0159912,0.020752
9,151,0.0123291,0.0340576
9,152,0.00415039,0.0400391
9,153,-0.000488281,0.0313721
9,154,-0.00439453,0.034668
9,155,-0.00646973,0.0262451
9,156,-0.0146484,0.0183105
9,157,-0.0137939,0.00280762
9,158,-0.0137939,0.00280762
9,159,-0.0235596,0.00695801
9,160,-0.0246582,0.00402832
9,161,-0.0209961,0.00317383
9,162,-0.0194092,0.00402832
9,163,-0.0134277,0.00561523
9,164,0.00195312,0.0147705
9,165,0.00866699,0.022583
9,166,-0.00012207,-0.019165
9,167,-0.00378418,-0.00744629
9,168,-0.0202637,-0.00830078
9,169,-0.0234375,-0.00561523
9,170,-0.0240479,-0.00463867
9,171,-0.0301514,-0.00109863
9,172,-0.0313721,0.00769043
9,173,-0.020874,0.0142822
9,174,-0.013916,0.0166016
9,175,-0.00891113,-0.00354004
9,176,0.0113525,-0.0126953
9,177,0.0159912,-0.00830078
9,178,0.0185547,-0.00585938
9,179,0.0166016,0.000976562
9,180,0.00976562,0.0172119
9,181,-0.00976562,0.0189209
9,182,0.0170898,0.0012207
9,183,-0.0222168,-0.0057373
9,184,-0.0159912,-0.010376
9,185,-0.00976562,-0.00256348
9,186,-0.00842285,0.00610352
9,187,-0.00305176,0.0114746
9,188,0.000610352,0.0117188
9,189,0.00195312,0.010376
9,190,0.00598145,0.00939941
9,191,0.010498,0
9,192,0.0106201,-0.0112305
9,193,-0.0187988,-0.0192871
9,194,-0.0170898,-0.0327148
9,195,-0.0098877,-0.0391846
9,196,-0.00390625,-0.0311279
9,197,-0.000488281,-0.03479
9,198,0.00280762,-0.0266113
9,199,0.0119629,-0.0197754
9,200,0.0131836,-0.0045166
9,201,0.0128174,-0.00439453
9,202,0.0222168,-0.00976562
9,203,0.0240479,-0.00695801
9,204,0.0206299,-0.00549316
9,205,0.0189209,-0.00622559
9,206,0.0129395,-0.00695801
9,207,-0.00366211,-0.0141602
9,208,-0.0115967,-0.0214844
9,209,0.00256348,0.0186768
9,210,0.00439453,0.00683594
9,211,0.020874,0.00561523
9,212,0.0236816,0.00256348
9,213,0.024292,0.00158691
9,214,0.0299072,-0.00268555
9,215,0.0301514,-0.0114746
9,216,0.0186768,-0.0168457
9,217,0.0112305,-0.0184326
9,218,0.00878906,0.00244141
9,219,-0.0100098,0.013916
9,220,-0.0150146,0.0100098
9,221,-0.0178223,0.00793457
9,222,-0.0167236,0.000976562
9,223,-0.0118408,-0.0158691
9,224,0.00720215,-0.0198975
9,225,-0.0111084,-0.00195312
9,226,-0.00793457,-0.0045166
9,227,-0.00512695,-0.0012207
9,228,-0.00427246,0.0032959
9,229,-0.00134277,0.00610352
9,230,0.000610352,0.00622559
9,231,0.00109863,0.00549316
9,232,0.00305176,0.00488281
9,233,0.00524902,-0.00012207
9,234,0.00512695,-0.00598145
9,235,-0.00866699,-0.0090332
9,236,-0.0090332,-0.0155029
9,237,-0.00671387,-0.0186768
9,238,-0.00366211,-0.0148926
9,239,-0.00219727,-0.0167236
9,240,-0.000366211,-0.0126953
9,241,0.00439453,-0.00927734
9,242,0.00598145,-0.00183105
9,243,0.00585938,-0.0020752
9,244,0.010376,-0.00537109
9,245,0.0115967,-0.00427246
9,246,0.0100098,-0.00341797
9,247,0.00927734,-0.00366211
9,248,0.00610352,-0.00366211
9,249,-0.00244141,-0.00634766
9,250,-0.00671387,-0.0098877
9,251,0.00231934,0.00854492
9,252,0.00244141,0.00292969
9,253,0.010376,0.00146484
9,254,0.0115967,-0.000244141
9,255,0.0118408,-0.000732422
9,256,0.0145264,-0.00305176
9,257,0.0144043,-0.00744629
9,258,0.00878906,-0.00952148
9,259,0.00402832,-0.00952148
9,260,0.00317383,0.000488281
9,261,-0.00524902,0.00671387
9,262,-0.00744629,0.00500488
9,263,-0.00878906,0.00427246
9,264,-0.00817871,0.000976562
9,265,-0.00585938,-0.00683594
9,266,0.0032959,-0.0090332
9,267,0.0126953,0.00427246
9,268,0.00793457,-0.00012207
9,269,0.00561523,-0.0065918
9,270,0.000610352,-0.0098877
9,271,-0.00231934,-0.00952148
9,272,-0.00292969,-0.00817871
9,273,-0.00585938,-0.00695801
9,274,-0.00793457,0.0012207
9,275,-0.00634766,0.00976562
9,276,0.0141602,0.0100098
9,277,0.0157471,0.0180664
9,278,0.0126953,0.0224609
9,279,0.00769043,0.0180664
9,280,0.00610352,0.020752
9,281,0.00292969,0.0159912
9,282,-0.00366211,0.0118408
9,283,-0.00708008,0.00195312
9,284,-0.00585938,0.0020752
9,285,-0.0109863,0.00878906
9,286,-0.0142822,0.00854492
9,287,-0.0130615,0.00720215
9,288,-0.0123291,0.00708008
9,289,-0.00866699,0.00610352
9,290,0.00317383,0.00683594
9,291,0.0108643,0.0102539
9,292,-0.00390625,-0.0098877
9,293,-0.00354004,-0.00317383
9,294,-0.0137939,0.000366211
9,295,-0.0153809,0.00268555
9,296,-0.0157471,0.00341797
9,297,-0.019165,0.00708008
9,298,-0.0184326,0.0128174
9,299,-0.010376,0.0145264
9,300,-0.00231934,0.0142822
9,301,-0.00292969,0.000976562
9,302,0.00695801,-0.00939941
9,303,0.0098877,-0.00805664
9,304,0.0115967,-0.00744629
9,305,0.0109863,-0.00354004
9,306,0.00939941,0.00585938
9,307,-0.00268555,0.00976562
9,308,0.00866699,-0.00622559
9,309,0.00170898,-0.0113525
9,310,-0.00561523,-0.0112305
9,311,-0.00842285,-0.00866699
9,312,-0.00817871,-0.00683594
9,313,-0.0108643,-0.00402832
9,314,-0.00854492,0.00500488
9,315,-0.00231934,0.0118408
9,316,0.0200195,0.00537109
9,317,0.0194092,0.0108643
9,318,0.0130615,0.0147705
9,319,0.00708008,0.0123291
9,320,0.00500488,0.0147705
9,321,0.00195312,0.0118408
9,322,-0.00524902,0.00915527
9,323,-0.0090332,0.00146484
9,324,-0.00524902,0.00012207
9,325,-0.00415039,0.00817871
9,326,-0.00720215,0.0117188
9,327,-0.0078125,0.0114746
9,328,-0.00830078,0.0113525
9,329,-0.00756836,0.0101318
9,330,-0.00158691,0.0065918
9,331,0.00793457,0.00463867
9,332,-0.000976562,-0.00646973
9,333,-0.00195312,-0.00195312
9,334,-0.00891113,0.00231934
9,335,-0.010498,0.0045166
9,336,-0.0108643,0.00524902
9,337,-0.0129395,0.0090332
9,338,-0.0112305,0.013916
9,339,-0.0032959,0.0136719
9,340,0.00158691,0.0123291
9,341,-0.00219727,0.00012207
9,342,0.00463867,-0.0123291
9,343,0.00769043,-0.0117188
9,344,0.00939941,-0.0119629
9,345,0.00927734,-0.00805664
9,346,0.00878906,0.000488281
9,347,-0.00317383,0.00708008
9,348,0.0117188,-0.00842285
9,349,0.00354004,-0.0126953
9,350,-0.00146484,-0.0128174
9,351,-0.00292969,-0.0111084
9,352,-0.00695801,-0.0109863
9,353,-0.0102539,-0.00366211
9,354,-0.0090332,0.00378418
9,355,0.00317383,0.0136719
9,356,0.00341797,0.00964355
9,357,0.00244141,0.00268555
9,358,0.000732422,-0.00012207
9,359,-0.000366211,-0.00158691
9,360,-0.000976562,-0.00219727
9,361,-0.00366211,-0.00720215
9,362,-0.00463867,-0.0098877
9,363,-0.00195312,-0.00695801
9,364,-0.00415039,0.00415039
9,365,-0.0090332,0.00817871
9,366,-0.0107422,0.00744629
9,367,-0.0113525,0.00585938
9,368,-0.0106201,0.00341797
9,369,-0.00463867,-0.0032959
9,370,0.00500488,-0.0012207
9,371,-0.0020752,0.00305176
9,372,-0.000854492,0.000854492
9,373,-0.00231934,0.00268555
9,374,-0.00280762,0.00280762
9,375,-0.0032959,0.00305176
9,376,-0.00463867,0.00415039
9,377,-0.00622559,0.00622559
9,378,-0.00463867,0.00769043
9,379,-0.00280762,0.00170898
9,380,0.00244141,-0.00354004
9,381,0.0117188,-0.0045166
9,382,0.0123291,-0.00219727
9,383,0.0133057,-0.00109863
9,384,0.010376,0.000244141
9,385,0.0057373,0.00134277
9,386,-0.00390625,-0.00390625
9,387,0.0166016,-0.00805664
9,388,0.0125732,-0.0113525
9,389,0.00964355,-0.0106201
9,390,0.00598145,-0.0135498
9,391,-0.00610352,-0.0102539
9,392,-0.0148926,-0.00439453
9,393,-0.0129395,0.0150146
9,394,-0.0117188,0.0107422
9,395,-0.00830078,0.0032959
9,396,-0.00524902,-0.000244141
9,397,-0.00537109,-0.00305176
9,398,-0.00305176,-0.0032959
9,399,0.00183105,-0.00964355
9,400,0.00598145,-0.012207
9,401,0.00524902,-0.0057373
9,402,-0.00500488,0.00231934
9,403,-0.012207,0
9,404,-0.0129395,-0.00280762
9,405,-0.0123291,-0.00524902
9,406,-0.00964355,-0.00769043
9,407,-0.000488281,-0.0101318
9,408,0.00378418,-0.000610352
9,409,-0.00219727,0.00610352
9,410,-0.000732422,0.0012207
9,411,-0.00292969,-0.00109863
9,412,-0.00378418,-0.00268555
9,413,-0.00463867,-0.0032959
9,414,-0.00732422,-0.00488281
9,415,-0.012207,-0.00463867
9,416,-0.013916,0
9,417,-0.0090332,0.0032959
9,418,0.00219727,0.00488281
9,419,0.0124512,0.0106201
9,420,0.0117188,0.0115967
9,421,0.012085,0.0126953
9,422,0.00866699,0.00927734
9,423,0.00500488,0.00256348
9,424,0.0020752,-0.0117188
9,425,0.0214844,-0.00512695
9,426,0.0184326,-0.00549316
9,427,0.0167236,-0.0101318
9,428,0.00134277,-0.0123291
9,429,-0.0137939,-0.0112305
9,430,-0.0234375,0.00817871
9,431,-0.022583,0.00561523
9,432,-0.0166016,0.00158691
9,433,-0.00976562,-0.000854492
9,434,-0.0090332,-0.00354004
9,435,-0.00415039,-0.00317383
9,436,0.00683594,-0.00830078
9,437,0.0147705,-0.0101318
9,438,0.0112305,-0.00268555
9,439,-0.00256348,-0.000732422
9,440,-0.00939941,-0.00817871
9,441,-0.00927734,-0.0119629
9,442,-0.00769043,-0.0141602
9,443,-0.00463867,-0.0155029
9,444,0.0032959,-0.0128174
9,445,0.000488281,-0.000244141
9,446,-0.0012207,0.00695801
9,447,-0.00012207,0.00109863
9,448,-0.00219727,-0.00488281
9,449,-0.00317383,-0.00732422
9,450,-0.00402832,-0.00854492
9,451,-0.00671387,-0.012085
9,452,-0.0130615,-0.013916
9,453,-0.0170898,-0.00854492
9,454,-0.0111084,0.00402832
9,455,0.000976562,0.0130615
9,456,0.00720215,0.0230713
9,457,0.00549316,0.0216064
9,458,0.00488281,0.0219727
9,459,0.00256348,0.0147705
9,460,0.00183105,0.00183105
9,461,0.00756836,-0.0162354
9,462,0.0195312,-0.00109863
9,463,0.0195312,-0.00585938
9,464,0.00561523,-0.0113525
9,465,-0.00964355,-0.0136719
9,466,-0.0245361,0.00195312
9,467,-0.0240479,0.000488281
9,468,-0.0179443,-0.000854492
9,469,-0.010376,-0.00183105
9,470,-0.00915527,-0.00402832
9,471,-0.00415039,-0.00280762
9,472,0.00830078,-0.00585938
9,473,0.0168457,-0.00646973
9,474,0.012207,-0.000244141
9,475,-0.000976562,-0.00231934
9,476,-0.00598145,-0.0111084
9,477,-0.00537109,-0.0146484
9,478,-0.00354004,-0.0162354
9,479,-0.000732422,-0.0166016
9,480,0.00500488,-0.0113525
9,481,-0.00109863,0.00012207
9,482,-0.000610352,0.00598145
9,483,0.00012207,0.000732422
9,484,-0.00134277,-0.00598145
9,485,-0.00183105,-0.00854492
9,486,-0.00256348,-0.00976562
9,487,-0.0045166,-0.0137939
9,488,-0.0101318,-0.0166016
9,489,-0.0147705,-0.012207
9,490,-0.0101318,0.00256348
9,491,-0.000244141,0.0144043
9,492,0.00219727,0.0253906
9,493,0.000366211,0.0233154
9,494,-0.000732422,0.0233154
9,495,-0.00170898,0.0153809
9,496,-0.00012207,0.00195312
9,497,0.00964355,-0.0145264
9,498,0.0179443,-0.00415039
9,499,0.00610352,-0.00952148
9,500,-0.00732422,-0.012085
9,501,-0.0219727,0.00012207
9,502,-0.0216064,-0.000610352
9,503,-0.0162354,-0.000854492
9,504,-0.00927734,-0.00146484
9,505,-0.00817871,-0.00317383
9,506,-0.00354004,-0.00219727
9,507,0.0078125,-0.00463867
9,508,0.0155029,-0.00512695
9,509,0.0113525,0.00012207
9,510,0.00012207,-0.00280762
9,511,-0.00402832,-0.0107422
9,512,-0.00354004,-0.0136719
9,513,-0.0020752,-0.0150146
9,514,0.000244141,-0.0150146
9,515,0.00439453,-0.00976562
9,516,-0.00183105,0.000244141
9,517,0,0.00524902
9,518,0.000244141,0.000610352
9,519,-0.000976562,-0.00549316
9,520,-0.00158691,-0.00769043
9,521,-0.00219727,-0.00878906
9,522,-0.00378418,-0.0123291
9,523,-0.00878906,-0.0150146
9,524,-0.0128174,-0.0113525
9,525,-0.0078125,0.00268555
9,526,0.000366211,0.013916
9,527,0.0012207,0.0234375
9,528,-0.000732422,0.0211182
9,529,-0.00183105,0.020874
9,530,-0.00268555,0.0134277
9,531,-0.0012207,0.000976562
9,532,0.00817871,-0.0131836
9,533,0.0098877,-0.00830078
9,534,-0.00305176,-0.0141602
9,535,-0.0233154,-0.00622559
9,536,-0.0222168,-0.00671387
9,537,-0.015625,-0.00524902
9,538,-0.00817871,-0.00402832
9,539,-0.00634766,-0.00537109
9,540,-0.00183105,-0.00341797
9,541,0.0102539,-0.0032959
9,542,0.017334,-0.00195312
9,543,0.012085,0.00231934
9,544,0.00195312,-0.00366211
9,545,-0.000366211,-0.0124512
9,546,0.000488281,-0.0152588
9,547,0.00231934,-0.0161133
9,548,0.00427246,-0.015625
9,549,0.00646973,-0.00915527
9,550,-0.00256348,-0.000610352
9,551,-0.000976562,0.00524902
9,552,0.00012207,0.000732422
9,553,0.000366211,-0.00537109
9,554,0.000366211,-0.00756836
9,555,0.00012207,-0.00866699
9,556,-0.000366211,-0.0124512
9,557,-0.00415039,-0.0162354
9,558,-0.00915527,-0.0141602
9,559,-0.00585938,0.000488281
9,560,-0.000488281,0.0147705
9,561,-0.00390625,0.0251465
9,562,-0.00610352,0.0219727
9,563,-0.00769043,0.0214844
9,564,-0.00708008,0.0134277
9,565,-0.00305176,0.000366211
9,566,0.010498,-0.0118408
9,567,0.00939941,-0.00854492
9,568,-0.00878906,-0.0164795
9,569,-0.00695801,-0.0158691
9,570,-0.00268555,-0.0109863
9,571,0.000244141,-0.00671387
9,572,0.00244141,-0.00610352
9,573,0.0032959,-0.00341797
9,574,0.00866699,0.00158691
9,575,0.00976562,0.00524902
9,576,0.00634766,0.00439453
9,577,0.00549316,-0.00354004
9,578,0.00769043,-0.00732422
9,579,0.00854492,-0.0078125
9,580,0.00927734,-0.00720215
9,581,0.0090332,-0.0057373
9,582,0.0057373,-0.00158691
9,583,-0.00219727,-0.00219727
9,584,-0.00183105,0.000976562
9,585,-0.00012207,0.000244141
9,586,0.00256348,-0.00109863
9,587,0.00390625,-0.00146484
9,588,0.00439453,-0.00183105
9,589,0.0065918,-0.00305176
9,590,0.00817871,-0.0065918
9,591,0.00537109,-0.00964355
9,592,0.00427246,-0.00427246
9,593,-0.000610352,0.00671387
9,594,-0.0115967,0.0117188
9,595,-0.0129395,0.00891113
9,596,-0.0145264,0.00817871
9,597,-0.0114746,0.00415039
9,598,-0.00500488,-0.00134277
9,599,0.0078125,-0.0012207
9,600,0.0109863,-0.0219727
9,601,0.0135498,-0.0217285
9,602,0.0134277,-0.0158691
9,603,0.0102539,-0.00927734
9,604,0.012207,-0.00708008
9,605,0.00830078,-0.00366211
9,606,0.0057373,0.00585938
9,607,0.000854492,0.0118408
9,608,0.000366211,0.00671387
9,609,0.00756836,0.00012207
9,610,0.0125732,0.00170898
9,611,0.0128174,0.00292969
9,612,0.0126953,0.0045166
9,613,0.010498,0.00561523
9,614,0.00390625,0.00512695
9,615,0.000854492,-0.00378418
9,616,-0.00317383,-0.00231934
9,617,-0.000488281,0.000244141
9,618,0.00427246,0.0045166
9,619,0.0065918,0.00610352
9,620,0.00756836,0.00646973
9,621,0.0119629,0.00854492
9,622,0.0186768,0.00610352
9,623,0.0195312,-0.00158691
9,624,0.0129395,-0.00744629
9,625,-0.00268555,-0.00292969
9,626,-0.0180664,-0.00549316
9,627,-0.0174561,-0.00695801
9,628,-0.0185547,-0.00805664
9,629,-0.0128174,-0.00671387
9,630,-0.00390625,-0.00219727
9,631,0.0057373,0.0108643
9,632,0.0471191,0.0108643
9,633,0.0285645,0.0201416
9,634,0.0146484,0.0189209
9,635,0.0107422,0.0246582
9,636,0.00231934,0.020874
9,637,-0.0125732,0.0247803
9,638,-0.0185547,0.0175781
9,639,-0.0102539,0.0106201
9,640,-0.00195312,0.0147705
9,641,-0.0012207,0.0192871
9,642,-0.00158691,0.0203857
9,643,-0.00268555,0.0220947
9,644,-0.00439453,0.0213623
9,645,-0.00341797,0.0181885
9,646,0.00891113,0.00866699
9,647,0.00292969,-0.0167236
9,648,-0.0012207,-0.00415039
9,649,-0.0090332,0.00366211
9,650,-0.0106201,0.00732422
9,651,-0.0107422,0.00878906
9,652,-0.0113525,0.0157471
9,653,-0.00305176,0.0223389
9,654,0.0117188,0.0197754
9,655,0.00476074,0.0144043
9,656,-0.0137939,-0.00976562
9,657,-0.00891113,-0.0338135
9,658,-0.000610352,-0.0321045
9,659,0.00292969,-0.0328369
9,660,0.00878906,-0.0214844
9,661,0.0146484,0.00378418
9,662,0.000244141,0.0289307
9,663,0.0529785,0.0118408
9,664,0.0366211,0.013916
9,665,0.0371094,0.0206299
9,666,0.0239258,0.0185547
9,667,0.00683594,0.0269775
9,668,-0.0100098,0.0218506
9,669,-0.00610352,0.0153809
9,670,-0.000610352,0.0229492
9,671,-0.00183105,0.0263672
9,672,-0.00146484,0.0252686
9,673,-0.000854492,0.0258789
9,674,0.000488281,0.0223389
9,675,0.0102539,0.0130615
9,676,0.0233154,0.00366211
9,677,-0.0148926,-0.0152588
9,678,-0.00683594,-0.0012207
9,679,-0.0125732,0.0170898
9,680,-0.0117188,0.0222168
9,681,-0.0107422,0.0235596
9,682,-0.0090332,0.0325928
9,683,0.00268555,0.0374756
9,684,0.0168457,0.027832
9,685,0.0162354,0.0152588
9,686,-0.0102539,-0.00512695
9,687,-0.0137939,-0.0333252
9,688,-0.00610352,-0.0340576
9,689,-0.00244141,-0.0358887
9,690,0.00598145,-0.0256348
9,691,0.0202637,-0.00219727
9,692,0.0125732,0.0285645
9,693,0.0518799,0.00488281
9,694,0.0576172,0.0108643
9,695,0.0423584,0.0111084
9,696,0.0266113,0.0218506
9,697,0.00109863,0.0202637
9,698,-0.000366211,0.015625
9,699,0.00134277,0.0250244
9,700,-0.00146484,0.0272217
9,701,-0.000488281,0.0241699
9,702,0.00158691,0.0234375
9,703,0.0057373,0.0179443
9,704,0.0224609,0.00402832
9,705,0.032959,-0.00317383
9,706,-0.0303955,-0.010498
9,707,-0.0113525,0.00231934
9,708,-0.0133057,0.02771
9,709,-0.00964355,0.0334473
9,710,-0.0078125,0.0345459
9,711,-0.00354004,0.0437012
9,712,0.0090332,0.0456543
9,713,0.0189209,0.0302734
9,714,0.0264893,0.0113525
9,715,-0.00183105,0.000244141
9,716,-0.0141602,-0.0246582
9,717,-0.00952148,-0.027832
9,718,-0.00708008,-0.0300293
9,719,0.00146484,-0.0235596
9,720,0.0201416,-0.00805664
9,721,0.0214844,0.0211182
9,722,0.0477295,0.00402832
9,723,0.036377,0.00537109
9,724,0.0263672,0.0144043
9,725,0.00598145,0.0146484
9,726,0.00305176,0.0123291
9,727,0.00292969,0.0194092
9,728,0.000244141,0.0200195
9,729,0.000854492,0.0169678
9,730,0.00292969,0.0158691
9,731,0.0065918,0.0111084
9,732,0.0203857,-0.000732422
9,733,0.0266113,-0.00512695
9,734,-0.0268555,-0.00524902
9,735,-0.00952148,0.00292969
9,736,-0.00939941,0.0233154
9,737,-0.00585938,0.0274658
9,738,-0.00427246,0.0280762
9,739,-0.000244141,0.034668
9,740,0.00915527,0.03479
9,741,0.0148926,0.0218506
9,742,0.0222168,0.0078125
9,743,0.000488281,0.00378418
9,744,-0.012207,-0.0134277
9,745,-0.00964355,-0.0170898
9,746,-0.00830078,-0.0192871
9,747,-0.00134277,-0.0163574
9,748,0.0147705,-0.00854492
9,749,0.0200195,0.0119629
9,750,0.0427246,0.00268555
9,751,0.0334473,0.0137939
9,752,0.0101318,0.0159912
9,753,0.00549316,0.0137939
9,754,0.00476074,0.020874
9,755,0.00183105,0.020874
9,756,0.00268555,0.0172119
9,757,0.00524902,0.0157471
9,758,0.00952148,0.0102539
9,759,0.0249023,-0.0032959
9,760,0.0301514,-0.00817871
9,761,-0.0321045,-0.00366211
9,762,-0.0108643,0.00427246
9,763,-0.0090332,0.0273438
9,764,-0.0045166,0.0316162
9,765,-0.00256348,0.0321045
9,766,0.00280762,0.0386963
9,767,0.0133057,0.0373535
9,768,0.0177002,0.0218506
9,769,0.0258789,0.00585938
9,770,0.00170898,0.00549316
9,771,-0.0150146,-0.0111084
9,772,-0.0130615,-0.0157471
9,773,-0.0118408,-0.0183105
9,774,-0.00390625,-0.0166016
9,775,0.015625,-0.0107422
9,776,0.0250244,0.0107422
9,777,0.0294189,0.0078125
9,778,0.0118408,0.0100098
9,779,0.00744629,0.00952148
9,780,0.00622559,0.0152588
9,781,0.00280762,0.0148926
9,782,0.00305176,0.0115967
9,783,0.00500488,0.0100098
9,784,0.00817871,0.00549316
9,785,0.0198975,-0.00585938
9,786,0.0227051,-0.00878906
9,787,-0.0255127,-0.00012207
9,788,-0.00842285,0.00427246
9,789,-0.00622559,0.0217285
9,790,-0.00256348,0.0246582
9,791,-0.00109863,0.0249023
9,792,0.00305176,0.0294189
9,793,0.0102539,0.0274658
9,794,0.0123291,0.0152588
9,795,0.0209961,0.00524902
9,796,0.00366211,0.00842285
9,797,-0.0108643,-0.00305176
9,798,-0.010498,-0.00805664
9,799,-0.0098877,-0.010498
9,800,-0.00439453,-0.0112305
9,801,0.0111084,-0.0113525
9,802,0.020874,0.00244141
9,803,0.0252686,0.00524902
9,804,0.019043,0.00842285
9,805,0.0134277,0.012085
9,806,0.00695801,0.00756836
9,807,0.00598145,0.00268555
9,808,0.00805664,-0.00012207
9,809,0.010498,-0.00512695
9,810,0.0194092,-0.0155029
9,811,0.0174561,-0.0142822
9,812,-0.0223389,0.0090332
9,813,-0.00610352,0.00622559
9,814,-0.000488281,0.0179443
9,815,0.00292969,0.0183105
9,816,0.00378418,0.0175781
9,817,0.00793457,0.0185547
9,818,0.0114746,0.0128174
9,819,0.00854492,0.00268555
9,820,0.0163574,0.00415039
9,821,0.00354004,0.019165
9,822,-0.0137939,0.0155029
9,823,-0.0150146,0.00769043
9,824,-0.0153809,0.00439453
9,825,-0.00964355,-0.00317383
9,826,0.00891113,-0.0155029
9,827,0.0289307,-0.012207
9,828,0.0224609,0.00524902
9,829,0.0135498,0.00476074
9,830,0.00646973,-0.00268555
9,831,0.00500488,-0.00720215
9,832,0.0065918,-0.0100098
9,833,0.00744629,-0.0131836
9,834,0.0109863,-0.0172119
9,835,0.00549316,-0.0117188
9,836,-0.00964355,0.012207
9,837,-0.00134277,0.00500488
9,838,0.00415039,0.00610352
9,839,0.00549316,0.00402832
9,840,0.00537109,0.00256348
9,841,0.00708008,-0.00012207
9,842,0.00561523,-0.00683594
9,843,0.000366211,-0.0101318
9,844,0.0032959,0.00292969
9,845,-0.000610352,0.0212402
9,846,-0.0119629,0.0253906
9,847,-0.0134277,0.0185547
9,848,-0.0141602,0.0155029
9,849,-0.0100098,0.00537109
9,850,0.00439453,-0.0118408
9,851,0.0257568,-0.0192871
9,852,0.0177002,0.00292969
9,853,0.00769043,-0.000976562
9,854,0.00378418,-0.00476074
9,855,0.00378418,-0.00756836
9,856,0.00195312,-0.0112305
9,857,0.0020752,-0.0172119
9,858,0.00195312,-0.0125732
9,859,-0.00170898,0.0128174
9,860,0.00109863,0.00488281
9,861,0.00537109,0.00524902
9,862,0.00549316,0.00305176
9,863,0.00476074,0.0020752
9,864,0.00561523,0.00012207
9,865,0.00427246,-0.00463867
9,866,0.00146484,-0.00646973
9,867,0.00708008,0.00561523
9,868,0.00488281,0.0195312
9,869,-0.00463867,0.0219727
9,870,-0.00683594,0.0158691
9,871,-0.00805664,0.0126953
9,872,-0.00622559,0.00366211
9,873,0.00317383,-0.0129395
9,874,0.0185547,-0.0216064
9,875,0.0195312,0.00292969
9,876,0.0142822,0.0020752
9,877,0.0119629,0.00012207
9,878,0.00585938,-0.00341797
9,879,-0.00488281,-0.0147705
9,880,-0.00439453,-0.0198975
9,881,0.00268555,0.0157471
9,882,0.0032959,0.00598145
9,883,0.0126953,0.00744629
9,884,0.0134277,0.00561523
9,885,0.0131836,0.00524902
9,886,0.0163574,0.00390625
9,887,0.0175781,-0.000732422
9,888,0.0140381,-0.00500488
9,889,0.0146484,0.000488281
9,890,0.00817871,0.0129395
9,891,-0.00732422,0.0119629
9,892,-0.0101318,0.00561523
9,893,-0.0115967,0.00195312
9,894,-0.0098877,-0.00500488
9,895,-0.00231934,-0.0197754
9,896,0.0106201,-0.0214844
9,897,0.0196533,0.0012207
9,898,0.0178223,0.00109863
9,899,0.012207,0.000244141
9,900,-0.00256348,-0.0065918
9,901,-0.00744629,-0.0161133
9,902,0.0020752,0.0117188
9,903,0.00305176,0.00439453
9,904,0.0145264,0.00427246
9,905,0.0163574,0.00280762
9,906,0.0168457,0.00256348
9,907,0.0214844,0.000854492
9,908,0.0239258,-0.00415039
9,909,0.0186768,-0.00915527
9,910,0.0102539,-0.00744629
9,911,0.00146484,0.00402832
9,912,-0.0147705,0.0045166
9,913,-0.0164795,0.00012207
9,914,-0.0177002,-0.00268555
9,915,-0.0141602,-0.00634766
9,916,-0.0065918,-0.0150146
9,917,0.00671387,-0.010376
9,918,0.0184326,0.000488281
9,919,0.0144043,0.000732422
9,920,0.00183105,-0.00305176
9,921,-0.00561523,-0.012207
9,922,-0.000854492,0.00817871
9,923,0.00158691,0.00317383
9,924,0.0119629,0.00292969
9,925,0.0141602,0.00170898
9,926,0.0150146,0.00134277
9,927,0.0196533,-0.000366211
9,928,0.0223389,-0.00524902
9,929,0.017334,-0.0101318
9,930,0.00634766,-0.00793457
9,931,-0.00354004,0.00231934
9,932,-0.0183105,0.00256348
9,933,-0.0187988,-0.0012207
9,934,-0.0194092,-0.00354004
9,935,-0.0146484,-0.00598145
9,936,-0.00561523,-0.0112305
9,937,0.0078125,-0.00402832
9,938,0.015625,0.000244141
9,939,0.00549316,-0.00244141
9,940,-0.00292969,-0.0107422
9,941,-0.00390625,0.00671387
9,942,0.000488281,0.00292969
9,943,0.0102539,0.0032959
9,944,0.0128174,0.00231934
9,945,0.0137939,0.00195312
9,946,0.0185547,0.000244141
9,947,0.0216064,-0.00500488
9,948,0.0164795,-0.010376
9,949,0.00476074,-0.00769043
9,950,-0.00622559,0.00292969
9,951,-0.0206299,0.00305176
9,952,-0.0203857,-0.000732422
9,953,-0.020752,-0.00280762
9,954,-0.0148926,-0.00537109
9,955,-0.00366211,-0.00952148
9,956,0.0113525,-0.00146484
9,957,0.0118408,-0.000732422
9,958,0.00280762,-0.0065918
9,959,-0.00915527,0.00366211
9,960,-0.00195312,0.00219727
9,961,0.00512695,0.00390625
9,962,0.00805664,0.00354004
9,963,0.00939941,0.00292969
9,964,0.0135498,0.00183105
9,965,0.0167236,-0.00280762
9,966,0.012207,-0.00817871
9,967,0.00183105,-0.00537109
9,968,-0.00915527,0.00390625
9,969,-0.0211182,0.00305176
9,970,-0.0198975,-0.000366211
9,971,-0.0196533,-0.0020752
9,972,-0.0129395,-0.00402832
9,973,-0.00012207,-0.00561523
9,974,0.0145264,0.00354004
9,975,0.0197754,0.000488281
9,976,-0.0220947,-0.0032959
9,977,-0.00793457,0.00109863
9,978,-0.00842285,0.00939941
9,979,-0.00512695,0.0106201
9,980,-0.00366211,0.0101318
9,981,-0.000976562,0.0115967
9,982,0.00305176,0.0090332
9,983,0.00280762,0.00256348
9,984,0.000244141,0.00402832
9,985,-0.012207,0.00805664
9,986,-0.0181885,0.0020752
9,987,-0.0144043,-0.000976562
9,988,-0.0126953,-0.00183105
9,989,-0.00488281,-0.00280762
9,990,0.0123291,0.000610352
9,991,0.0239258,0.0115967
9,992,-0.0213623,-0.00390625
9,993,-0.00830078,0.00146484
9,994,-0.0118408,0.0140381
9,995,-0.00952148,0.0164795
9,996,-0.00854492,0.0166016
9,997,-0.00708008,0.020874
9,998,-0.00195312,0.0217285
9,999,0.00256348,0.0150146
9,1000,0.00585938,0.0102539
9,1001,-0.00671387,0.00610352
9,1002,-0.00830078,-0.00610352
9,1003,-0.00402832,-0.00805664
9,1004,-0.00183105,-0.00878906
9,1005,0.00390625,-0.00732422
9,1006,0.0174561,-0.000244141
9,1007,0.0196533,0.0114746
9,1008,0.00891113,-0.00317383
9,1009,0.00622559,-0.0152588
9,1010,0.00244141,-0.0168457
9,1011,0.000732422,-0.0167236
9,1012,-0.00305176,-0.0187988
9,1013,-0.0078125,-0.0159912
9,1014,-0.00708008,-0.00708008
9,1015,-0.00524902,-0.00219727
9,1016,0.00805664,-0.00585938
9,1017,0.0147705,0.00146484
9,1018,0.0119629,0.00476074
9,1019,0.0100098,0.0057373
9,1020,0.00305176,0.00634766
9,1021,-0.0133057,0.00427246
9,1022,-0.0227051,-0.00671387
9,1023,0.00537109,-0.0045166
9,1024,0.00439453,-0.00549316
9,1025,0.00378418,-0.00561523
9,1026,0.00305176,-0.00708008
9,1027,0.00109863,-0.00708008
9,1028,-0.000244141,-0.0045166
9,1029,-0.00146484,-0.00317383
9,1030,0.00280762,-0.0020752
9,1031,0.00317383,0.00170898
9,1032,0.00183105,0.00256348
9,1033,0.000854492,0.00256348
9,1034,-0.00109863,0.00195312
9,1035,-0.0057373,-0.000854492
9,1036,-0.00634766,-0.00524902
9,1037,0.0196533,-0.00268555
9,1038,0.0195312,-0.00354004
9,1039,0.0223389,-0.00695801
9,1040,0.0205078,-0.0115967
9,1041,0.012207,-0.0118408
9,1042,0.0012207,-0.0148926
9,1043,0.00231934,-0.0045166
9,1044,-0.00585938,0.00402832
9,1045,-0.00842285,0.00378418
9,1046,-0.0100098,0.00280762
9,1047,-0.00976562,0
9,1048,-0.0102539,-0.0090332
9,1049,-0.000488281,-0.0136719
9,1050,0.0223389,-0.000976562
9,1051,0.0264893,-0.00427246
9,1052,0.026001,-0.0101318
9,1053,0.0163574,-0.0123291
9,1054,0.00280762,-0.0179443
9,1055,0.00134277,-0.00537109
9,1056,-0.00939941,0.00378418
9,1057,-0.0118408,0.0032959
9,1058,-0.0134277,0.00244141
9,1059,-0.0118408,-0.000488281
9,1060,-0.00952148,-0.00939941
9,1061,0.00292969,-0.012085
9,1062,0.0274658,-0.00341797
9,1063,0.0275879,-0.00964355
9,1064,0.0177002,-0.0123291
9,1065,0.00317383,-0.0187988
9,1066,0.000732422,-0.00598145
9,1067,-0.0108643,0.00305176
9,1068,-0.0130615,0.00268555
9,1069,-0.0145264,0.00183105
9,1070,-0.0125732,-0.000976562
9,1071,-0.00927734,-0.00915527
9,1072,0.00378418,-0.0106201
9,1073,0.036377,-0.00817871
9,1074,0.0247803,-0.013916
9,1075,0.00634766,-0.0231934
9,1076,-0.000244141,-0.00695801
9,1077,-0.0163574,0.00268555
9,1078,-0.0184326,0.00146484
9,1079,-0.0200195,0.000488281
9,1080,-0.0159912,-0.00268555
9,1081,-0.00878906,-0.0112305
9,1082,0.00854492,-0.00964355
9,1083,0.0328369,-0.00964355
9,1084,0.0123291,-0.0234375
9,1085,-0.00183105,-0.0090332
9,1086,-0.0223389,-0.00341797
9,1087,-0.0230713,-0.00500488
9,1088,-0.0241699,-0.00610352
9,1089,-0.0175781,-0.00744629
9,1090,-0.0057373,-0.0108643
9,1091,0.0128174,-0.00146484
9,1092,0.0148926,-0.0135498
9,1093,-0.00292969,-0.00830078
9,1094,-0.0198975,-0.0109863
9,1095,-0.0186768,-0.0124512
9,1096,-0.0189209,-0.0135498
9,1097,-0.012207,-0.0118408
9,1098,-0.000732422,-0.00805664
9,1099,0.010498,0.00695801
9,1100,0.0211182,0.0032959
9,1101,0.00256348,-0.00244141
9,1102,-0.00244141,-0.00549316
9,1103,-0.00537109,-0.00769043
9,1104,-0.00622559,-0.00866699
9,1105,-0.00537109,-0.0130615
9,1106,-0.00183105,-0.00610352
9,1107,0.026123,0.00708008
9,1108,0.0167236,0.00769043
9,1109,0.0125732,0.0078125
9,1110,0.00219727,0.00500488
9,1111,-0.0144043,-0.00671387
9,1112,-0.0205078,-0.0187988
9,1113,0.0344238,0.00512695
9,1114,0.0325928,0.00793457
9,1115,0.0181885,0.00939941
9,1116,-0.00769043,0.00561523
9,1117,-0.0297852,-0.0119629
9,1118,0.0313721,0.00292969
9,1119,0.0200195,0.00622559
9,1120,-0.000854492,0.00805664
9,1121,-0.0236816,-0.00415039
9,1122,0.0220947,0.00415039
9,1123,0.00341797,0.00854492
9,1124,-0.0203857,-0.00109863
9,1125,0.00927734,0.00720215
9,1126,-0.00756836,0.00500488
9,1127,0.0229492,0.00939941
10,0,0.045166,0.00231934
10,1,0.0466309,0.00756836
10,2,0.0406494,0.00939941
10,3,-0.0397949,-0.0109863
10,4,-0.0170898,-0.0057373
10,5,0.0174561,0.0123291
10,6,0.00476074,0.0134277
10,7,-0.00378418,-0.00158691
10,8,-0.000488281,-0.000854492
10,9,-0.00158691,0.00708008
10,10,-0.00158691,0.0108643
10,11,-0.00280762,0.0113525
10,12,-0.00256348,0.0155029
10,13,0.00183105,0.0136719
10,14,0.0118408,0.00939941
10,15,0.012207,0.0109863
10,16,0.00305176,0.0194092
10,17,-0.00976562,0.0284424
10,18,-0.0135498,0.0228271
10,19,-0.0185547,0.0288086
10,20,-0.0185547,0.0233154
10,21,-0.0273438,0.0263672
10,22,-0.0187988,0.0174561
10,23,-0.022583,0.0107422
10,24,-0.0216064,-0.000732422
10,25,-0.00756836,-0.00927734
10,26,-0.00402832,-0.00976562
10,27,-0.000976562,-0.00854492
10,28,-0.000244141,-0.00585938
10,29,-0.00744629,0.0078125
10,30,-0.0168457,0.0161133
10,31,0.00512695,-0.026123
10,32,0,-0.0170898
10,33,-0.00695801,-0.0380859
10,34,-0.00866699,-0.0335693
10,35,-0.00866699,-0.0310059
10,36,-0.0102539,-0.0283203
10,37,-0.00744629,-0.0152588
10,38,0.000732422,-0.00402832
10,39,-0.0142822,-0.000488281
10,40,-0.0314941,-0.00366211
10,41,-0.0338135,-0.0012207
10,42,-0.0284424,0.000366211
10,43,-0.0253906,0.00390625
10,44,-0.0183105,0.00769043
10,45,-0.0124512,0.0180664
10,46,-0.00952148,0.0222168
10,47,0.0655518,0.0057373
10,48,0.0581055,0.00878906
10,49,-0.0570068,-0.0108643
10,50,-0.0245361,-0.00622559
10,51,0.0240479,0.015625
10,52,0.00366211,0.0205078
10,53,-0.00952148,0.00170898
10,54,-0.00158691,0.000610352
10,55,-0.00012207,0.00964355
10,56,0.000732422,0.013916
10,57,-0.000976562,0.0144043
10,58,-0.000610352,0.0187988
10,59,0.0020752,0.0158691
10,60,0.012207,0.00891113
10,61,0.0106201,0.0147705
10,62,0.000732422,0.0273438
10,63,-0.0129395,0.039917
10,64,-0.0168457,0.0323486
10,65,-0.0229492,0.0400391
10,66,-0.022583,0.0319824
10,67,-0.0321045,0.0340576
10,68,-0.0196533,0.0194092
10,69,-0.0229492,0.0146484
10,70,-0.0241699,0.000732422
10,71,-0.00927734,-0.0136719
10,72,-0.00585938,-0.0159912
10,73,-0.00219727,-0.015625
10,74,-0.0020752,-0.0129395
10,75,-0.012085,0.00488281
10,76,-0.0249023,0.0205078
10,77,0.00134277,-0.0357666
10,78,-0.00195312,-0.0229492
10,79,-0.0108643,-0.0501709
10,80,-0.0118408,-0.0443115
10,81,-0.0112305,-0.0405273
10,82,-0.0130615,-0.036377
10,83,-0.00817871,-0.019165
10,84,0.00170898,-0.00537109
10,85,-0.0180664,0.00354004
10,86,-0.0419922,0.00292969
10,87,-0.0479736,0.0078125
10,88,-0.0411377,0.00866699
10,89,-0.0374756,0.0128174
10,90,-0.0268555,0.0150146
10,91,-0.0174561,0.0247803
10,92,-0.00952148,0.0251465
10,93,0.0686035,0.00427246
10,94,-0.0679932,-0.00634766
10,95,-0.029541,-0.00476074
10,96,0.0303955,0.015625
10,97,0.00598145,0.024292
10,98,-0.0109863,0.00317383
10,99,-0.00158691,0
10,100,0.00109863,0.00964355
10,101,0.00231934,0.0140381
10,102,0.000366211,0.0148926
10,103,0.000854492,0.0194092
10,104,0.00244141,0.0166016
10,105,0.0128174,0.00805664
10,106,0.0109863,0.0167236
10,107,0.00183105,0.0328369
10,108,-0.0109863,0.048584
10,109,-0.0153809,0.0397949
10,110,-0.0211182,0.0487061
10,111,-0.0213623,0.0390625
10,112,-0.0303955,0.0401611
10,113,-0.0170898,0.020874
10,114,-0.0194092,0.0187988
10,115,-0.0229492,0.00488281
10,116,-0.010376,-0.0144043
10,117,-0.00756836,-0.0186768
10,118,-0.00390625,-0.0194092
10,119,-0.00402832,-0.0172119
10,120,-0.013916,0.0020752
10,121,-0.0264893,0.0230713
10,122,-0.0045166,-0.0421143
10,123,-0.00512695,-0.0264893
10,124,-0.0172119,-0.0562744
10,125,-0.0172119,-0.0490723
10,126,-0.0157471,-0.0446777
10,127,-0.0172119,-0.0393066
10,128,-0.00915527,-0.0197754
10,129,0.00341797,-0.00524902
10,130,-0.0189209,0.00878906
10,131,-0.0474854,0.0108643
10,132,-0.055542,0.0167236
10,133,-0.0474854,0.0164795
10,134,-0.0432129,0.0205078
10,135,-0.0301514,0.0209961
10,136,-0.0175781,0.029541
10,137,-0.00634766,0.0269775
10,138,-0.0617676,-0.00170898
10,139,-0.0270996,-0.00256348
10,140,0.0288086,0.0119629
10,141,0.00732422,0.0212402
10,142,-0.0090332,0.0032959
10,143,-0.000854492,-0.00012207
10,144,0.00183105,0.00842285
10,145,0.00305176,0.012207
10,146,0.0012207,0.0130615
10,147,0.00170898,0.0170898
10,148,0.00292969,0.0142822
10,149,0.0115967,0.00585938
10,150,0.010376,0.0145264
10,151,0.0032959,0.0294189
10,152,-0.00720215,0.0441895
10,153,-0.0114746,0.036499
10,154,-0.0161133,0.0446777
10,155,-0.0169678,0.0360107
10,156,-0.0246582,0.0369873
10,157,-0.0137939,0.0189209
10,158,-0.0153809,0.0177002
10,159,-0.0197754,0.00549316
10,160,-0.0100098,-0.0124512
10,161,-0.00805664,-0.0164795
10,162,-0.00488281,-0.0174561
10,163,-0.00488281,-0.0155029
10,164,-0.0125732,0.00195312
10,165,-0.0224609,0.0217285
10,166,-0.0065918,-0.0371094
10,167,-0.00622559,-0.0233154
10,168,-0.0189209,-0.0493164
10,169,-0.0184326,-0.0429688
10,170,-0.0168457,-0.0390625
10,171,-0.0178223,-0.0343018
10,172,-0.00915527,-0.0172119
10,173,0.00292969,-0.00500488
10,174,-0.015625,0.00891113
10,175,-0.0411377,0.0128174
10,176,-0.0484619,0.019043
10,177,-0.0415039,0.0183105
10,178,-0.0375977,0.0218506
10,179,-0.026123,0.0213623
10,180,-0.0145264,0.027832
10,181,-0.00415039,0.024292
10,182,0.0270996,0.00170898
10,183,-0.0301514,-0.0117188
10,184,-0.00927734,-0.0218506
10,185,0.00732422,-0.00415039
10,186,-0.000244141,0.00012207
10,187,-0.00219727,-0.00769043
10,188,-0.0032959,-0.0114746
10,189,-0.00134277,-0.0124512
10,190,-0.00183105,-0.0161133
10,191,-0.00292969,-0.0136719
10,192,-0.0118408,-0.00561523
10,193,-0.0109863,-0.0145264
10,194,-0.0045166,-0.0296631
10,195,0.00549316,-0.0446777
10,196,0.0098877,-0.0371094
10,197,0.0141602,-0.0454102
10,198,0.0153809,-0.0368652
10,199,0.0227051,-0.0380859
10,200,0.0125732,-0.0195312
10,201,0.0141602,-0.019165
10,202,0.019043,-0.00744629
10,203,0.010376,0.0113525
10,204,0.00854492,0.0157471
10,205,0.00549316,0.0169678
10,206,0.00524902,0.0151367
10,207,0.0115967,-0.00219727
10,208,0.0203857,-0.022583
10,209,0.00793457,0.0368652
10,210,0.00695801,0.0230713
10,211,0.0206299,0.0487061
10,212,0.0198975,0.0423584
10,213,0.0180664,0.0384521
10,214,0.0189209,0.0334473
10,215,0.00952148,0.0161133
10,216,-0.0032959,0.00402832
10,217,0.0148926,-0.0101318
10,218,0.0402832,-0.0142822
10,219,0.0473633,-0.0205078
10,220,0.0404053,-0.0197754
10,221,0.036377,-0.0231934
10,222,0.0250244,-0.0223389
10,223,0.0134277,-0.0288086
10,224,0.00341797,-0.0250244
10,225,-0.0142822,-0.00439453
10,226,-0.00598145,-0.00964355
10,227,0.00146484,-0.00146484
10,228,-0.000976562,0.00109863
10,229,-0.0012207,-0.00231934
10,230,-0.00146484,-0.00390625
10,231,-0.000488281,-0.00463867
10,232,-0.000488281,-0.00634766
10,233,-0.000854492,-0.00585938
10,234,-0.00463867,-0.00280762
10,235,-0.0057373,-0.00695801
10,236,-0.0032959,-0.013916
10,237,0.000610352,-0.0206299
10,238,0.00305176,-0.0170898
10,239,0.00463867,-0.020752
10,240,0.00561523,-0.0167236
10,241,0.00927734,-0.0167236
10,242,0.00561523,-0.00793457
10,243,0.00561523,-0.00769043
10,244,0.00793457,-0.00354004
10,245,0.00512695,0.00415039
10,246,0.00463867,0.00622559
10,247,0.00341797,0.00671387
10,248,0.00341797,0.00622559
10,249,0.00549316,-0.000854492
10,250,0.00793457,-0.00976562
10,251,0.00415039,0.0159912
10,252,0.00366211,0.0100098
10,253,0.0106201,0.0209961
10,254,0.0101318,0.0181885
10,255,0.00915527,0.0164795
10,256,0.00952148,0.0142822
10,257,0.00463867,0.00683594
10,258,-0.00134277,0.00146484
10,259,0.00585938,-0.00500488
10,260,0.0164795,-0.00708008
10,261,0.019165,-0.0102539
10,262,0.0162354,-0.0098877
10,263,0.0145264,-0.0112305
10,264,0.0098877,-0.0107422
10,265,0.00524902,-0.0129395
10,266,0.00146484,-0.010376
10,267,0.0155029,0.00891113
10,268,0.00512695,0.000854492
10,269,0.00366211,-0.00354004
10,270,0.00134277,-0.000244141
10,271,0.00109863,0.00170898
10,272,0,0.00305176
10,273,-0.000244141,0.00512695
10,274,0.00109863,0.00585938
10,275,0.00622559,0.00231934
10,276,0.0111084,0.00720215
10,277,0.0106201,0.0158691
10,278,0.00817871,0.0245361
10,279,0.00366211,0.020752
10,280,0.00354004,0.0255127
10,281,0.000366211,0.0212402
10,282,-0.00390625,0.0220947
10,283,-0.00439453,0.0107422
10,284,-0.00317383,0.0109863
10,285,-0.00732422,0.00817871
10,286,-0.00805664,-0.000976562
10,287,-0.00842285,-0.00354004
10,288,-0.00769043,-0.0045166
10,289,-0.00695801,-0.00439453
10,290,-0.00488281,0.00305176
10,291,-0.00170898,0.0133057
10,292,-0.0106201,-0.0164795
10,293,-0.00842285,-0.0102539
10,294,-0.0211182,-0.0203857
10,295,-0.0196533,-0.0172119
10,296,-0.0180664,-0.015625
10,297,-0.017334,-0.0129395
10,298,-0.00805664,-0.00524902
10,299,0.00195312,-0.000610352
10,300,-0.0032959,0.00793457
10,301,-0.0144043,0.0125732
10,302,-0.015625,0.0167236
10,303,-0.012207,0.0161133
10,304,-0.00976562,0.0172119
10,305,-0.00549316,0.015625
10,306,-0.000610352,0.0177002
10,307,0.000854492,0.0140381
10,308,0.0148926,-0.00292969
10,309,0.00598145,-0.00756836
10,310,0,-0.00634766
10,311,-0.00146484,-0.00524902
10,312,-0.00195312,-0.00317383
10,313,-0.00268555,-0.00146484
10,314,-0.000488281,0.00244141
10,315,0.00280762,0.00256348
10,316,0.0142822,0.00341797
10,317,0.0181885,0.00830078
10,318,0.0203857,0.0128174
10,319,0.0147705,0.0113525
10,320,0.017334,0.0137939
10,321,0.0119629,0.012207
10,322,0.00769043,0.0130615
10,323,-0.00158691,0.0057373
10,324,0.0020752,0.00463867
10,325,-0.000366211,0.00842285
10,326,-0.00708008,0.0065918
10,327,-0.00927734,0.00585938
10,328,-0.0101318,0.00524902
10,329,-0.00915527,0.00463867
10,330,-0.00134277,0.00598145
10,331,0.0113525,0.00842285
10,332,-0.0133057,-0.00305176
10,333,-0.0101318,-0.00183105
10,334,-0.0234375,-0.00231934
10,335,-0.0216064,-0.000976562
10,336,-0.0198975,-0.00109863
10,337,-0.0180664,-0.00012207
10,338,-0.00817871,0.0012207
10,339,0.000976562,0.0012207
10,340,0.0045166,0.00598145
10,341,0.00292969,0.0107422
10,342,0.00720215,0.013916
10,343,0.00854492,0.0135498
10,344,0.0101318,0.0130615
10,345,0.00952148,0.0114746
10,346,0.00952148,0.0112305
10,347,0.00292969,0.00769043
10,348,0.0155029,-0.0065918
10,349,0.00415039,-0.012207
10,350,-0.000366211,-0.0136719
10,351,-0.00219727,-0.0124512
10,352,-0.00622559,-0.0133057
10,353,-0.00866699,-0.00695801
10,354,-0.0100098,0.000366211
10,355,0.00256348,0.00830078
10,356,0.00183105,0.00708008
10,357,0.00280762,0.00390625
10,358,0.00244141,0.00134277
10,359,0.00366211,0.000244141
10,360,0.00244141,-0.000976562
10,361,0.00219727,-0.0057373
10,362,-0.00268555,-0.00842285
10,363,0.00354004,-0.00646973
10,364,0.000366211,0.00231934
10,365,-0.00646973,0.0078125
10,366,-0.00744629,0.00805664
10,367,-0.00891113,0.00805664
10,368,-0.00720215,0.00695801
10,369,0.00195312,0.00195312
10,370,0.0151367,0.00012207
10,371,0.00427246,0.00476074
10,372,0.00012207,0.00256348
10,373,-0.00231934,0.00512695
10,374,-0.00402832,0.00488281
10,375,-0.00415039,0.00427246
10,376,-0.00390625,0.00354004
10,377,-0.0032959,0.00341797
10,378,-0.00280762,0.00476074
10,379,0.00561523,-0.00354004
10,380,0.0166016,-0.00793457
10,381,0.0234375,-0.00427246
10,382,0.0213623,-0.00012207
10,383,0.020752,0.000244141
10,384,0.0137939,0.00244141
10,385,0.00549316,0.00390625
10,386,-0.00390625,-0.000732422
10,387,0.00805664,-0.00622559
10,388,0.00537109,-0.00842285
10,389,0.0032959,-0.00842285
10,390,0.000488281,-0.0098877
10,391,-0.00463867,-0.00756836
10,392,-0.00866699,-0.00354004
10,393,-0.00231934,0.00695801
10,394,-0.00512695,0.00683594
10,395,-0.0057373,0.0057373
10,396,-0.00427246,0.00341797
10,397,-0.00427246,0.00292969
10,398,-0.0032959,0.00134277
10,399,-0.0012207,-0.00292969
10,400,0.000244141,-0.00671387
10,401,0.0032959,-0.00317383
10,402,-0.00244141,0.00134277
10,403,-0.00695801,0.0020752
10,404,-0.00683594,0.00146484
10,405,-0.00732422,0.000976562
10,406,-0.00585938,0.000488281
10,407,0.000366211,-0.00012207
10,408,0.00695801,0.0032959
10,409,0.00610352,0.00146484
10,410,0.00158691,0.00012207
10,411,0.000610352,-0.000732422
10,412,-0.00134277,-0.000854492
10,413,-0.00170898,-0.000854492
10,414,-0.00219727,-0.0012207
10,415,-0.0032959,0.00012207
10,416,-0.00402832,0.00219727
10,417,0.00219727,-0.00244141
10,418,0.0101318,-0.00341797
10,419,0.0126953,0.0012207
10,420,0.010376,0.00390625
10,421,0.00976562,0.00439453
10,422,0.00524902,0.00488281
10,423,0,0.00439453
10,424,-0.00256348,-0.00170898
10,425,0.0114746,-0.00280762
10,426,0.0100098,-0.00354004
10,427,0.0100098,-0.0057373
10,428,0.00341797,-0.00744629
10,429,-0.00378418,-0.00854492
10,430,-0.00402832,0.00109863
10,431,-0.0045166,0.00195312
10,432,-0.00268555,0.00354004
10,433,-0.00109863,0.00341797
10,434,-0.000244141,0.00390625
10,435,0.000854492,0.00305176
10,436,0.00512695,0.00195312
10,437,0.00732422,-0.00219727
10,438,0.0065918,0.00244141
10,439,-0.00183105,0.00317383
10,440,-0.00695801,-0.00134277
10,441,-0.00683594,-0.00244141
10,442,-0.00671387,-0.00366211
10,443,-0.00537109,-0.00354004
10,444,0.000366211,0.000244141
10,445,0.00378418,0.0078125
10,446,-0.000732422,0.00244141
10,447,-0.00183105,0.000976562
10,448,-0.00537109,0.00146484
10,449,-0.00585938,0.000610352
10,450,-0.0057373,0.000488281
10,451,-0.00549316,0.000244141
10,452,-0.00500488,-0.000610352
10,453,-0.00488281,-0.00134277
10,454,0.00183105,0.00195312
10,455,0.00744629,0.00915527
10,456,0.00720215,0.0144043
10,457,0.00463867,0.0136719
10,458,0.0045166,0.0130615
10,459,0.00219727,0.00939941
10,460,0.00146484,0.00439453
10,461,0.00427246,-0.00280762
10,462,0.012207,-0.0012207
10,463,0.0134277,-0.00341797
10,464,0.00695801,-0.00695801
10,465,-0.000976562,-0.010376
10,466,-0.00390625,-0.0020752
10,467,-0.00305176,-0.000488281
10,468,-0.000244141,0.00256348
10,469,0.000976562,0.00341797
10,470,0.00244141,0.0045166
10,471,0.0032959,0.00402832
10,472,0.00817871,0.0045166
10,473,0.0102539,0.000244141
10,474,0.0078125,0.00500488
10,475,-0.00146484,0.00390625
10,476,-0.00683594,-0.00256348
10,477,-0.00671387,-0.00390625
10,478,-0.00622559,-0.00537109
10,479,-0.00500488,-0.00500488
10,480,0.000732422,0.000732422
10,481,0.00292969,0.00952148
10,482,-0.00402832,0.00256348
10,483,-0.00354004,0.00109863
10,484,-0.00891113,0.00219727
10,485,-0.00854492,0.0012207
10,486,-0.00805664,0.000976562
10,487,-0.00756836,0.000732422
10,488,-0.00585938,-0.000854492
10,489,-0.00500488,-0.00280762
10,490,0.00158691,0.00390625
10,491,0.0057373,0.0147705
10,492,0.00415039,0.0200195
10,493,0.00158691,0.0177002
10,494,0.00183105,0.0167236
10,495,0.000732422,0.0113525
10,496,0.0020752,0.0045166
10,497,0.00720215,-0.00292969
10,498,0.0133057,-0.00219727
10,499,0.0078125,-0.00622559
10,500,0.000488281,-0.010376
10,501,-0.00354004,-0.00402832
10,502,-0.00183105,-0.00280762
10,503,0.00158691,0.000244141
10,504,0.00256348,0.00183105
10,505,0.00439453,0.00280762
10,506,0.00488281,0.00292969
10,507,0.00976562,0.00439453
10,508,0.0109863,0.00134277
10,509,0.0078125,0.00549316
10,510,-0.000488281,0.00390625
10,511,-0.00549316,-0.00219727
10,512,-0.00537109,-0.0032959
10,513,-0.00500488,-0.00463867
10,514,-0.00390625,-0.00415039
10,515,0.00134277,0.00109863
10,516,0.00305176,0.00878906
10,517,-0.00537109,0.00366211
10,518,-0.00402832,0.00195312
10,519,-0.00915527,0.00402832
10,520,-0.00842285,0.00292969
10,521,-0.00793457,0.00256348
10,522,-0.00720215,0.00231934
10,523,-0.00524902,0
10,524,-0.00439453,-0.00305176
10,525,0.0020752,0.00402832
10,526,0.00549316,0.0151367
10,527,0.00366211,0.0195312
10,528,0.00134277,0.0167236
10,529,0.00158691,0.0155029
10,530,0.000854492,0.0100098
10,531,0.00292969,0.00317383
10,532,0.00805664,-0.00280762
10,533,0.0115967,-0.00537109
10,534,0.00439453,-0.0115967
10,535,-0.00244141,-0.00756836
10,536,0.000610352,-0.0057373
10,537,0.00512695,-0.00109863
10,538,0.00549316,0.00170898
10,539,0.00793457,0.0032959
10,540,0.0078125,0.00402832
10,541,0.0130615,0.00732422
10,542,0.0134277,0.0045166
10,543,0.00842285,0.00842285
10,544,-0.000244141,0.00512695
10,545,-0.00512695,-0.00280762
10,546,-0.00512695,-0.00402832
10,547,-0.0045166,-0.00561523
10,548,-0.00341797,-0.00476074
10,549,0.00195312,0.00231934
10,550,0.00280762,0.0107422
10,551,-0.00891113,0.00366211
10,552,-0.00598145,0.0020752
10,553,-0.0130615,0.00488281
10,554,-0.0117188,0.00378418
10,555,-0.0108643,0.0032959
10,556,-0.00976562,0.00317383
10,557,-0.00634766,0
10,558,-0.00415039,-0.00439453
10,559,0.00219727,0.00598145
10,560,0.00415039,0.0202637
10,561,0.00134277,0.0241699
10,562,-0.000854492,0.0198975
10,563,-0.000244141,0.0181885
10,564,0,0.0112305
10,565,0.00390625,0.00305176
10,566,0.010376,-0.00231934
10,567,0.0109863,-0.00756836
10,568,0.00256348,-0.00976562
10,569,0.00610352,-0.00805664
10,570,0.0090332,-0.00305176
10,571,0.00756836,0.000244141
10,572,0.00976562,0.00219727
10,573,0.00842285,0.00366211
10,574,0.010376,0.00927734
10,575,0.00878906,0.00878906
10,576,0.00317383,0.0090332
10,577,-0.000732422,0.00305176
10,578,-0.00219727,-0.00305176
10,579,-0.0020752,-0.0032959
10,580,-0.00134277,-0.00378418
10,581,-0.000854492,-0.00244141
10,582,0.00158691,0.00439453
10,583,0.000488281,0.00878906
10,584,-0.0102539,0.0020752
10,585,-0.00646973,0.000976562
10,586,-0.0141602,0.00244141
10,587,-0.012085,0.00183105
10,588,-0.0113525,0.00146484
10,589,-0.0100098,0.00146484
10,590,-0.00524902,-0.00109863
10,591,-0.000976562,-0.00524902
10,592,0.00219727,0.00549316
10,593,-0.000732422,0.0178223
10,594,-0.00439453,0.0189209
10,595,-0.00500488,0.0142822
10,596,-0.00427246,0.0129395
10,597,-0.00231934,0.00732422
10,598,0.00244141,0.00183105
10,599,0.00769043,0.00170898
10,600,0.00891113,-0.00842285
10,601,0.010498,-0.00512695
10,602,0.00891113,0.00146484
10,603,0.00561523,0.00366211
10,604,0.00646973,0.00695801
10,605,0.00402832,0.00769043
10,606,0.00170898,0.0146484
10,607,0.000610352,0.0146484
10,608,-0.00561523,0.0113525
10,609,-0.00366211,0.00170898
10,610,0.000732422,-0.00402832
10,611,0.00146484,-0.00402832
10,612,0.00256348,-0.00366211
10,613,0.00219727,-0.00170898
10,614,-0.000366211,0.00622559
10,615,-0.00524902,0.00830078
10,616,-0.0090332,-0.00598145
10,617,-0.0057373,-0.00415039
10,618,-0.0133057,-0.00878906
10,619,-0.0114746,-0.00744629
10,620,-0.0107422,-0.00708008
10,621,-0.00964355,-0.00610352
10,622,-0.00354004,-0.00427246
10,623,0.00390625,-0.00488281
10,624,0.00012207,0.00524902
10,625,-0.0114746,0.0124512
10,626,-0.0168457,0.010376
10,627,-0.0147705,0.0065918
10,628,-0.0135498,0.00634766
10,629,-0.00866699,0.00354004
10,630,-0.00256348,0.00366211
10,631,0.00146484,0.00964355
10,632,0.0223389,0.0057373
10,633,0.0183105,0.0112305
10,634,0.0112305,0.0108643
10,635,0.0111084,0.0141602
10,636,0.00610352,0.0133057
10,637,-0.00109863,0.0167236
10,638,-0.00671387,0.0123291
10,639,-0.0065918,0.00488281
10,640,-0.00354004,0.0045166
10,641,-0.0032959,0.00354004
10,642,-0.00427246,0.00378418
10,643,-0.0045166,0.00427246
10,644,-0.0045166,0.0045166
10,645,-0.00439453,0.00830078
10,646,0.000854492,0.00695801
10,647,-0.00878906,-0.00598145
10,648,-0.00708008,-0.00354004
10,649,-0.0167236,-0.00720215
10,650,-0.0157471,-0.00524902
10,651,-0.0148926,-0.00524902
10,652,-0.013916,-0.00476074
10,653,-0.00683594,-0.00231934
10,654,0.00244141,-0.00109863
10,655,0.000976562,0.00354004
10,656,-0.00646973,0.00585938
10,657,-0.00378418,0.00439453
10,658,-0.000366211,0.00341797
10,659,0.00170898,0.00292969
10,660,0.00427246,0.00317383
10,661,0.0078125,0.0057373
10,662,0.00244141,0.00817871
10,663,0.0321045,0.00646973
10,664,0.0235596,0.00830078
10,665,0.0264893,0.0115967
10,666,0.019043,0.012085
10,667,0.012207,0.0170898
10,668,-0.00012207,0.0124512
10,669,0.000244141,0.00610352
10,670,0.00219727,0.00769043
10,671,-0.00317383,0.00646973
10,672,-0.00585938,0.00646973
10,673,-0.00695801,0.00646973
10,674,-0.00695801,0.00646973
10,675,-0.00280762,0.00952148
10,676,0.00744629,0.00817871
10,677,-0.0201416,-0.000244141
10,678,-0.0130615,0.000366211
10,679,-0.0274658,0.00305176
10,680,-0.0239258,0.00415039
10,681,-0.0219727,0.0032959
10,682,-0.0195312,0.00366211
10,683,-0.00842285,0.00183105
10,684,0.00244141,-0.00158691
10,685,0.0057373,0.0078125
10,686,0.000488281,0.0168457
10,687,0.00390625,0.0161133
10,688,0.00634766,0.0125732
10,689,0.00854492,0.0106201
10,690,0.010498,0.00720215
10,691,0.0146484,0.00476074
10,692,0.00805664,0.00476074
10,693,0.0345459,0.00415039
10,694,0.0413818,0.00671387
10,695,0.0324707,0.00866699
10,696,0.0291748,0.0148926
10,697,0.010376,0.010376
10,698,0.0109863,0.0078125
10,699,0.00927734,0.0126953
10,700,-0.0032959,0.010498
10,701,-0.00769043,0.0100098
10,702,-0.00939941,0.00866699
10,703,-0.00891113,0.0078125
10,704,0.00183105,0.00866699
10,705,0.0179443,0.00805664
10,706,-0.0307617,0.00671387
10,707,-0.0184326,0.00585938
10,708,-0.0366211,0.0172119
10,709,-0.0308838,0.0169678
10,710,-0.027832,0.0152588
10,711,-0.0236816,0.0155029
10,712,-0.00952148,0.00830078
10,713,0.00109863,-0.000976562
10,714,0.00939941,0.0125732
10,715,0.00927734,0.027832
10,716,0.0144043,0.0280762
10,717,0.0152588,0.0223389
10,718,0.0175781,0.0185547
10,719,0.0181885,0.0114746
10,720,0.0229492,0.00341797
10,721,0.0163574,0.000366211
10,722,0.0354004,0.0012207
10,723,0.0286865,0.00354004
10,724,0.0283203,0.00817871
10,725,0.0124512,0.00585938
10,726,0.0129395,0.00598145
10,727,0.0106201,0.0108643
10,728,-0.00158691,0.00915527
10,729,-0.00537109,0.00854492
10,730,-0.00708008,0.00720215
10,731,-0.0065918,0.00634766
10,732,0.00378418,0.0057373
10,733,0.0175781,0.00512695
10,734,-0.0255127,0.00891113
10,735,-0.0147705,0.00695801
10,736,-0.0283203,0.0189209
10,737,-0.0234375,0.0180664
10,738,-0.0209961,0.0163574
10,739,-0.017334,0.0162354
10,740,-0.00646973,0.00878906
10,741,0.000610352,-0.000366211
10,742,0.0090332,0.0101318
10,743,0.0114746,0.0234375
10,744,0.015625,0.0235596
10,745,0.0153809,0.0186768
10,746,0.0169678,0.0152588
10,747,0.0164795,0.00866699
10,748,0.0200195,0.000610352
10,749,0.0153809,-0.00219727
10,750,0.0361328,0.00305176
10,751,0.0373535,0.00878906
10,752,0.0180664,0.00634766
10,753,0.0180664,0.00817871
10,754,0.013916,0.0142822
10,755,-0.00170898,0.0117188
10,756,-0.00622559,0.0106201
10,757,-0.00830078,0.00854492
10,758,-0.00732422,0.00732422
10,759,0.00671387,0.00622559
10,760,0.0236816,0.00598145
10,761,-0.0314941,0.0118408
10,762,-0.0180664,0.00915527
10,763,-0.0344238,0.0251465
10,764,-0.0281982,0.0238037
10,765,-0.0251465,0.0217285
10,766,-0.0205078,0.0217285
10,767,-0.00744629,0.0118408
10,768,0.000366211,-0.00012207
10,769,0.0112305,0.0130615
10,770,0.0151367,0.0299072
10,771,0.0200195,0.0301514
10,772,0.0192871,0.0238037
10,773,0.0211182,0.0195312
10,774,0.0202637,0.0109863
10,775,0.0247803,0.000488281
10,776,0.0202637,-0.00317383
10,777,0.0333252,0.00439453
10,778,0.0178223,0.00341797
10,779,0.0175781,0.00622559
10,780,0.0133057,0.0115967
10,781,-0.000610352,0.00964355
10,782,-0.00415039,0.00878906
10,783,-0.00598145,0.00695801
10,784,-0.00512695,0.0057373
10,785,0.00720215,0.00390625
10,786,0.0209961,0.0032959
10,787,-0.0250244,0.0119629
10,788,-0.0141602,0.0090332
10,789,-0.0263672,0.0238037
10,790,-0.0212402,0.0223389
10,791,-0.0189209,0.0205078
10,792,-0.0151367,0.0201416
10,793,-0.00512695,0.0108643
10,794,-0.00012207,-0.00012207
10,795,0.00939941,0.0102539
10,796,0.0142822,0.0246582
10,797,0.0179443,0.0246582
10,798,0.0169678,0.019165
10,799,0.0180664,0.0153809
10,800,0.0169678,0.00805664
10,801,0.020874,-0.00183105
10,802,0.0184326,-0.00488281
10,803,0.0294189,0.00158691
10,804,0.0279541,0.0101318
10,805,0.0189209,0.0158691
10,806,0.000976562,0.0109863
10,807,-0.00231934,0.00891113
10,808,-0.00427246,0.0057373
10,809,-0.00256348,0.00366211
10,810,0.013916,-0.00012207
10,811,0.027832,0.00109863
10,812,-0.0257568,0.0172119
10,813,-0.0136719,0.0124512
10,814,-0.0241699,0.0319824
10,815,-0.0187988,0.0296631
10,816,-0.0166016,0.0274658
10,817,-0.012207,0.0267334
10,818,-0.00317383,0.0151367
10,819,-0.000610352,0.00109863
10,820,0.010376,0.0125732
10,821,0.0178223,0.0291748
10,822,0.020752,0.0275879
10,823,0.0189209,0.0211182
10,824,0.0197754,0.0162354
10,825,0.0183105,0.00732422
10,826,0.0247803,-0.00512695
10,827,0.0274658,-0.00793457
10,828,0.0234375,0.00939941
10,829,0.013916,0.0111084
10,830,0.00170898,0.00415039
10,831,0.000366211,0.00146484
10,832,-0.000488281,-0.00134277
10,833,0.00109863,-0.00305176
10,834,0.0115967,-0.00488281
10,835,0.0166016,-0.000610352
10,836,-0.0137939,0.0106201
10,837,-0.00683594,0.00744629
10,838,-0.0112305,0.019165
10,839,-0.00805664,0.0177002
10,840,-0.00695801,0.0166016
10,841,-0.00463867,0.0159912
10,842,-0.000244141,0.00927734
10,843,-0.000610352,0
10,844,0.00476074,0.00927734
10,845,0.00817871,0.0218506
10,846,0.00634766,0.0201416
10,847,0.00512695,0.0148926
10,848,0.00549316,0.0114746
10,849,0.00598145,0.0045166
10,850,0.0136719,-0.00549316
10,851,0.0230713,-0.00769043
10,852,0.0197754,0.00683594
10,853,0.0020752,0.00402832
10,854,-0.00134277,0.00158691
10,855,-0.00390625,-0.0012207
10,856,-0.00305176,-0.00415039
10,857,0.00732422,-0.0106201
10,858,0.0175781,-0.00708008
10,859,-0.0134277,0.0141602
10,860,-0.00646973,0.00878906
10,861,-0.0090332,0.0203857
10,862,-0.00610352,0.0181885
10,863,-0.00488281,0.0166016
10,864,-0.0020752,0.0155029
10,865,0.00244141,0.00793457
10,866,0.00134277,0.000244141
10,867,0.00842285,0.00927734
10,868,0.0141602,0.0206299
10,869,0.0136719,0.0197754
10,870,0.0119629,0.0151367
10,871,0.0118408,0.0118408
10,872,0.010498,0.00476074
10,873,0.0157471,-0.00732422
10,874,0.0227051,-0.0144043
10,875,0.00866699,0.00390625
10,876,0.00512695,0.00305176
10,877,0.0020752,0.0020752
10,878,0.000854492,-0.000366211
10,879,0.00354004,-0.0101318
10,880,0.0098877,-0.0145264
10,881,-0.00793457,0.013916
10,882,-0.0020752,0.00830078
10,883,0.00170898,0.0180664
10,884,0.00402832,0.0159912
10,885,0.0045166,0.0144043
10,886,0.0065918,0.0129395
10,887,0.00805664,0.0065918
10,888,0.00537109,0.00109863
10,889,0.00915527,0.00549316
10,890,0.012085,0.00915527
10,891,0.0106201,0.00415039
10,892,0.0098877,0.000854492
10,893,0.00866699,-0.00195312
10,894,0.00769043,-0.00549316
10,895,0.0101318,-0.013916
10,896,0.0128174,-0.0157471
10,897,0.010376,0.000244141
10,898,0.00952148,0.000854492
10,899,0.0078125,0
10,900,0.00219727,-0.00622559
10,901,-0.00256348,-0.0131836
10,902,0.00280762,0.00366211
10,903,0.00402832,0.0020752
10,904,0.0124512,0.00427246
10,905,0.0128174,0.00378418
10,906,0.0124512,0.00354004
10,907,0.0124512,0.00280762
10,908,0.00964355,0.00158691
10,909,0.00561523,0.00109863
10,910,0.000976562,-0.000976562
10,911,-0.00244141,-0.00598145
10,912,-0.00524902,-0.0123291
10,913,-0.00415039,-0.0129395
10,914,-0.00537109,-0.0134277
10,915,-0.00366211,-0.0118408
10,916,-0.00158691,-0.0113525
10,917,0.000854492,-0.00561523
10,918,0.0112305,0.000488281
10,919,0.0100098,0.00012207
10,920,0.00378418,-0.00512695
10,921,-0.00366211,-0.012085
10,922,0.00610352,0.000854492
10,923,0.0057373,0.000732422
10,924,0.0150146,0.00170898
10,925,0.0146484,0.00158691
10,926,0.0137939,0.00170898
10,927,0.0133057,0.00134277
10,928,0.0090332,0.00134277
10,929,0.00476074,0.00158691
10,930,-0.00219727,-0.00244141
10,931,-0.00634766,-0.00964355
10,932,-0.00891113,-0.0166016
10,933,-0.00732422,-0.0163574
10,934,-0.00830078,-0.0163574
10,935,-0.00598145,-0.0133057
10,936,-0.00354004,-0.0102539
10,937,-0.000366211,-0.00219727
10,938,0.0109863,-0.000244141
10,939,0.00463867,-0.00390625
10,940,-0.00488281,-0.0100098
10,941,0.00708008,-0.00183105
10,942,0.00598145,-0.000610352
10,943,0.0145264,-0.000732422
10,944,0.0140381,-0.000366211
10,945,0.0131836,0.00012207
10,946,0.012207,0
10,947,0.0078125,0.000854492
10,948,0.00378418,0.00158691
10,949,-0.00476074,-0.00305176
10,950,-0.0098877,-0.0107422
10,951,-0.0124512,-0.017334
10,952,-0.010376,-0.0168457
10,953,-0.0111084,-0.0164795
10,954,-0.00793457,-0.0128174
10,955,-0.00476074,-0.00830078
10,956,-0.000976562,0.000976562
10,957,0.00756836,-0.00268555
10,958,-0.00109863,-0.00769043
10,959,0.00646973,-0.0020752
10,960,0.00512695,-0.000610352
10,961,0.0123291,-0.00012207
10,962,0.0118408,0.000366211
10,963,0.0111084,0.000732422
10,964,0.0102539,0.000732422
10,965,0.00622559,0.00170898
10,966,0.00244141,0.00195312
10,967,-0.00610352,-0.0032959
10,968,-0.010498,-0.0106201
10,969,-0.0115967,-0.0166016
10,970,-0.00939941,-0.0157471
10,971,-0.00952148,-0.0152588
10,972,-0.00646973,-0.0114746
10,973,-0.00268555,-0.00622559
10,974,0.00170898,0.00341797
10,975,0.0163574,-0.00219727
10,976,-0.00195312,0.00305176
10,977,-0.000732422,0.00354004
10,978,-0.00109863,0.0112305
10,979,-0.000244141,0.0113525
10,980,-0.000366211,0.0108643
10,981,0.00012207,0.0107422
10,982,-0.00012207,0.00817871
10,983,-0.00170898,0.00390625
10,984,-0.0045166,0
10,985,-0.00183105,-0.00170898
10,986,0.00219727,-0.0057373
10,987,0.0032959,-0.00549316
10,988,0.00415039,-0.00634766
10,989,0.00488281,-0.00500488
10,990,0.00952148,-0.00280762
10,991,0.0126953,0.00415039
10,992,-0.0112305,0.0115967
10,993,-0.00720215,0.00891113
10,994,-0.0141602,0.0236816
10,995,-0.012207,0.0227051
10,996,-0.0111084,0.020874
10,997,-0.00891113,0.0201416
10,998,-0.00439453,0.0130615
10,999,-0.00341797,0.00512695
10,1000,0.0032959,0.00305176
10,1001,0.0140381,0.00671387
10,1002,0.0235596,0.00549316
10,1003,0.0229492,0.00524902
10,1004,0.0241699,0.00280762
10,1005,0.0206299,0.00146484
10,1006,0.0223389,-0.0012207
10,1007,0.019043,-0.000610352
10,1008,0.0174561,-0.000854492
10,1009,0.0332031,-0.00634766
10,1010,0.0270996,-0.00646973
10,1011,0.0238037,-0.00585938
10,1012,0.0195312,-0.00744629
10,1013,0.00622559,-0.00427246
10,1014,-0.00256348,0.00195312
10,1015,-0.00500488,-0.0168457
10,1016,0.00158691,-0.0338135
10,1017,0.00146484,-0.0357666
10,1018,0,-0.0292969
10,1019,-0.00280762,-0.0263672
10,1020,-0.00671387,-0.0175781
10,1021,-0.0159912,-0.00927734
10,1022,-0.0185547,-0.00463867
10,1023,0.0222168,-0.00231934
10,1024,0.019043,-0.00268555
10,1025,0.0170898,-0.00231934
10,1026,0.0148926,-0.00317383
10,1027,0.00622559,-0.00158691
10,1028,-0.000366211,0.00183105
10,1029,-0.00280762,-0.00854492
10,1030,0.000244141,-0.0194092
10,1031,-0.000488281,-0.0219727
10,1032,-0.0012207,-0.0185547
10,1033,-0.00305176,-0.0172119
10,1034,-0.00476074,-0.012207
10,1035,-0.00939941,-0.0078125
10,1036,-0.0101318,-0.00439453
10,1037,0.0439453,-0.00170898
10,1038,0.0401611,-0.00146484
10,1039,0.036377,-0.00378418
10,1040,0.0177002,-0.00195312
10,1041,0.00170898,0.0045166
10,1042,-0.0032959,-0.0153809
10,1043,0.00268555,-0.0378418
10,1044,0.000366211,-0.0450439
10,1045,-0.00134277,-0.0390625
10,1046,-0.00537109,-0.0369873
10,1047,-0.00878906,-0.02771
10,1048,-0.0177002,-0.020752
10,1049,-0.0181885,-0.013916
10,1050,0.036499,0.00012207
10,1051,0.0334473,-0.00195312
10,1052,0.017334,-0.000854492
10,1053,0.00256348,0.00402832
10,1054,-0.00256348,-0.012207
10,1055,0.00183105,-0.0313721
10,1056,-0.00109863,-0.0386963
10,1057,-0.00244141,-0.0341797
10,1058,-0.00610352,-0.0327148
10,1059,-0.00842285,-0.0251465
10,1060,-0.0151367,-0.0201416
10,1061,-0.0144043,-0.013916
10,1062,0.0311279,-0.00183105
10,1063,0.0166016,-0.000732422
10,1064,0.00280762,0.00378418
10,1065,-0.00219727,-0.0106201
10,1066,0.0012207,-0.0279541
10,1067,-0.00158691,-0.034668
10,1068,-0.00280762,-0.0306396
10,1069,-0.00598145,-0.0292969
10,1070,-0.00793457,-0.022583
10,1071,-0.0135498,-0.0183105
10,1072,-0.0126953,-0.0128174
10,1073,0.0164795,-0.00012207
10,1074,0.00354004,0.00341797
10,1075,-0.000488281,-0.00842285
10,1076,0.00268555,-0.0233154
10,1077,0,-0.0299072
10,1078,-0.0012207,-0.0268555
10,1079,-0.00415039,-0.026001
10,1080,-0.00598145,-0.0206299
10,1081,-0.0107422,-0.0178223
10,1082,-0.00976562,-0.0128174
10,1083,0.00524902,0.00158691
10,1084,0.00134277,-0.00158691
10,1085,-0.000244141,-0.00817871
10,1086,-0.00354004,-0.0129395
10,1087,-0.0032959,-0.0125732
10,1088,-0.00476074,-0.0124512
10,1089,-0.00439453,-0.0107422
10,1090,-0.00463867,-0.010498
10,1091,-0.00244141,-0.00769043
10,1092,0.00146484,0.00317383
10,1093,-0.00585938,0.00183105
10,1094,-0.00915527,-0.00158691
10,1095,-0.00720215,-0.00280762
10,1096,-0.00720215,-0.00292969
10,1097,-0.0045166,-0.00292969
10,1098,-0.0012207,-0.00256348
10,1099,0.000854492,0
10,1100,0.0244141,0.0078125
10,1101,0.0219727,0.0106201
10,1102,0.0172119,0.00866699
10,1103,0.0151367,0.00695801
10,1104,0.00915527,0.00244141
10,1105,0.00244141,-0.00549316
10,1106,-0.00146484,-0.0108643
10,1107,0.0552979,0.00671387
10,1108,0.0446777,0.00695801
10,1109,0.0405273,0.0045166
10,1110,0.0253906,0
10,1111,0.00769043,-0.0117188
10,1112,-0.00427246,-0.0223389
10,1113,0.0571289,0.00268555
10,1114,0.053833,0.000366211
10,1115,0.0366211,-0.00158691
10,1116,0.0169678,-0.00952148
10,1117,-0.00195312,-0.0185547
10,1118,0.0477295,-0.0020752
10,1119,0.0338135,-0.00268555
10,1120,0.0184326,-0.00756836
10,1121,0.00109863,-0.0135498
10,1122,0.0338135,-0.000732422
10,1123,0.020874,-0.00476074
10,1124,0.00390625,-0.0102539
10,1125,0.0202637,-0.00256348
10,1126,0.00830078,-0.00524902
10,1127,0.022583,0.000610352
11,0,0.00878906,0.00708008
11,1,0.00109863,0.0126953
11,2,-0.00231934,0.0126953
11,3,0.00354004,-0.0125732
11,4,0.00244141,-0.00537109
11,5,-0.00549316,0.00634766
11,6,-0.00671387,-0.000976562
11,7,-0.0123291,-0.0032959
11,8,-0.010376,0.00463867
11,9,-0.00622559,0.0100098
11,10,-0.00256348,0.0113525
11,11,-0.0012207,0.0109863
11,12,0.00183105,0.0109863
11,13,0.0065918,0.00476074
11,14,0.00769043,-0.00341797
11,15,-0.00012207,-0.0078125
11,16,-0.00952148,-0.00415039
11,17,-0.0166016,-0.000366211
11,18,-0.0144043,0.00109863
11,19,-0.0163574,0.0020752
11,20,-0.0128174,0.00244141
11,21,-0.0100098,0.00427246
11,22,-0.00183105,0.00683594
11,23,-0.00463867,0.00292969
11,24,-0.00158691,-0.00805664
11,25,0.00671387,-0.00927734
11,26,0.00793457,-0.00598145
11,27,0.00976562,-0.00354004
11,28,0.00866699,0.00158691
11,29,-0.000244141,0.0108643
11,30,-0.0106201,0.00646973
11,31,0.00671387,-0.0129395
11,32,0.00280762,-0.00610352
11,33,0.00549316,-0.0123291
11,34,0.00646973,-0.0117188
11,35,0.00671387,-0.0101318
11,36,0.00769043,-0.0106201
11,37,0.0078125,-0.010498
11,38,0.00512695,-0.00964355
11,39,-0.00927734,-0.00646973
11,40,-0.0118408,-0.00512695
11,41,-0.0115967,-0.00305176
11,42,-0.00952148,-0.0012207
11,43,-0.00939941,0.00012207
11,44,-0.00646973,0.0012207
11,45,-0.00305176,0.00732422
11,46,0.0020752,0.0106201
11,47,0.0112305,0.00744629
11,48,0.00952148,0.00927734
11,49,-0.00866699,-0.0101318
11,50,-0.00341797,-0.00524902
11,51,0.00317383,0.00842285
11,52,-0.00305176,0.00622559
11,53,-0.00671387,0.00610352
11,54,-0.000976562,0.00769043
11,55,0.0032959,0.00695801
11,56,0.00500488,0.00549316
11,57,0.00524902,0.0045166
11,58,0.00598145,0.00305176
11,59,0.00366211,-0.00109863
11,60,-0.000732422,-0.00537109
11,61,-0.0045166,0.000366211
11,62,-0.00793457,0.00744629
11,63,-0.00976562,0.0114746
11,64,-0.00805664,0.0098877
11,65,-0.00891113,0.0114746
11,66,-0.00671387,0.00854492
11,67,-0.00402832,0.00598145
11,68,0.0020752,0.00146484
11,69,0.000854492,0.00231934
11,70,-0.00512695,-0.00341797
11,71,-0.00341797,-0.00878906
11,72,-0.0012207,-0.00805664
11,73,0.000854492,-0.00793457
11,74,0.00305176,-0.00537109
11,75,0.00402832,0.00427246
11,76,-0.0020752,0.00878906
11,77,-0.00305176,-0.0106201
11,78,-0.00158691,-0.00561523
11,79,-0.00366211,-0.0118408
11,80,-0.00317383,-0.012085
11,81,-0.00231934,-0.0111084
11,82,-0.00219727,-0.0119629
11,83,-0.00256348,-0.0106201
11,84,-0.00390625,-0.00708008
11,85,-0.0102539,0.00231934
11,86,-0.0098877,0.00390625
11,87,-0.00695801,0.00512695
11,88,-0.00402832,0.00512695
11,89,-0.00378418,0.00598145
11,90,-0.00183105,0.00476074
11,91,0.00280762,0.00537109
11,92,0.00732422,0.00219727
11,93,0.0198975,0.00317383
11,94,-0.0200195,-0.00512695
11,95,-0.00915527,-0.00366211
11,96,0.0123291,0.00854492
11,97,0.00292969,0.012207
11,98,0.00158691,0.0136719
11,99,0.00878906,0.00793457
11,100,0.0113525,0.000976562
11,101,0.010376,-0.00292969
11,102,0.00927734,-0.00427246
11,103,0.00769043,-0.0065918
11,104,-0.000610352,-0.0065918
11,105,-0.00891113,-0.00537109
11,106,-0.0065918,0.00891113
11,107,-0.0032959,0.0183105
11,108,-0.00012207,0.0214844
11,109,0.000366211,0.0170898
11,110,0.000854492,0.019165
11,111,0.000854492,0.0130615
11,112,0.0020752,0.00634766
11,113,0.0045166,-0.00427246
11,114,0.00598145,0.00134277
11,115,-0.00756836,0.00280762
11,116,-0.0126953,-0.00549316
11,117,-0.010498,-0.00732422
11,118,-0.00842285,-0.00952148
11,119,-0.00366211,-0.0101318
11,120,0.00744629,-0.00244141
11,121,0.00769043,0.00976562
11,122,-0.0124512,-0.00695801
11,123,-0.00610352,-0.00439453
11,124,-0.0129395,-0.00964355
11,125,-0.0128174,-0.010376
11,126,-0.0112305,-0.0100098
11,127,-0.012085,-0.0108643
11,128,-0.0125732,-0.00805664
11,129,-0.0117188,-0.00219727
11,130,-0.00891113,0.0106201
11,131,-0.0057373,0.0111084
11,132,-0.000610352,0.0112305
11,133,0.00268555,0.0098877
11,134,0.0032959,0.0098877
11,135,0.00366211,0.00708008
11,136,0.00817871,0.00305176
11,137,0.0107422,-0.00561523
11,138,-0.0213623,-0.00195312
11,139,-0.0101318,-0.00219727
11,140,0.0146484,0.00683594
11,141,0.00585938,0.0124512
11,142,0.00500488,0.0144043
11,143,0.0112305,0.00646973
11,144,0.0128174,-0.00183105
11,145,0.0108643,-0.00585938
11,146,0.00964355,-0.00708008
11,147,0.00720215,-0.00927734
11,148,-0.0020752,-0.00744629
11,149,-0.0106201,-0.00415039
11,150,-0.00598145,0.0107422
11,151,-0.000732422,0.0196533
11,152,0.00390625,0.0220947
11,153,0.00390625,0.0172119
11,154,0.00476074,0.019043
11,155,0.00366211,0.0126953
11,156,0.00378418,0.00512695
11,157,0.00402832,-0.0065918
11,158,0.00683594,-0.000976562
11,159,-0.00720215,0.00366211
11,160,-0.0146484,-0.00317383
11,161,-0.0128174,-0.00549316
11,162,-0.0112305,-0.00817871
11,163,-0.00646973,-0.00976562
11,164,0.0065918,-0.00402832
11,165,0.00964355,0.00878906
11,166,-0.0145264,-0.00415039
11,167,-0.00720215,-0.00317383
11,168,-0.0150146,-0.00732422
11,169,-0.0151367,-0.00817871
11,170,-0.0134277,-0.00830078
11,171,-0.0144043,-0.0090332
11,172,-0.0144043,-0.00610352
11,173,-0.0130615,-0.000244141
11,174,-0.00683594,0.0128174
11,175,-0.00280762,0.0131836
11,176,0.00256348,0.0126953
11,177,0.00524902,0.010498
11,178,0.0057373,0.0102539
11,179,0.00512695,0.00695801
11,180,0.00854492,0.000976562
11,181,0.00939941,-0.00915527
11,182,0.010498,0.00109863
11,183,-0.0158691,-0.00585938
11,184,-0.00756836,-0.0123291
11,185,-0.00695801,-0.0140381
11,186,-0.0123291,-0.00512695
11,187,-0.0128174,0.00341797
11,188,-0.010376,0.00744629
11,189,-0.00891113,0.00842285
11,190,-0.00622559,0.010376
11,191,0.00305176,0.00720215
11,192,0.0113525,0.00292969
11,193,0.00500488,-0.012085
11,194,-0.00109863,-0.0203857
11,195,-0.00610352,-0.0222168
11,196,-0.00561523,-0.0172119
11,197,-0.00671387,-0.019043
11,198,-0.00512695,-0.0125732
11,199,-0.00463867,-0.00463867
11,200,-0.00378418,0.00756836
11,201,-0.00769043,0.00183105
11,202,0.00634766,-0.00476074
11,203,0.0148926,0.00146484
11,204,0.0134277,0.00402832
11,205,0.0123291,0.00683594
11,206,0.00769043,0.0090332
11,207,-0.00622559,0.00488281
11,208,-0.0109863,-0.0078125
11,209,0.0152588,0.00292969
11,210,0.00756836,0.00268555
11,211,0.0158691,0.00634766
11,212,0.0159912,0.00708008
11,213,0.0142822,0.00720215
11,214,0.0153809,0.0078125
11,215,0.0150146,0.00439453
11,216,0.0130615,-0.00146484
11,217,0.00561523,-0.0137939
11,218,0.00158691,-0.013916
11,219,-0.00390625,-0.0129395
11,220,-0.0065918,-0.010498
11,221,-0.00720215,-0.0101318
11,222,-0.00634766,-0.00683594
11,223,-0.00927734,0
11,224,-0.00939941,0.010376
11,225,-0.00854492,-0.0020752
11,226,-0.00524902,-0.00598145
11,227,-0.00500488,-0.00646973
11,228,-0.00671387,-0.00134277
11,229,-0.00622559,0.00305176
11,230,-0.0045166,0.00488281
11,231,-0.00390625,0.00512695
11,232,-0.00231934,0.00598145
11,233,0.00195312,0.00317383
11,234,0.00561523,0.000244141
11,235,0.0012207,-0.0065918
11,236,-0.0020752,-0.0102539
11,237,-0.0045166,-0.0107422
11,238,-0.00378418,-0.00817871
11,239,-0.00439453,-0.0090332
11,240,-0.00305176,-0.0057373
11,241,-0.0020752,-0.00134277
11,242,-0.000976562,0.00488281
11,243,-0.00378418,0.00231934
11,244,0.00256348,-0.00219727
11,245,0.00756836,-0.000366211
11,246,0.00720215,0.000732422
11,247,0.00695801,0.0020752
11,248,0.00512695,0.00341797
11,249,-0.00170898,0.00219727
11,250,-0.00524902,-0.00341797
11,251,0.00720215,0.000854492
11,252,0.00366211,0.00109863
11,253,0.0078125,0.00280762
11,254,0.00793457,0.00305176
11,255,0.00720215,0.00317383
11,256,0.0078125,0.0032959
11,257,0.00744629,0.00134277
11,258,0.00634766,-0.00146484
11,259,0.00183105,-0.00695801
11,260,-0.000244141,-0.00683594
11,261,-0.00280762,-0.00646973
11,262,-0.00390625,-0.00512695
11,263,-0.00415039,-0.00488281
11,264,-0.0032959,-0.0032959
11,265,-0.00415039,0.000488281
11,266,-0.00341797,0.00598145
11,267,0.0119629,0.00683594
11,268,0.0109863,0.00695801
11,269,0.010498,-0.00183105
11,270,0.00708008,-0.00805664
11,271,0.00354004,-0.0100098
11,272,0.00268555,-0.0100098
11,273,-0.000366211,-0.010498
11,274,-0.00512695,-0.00378418
11,275,-0.00891113,0.00244141
11,276,0.00146484,0.0108643
11,277,0.00720215,0.0152588
11,278,0.010376,0.0145264
11,279,0.00817871,0.0108643
11,280,0.00915527,0.0118408
11,281,0.0057373,0.00695801
11,282,0.00244141,0.00012207
11,283,-0.00158691,-0.00878906
11,284,0.00537109,-0.00671387
11,285,-0.00231934,0.00341797
11,286,-0.0111084,0.00390625
11,287,-0.0113525,0.00231934
11,288,-0.0117188,0.000488281
11,289,-0.00976562,-0.0020752
11,290,0.000610352,-0.0032959
11,291,0.00927734,0.00292969
11,292,-0.0114746,0.0012207
11,293,-0.00646973,-0.000488281
11,294,-0.0133057,-0.00195312
11,295,-0.0133057,-0.00231934
11,296,-0.012085,-0.00268555
11,297,-0.0128174,-0.00256348
11,298,-0.0109863,0.000488281
11,299,-0.00842285,0.0045166
11,300,-0.00012207,0.0112305
11,301,0.00305176,0.0098877
11,302,0.00708008,0.00805664
11,303,0.00817871,0.00561523
11,304,0.00842285,0.00512695
11,305,0.00634766,0.00317383
11,306,0.00610352,-0.00268555
11,307,0.00268555,-0.0107422
11,308,0.0147705,-0.00256348
11,309,0.00695801,-0.0098877
11,310,-0.0012207,-0.0129395
11,311,-0.00549316,-0.012085
11,312,-0.00598145,-0.0109863
11,313,-0.0090332,-0.00927734
11,314,-0.00793457,0.000854492
11,315,-0.0057373,0.00854492
11,316,0.00915527,0.00817871
11,317,0.0136719,0.00695801
11,318,0.0145264,0.00256348
11,319,0.010376,0.00146484
11,320,0.0114746,0.00109863
11,321,0.0065918,-0.000854492
11,322,0.000488281,-0.00415039
11,323,-0.00732422,-0.00720215
11,324,0.0020752,-0.00878906
11,325,0.00317383,0.00415039
11,326,-0.00512695,0.0109863
11,327,-0.00708008,0.0102539
11,328,-0.0090332,0.00927734
11,329,-0.0102539,0.00622559
11,330,-0.00415039,-0.00170898
11,331,0.00842285,-0.00305176
11,332,-0.00634766,0.00634766
11,333,-0.0045166,0.00268555
11,334,-0.00927734,0.00500488
11,335,-0.0090332,0.00512695
11,336,-0.00830078,0.00463867
11,337,-0.00830078,0.00561523
11,338,-0.00488281,0.0078125
11,339,-0.00146484,0.00915527
11,340,0.00610352,0.00842285
11,341,0.00756836,0.00427246
11,342,0.010376,0.000244141
11,343,0.0101318,-0.00195312
11,344,0.0100098,-0.00231934
11,345,0.00708008,-0.0020752
11,346,0.00354004,-0.00476074
11,347,-0.0045166,-0.00720215
11,348,0.0117188,-0.0107422
11,349,0.00280762,-0.0172119
11,350,-0.00292969,-0.0177002
11,351,-0.00427246,-0.0164795
11,352,-0.00878906,-0.0155029
11,353,-0.0109863,-0.00317383
11,354,-0.00976562,0.0078125
11,355,0.00646973,0.0124512
11,356,0.0144043,0.00830078
11,357,0.0186768,0.00158691
11,358,0.0142822,-0.000732422
11,359,0.0158691,-0.00134277
11,360,0.0107422,-0.0032959
11,361,0.00463867,-0.00720215
11,362,-0.0057373,-0.010376
11,363,0.00305176,-0.00769043
11,364,0.0020752,0.00830078
11,365,-0.00817871,0.0134277
11,366,-0.010498,0.0112305
11,367,-0.0126953,0.00915527
11,368,-0.0133057,0.00415039
11,369,-0.00390625,-0.0065918
11,370,0.0114746,-0.00476074
11,371,-0.00549316,0.0108643
11,372,-0.00378418,0.00476074
11,373,-0.00805664,0.00915527
11,374,-0.00878906,0.00964355
11,375,-0.00866699,0.00842285
11,376,-0.00964355,0.0100098
11,377,-0.00805664,0.0123291
11,378,-0.0045166,0.0131836
11,379,0.00793457,0.00769043
11,380,0.0119629,0.00256348
11,381,0.0152588,0.00012207
11,382,0.0142822,-0.000976562
11,383,0.0140381,-0.00158691
11,384,0.00952148,-0.00109863
11,385,0.0032959,-0.00463867
11,386,-0.00683594,-0.00878906
11,387,0.012207,-0.0090332
11,388,0.00854492,-0.0124512
11,389,0.00695801,-0.0125732
11,390,0.00341797,-0.0140381
11,391,-0.00561523,-0.0078125
11,392,-0.0112305,-0.00012207
11,393,-0.00390625,0.012207
11,394,0.00366211,0.0135498
11,395,0.010376,0.0117188
11,396,0.00927734,0.00769043
11,397,0.0106201,0.00817871
11,398,0.00891113,0.00415039
11,399,0.00805664,-0.00183105
11,400,0.00378418,-0.00976562
11,401,0.00756836,-0.00244141
11,402,-0.00280762,0.00732422
11,403,-0.0126953,0.00402832
11,404,-0.0128174,0.000854492
11,405,-0.0133057,-0.00195312
11,406,-0.010498,-0.00622559
11,407,0.00158691,-0.00854492
11,408,0.0102539,0.00158691
11,409,-0.00939941,0.00439453
11,410,-0.0045166,0.000976562
11,411,-0.00915527,0.00146484
11,412,-0.0102539,0.0012207
11,413,-0.00976562,0.000488281
11,414,-0.0112305,0.000976562
11,415,-0.0125732,0.0032959
11,416,-0.0107422,0.00598145
11,417,0.000732422,0.00952148
11,418,0.00524902,0.00891113
11,419,0.00842285,0.0090332
11,420,0.00878906,0.00756836
11,421,0.00915527,0.00683594
11,422,0.00646973,0.0045166
11,423,0.00561523,-0.00219727
11,424,0.00292969,-0.010498
11,425,0.0169678,-0.00524902
11,426,0.0155029,-0.00646973
11,427,0.0137939,-0.0100098
11,428,0.00134277,-0.0107422
11,429,-0.00915527,-0.00769043
11,430,-0.012207,0.00732422
11,431,-0.00646973,0.0131836
11,432,0.00109863,0.0164795
11,433,0.00317383,0.012085
11,434,0.00402832,0.0137939
11,435,0.00537109,0.00939941
11,436,0.00891113,0.00354004
11,437,0.0100098,-0.0065918
11,438,0.00769043,0.00170898
11,439,-0.00769043,0.00378418
11,440,-0.0136719,-0.00488281
11,441,-0.0118408,-0.00769043
11,442,-0.0106201,-0.0102539
11,443,-0.00561523,-0.0119629
11,444,0.00585938,-0.00610352
11,445,0.00622559,0.00817871
11,446,-0.010498,-0.00231934
11,447,-0.00427246,-0.00231934
11,448,-0.00866699,-0.00537109
11,449,-0.00976562,-0.00598145
11,450,-0.00878906,-0.00622559
11,451,-0.0106201,-0.00671387
11,452,-0.0134277,-0.00537109
11,453,-0.0136719,-0.0020752
11,454,-0.00561523,0.00805664
11,455,-0.000488281,0.0115967
11,456,0.00195312,0.0147705
11,457,0.00256348,0.0136719
11,458,0.0032959,0.0133057
11,459,0.00219727,0.00915527
11,460,0.00500488,0.00134277
11,461,0.00793457,-0.00891113
11,462,0.017334,-0.00158691
11,463,0.0172119,-0.00585938
11,464,0.00549316,-0.010376
11,465,-0.00561523,-0.010498
11,466,-0.0144043,0.00256348
11,467,-0.0109863,0.0100098
11,468,-0.0045166,0.0158691
11,469,-0.00109863,0.0123291
11,470,-0.000732422,0.0141602
11,471,0.00244141,0.010498
11,472,0.00769043,0.00585938
11,473,0.0117188,-0.0032959
11,474,0.00622559,0.00402832
11,475,-0.00878906,0.000854492
11,476,-0.0114746,-0.0090332
11,477,-0.00891113,-0.0109863
11,478,-0.00683594,-0.0129395
11,479,-0.00170898,-0.0128174
11,480,0.00708008,-0.00305176
11,481,0.00256348,0.0108643
11,482,-0.00891113,-0.00610352
11,483,-0.00341797,-0.00390625
11,484,-0.00671387,-0.00793457
11,485,-0.00756836,-0.00866699
11,486,-0.00646973,-0.00854492
11,487,-0.00817871,-0.00952148
11,488,-0.0111084,-0.00891113
11,489,-0.0124512,-0.00622559
11,490,-0.00732422,0.00585938
11,491,-0.00305176,0.0112305
11,492,-0.00183105,0.0151367
11,493,-0.00146484,0.0142822
11,494,-0.000610352,0.0142822
11,495,-0.000732422,0.0098877
11,496,0.00341797,0.0032959
11,497,0.00866699,-0.00561523
11,498,0.0167236,-0.00415039
11,499,0.00634766,-0.00927734
11,500,-0.00415039,-0.010376
11,501,-0.0134277,0.00134277
11,502,-0.0111084,0.00891113
11,503,-0.0057373,0.0151367
11,504,-0.00231934,0.0118408
11,505,-0.0020752,0.0137939
11,506,0.000976562,0.0102539
11,507,0.00610352,0.00598145
11,508,0.0107422,-0.00244141
11,509,0.00524902,0.00354004
11,510,-0.00854492,-0.000732422
11,511,-0.0100098,-0.00976562
11,512,-0.00744629,-0.0111084
11,513,-0.00537109,-0.0125732
11,514,-0.000488281,-0.0117188
11,515,0.00671387,-0.00134277
11,516,0.00109863,0.0111084
11,517,-0.00805664,-0.00683594
11,518,-0.00305176,-0.00402832
11,519,-0.00598145,-0.00866699
11,520,-0.0065918,-0.00939941
11,521,-0.00561523,-0.00915527
11,522,-0.00695801,-0.0101318
11,523,-0.00976562,-0.0098877
11,524,-0.0113525,-0.00732422
11,525,-0.00756836,0.00512695
11,526,-0.00390625,0.0107422
11,527,-0.00305176,0.0146484
11,528,-0.00256348,0.0137939
11,529,-0.00170898,0.0136719
11,530,-0.00158691,0.00939941
11,531,0.00280762,0.00341797
11,532,0.00866699,-0.00476074
11,533,0.00927734,-0.0078125
11,534,-0.000610352,-0.0113525
11,535,-0.0136719,-0.00244141
11,536,-0.0133057,0.00549316
11,537,-0.00915527,0.0131836
11,538,-0.00512695,0.0108643
11,539,-0.00512695,0.0128174
11,540,-0.0012207,0.0102539
11,541,0.00476074,0.00732422
11,542,0.0112305,0.00012207
11,543,0.00354004,0.00488281
11,544,-0.00854492,-0.00292969
11,545,-0.00720215,-0.012207
11,546,-0.00439453,-0.0129395
11,547,-0.00183105,-0.0135498
11,548,0.00244141,-0.0114746
11,549,0.00646973,0.000854492
11,550,-0.00256348,0.0117188
11,551,-0.00610352,-0.0090332
11,552,-0.0020752,-0.00512695
11,553,-0.00402832,-0.0102539
11,554,-0.00439453,-0.0111084
11,555,-0.00354004,-0.010498
11,556,-0.0045166,-0.0118408
11,557,-0.00732422,-0.012085
11,558,-0.00939941,-0.0101318
11,559,-0.00866699,0.00268555
11,560,-0.00598145,0.00964355
11,561,-0.00634766,0.013916
11,562,-0.00610352,0.0133057
11,563,-0.00537109,0.0134277
11,564,-0.00427246,0.00915527
11,565,0.000732422,0.00415039
11,566,0.00817871,-0.00292969
11,567,0.00683594,-0.00622559
11,568,-0.00402832,-0.00952148
11,569,-0.00756836,-0.00500488
11,570,-0.00927734,0.00170898
11,571,-0.00671387,0.00280762
11,572,-0.00756836,0.00402832
11,573,-0.00512695,0.00476074
11,574,-0.00219727,0.00646973
11,575,0.0032959,0.00598145
11,576,-0.00341797,0.00305176
11,577,-0.0045166,-0.00646973
11,578,0.0020752,-0.0090332
11,579,0.00402832,-0.00732422
11,580,0.00585938,-0.00598145
11,581,0.00671387,-0.0020752
11,582,0.00280762,0.00695801
11,583,-0.00720215,0.00720215
11,584,0.0012207,-0.00805664
11,585,0.000732422,-0.00354004
11,586,0.00109863,-0.00683594
11,587,0.00134277,-0.00708008
11,588,0.00183105,-0.00634766
11,589,0.00183105,-0.00732422
11,590,0.00134277,-0.00866699
11,591,0,-0.00927734
11,592,-0.00439453,-0.00305176
11,593,-0.00524902,0.00183105
11,594,-0.00769043,0.00427246
11,595,-0.00817871,0.00402832
11,596,-0.00793457,0.00476074
11,597,-0.00622559,0.0032959
11,598,-0.00341797,0.00378418
11,599,0.00170898,0.00354004
11,600,0.0045166,-0.0119629
11,601,-0.00109863,-0.0128174
11,602,-0.00646973,-0.0100098
11,603,-0.00598145,-0.00634766
11,604,-0.00683594,-0.0065918
11,605,-0.00622559,-0.00305176
11,606,-0.00634766,0.0020752
11,607,-0.00341797,0.00805664
11,608,-0.0078125,0.00109863
11,609,0.000976562,-0.00695801
11,610,0.0100098,-0.00366211
11,611,0.0101318,-0.000854492
11,612,0.0108643,0.00195312
11,613,0.00817871,0.00561523
11,614,-0.00231934,0.00854492
11,615,-0.010376,0.00012207
11,616,0.00793457,-0.00390625
11,617,0.00366211,-0.00109863
11,618,0.00683594,-0.00158691
11,619,0.00744629,-0.00146484
11,620,0.00708008,-0.000732422
11,621,0.00805664,-0.0012207
11,622,0.00878906,-0.00305176
11,623,0.00805664,-0.00561523
11,624,0.000854492,-0.00830078
11,625,-0.00280762,-0.00610352
11,626,-0.00695801,-0.00561523
11,627,-0.00830078,-0.00476074
11,628,-0.00878906,-0.00427246
11,629,-0.00708008,-0.00305176
11,630,-0.00744629,0.00146484
11,631,-0.00524902,0.00720215
11,632,0.0172119,-0.00537109
11,633,0.0113525,-0.00952148
11,634,0.00634766,-0.00732422
11,635,0.00622559,-0.00842285
11,636,0.000976562,-0.00646973
11,637,-0.0065918,-0.0045166
11,638,-0.0129395,0
11,639,-0.00585938,-0.00817871
11,640,0.00610352,-0.00134277
11,641,0.00561523,0.00939941
11,642,0.00280762,0.0111084
11,643,0.000854492,0.0126953
11,644,-0.00427246,0.0117188
11,645,-0.00952148,0.00305176
11,646,-0.00268555,-0.00793457
11,647,0.00634766,0.00610352
11,648,0.00134277,0.00354004
11,649,0.000976562,0.00671387
11,650,0.0012207,0.0078125
11,651,0.000610352,0.0078125
11,652,0.00109863,0.00866699
11,653,0.0045166,0.00976562
11,654,0.00830078,0.00756836
11,655,0.0090332,-0.00109863
11,656,0.00646973,-0.00488281
11,657,0.00500488,-0.00927734
11,658,0.00402832,-0.0106201
11,659,0.00268555,-0.010376
11,660,0.00158691,-0.0078125
11,661,-0.00463867,-0.00500488
11,662,-0.012207,-0.00158691
11,663,0.0240479,-0.00500488
11,664,0.017334,-0.00439453
11,665,0.0189209,-0.00524902
11,666,0.010498,-0.00439453
11,667,-0.00012207,-0.00415039
11,668,-0.0126953,-0.00366211
11,669,-0.00500488,-0.00939941
11,670,0.0032959,0.00463867
11,671,-0.00158691,0.0145264
11,672,-0.00415039,0.0140381
11,673,-0.00634766,0.0137939
11,674,-0.00927734,0.0100098
11,675,-0.00634766,-0.00244141
11,676,0.00598145,-0.00878906
11,677,-0.00158691,0.0125732
11,678,-0.00244141,0.0065918
11,679,-0.00720215,0.0131836
11,680,-0.00744629,0.0137939
11,681,-0.00769043,0.0125732
11,682,-0.00817871,0.0137939
11,683,-0.00439453,0.0147705
11,684,0.00195312,0.0134277
11,685,0.0128174,0.00488281
11,686,0.0128174,0
11,687,0.0125732,-0.00549316
11,688,0.0106201,-0.00805664
11,689,0.00976562,-0.00854492
11,690,0.0065918,-0.00683594
11,691,-0.00146484,-0.0078125
11,692,-0.0134277,-0.00817871
11,693,0.0234375,-0.00134277
11,694,0.0266113,-0.00195312
11,695,0.0175781,-0.00219727
11,696,0.00671387,-0.00390625
11,697,-0.0090332,-0.00708008
11,698,-0.00292969,-0.00805664
11,699,-0.000244141,0.00976562
11,700,-0.00830078,0.0161133
11,701,-0.0100098,0.0134277
11,702,-0.0119629,0.0115967
11,703,-0.012207,0.0057373
11,704,-0.0020752,-0.00732422
11,705,0.0125732,-0.00695801
11,706,-0.0090332,0.0155029
11,707,-0.00561523,0.00769043
11,708,-0.0130615,0.0161133
11,709,-0.0135498,0.0162354
11,710,-0.0134277,0.0141602
11,711,-0.0144043,0.0157471
11,712,-0.0111084,0.0167236
11,713,-0.0045166,0.0159912
11,714,0.0129395,0.0090332
11,715,0.0163574,0.00439453
11,716,0.0178223,-0.000488281
11,717,0.0151367,-0.0032959
11,718,0.0147705,-0.00463867
11,719,0.010376,-0.00427246
11,720,0.00134277,-0.00878906
11,721,-0.0123291,-0.0125732
11,722,0.0214844,-0.000366211
11,723,0.0148926,-0.000732422
11,724,0.00732422,-0.00231934
11,725,-0.00463867,-0.00585938
11,726,-0.000976562,-0.00561523
11,727,-0.000732422,0.00817871
11,728,-0.00769043,0.0118408
11,729,-0.00854492,0.00927734
11,730,-0.0101318,0.00732422
11,731,-0.00952148,0.00256348
11,732,-0.00012207,-0.00732422
11,733,0.0109863,-0.00524902
11,734,-0.00878906,0.0124512
11,735,-0.00500488,0.00610352
11,736,-0.0109863,0.0128174
11,737,-0.0115967,0.0126953
11,738,-0.0113525,0.0109863
11,739,-0.0123291,0.0119629
11,740,-0.0101318,0.0124512
11,741,-0.00500488,0.0118408
11,742,0.0098877,0.00769043
11,743,0.0128174,0.00500488
11,744,0.013916,0.00158691
11,745,0.0117188,-0.000854492
11,746,0.0114746,-0.0020752
11,747,0.00817871,-0.00244141
11,748,0.00195312,-0.00732422
11,749,-0.0078125,-0.0113525
11,750,0.0174561,-0.000488281
11,751,0.0090332,-0.0020752
11,752,-0.00476074,-0.00610352
11,753,-0.0012207,-0.00512695
11,754,-0.00146484,0.0102539
11,755,-0.0090332,0.0134277
11,756,-0.00976562,0.0102539
11,757,-0.0111084,0.00793457
11,758,-0.0100098,0.00244141
11,759,0.0012207,-0.00830078
11,760,0.0131836,-0.00500488
11,761,-0.0109863,0.0137939
11,762,-0.00622559,0.00683594
11,763,-0.0133057,0.0145264
11,764,-0.0137939,0.0144043
11,765,-0.0135498,0.0123291
11,766,-0.0144043,0.0135498
11,767,-0.0119629,0.0140381
11,768,-0.00622559,0.0134277
11,769,0.010376,0.00939941
11,770,0.013916,0.00622559
11,771,0.0157471,0.0020752
11,772,0.0133057,-0.000488281
11,773,0.0133057,-0.0020752
11,774,0.00964355,-0.00244141
11,775,0.00292969,-0.00793457
11,776,-0.00830078,-0.012085
11,777,0.00891113,-0.00146484
11,778,-0.000366211,-0.00476074
11,779,0.000732422,-0.00183105
11,780,-0.00134277,0.00854492
11,781,-0.00744629,0.00891113
11,782,-0.00769043,0.00585938
11,783,-0.00866699,0.00378418
11,784,-0.00720215,-0.000610352
11,785,0.0020752,-0.0078125
11,786,0.0102539,-0.00317383
11,787,-0.00891113,0.0098877
11,788,-0.00463867,0.00463867
11,789,-0.00939941,0.010498
11,790,-0.0098877,0.0102539
11,791,-0.00976562,0.00866699
11,792,-0.010498,0.00952148
11,793,-0.00939941,0.00952148
11,794,-0.00585938,0.00915527
11,795,0.0065918,0.00744629
11,796,0.00964355,0.0057373
11,797,0.0111084,0.00305176
11,798,0.00939941,0.00134277
11,799,0.00964355,0.00012207
11,800,0.00708008,-0.000732422
11,801,0.00305176,-0.00549316
11,802,-0.00415039,-0.00878906
11,803,0.00769043,-0.0032959
11,804,0.00610352,0.00292969
11,805,-0.000610352,0.00732422
11,806,-0.00634766,0.00280762
11,807,-0.00598145,-0.000610352
11,808,-0.00634766,-0.0032959
11,809,-0.00378418,-0.00671387
11,810,0.00439453,-0.00976562
11,811,0.00817871,-0.00170898
11,812,-0.00756836,0.00549316
11,813,-0.00280762,0.00231934
11,814,-0.00476074,0.00561523
11,815,-0.00537109,0.00500488
11,816,-0.00537109,0.00402832
11,817,-0.00610352,0.00415039
11,818,-0.00744629,0.00390625
11,819,-0.00622559,0.00366211
11,820,0.00231934,0.00585938
11,821,0.00427246,0.00671387
11,822,0.0045166,0.00598145
11,823,0.00390625,0.00476074
11,824,0.0045166,0.00366211
11,825,0.00366211,0.00158691
11,826,0.00463867,-0.00366211
11,827,0.0045166,-0.00683594
11,828,0.00976562,0.00756836
11,829,-0.000976562,0.00219727
11,830,-0.0032959,-0.00720215
11,831,-0.0020752,-0.00952148
11,832,-0.000976562,-0.0115967
11,833,0.00231934,-0.012207
11,834,0.00646973,-0.00744629
11,835,0.0020752,0.00231934
11,836,-0.00402832,-0.00366211
11,837,0,-0.00231934
11,838,0.00134277,-0.00415039
11,839,0.000976562,-0.00524902
11,840,0.000976562,-0.00500488
11,841,0.000610352,-0.00598145
11,842,-0.00305176,-0.00634766
11,843,-0.00512695,-0.0057373
11,844,-0.00463867,0.00183105
11,845,-0.00524902,0.00610352
11,846,-0.0065918,0.00805664
11,847,-0.00537109,0.0078125
11,848,-0.00463867,0.00720215
11,849,-0.00256348,0.00439453
11,850,0.00476074,0.000366211
11,851,0.0141602,-0.0020752
11,852,0.00524902,0.00305176
11,853,-0.0045166,-0.0012207
11,854,-0.00610352,-0.00390625
11,855,-0.00708008,-0.00634766
11,856,-0.00622559,-0.00927734
11,857,-0.00109863,-0.0106201
11,858,0.00402832,-0.00280762
11,859,-0.00427246,0.000488281
11,860,-0.000976562,-0.00109863
11,861,-0.00012207,-0.00292969
11,862,-0.000732422,-0.00366211
11,863,-0.000732422,-0.0032959
11,864,-0.00109863,-0.00366211
11,865,-0.00341797,-0.00134277
11,866,-0.00402832,0.000244141
11,867,-0.00134277,0.00585938
11,868,-0.0020752,0.0078125
11,869,-0.0020752,0.00756836
11,870,0.00012207,0.00598145
11,871,0.000244141,0.00500488
11,872,0.000976562,0.00231934
11,873,0.00634766,-0.00402832
11,874,0.0124512,-0.00866699
11,875,0.00744629,0.00512695
11,876,0.00402832,0.00500488
11,877,0.00146484,0.00512695
11,878,-0.00268555,0.00317383
11,879,-0.00830078,-0.00512695
11,880,-0.00256348,-0.0111084
11,881,0.00610352,0.0057373
11,882,0.00305176,0.00231934
11,883,0.00744629,0.00463867
11,884,0.00744629,0.00476074
11,885,0.00634766,0.00512695
11,886,0.00744629,0.00537109
11,887,0.00769043,0.00598145
11,888,0.00793457,0.00366211
11,889,0.00549316,-0.00170898
11,890,0.00158691,-0.00292969
11,891,-0.000854492,-0.0057373
11,892,-0.000488281,-0.00646973
11,893,-0.00146484,-0.00708008
11,894,-0.000732422,-0.00622559
11,895,-0.000854492,-0.00634766
11,896,-0.00012207,-0.00244141
11,897,0.0130615,0.00231934
11,898,0.012207,0.00476074
11,899,0.00793457,0.00695801
11,900,-0.00500488,0.00390625
11,901,-0.00952148,-0.00769043
11,902,0.0118408,0.000610352
11,903,0.00585938,0.000976562
11,904,0.0125732,0.00244141
11,905,0.0131836,0.00256348
11,906,0.0119629,0.00317383
11,907,0.0135498,0.00305176
11,908,0.0140381,0.000976562
11,909,0.0126953,-0.00256348
11,910,0.0032959,-0.0102539
11,911,-0.00219727,-0.010376
11,912,-0.00671387,-0.0113525
11,913,-0.00732422,-0.0100098
11,914,-0.00817871,-0.00976562
11,915,-0.00598145,-0.00708008
11,916,-0.00610352,-0.00134277
11,917,-0.0032959,0.00805664
11,918,0.0131836,0.00231934
11,919,0.010498,0.00549316
11,920,-0.000854492,0.00549316
11,921,-0.00854492,-0.00427246
11,922,0.00964355,-0.00195312
11,923,0.00500488,0.00012207
11,924,0.0106201,0.000854492
11,925,0.0114746,0.000854492
11,926,0.0106201,0.00134277
11,927,0.012207,0.000976562
11,928,0.0124512,-0.00183105
11,929,0.0106201,-0.00476074
11,930,0.000488281,-0.00976562
11,931,-0.0045166,-0.00952148
11,932,-0.00817871,-0.0101318
11,933,-0.00854492,-0.00842285
11,934,-0.00878906,-0.00805664
11,935,-0.00622559,-0.00549316
11,936,-0.00476074,0.000854492
11,937,-0.00134277,0.0102539
11,938,0.0128174,0.00390625
11,939,0.00219727,0.00720215
11,940,-0.00830078,-0.000732422
11,941,0.00842285,-0.00439453
11,942,0.00439453,-0.000732422
11,943,0.00927734,-0.00109863
11,944,0.010376,-0.0012207
11,945,0.00976562,-0.000732422
11,946,0.0112305,-0.00134277
11,947,0.0113525,-0.0045166
11,948,0.00927734,-0.00695801
11,949,-0.00195312,-0.00952148
11,950,-0.00671387,-0.00878906
11,951,-0.0098877,-0.00878906
11,952,-0.0098877,-0.0065918
11,953,-0.0100098,-0.00622559
11,954,-0.00695801,-0.00390625
11,955,-0.00439453,0.0032959
11,956,0.000244141,0.0125732
11,957,0.00769043,0.00634766
11,958,-0.0045166,0.00292969
11,959,0.00354004,-0.00622559
11,960,0.00256348,-0.00146484
11,961,0.00561523,-0.00244141
11,962,0.0065918,-0.00305176
11,963,0.00646973,-0.00280762
11,964,0.00756836,-0.00366211
11,965,0.00683594,-0.00720215
11,966,0.00463867,-0.00842285
11,967,-0.00463867,-0.00683594
11,968,-0.00842285,-0.0057373
11,969,-0.0102539,-0.00512695
11,970,-0.00976562,-0.00305176
11,971,-0.00915527,-0.00280762
11,972,-0.00585938,-0.00109863
11,973,-0.00109863,0.00512695
11,974,0.00476074,0.0126953
11,975,0.00939941,0.00769043
11,976,-0.00964355,-0.00366211
11,977,-0.00378418,-0.000366211
11,978,-0.00744629,0
11,979,-0.00671387,-0.00109863
11,980,-0.00585938,-0.0020752
11,981,-0.00585938,-0.00256348
11,982,-0.00671387,-0.00500488
11,983,-0.00671387,-0.00354004
11,984,-0.00512695,0.00427246
11,985,-0.0045166,0.00415039
11,986,-0.00244141,0.00378418
11,987,-0.0012207,0.00439453
11,988,0.000488281,0.00390625
11,989,0.00183105,0.00378418
11,990,0.00769043,0.00512695
11,991,0.010498,0.00646973
11,992,-0.0124512,0.00671387
11,993,-0.00585938,0.00390625
11,994,-0.0117188,0.00842285
11,995,-0.0115967,0.0078125
11,996,-0.0108643,0.00610352
11,997,-0.0113525,0.00671387
11,998,-0.0107422,0.00671387
11,999,-0.0078125,0.00817871
11,1000,0.0032959,0.010498
11,1001,0.00585938,0.00622559
11,1002,0.00964355,0.00280762
11,1003,0.0102539,0.00170898
11,1004,0.0112305,0.000854492
11,1005,0.00939941,0.000854492
11,1006,0.0101318,-0.00146484
11,1007,0.00537109,-0.00280762
11,1008,0.00878906,0.000244141
11,1009,0.0167236,0.000244141
11,1010,0.0161133,0.00134277
11,1011,0.0144043,0.00231934
11,1012,0.0146484,0.00244141
11,1013,0.0129395,0.00195312
11,1014,0.0108643,-0.00146484
11,1015,0.00280762,-0.0128174
11,1016,-0.000488281,-0.0133057
11,1017,-0.00476074,-0.0115967
11,1018,-0.0057373,-0.0090332
11,1019,-0.00720215,-0.00756836
11,1020,-0.00646973,-0.00488281
11,1021,-0.00927734,0.00134277
11,1022,-0.00793457,0.00744629
11,1023,0.00952148,-0.00012207
11,1024,0.00915527,0.000244141
11,1025,0.00817871,0.000610352
11,1026,0.00830078,0.000732422
11,1027,0.00671387,0.000244141
11,1028,0.00512695,-0.00146484
11,1029,0.000976562,-0.00683594
11,1030,-0.00134277,-0.0065918
11,1031,-0.00378418,-0.00549316
11,1032,-0.00415039,-0.00415039
11,1033,-0.00476074,-0.00366211
11,1034,-0.00390625,-0.00244141
11,1035,-0.00390625,0.000366211
11,1036,-0.00170898,0.00378418
11,1037,0.0194092,0.000366211
11,1038,0.0174561,0.0012207
11,1039,0.0181885,0.00109863
11,1040,0.0151367,-0.000244141
11,1041,0.0111084,-0.00366211
11,1042,0.00134277,-0.013916
11,1043,-0.00341797,-0.0134277
11,1044,-0.00866699,-0.0112305
11,1045,-0.00927734,-0.00830078
11,1046,-0.0101318,-0.00756836
11,1047,-0.00805664,-0.00524902
11,1048,-0.00708008,0.000244141
11,1049,-0.00134277,0.00817871
11,1050,0.0177002,0.000854492
11,1051,0.0187988,0.000732422
11,1052,0.0162354,-0.000732422
11,1053,0.0119629,-0.00415039
11,1054,0.000732422,-0.0137939
11,1055,-0.0045166,-0.0137939
11,1056,-0.00939941,-0.0119629
11,1057,-0.0098877,-0.0090332
11,1058,-0.010498,-0.00842285
11,1059,-0.00817871,-0.00585938
11,1060,-0.0065918,0.000610352
11,1061,-0.000854492,0.00976562
11,1062,0.0170898,-0.000244141
11,1063,0.0150146,-0.00158691
11,1064,0.0108643,-0.00476074
11,1065,0,-0.0128174
11,1066,-0.00463867,-0.0125732
11,1067,-0.0090332,-0.0106201
11,1068,-0.00939941,-0.00793457
11,1069,-0.0098877,-0.00708008
11,1070,-0.00769043,-0.00488281
11,1071,-0.00598145,0.00134277
11,1072,-0.000366211,0.00939941
11,1073,0.0169678,-0.00170898
11,1074,0.0124512,-0.00500488
11,1075,0,-0.0131836
11,1076,-0.00537109,-0.0131836
11,1077,-0.0098877,-0.0119629
11,1078,-0.0101318,-0.00915527
11,1079,-0.0106201,-0.00854492
11,1080,-0.00805664,-0.00610352
11,1081,-0.00598145,0.000854492
11,1082,-0.00012207,0.0106201
11,1083,0.0140381,-0.00378418
11,1084,0.00109863,-0.0124512
11,1085,-0.00390625,-0.0133057
11,1086,-0.0078125,-0.0130615
11,1087,-0.00842285,-0.0109863
11,1088,-0.00891113,-0.0102539
11,1089,-0.00671387,-0.00732422
11,1090,-0.00622559,0.000244141
11,1091,-0.00317383,0.010498
11,1092,0.00415039,-0.00915527
11,1093,-0.000732422,-0.0108643
11,1094,-0.00439453,-0.0124512
11,1095,-0.00512695,-0.0114746
11,1096,-0.0057373,-0.0109863
11,1097,-0.00427246,-0.00805664
11,1098,-0.00537109,-0.00183105
11,1099,-0.00488281,0.00732422
11,1100,0.0145264,-0.00195312
11,1101,0.0101318,-0.00585938
11,1102,0.0065918,-0.00756836
11,1103,0.00549316,-0.00805664
11,1104,0.00292969,-0.00695801
11,1105,-0.00341797,-0.00878906
11,1106,-0.00866699,-0.00549316
11,1107,0.0163574,-0.0020752
11,1108,0.0119629,-0.00354004
11,1109,0.0106201,-0.00366211
11,1110,0.00585938,-0.00354004
11,1111,-0.00402832,-0.00683594
11,1112,-0.0126953,-0.00830078
11,1113,0.015625,-0.0012207
11,1114,0.0148926,-0.00158691
11,1115,0.00976562,-0.0012207
11,1116,-0.000366211,-0.0045166
11,1117,-0.0119629,-0.00830078
11,1118,0.0140381,-0.000488281
11,1119,0.0098877,-0.000244141
11,1120,0.00256348,-0.0032959
11,1121,-0.00744629,-0.00744629
11,1122,0.0102539,0.000366211
11,1123,0.00415039,-0.00256348
11,1124,-0.00561523,-0.00622559
11,1125,0.00512695,-0.0020752
11,1126,-0.00146484,-0.00427246
11,1127,0.0118408,-0.000732422
12,0,0.00378418,0.00109863
12,1,0.00219727,0.00231934
12,2,0.00134277,0.00244141
12,3,-0.00109863,-0.00231934
12,4,-0.000244141,-0.000976562
12,5,-0.000976562,0.0012207
12,6,-0.00158691,0.000488281
12,7,-0.000366211,-0.000244141
12,8,0.000366211,0.00012207
12,9,0.000610352,0
12,10,0.000610352,0.000244141
12,11,0.000366211,0.000366211
12,12,0.000488281,0.000610352
12,13,0.000488281,0.000366211
12,14,0.00134277,0.000244141
12,15,0.00134277,-0.000244141
12,16,-0.00195312,0.000732422
12,17,-0.00439453,0.0012207
12,18,-0.00402832,0.0012207
12,19,-0.00476074,0.00109863
12,20,-0.00415039,0.000976562
12,21,-0.00439453,0.0012207
12,22,-0.00158691,0.000976562
12,23,-0.00256348,-0.00109863
12,24,-0.00256348,-0.00244141
12,25,-0.0012207,-0.00219727
12,26,-0.000610352,-0.0012207
12,27,-0.000366211,-0.000854492
12,28,-0.00012207,-0.000732422
12,29,-0.000732422,0.00109863
12,30,-0.00170898,0.0012207
12,31,0.00439453,-0.00305176
12,32,0.00158691,-0.00109863
12,33,0.0012207,-0.000976562
12,34,0.00012207,-0.000732422
12,35,0.00012207,-0.000244141
12,36,-0.00012207,0.00012207
12,37,-0.00134277,0.000244141
12,38,-0.00134277,0.00012207
12,39,-0.000366211,-0.00317383
12,40,0.000366211,-0.00402832
12,41,0.000732422,-0.00280762
12,42,0,-0.00170898
12,43,0.000244141,-0.000854492
12,44,-0.000244141,-0.00012207
12,45,-0.00134277,0.00158691
12,46,-0.00134277,0.00268555
12,47,0.0045166,0.000976562
12,48,0.00378418,0.00146484
12,49,-0.00378418,-0.00170898
12,50,-0.00134277,-0.000610352
12,51,0.000732422,0.0012207
12,52,-0.000976562,0.00134277
12,53,0.000244141,0
12,54,0.00134277,-0.000244141
12,55,0.0012207,-0.000366211
12,56,0.000976562,0.00012207
12,57,0.000488281,0.00012207
12,58,0.000244141,0.000366211
12,59,-0.000610352,0.000610352
12,60,-0.000732422,0.000610352
12,61,0,0.000488281
12,62,-0.00195312,0.00268555
12,63,-0.00402832,0.00341797
12,64,-0.00354004,0.00244141
12,65,-0.00427246,0.00231934
12,66,-0.00378418,0.00183105
12,67,-0.00378418,0.000488281
12,68,-0.00109863,-0.000854492
12,69,-0.00134277,-0.00231934
12,70,-0.00292969,-0.00219727
12,71,-0.00231934,-0.00134277
12,72,-0.00170898,-0.000854492
12,73,-0.00146484,-0.000488281
12,74,-0.00134277,-0.000610352
12,75,-0.0012207,0.000244141
12,76,-0.00158691,0.000854492
12,77,0.00231934,-0.00427246
12,78,0.000976562,-0.00170898
12,79,0.000610352,-0.0020752
12,80,-0.000366211,-0.00146484
12,81,-0.000488281,-0.000976562
12,82,-0.000854492,-0.000244141
12,83,-0.00195312,0.000488281
12,84,-0.0020752,0.000732422
12,85,-0.00158691,-0.0020752
12,86,-0.00109863,-0.00305176
12,87,-0.00012207,-0.00195312
12,88,-0.000244141,-0.000976562
12,89,0.00012207,-0.000488281
12,90,-0.00012207,0.000366211
12,91,-0.000732422,0.0012207
12,92,0,0.000732422
12,93,0.00537109,0.000976562
12,94,-0.00537109,-0.0012207
12,95,-0.00219727,-0.000610352
12,96,0.0020752,0.00146484
12,97,-0.00012207,0.00195312
12,98,0.000854492,0.000488281
12,99,0.0020752,0.00012207
12,100,0.00170898,-0.000366211
12,101,0.00134277,0
12,102,0.000732422,-0.00012207
12,103,0.000366211,-0.00012207
12,104,-0.000976562,0.000244141
12,105,-0.00158691,0.000244141
12,106,-0.000610352,0.000610352
12,107,-0.00134277,0.00354004
12,108,-0.00256348,0.00476074
12,109,-0.00219727,0.00341797
12,110,-0.00280762,0.0032959
12,111,-0.00268555,0.00268555
12,112,-0.00244141,0.000366211
12,113,-0.000366211,-0.00170898
12,114,0,-0.00231934
12,115,-0.00292969,-0.00183105
12,116,-0.0032959,-0.00109863
12,117,-0.00280762,-0.000854492
12,118,-0.00231934,-0.000610352
12,119,-0.00231934,-0.000732422
12,120,-0.0012207,-0.000366211
12,121,-0.000976562,0.000610352
12,122,0.000366211,-0.00488281
12,123,0.000244141,-0.0020752
12,124,-0.000244141,-0.00292969
12,125,-0.000976562,-0.00219727
12,126,-0.00109863,-0.00170898
12,127,-0.00158691,-0.000976562
12,128,-0.0020752,0.000366211
12,129,-0.0020752,0.000854492
12,130,-0.00219727,-0.00134277
12,131,-0.00195312,-0.00195312
12,132,-0.000976562,-0.000854492
12,133,-0.000732422,0
12,134,-0.000244141,0.000244141
12,135,-0.000366211,0.000854492
12,136,-0.000366211,0.00146484
12,137,0.0012207,-0.000244141
12,138,-0.00524902,-0.000244141
12,139,-0.00219727,-0.00012207
12,140,0.00231934,0.000976562
12,141,0.000366211,0.00183105
12,142,0.00109863,0.000366211
12,143,0.00219727,-0.000366211
12,144,0.00158691,-0.000854492
12,145,0.0012207,-0.000366211
12,146,0.000488281,-0.000488281
12,147,0.00012207,-0.000366211
12,148,-0.0012207,0.000244141
12,149,-0.00195312,0.000366211
12,150,-0.000488281,0.000976562
12,151,-0.000732422,0.00366211
12,152,-0.00146484,0.00476074
12,153,-0.00134277,0.00341797
12,154,-0.00195312,0.00317383
12,155,-0.00183105,0.00268555
12,156,-0.00195312,0.00012207
12,157,-0.000488281,-0.0020752
12,158,0,-0.00256348
12,159,-0.00280762,-0.00134277
12,160,-0.0032959,-0.000366211
12,161,-0.00292969,-0.000244141
12,162,-0.00256348,-0.00012207
12,163,-0.00244141,-0.000244141
12,164,-0.00134277,-0.00012207
12,165,-0.000732422,0.000732422
12,166,-0.000488281,-0.00415039
12,167,-0.000244141,-0.00183105
12,168,-0.000732422,-0.00244141
12,169,-0.00134277,-0.00170898
12,170,-0.00134277,-0.00134277
12,171,-0.00170898,-0.000732422
12,172,-0.0020752,0.000488281
12,173,-0.00195312,0.000976562
12,174,-0.00231934,-0.000732422
12,175,-0.00183105,-0.00134277
12,176,-0.000488281,-0.000488281
12,177,-0.00012207,0.000244141
12,178,0.000366211,0.000366211
12,179,0.00012207,0.000854492
12,180,0.00012207,0.00109863
12,181,0.0012207,-0.000854492
12,182,0.00219727,-0.00012207
12,183,-0.00256348,-0.00109863
12,184,-0.000610352,-0.0020752
12,185,-0.00146484,-0.000610352
12,186,-0.00231934,0.000366211
12,187,-0.00170898,0.000732422
12,188,-0.00134277,0.000366211
12,189,-0.000732422,0.000488281
12,190,-0.00012207,0.000366211
12,191,0.00134277,-0.000488281
12,192,0.00231934,-0.000854492
12,193,0.000366211,-0.00158691
12,194,0.000488281,-0.00427246
12,195,0.00134277,-0.00512695
12,196,0.00109863,-0.00354004
12,197,0.00170898,-0.00341797
12,198,0.00170898,-0.00280762
12,199,0.00170898,0.000244141
12,200,0.00012207,0.00268555
12,201,-0.000732422,0.00292969
12,202,0.00219727,0.00134277
12,203,0.00305176,0.000244141
12,204,0.00280762,0
12,205,0.00256348,0
12,206,0.00268555,0.000244141
12,207,0.00146484,0.000366211
12,208,0.000610352,-0.000610352
12,209,0.000488281,0.00354004
12,210,0,0.00158691
12,211,0.000488281,0.00231934
12,212,0.00109863,0.00146484
12,213,0.0012207,0.0012207
12,214,0.00170898,0.000488281
12,215,0.00219727,-0.000732422
12,216,0.0020752,-0.0012207
12,217,0.00195312,0.000244141
12,218,0.00146484,0.000732422
12,219,0.00012207,-0.00012207
12,220,-0.000366211,-0.000610352
12,221,-0.000732422,-0.000610352
12,222,-0.000488281,-0.000976562
12,223,-0.000610352,-0.000732422
12,224,-0.00183105,0.00158691
12,225,-0.0012207,-0.000488281
12,226,-0.000366211,-0.000854492
12,227,-0.000732422,-0.000366211
12,228,-0.0012207,0
12,229,-0.000854492,0.000244141
12,230,-0.000610352,0.00012207
12,231,-0.000366211,0.000244141
12,232,-0.00012207,0.000244141
12,233,0.000610352,0
12,234,0.00109863,0
12,235,0.000244141,-0.000488281
12,236,0.000244141,-0.00158691
12,237,0.000244141,-0.00195312
12,238,0.000244141,-0.00134277
12,239,0.000366211,-0.0012207
12,240,0.000366211,-0.000976562
12,241,0.00012207,0.000366211
12,242,-0.000244141,0.00134277
12,243,-0.000854492,0.0012207
12,244,0.000610352,0.000488281
12,245,0.0012207,0
12,246,0.0012207,-0.00012207
12,247,0.00109863,0
12,248,0.0012207,0.00012207
12,249,0.000488281,0.000244141
12,250,0.00012207,-0.00012207
12,251,0.000366211,0.0012207
12,252,0.00012207,0.000488281
12,253,0.000244141,0.000854492
12,254,0.000488281,0.000610352
12,255,0.000610352,0.000488281
12,256,0.000732422,0.000244141
12,257,0.000854492,-0.000244141
12,258,0.000854492,-0.000366211
12,259,0.000854492,0
12,260,0.000488281,0
12,261,0,-0.000366211
12,262,-0.000244141,-0.000488281
12,263,-0.000366211,-0.000488281
12,264,-0.000244141,-0.000488281
12,265,-0.000366211,-0.000244141
12,266,-0.000976562,0.000976562
12,267,0.00134277,0.000732422
12,268,0.0012207,0.000244141
12,269,0.0012207,-0.000488281
12,270,0.000488281,-0.000854492
12,271,0.000244141,-0.000610352
12,272,-0.00012207,-0.000732422
12,273,-0.000366211,-0.000732422
12,274,-0.000854492,0
12,275,-0.00134277,0.000366211
12,276,0,0.000854492
12,277,0.000854492,0.0020752
12,278,0.00109863,0.00231934
12,279,0.000732422,0.00158691
12,280,0.000610352,0.00146484
12,281,0.000244141,0.0012207
12,282,0,-0.000610352
12,283,-0.000366211,-0.00183105
12,284,0.000488281,-0.00170898
12,285,-0.000854492,-0.000366211
12,286,-0.00183105,0.000366211
12,287,-0.00183105,0.000488281
12,288,-0.00183105,0.000366211
12,289,-0.00183105,0.000488281
12,290,-0.000976562,-0.000244141
12,291,0.000244141,0
12,292,-0.00146484,-0.000976562
12,293,-0.000732422,-0.000610352
12,294,-0.000976562,-0.000976562
12,295,-0.000976562,-0.000610352
12,296,-0.00109863,-0.000488281
12,297,-0.00109863,-0.000366211
12,298,-0.000854492,0.000244141
12,299,-0.000610352,0.000610352
12,300,-0.000732422,0.000366211
12,301,-0.000366211,0.000366211
12,302,0.000366211,0.000366211
12,303,0.000366211,0.000488281
12,304,0.000610352,0.000244141
12,305,0.000366211,0.000244141
12,306,0.000366211,0
12,307,0.000732422,-0.00170898
12,308,0.0012207,-0.000244141
12,309,0.000366211,-0.000976562
12,310,-0.000366211,-0.00109863
12,311,-0.000488281,-0.000976562
12,312,-0.000610352,-0.000854492
12,313,-0.000610352,-0.000732422
12,314,-0.000488281,0.000366211
12,315,-0.000366211,0.00109863
12,316,0.00109863,0.000976562
12,317,0.00231934,0.000976562
12,318,0.00280762,0.000732422
12,319,0.0020752,0.000366211
12,320,0.00183105,0.000366211
12,321,0.00134277,0.000366211
12,322,0.000366211,-0.000366211
12,323,-0.000854492,-0.000854492
12,324,-0.000366211,-0.000732422
12,325,-0.000244141,0.000610352
12,326,-0.000854492,0.0012207
12,327,-0.000976562,0.0012207
12,328,-0.000976562,0.00109863
12,329,-0.000976562,0.00134277
12,330,-0.000366211,0.000366211
12,331,0.00109863,0
12,332,-0.00195312,0.000854492
12,333,-0.000976562,0.00012207
12,334,-0.0012207,0.000366211
12,335,-0.000976562,0.000366211
12,336,-0.000854492,0.000366211
12,337,-0.000610352,0.000366211
12,338,0,0.000610352
12,339,0.000244141,0.000976562
12,340,0.000244141,0.00109863
12,341,0.000366211,0.000976562
12,342,0.000976562,0.00012207
12,343,0.00109863,0
12,344,0.00109863,-0.000366211
12,345,0.000854492,-0.000366211
12,346,0.000610352,-0.000366211
12,347,0,-0.0012207
12,348,0.00109863,-0.000488281
12,349,0.00012207,-0.000732422
12,350,-0.000244141,-0.000610352
12,351,-0.000610352,-0.000610352
12,352,-0.000854492,-0.000610352
12,353,-0.00109863,0.00012207
12,354,-0.00134277,0.000732422
12,355,0.000854492,0.000976562
12,356,0.00109863,0.00134277
12,357,0.000732422,0.000854492
12,358,0.000366211,0.000244141
12,359,0,0
12,360,-0.00012207,-0.00012207
12,361,-0.000732422,-0.00158691
12,362,-0.000732422,-0.0020752
12,363,0.000488281,-0.00256348
12,364,-0.000366211,-0.00134277
12,365,-0.0012207,0
12,366,-0.00158691,0.000488281
12,367,-0.00170898,0.000610352
12,368,-0.00146484,0.000732422
12,369,-0.00109863,0.00012207
12,370,0.000244141,-0.00012207
12,371,0,0.000488281
12,372,-0.000244141,0.00012207
12,373,-0.000488281,0.00012207
12,374,-0.000732422,0
12,375,-0.000854492,0.00012207
12,376,-0.00109863,0
12,377,-0.00109863,0
12,378,-0.000854492,0.000244141
12,379,0.000244141,-0.000244141
12,380,0.00134277,-0.000366211
12,381,0.0020752,-0.000366211
12,382,0.00170898,-0.00012207
12,383,0.00170898,-0.000366211
12,384,0.000976562,-0.00012207
12,385,0.000366211,-0.000488281
12,386,0.000244141,-0.00170898
12,387,0.0012207,-0.000366211
12,388,0.000854492,-0.000244141
12,389,0.000366211,-0.000488281
12,390,0,-0.000488281
12,391,-0.00109863,-0.000244141
12,392,-0.00183105,0
12,393,-0.000732422,0.00109863
12,394,-0.00109863,0.00158691
12,395,-0.00134277,0.00134277
12,396,-0.000976562,0.000610352
12,397,-0.00134277,0.000244141
12,398,-0.00109863,0
12,399,-0.000732422,-0.00170898
12,400,0.000244141,-0.00219727
12,401,0.00134277,-0.00244141
12,402,-0.000732422,-0.00170898
12,403,-0.00158691,-0.000976562
12,404,-0.00183105,-0.000488281
12,405,-0.00195312,-0.000488281
12,406,-0.00183105,-0.000610352
12,407,-0.0012207,-0.000732422
12,408,-0.000610352,-0.000244141
12,409,0.00012207,-0.000488281
12,410,-0.00012207,-0.000366211
12,411,-0.000366211,-0.000732422
12,412,-0.000610352,-0.000854492
12,413,-0.000976562,-0.000732422
12,414,-0.0012207,-0.000732422
12,415,-0.00146484,-0.000610352
12,416,-0.00134277,-0.000366211
12,417,-0.000732422,-0.000610352
12,418,0.000366211,-0.000244141
12,419,0.0012207,0.000854492
12,420,0.000854492,0.000976562
12,421,0.000976562,0.00109863
12,422,0.000366211,0.000854492
12,423,0.000244141,0.00012207
12,424,0.000732422,-0.00146484
12,425,0.00134277,-0.00012207
12,426,0.00109863,-0.000366211
12,427,0.000732422,-0.000366211
12,428,-0.000366211,-0.000366211
12,429,-0.00109863,-0.000366211
12,430,-0.00134277,0.000854492
12,431,-0.00195312,0.00109863
12,432,-0.00183105,0.000976562
12,433,-0.00134277,0.000610352
12,434,-0.00134277,0.000244141
12,435,-0.000976562,0.000244141
12,436,-0.000244141,-0.000854492
12,437,0.000732422,-0.00109863
12,438,0.00109863,-0.00109863
12,439,-0.000488281,-0.000976562
12,440,-0.00109863,-0.00109863
12,441,-0.00109863,-0.000976562
12,442,-0.00109863,-0.000976562
12,443,-0.00134277,-0.00134277
12,444,-0.000854492,-0.000854492
12,445,-0.00109863,-0.00012207
12,446,0.00012207,-0.000732422
12,447,0,-0.000488281
12,448,-0.000244141,-0.00109863
12,449,-0.000488281,-0.00109863
12,450,-0.000732422,-0.000976562
12,451,-0.000854492,-0.000976562
12,452,-0.00109863,-0.000610352
12,453,-0.00109863,-0.000610352
12,454,-0.000976562,-0.000244141
12,455,-0.000488281,0.000244141
12,456,0,0.00146484
12,457,-0.00012207,0.00134277
12,458,0,0.00158691
12,459,-0.00012207,0.00109863
12,460,-0.00012207,0.000488281
12,461,0.000610352,-0.000610352
12,462,0.0012207,-0.000244141
12,463,0.000976562,-0.000244141
12,464,0.00012207,-0.000244141
12,465,-0.000610352,-0.000366211
12,466,-0.00134277,0.000610352
12,467,-0.00183105,0.000732422
12,468,-0.00158691,0.000976562
12,469,-0.0012207,0.000610352
12,470,-0.0012207,0.000488281
12,471,-0.000854492,0.000488281
12,472,0,-0.000244141
12,473,0.000732422,-0.000488281
12,474,0.000732422,-0.000366211
12,475,-0.000488281,-0.000366211
12,476,-0.000732422,-0.000732422
12,477,-0.000732422,-0.000854492
12,478,-0.000610352,-0.000976562
12,479,-0.000976562,-0.00134277
12,480,-0.000610352,-0.000854492
12,481,-0.00109863,-0.00012207
12,482,-0.000244141,-0.000854492
12,483,-0.00012207,-0.000488281
12,484,-0.000244141,-0.00109863
12,485,-0.000366211,-0.000976562
12,486,-0.000488281,-0.000976562
12,487,-0.000366211,-0.000732422
12,488,-0.000732422,-0.000488281
12,489,-0.000610352,-0.000366211
12,490,-0.00109863,0
12,491,-0.000976562,0.000488281
12,492,-0.000732422,0.00158691
12,493,-0.000610352,0.00134277
12,494,-0.000488281,0.00158691
12,495,-0.000488281,0.00109863
12,496,-0.00012207,0.000488281
12,497,0.000610352,-0.000244141
12,498,0.00109863,-0.00012207
12,499,0.000366211,-0.000366211
12,500,-0.000244141,-0.000732422
12,501,-0.00134277,0.000366211
12,502,-0.00170898,0.000244141
12,503,-0.00146484,0.000610352
12,504,-0.000976562,0.000366211
12,505,-0.000854492,0.000488281
12,506,-0.000488281,0.000366211
12,507,0.000488281,0.000366211
12,508,0.0012207,0.00012207
12,509,0.000854492,0.000732422
12,510,-0.00012207,0.000366211
12,511,-0.000244141,-0.000732422
12,512,-0.000244141,-0.000976562
12,513,-0.000244141,-0.00109863
12,514,-0.000488281,-0.00158691
12,515,-0.00012207,-0.000976562
12,516,-0.000732422,-0.000244141
12,517,-0.000488281,-0.000610352
12,518,-0.00012207,-0.000366211
12,519,-0.000244141,-0.000854492
12,520,-0.000244141,-0.000732422
12,521,-0.000244141,-0.000854492
12,522,-0.00012207,-0.000732422
12,523,-0.000366211,-0.000488281
12,524,-0.000244141,-0.000610352
12,525,-0.000976562,0.00012207
12,526,-0.0012207,0.000854492
12,527,-0.00109863,0.00158691
12,528,-0.000854492,0.00134277
12,529,-0.000732422,0.00146484
12,530,-0.000488281,0.000976562
12,531,0.000244141,0.000366211
12,532,0.00109863,0.000244141
12,533,0.000732422,-0.000366211
12,534,0.000488281,-0.000732422
12,535,-0.000976562,-0.00012207
12,536,-0.00134277,0
12,537,-0.00109863,0.000610352
12,538,-0.000732422,0.000488281
12,539,-0.000488281,0.000732422
12,540,-0.000244141,0.000610352
12,541,0.000488281,0.00109863
12,542,0.000976562,0.000854492
12,543,0.000244141,0.00134277
12,544,-0.000244141,0.000610352
12,545,-0.00012207,-0.000610352
12,546,0,-0.000976562
12,547,0,-0.00109863
12,548,-0.00012207,-0.00146484
12,549,0.00012207,-0.000610352
12,550,-0.000488281,0.00012207
12,551,-0.000488281,-0.000854492
12,552,-0.00012207,-0.000488281
12,553,-0.000244141,-0.000732422
12,554,-0.00012207,-0.000610352
12,555,-0.00012207,-0.000732422
12,556,0.00012207,-0.000610352
12,557,0,-0.000366211
12,558,0.00012207,-0.000488281
12,559,-0.000854492,0
12,560,-0.00134277,0.000610352
12,561,-0.00134277,0.0012207
12,562,-0.00109863,0.000976562
12,563,-0.000976562,0.0012207
12,564,-0.000610352,0.000732422
12,565,0,0.000610352
12,566,0.000732422,0.000854492
12,567,0.00231934,-0.000488281
12,568,0.000366211,-0.00109863
12,569,0.00012207,-0.00146484
12,570,0.000366211,-0.000610352
12,571,0,-0.00012207
12,572,0.000244141,0.000244141
12,573,0.000366211,0.000488281
12,574,0.000244141,0.0020752
12,575,0,0.00231934
12,576,-0.00134277,0.00244141
12,577,-0.000244141,0.00134277
12,578,0.000610352,0.00012207
12,579,0.000854492,-0.000244141
12,580,0.00109863,-0.000366211
12,581,0.000976562,-0.000366211
12,582,0.000610352,0.000366211
12,583,-0.00012207,0.000244141
12,584,-0.000366211,-0.000366211
12,585,-0.000244141,-0.000244141
12,586,-0.000366211,-0.00012207
12,587,-0.00012207,0
12,588,0.00012207,0
12,589,0.000732422,0
12,590,0.00109863,0.00012207
12,591,0.00134277,0
12,592,0,-0.00012207
12,593,-0.000976562,0.00012207
12,594,-0.00158691,0.00012207
12,595,-0.00146484,0
12,596,-0.00146484,0.00012207
12,597,-0.000854492,0
12,598,-0.000488281,0.000854492
12,599,-0.000610352,0.00195312
12,600,0.00183105,-0.0020752
12,601,0.00134277,-0.00256348
12,602,0.00109863,-0.00158691
12,603,0.000244141,-0.000366211
12,604,0.000366211,0
12,605,0.000366211,0.000488281
12,606,-0.000610352,0.00341797
12,607,-0.0012207,0.00402832
12,608,-0.00317383,0.0032959
12,609,-0.000854492,0.00170898
12,610,0.000854492,0.000488281
12,611,0.00146484,0.000244141
12,612,0.00170898,0.000244141
12,613,0.00195312,0.000488281
12,614,0.0012207,0.00134277
12,615,0.000244141,0.000610352
12,616,0.000366211,-0.000610352
12,617,0,-0.000244141
12,618,-0.000366211,0.000366211
12,619,-0.00012207,0.000610352
12,620,0.000244141,0.000732422
12,621,0.000976562,0.000732422
12,622,0.00158691,0.000610352
12,623,0.00195312,0.000488281
12,624,0.000488281,-0.000854492
12,625,-0.000732422,-0.000976562
12,626,-0.00170898,-0.00158691
12,627,-0.00158691,-0.00134277
12,628,-0.00170898,-0.000976562
12,629,-0.000976562,-0.000732422
12,630,-0.000732422,0.00146484
12,631,-0.00158691,0.00366211
12,632,0.00354004,0.00012207
12,633,0.00231934,0.000488281
12,634,0.000732422,0.000732422
12,635,0.000488281,0.000854492
12,636,-0.000244141,0.000976562
12,637,-0.00268555,0.000976562
12,638,-0.00341797,0.00012207
12,639,-0.0032959,-0.00134277
12,640,-0.00134277,-0.000610352
12,641,-0.000488281,0.000610352
12,642,-0.000366211,0.00146484
12,643,-0.000244141,0.00170898
12,644,-0.00012207,0.00231934
12,645,-0.000732422,0.00231934
12,646,0.000244141,0.000976562
12,647,0.00158691,-0.000244141
12,648,0.000244141,-0.00012207
12,649,-0.000488281,0.000488281
12,650,-0.000610352,0.000854492
12,651,-0.000488281,0.000976562
12,652,-0.000488281,0.00109863
12,653,-0.000244141,0.00146484
12,654,0.000244141,0.00146484
12,655,0.00134277,-0.00109863
12,656,0.00158691,-0.00219727
12,657,0.00195312,-0.00305176
12,658,0.00146484,-0.00244141
12,659,0.0012207,-0.00256348
12,660,0.000732422,-0.00170898
12,661,-0.000976562,-0.00012207
12,662,-0.00268555,0.000244141
12,663,0.00646973,0.000854492
12,664,0.00415039,0.00109863
12,665,0.00415039,0.00146484
12,666,0.00280762,0.00170898
12,667,-0.000610352,0.00183105
12,668,-0.00390625,0.000488281
12,669,-0.00402832,-0.000366211
12,670,-0.00146484,0.00146484
12,671,-0.000488281,0.00280762
12,672,-0.000244141,0.00305176
12,673,0,0.00305176
12,674,0.000244141,0.00366211
12,675,0,0.00268555
12,676,0.00158691,0.00109863
12,677,-0.00231934,0.000244141
12,678,-0.0012207,0
12,679,-0.00183105,0.000610352
12,680,-0.0012207,0.00109863
12,681,-0.000976562,0.0012207
12,682,-0.000488281,0.00146484
12,683,0.000732422,0.0020752
12,684,0.00109863,0.00244141
12,685,0.000610352,0.000854492
12,686,0,-0.000488281
12,687,0.000366211,-0.00256348
12,688,0.000732422,-0.0020752
12,689,0.000488281,-0.00280762
12,690,0.000732422,-0.00195312
12,691,-0.000366211,-0.000488281
12,692,-0.00268555,-0.000976562
12,693,0.0065918,0.000732422
12,694,0.00720215,0.000976562
12,695,0.00549316,0.00146484
12,696,0.00231934,0.0020752
12,697,-0.00280762,0.000976562
12,698,-0.00317383,0.00134277
12,699,-0.000488281,0.00317383
12,700,0,0.00354004
12,701,0.00012207,0.0032959
12,702,0.000244141,0.00292969
12,703,0.000366211,0.00366211
12,704,0.000854492,0.00244141
12,705,0.00244141,0.00134277
12,706,-0.00537109,0.000976562
12,707,-0.00231934,0.00012207
12,708,-0.00305176,0.000976562
12,709,-0.00170898,0.00109863
12,710,-0.0012207,0.00109863
12,711,-0.000366211,0.0012207
12,712,0.00158691,0.00183105
12,713,0.00195312,0.00219727
12,714,0,0.00231934
12,715,-0.00109863,0.00183105
12,716,-0.000854492,-0.000488281
12,717,0.00012207,-0.000488281
12,718,-0.000244141,-0.00158691
12,719,0.000366211,-0.00134277
12,720,0.00012207,-0.000366211
12,721,-0.00244141,-0.00109863
12,722,0.00585938,0.00012207
12,723,0.00476074,0.000488281
12,724,0.00317383,0.00134277
12,725,-0.000854492,0.000976562
12,726,-0.0012207,0.00195312
12,727,0.000366211,0.00292969
12,728,0.000244141,0.00280762
12,729,0.000366211,0.00219727
12,730,0.000366211,0.00183105
12,731,0.000610352,0.00219727
12,732,0.00134277,0.00109863
12,733,0.00244141,0.000610352
12,734,-0.00488281,0.00109863
12,735,-0.0020752,0.000244141
12,736,-0.00219727,0.000976562
12,737,-0.00109863,0.000976562
12,738,-0.000610352,0.000854492
12,739,-0.00012207,0.000732422
12,740,0.00158691,0.000976562
12,741,0.00158691,0.0012207
12,742,-0.000366211,0.00231934
12,743,-0.00134277,0.00219727
12,744,-0.0012207,0.000488281
12,745,-0.000244141,0.00012207
12,746,-0.000488281,-0.000610352
12,747,0.00012207,-0.000732422
12,748,0.000732422,-0.000366211
12,749,-0.000732422,-0.000610352
12,750,0.00549316,0.000366211
12,751,0.00415039,0.00134277
12,752,-0.000366211,0.00109863
12,753,-0.000732422,0.00256348
12,754,0.000976562,0.00341797
12,755,0.000732422,0.00268555
12,756,0.000732422,0.0020752
12,757,0.000732422,0.00158691
12,758,0.000610352,0.00195312
12,759,0.00146484,0.000976562
12,760,0.00244141,0.000610352
12,761,-0.00537109,0.00134277
12,762,-0.00219727,0.000244141
12,763,-0.00231934,0.000976562
12,764,-0.000976562,0.000854492
12,765,-0.000488281,0.000610352
12,766,0.00012207,0.000488281
12,767,0.00195312,0.000854492
12,768,0.00195312,0.000976562
12,769,-0.000244141,0.00256348
12,770,-0.00158691,0.00280762
12,771,-0.00170898,0.00109863
12,772,-0.000610352,0.000488281
12,773,-0.000854492,-0.000366211
12,774,-0.00012207,-0.000732422
12,775,0.000610352,-0.000488281
12,776,-0.000610352,-0.000732422
12,777,0.00402832,0.00109863
12,778,0.000488281,0.0012207
12,779,0.00012207,0.00280762
12,780,0.0012207,0.00317383
12,781,0.000854492,0.00231934
12,782,0.000732422,0.00146484
12,783,0.000732422,0.000976562
12,784,0.000732422,0.0012207
12,785,0.00146484,0.000366211
12,786,0.0020752,0.000244141
12,787,-0.00476074,0.00146484
12,788,-0.00195312,0.000488281
12,789,-0.00195312,0.00109863
12,790,-0.000854492,0.000976562
12,791,-0.000488281,0.000610352
12,792,0.00012207,0.000366211
12,793,0.00170898,0.000488281
12,794,0.00170898,0.000488281
12,795,-0.000366211,0.00244141
12,796,-0.00146484,0.00292969
12,797,-0.00158691,0.00158691
12,798,-0.000610352,0.000854492
12,799,-0.000732422,0.000244141
12,800,-0.00012207,-0.000244141
12,801,0.000976562,-0.000244141
12,802,0.000244141,-0.000244141
12,803,0.00537109,0.000854492
12,804,0.00488281,0.00488281
12,805,0.00390625,0.00354004
12,806,0.00170898,0.000976562
12,807,0.00109863,-0.000610352
12,808,0.000854492,-0.00109863
12,809,0.000732422,-0.00170898
12,810,0.00219727,-0.00244141
12,811,0.00244141,-0.00134277
12,812,-0.00463867,0.00219727
12,813,-0.00158691,0.000732422
12,814,-0.000488281,0.000976562
12,815,0.000488281,0.000732422
12,816,0.000854492,0
12,817,0.0012207,-0.000732422
12,818,0.0020752,-0.0012207
12,819,0.00170898,-0.00134277
12,820,-0.000366211,0.00280762
12,821,-0.00170898,0.0045166
12,822,-0.00280762,0.00390625
12,823,-0.00158691,0.00244141
12,824,-0.00146484,0.00183105
12,825,-0.000610352,0.000366211
12,826,0.00256348,-0.000976562
12,827,0.00488281,-0.000366211
12,828,0.00695801,0.00366211
12,829,0.00390625,0.00183105
12,830,0.0012207,-0.000854492
12,831,0.000244141,-0.00231934
12,832,0.00012207,-0.00256348
12,833,0,-0.00366211
12,834,0.00134277,-0.00378418
12,835,0.000976562,-0.00219727
12,836,-0.00158691,0.00158691
12,837,-0.000366211,0.000610352
12,838,0.000854492,0.000366211
12,839,0.000854492,0.000244141
12,840,0.000976562,-0.000366211
12,841,0.000976562,-0.0012207
12,842,0.000610352,-0.0020752
12,843,0.000366211,-0.00244141
12,844,-0.000244141,0.00134277
12,845,-0.000732422,0.00354004
12,846,-0.00183105,0.00415039
12,847,-0.00109863,0.00280762
12,848,-0.000610352,0.00280762
12,849,-0.00012207,0.0012207
12,850,0.0032959,-0.000610352
12,851,0.00732422,0.000244141
12,852,0.0057373,-0.000854492
12,853,0.00146484,-0.00183105
12,854,-0.000488281,-0.00268555
12,855,-0.000976562,-0.00305176
12,856,-0.00146484,-0.00378418
12,857,-0.000488281,-0.00476074
12,858,0.00012207,-0.00341797
12,859,-0.000488281,0.00366211
12,860,0,0.00109863
12,861,0.000976562,0.000244141
12,862,0.000976562,-0.00012207
12,863,0.000610352,-0.00109863
12,864,0.000244141,-0.0020752
12,865,-0.00012207,-0.00305176
12,866,-0.000366211,-0.00305176
12,867,0.00158691,0.0012207
12,868,0.0020752,0.00427246
12,869,0.000732422,0.00561523
12,870,0.000488281,0.00366211
12,871,0.000732422,0.00354004
12,872,0.00012207,0.00146484
12,873,0.00244141,-0.00219727
12,874,0.00683594,-0.00341797
12,875,0.00305176,-0.000732422
12,876,0.00134277,-0.00134277
12,877,0.000976562,-0.00158691
12,878,0.000366211,-0.00170898
12,879,-0.00012207,-0.00268555
12,880,0.00012207,-0.00256348
12,881,-0.000244141,0.00463867
12,882,0.00012207,0.00158691
12,883,0.000854492,0.0012207
12,884,0.00134277,0.000732422
12,885,0.0012207,-0.00012207
12,886,0.0012207,-0.000854492
12,887,0.00134277,-0.00195312
12,888,0.000976562,-0.00195312
12,889,0.00292969,0.00158691
12,890,0.00268555,0.00366211
12,891,0.000732422,0.00378418
12,892,0.00012207,0.00170898
12,893,0,0.00146484
12,894,-0.000366211,-0.00012207
12,895,0.000610352,-0.00256348
12,896,0.00256348,-0.00280762
12,897,0.00231934,-0.000488281
12,898,0.00219727,-0.000610352
12,899,0.0020752,-0.000732422
12,900,0.000854492,-0.000976562
12,901,0,-0.00146484
12,902,0.000244141,0.00305176
12,903,0.000244141,0.00109863
12,904,0.000854492,0.0012207
12,905,0.0012207,0.000854492
12,906,0.00134277,0.000366211
12,907,0.00158691,0
12,908,0.00158691,-0.000854492
12,909,0.00158691,-0.000976562
12,910,0.0020752,0.000610352
12,911,0.00109863,0.00158691
12,912,-0.000732422,0.0012207
12,913,-0.000854492,0.00012207
12,914,-0.0012207,0
12,915,-0.000854492,-0.000610352
12,916,-0.000366211,-0.00134277
12,917,-0.00012207,-0.000244141
12,918,0.00244141,-0.000244141
12,919,0.00256348,-0.000366211
12,920,0.00158691,-0.000366211
12,921,0.000488281,-0.000854492
12,922,0,0.00146484
12,923,0.00012207,0.000732422
12,924,0.000732422,0.000854492
12,925,0.00109863,0.000732422
12,926,0.00134277,0.000488281
12,927,0.00146484,0.000366211
12,928,0.00170898,-0.00012207
12,929,0.00158691,-0.000366211
12,930,0.000854492,0.000366211
12,931,-0.000366211,0.000488281
12,932,-0.00183105,-0.00012207
12,933,-0.00158691,-0.000610352
12,934,-0.00195312,-0.000610352
12,935,-0.0012207,-0.000732422
12,936,-0.000488281,-0.000366211
12,937,-0.000854492,0.00134277
12,938,0.00268555,-0.000244141
12,939,0.00158691,-0.00012207
12,940,0.000366211,-0.000732422
12,941,-0.00012207,0.000854492
12,942,0.00012207,0.000366211
12,943,0.000732422,0.000610352
12,944,0.000976562,0.000610352
12,945,0.00134277,0.000366211
12,946,0.00158691,0.000488281
12,947,0.00170898,0
12,948,0.00158691,-0.00012207
12,949,0.000610352,0.000244141
12,950,-0.000854492,0.000244141
12,951,-0.00231934,-0.000488281
12,952,-0.00195312,-0.000854492
12,953,-0.00231934,-0.000854492
12,954,-0.00146484,-0.000854492
12,955,-0.000732422,-0.000244141
12,956,-0.000976562,0.00158691
12,957,0.00244141,0.000244141
12,958,0.0012207,-0.000610352
12,959,-0.00012207,0.000610352
12,960,0,0.000488281
12,961,0.000732422,0.000976562
12,962,0.000854492,0.000854492
12,963,0.0012207,0.000732422
12,964,0.00146484,0.000610352
12,965,0.00170898,-0.00012207
12,966,0.00170898,-0.00012207
12,967,0.000366211,-0.000244141
12,968,-0.0012207,-0.000488281
12,969,-0.00268555,-0.00134277
12,970,-0.0020752,-0.00134277
12,971,-0.00244141,-0.0012207
12,972,-0.00134277,-0.000976562
12,973,-0.000366211,0.000488281
12,974,-0.000732422,0.00305176
12,975,0.00231934,-0.00012207
12,976,-0.00183105,-0.000366211
12,977,-0.000610352,0.00012207
12,978,0.00012207,0.000976562
12,979,0.000244141,0.000854492
12,980,0.000732422,0.000610352
12,981,0.000854492,0.000488281
12,982,0.00134277,0
12,983,0.00134277,-0.00012207
12,984,-0.000976562,0.000366211
12,985,-0.00244141,0.000244141
12,986,-0.00317383,-0.000854492
12,987,-0.00195312,-0.000732422
12,988,-0.0020752,-0.000610352
12,989,-0.000854492,-0.000488281
12,990,0.000976562,0.00109863
12,991,0.00134277,0.00366211
12,992,-0.00268555,0.000488281
12,993,-0.00109863,0.000366211
12,994,-0.000488281,0.0012207
12,995,-0.000366211,0.00109863
12,996,0,0.000976562
12,997,0.000244141,0.000732422
12,998,0.000976562,0.000366211
12,999,0.000976562,0.000488281
12,1000,-0.000488281,0.00109863
12,1001,-0.00134277,0.000854492
12,1002,-0.00134277,-0.000610352
12,1003,-0.000366211,-0.000610352
12,1004,-0.000366211,-0.000732422
12,1005,0.000244141,-0.000610352
12,1006,0.00170898,0.000610352
12,1007,0.00195312,0.00219727
12,1008,0.00280762,0.000244141
12,1009,0.00280762,-0.000244141
12,1010,0.00170898,-0.000488281
12,1011,0.000976562,-0.000244141
12,1012,0.00012207,-0.000488281
12,1013,-0.00170898,-0.000976562
12,1014,-0.00170898,-0.00134277
12,1015,0.00195312,-0.00378418
12,1016,0.00366211,-0.00439453
12,1017,0.00317383,-0.00305176
12,1018,0.00134277,-0.00219727
12,1019,0.00109863,-0.00158691
12,1020,-0.00012207,-0.000854492
12,1021,-0.00244141,-0.000732422
12,1022,-0.00244141,-0.000244141
12,1023,0.00134277,-0.000366211
12,1024,0.000976562,-0.000366211
12,1025,0.000732422,-0.000244141
12,1026,0.000244141,-0.000244141
12,1027,-0.000610352,-0.000366211
12,1028,-0.000732422,-0.000488281
12,1029,0.000610352,-0.00134277
12,1030,0.00109863,-0.00158691
12,1031,0.000610352,-0.0012207
12,1032,0.00012207,-0.000976562
12,1033,0,-0.000732422
12,1034,-0.000244141,-0.000488281
12,1035,-0.000976562,-0.000610352
12,1036,-0.000610352,-0.000366211
12,1037,0.00183105,-0.00012207
12,1038,0.00170898,-0.000244141
12,1039,0.00109863,-0.000244141
12,1040,-0.00012207,-0.000732422
12,1041,-0.000488281,-0.000732422
12,1042,0.000488281,-0.0012207
12,1043,0.000610352,-0.00158691
12,1044,-0.00012207,-0.00146484
12,1045,-0.000610352,-0.00134277
12,1046,-0.000610352,-0.0012207
12,1047,-0.000610352,-0.00109863
12,1048,-0.000610352,-0.00134277
12,1049,0.000610352,-0.000488281
12,1050,0.00170898,-0.000244141
12,1051,0.00146484,-0.000366211
12,1052,0.000610352,-0.000610352
12,1053,0.00012207,-0.000732422
12,1054,0.000488281,-0.000732422
12,1055,0.000366211,-0.000854492
12,1056,-0.000610352,-0.000732422
12,1057,-0.000854492,-0.000976562
12,1058,-0.000976562,-0.000976562
12,1059,-0.000854492,-0.000976562
12,1060,-0.000732422,-0.00158691
12,1061,0.000244141,-0.00109863
12,1062,0.00158691,-0.00012207
12,1063,0.000854492,-0.000366211
12,1064,0.000488281,-0.000366211
12,1065,0.000366211,-0.000366211
12,1066,-0.00012207,-0.000610352
12,1067,-0.0012207,-0.000854492
12,1068,-0.0012207,-0.000976562
12,1069,-0.0012207,-0.00109863
12,1070,-0.000976562,-0.00109863
12,1071,-0.000366211,-0.00134277
12,1072,0.000610352,-0.000366211
12,1073,0.00146484,-0.000366211
12,1074,0.0012207,-0.000244141
12,1075,0.000366211,0
12,1076,-0.000488281,0.00012207
12,1077,-0.00158691,-0.000244141
12,1078,-0.00158691,-0.000610352
12,1079,-0.00158691,-0.000732422
12,1080,-0.00109863,-0.000854492
12,1081,-0.000366211,-0.000854492
12,1082,0.000366211,0.00012207
12,1083,0.00195312,0
12,1084,0.000488281,0.000732422
12,1085,-0.000732422,0.0012207
12,1086,-0.00195312,0.000488281
12,1087,-0.00158691,-0.00012207
12,1088,-0.00170898,-0.000366211
12,1089,-0.00109863,-0.000610352
12,1090,-0.00012207,-0.000244141
12,1091,0,0.000854492
12,1092,0.000732422,0.000610352
12,1093,-0.000610352,0.0012207
12,1094,-0.00183105,0.000610352
12,1095,-0.00158691,0.00012207
12,1096,-0.00183105,0
12,1097,-0.00109863,-0.000366211
12,1098,0,0.00012207
12,1099,-0.000244141,0.0012207
12,1100,0.00390625,0.000976562
12,1101,0.00244141,0.000854492
12,1102,0.0012207,0
12,1103,0.000854492,-0.00012207
12,1104,0.00012207,-0.000610352
12,1105,-0.00109863,-0.00146484
12,1106,-0.00134277,-0.00146484
12,1107,0.00561523,0.000610352
12,1108,0.00341797,0.00012207
12,1109,0.00305176,0
12,1110,0.0012207,-0.000244141
12,1111,-0.000976562,-0.00183105
12,1112,-0.00170898,-0.00292969
12,1113,0.00488281,0
12,1114,0.00476074,0
12,1115,0.00256348,0.00012207
12,1116,-0.000488281,-0.00146484
12,1117,-0.00195312,-0.00305176
12,1118,0.00390625,-0.00012207
12,1119,0.00244141,0
12,1120,0.000732422,-0.000976562
12,1121,-0.000488281,-0.0020752
12,1122,0.00268555,0.00012207
12,1123,0.00109863,-0.000976562
12,1124,0.000366211,-0.00195312
12,1125,0.00146484,-0.000488281
12,1126,0.000854492,-0.000854492
12,1127,0.00512695,0.000610352
13,0,0.050293,-0.000488281
13,1,0.0443115,0.00231934
13,2,0.0384521,0.00439453
13,3,-0.036377,-0.00793457
13,4,-0.0155029,-0.00488281
13,5,0.0231934,0.0125732
13,6,0.0205078,0.0177002
13,7,0.00708008,-0.00402832
13,8,0.00158691,-0.0134277
13,9,-0.00610352,-0.0136719
13,10,-0.00976562,-0.00952148
13,11,-0.00964355,-0.00720215
13,12,-0.0133057,-0.00134277
13,13,-0.0102539,0.0126953
13,14,-0.000976562,0.0230713
13,15,0.0301514,0.0249023
13,16,0.010498,0.0367432
13,17,-0.0196533,0.0441895
13,18,-0.0241699,0.0355225
13,19,-0.0325928,0.0384521
13,20,-0.0313721,0.0297852
13,21,-0.0390625,0.0184326
13,22,-0.0263672,-0.00170898
13,23,-0.0135498,-0.0142822
13,24,-0.0142822,-0.0106201
13,25,-0.0141602,-0.00854492
13,26,-0.0136719,-0.00671387
13,27,-0.0140381,-0.00427246
13,28,-0.0147705,0.000366211
13,29,-0.017334,0.0123291
13,30,-0.0106201,0.0196533
13,31,0.0202637,-0.0229492
13,32,0.00415039,-0.0147705
13,33,-0.0112305,-0.0352783
13,34,-0.0169678,-0.0324707
13,35,-0.0185547,-0.0302734
13,36,-0.0240479,-0.0288086
13,37,-0.0255127,-0.0134277
13,38,-0.00964355,0.00183105
13,39,-0.017334,0.0230713
13,40,-0.0249023,0.00708008
13,41,-0.00842285,-0.0012207
13,42,0.000610352,0
13,43,0.0020752,0.00195312
13,44,0.00488281,0.00439453
13,45,0.00354004,0.0098877
13,46,-0.010376,-0.000244141
13,47,0.0585938,0.00561523
13,48,0.0537109,0.0090332
13,49,-0.0517578,-0.0141602
13,50,-0.022583,-0.00854492
13,51,0.0335693,0.0229492
13,52,0.0257568,0.032959
13,53,0.0141602,0.00280762
13,54,0.0106201,-0.0144043
13,55,-0.00012207,-0.020874
13,56,-0.00671387,-0.0184326
13,57,-0.00817871,-0.0151367
13,58,-0.0144043,-0.00964355
13,59,-0.0166016,0.00964355
13,60,-0.00939941,0.0270996
13,61,0.02771,0.034668
13,62,0.0108643,0.0482178
13,63,-0.0186768,0.0545654
13,64,-0.0236816,0.0428467
13,65,-0.0319824,0.0462646
13,66,-0.0313721,0.0349121
13,67,-0.0394287,0.0223389
13,68,-0.0249023,-0.00183105
13,69,-0.0109863,-0.0101318
13,70,-0.0179443,-0.0045166
13,71,-0.0217285,-0.00866699
13,72,-0.0211182,-0.0101318
13,73,-0.0209961,-0.00854492
13,74,-0.0198975,-0.00585938
13,75,-0.0148926,0.0078125
13,76,-0.00476074,0.0251465
13,77,0.0142822,-0.026123
13,78,0.00256348,-0.0172119
13,79,-0.013916,-0.0411377
13,80,-0.0194092,-0.0384521
13,81,-0.0213623,-0.0354004
13,82,-0.02771,-0.0335693
13,83,-0.0308838,-0.0136719
13,84,-0.0144043,0.00671387
13,85,-0.0234375,0.0313721
13,86,-0.0319824,0.0090332
13,87,-0.0117188,-0.000610352
13,88,-0.000732422,0.0020752
13,89,0.00146484,0.00463867
13,90,0.00537109,0.00805664
13,91,0.00537109,0.0162354
13,92,-0.0078125,0.00305176
13,93,0.0656738,0.0045166
13,94,-0.0650635,-0.0108643
13,95,-0.0292969,-0.00793457
13,96,0.0456543,0.0257568
13,97,0.0356445,0.0421143
13,98,0.0223389,0.00708008
13,99,0.0179443,-0.0168457
13,100,0.00292969,-0.027832
13,101,-0.00622559,-0.0262451
13,102,-0.00866699,-0.0216064
13,103,-0.0168457,-0.0161133
13,104,-0.0217285,0.00866699
13,105,-0.0142822,0.0324707
13,106,0.0289307,0.0412598
13,107,0.0177002,0.0554199
13,108,-0.00854492,0.0609131
13,109,-0.0157471,0.0473633
13,110,-0.0229492,0.0513916
13,111,-0.0246582,0.0380859
13,112,-0.0341797,0.0257568
13,113,-0.0217285,-0.00109863
13,114,-0.00708008,-0.00622559
13,115,-0.0192871,0.00317383
13,116,-0.0289307,-0.00476074
13,117,-0.0292969,-0.00927734
13,118,-0.0289307,-0.00866699
13,119,-0.0263672,-0.00854492
13,120,-0.0124512,0.00354004
13,121,0.0045166,0.02771
13,122,0.00463867,-0.0256348
13,123,-0.00134277,-0.0175781
13,124,-0.0214844,-0.0407715
13,125,-0.0262451,-0.0383301
13,126,-0.027832,-0.034668
13,127,-0.0344238,-0.0321045
13,128,-0.0361328,-0.0090332
13,129,-0.0172119,0.0131836
13,130,-0.0229492,0.0408936
13,131,-0.0338135,0.0150146
13,132,-0.0114746,0.00219727
13,133,0.000610352,0.0045166
13,134,0.00390625,0.00720215
13,135,0.00830078,0.0102539
13,136,0.00976562,0.0194092
13,137,-0.00463867,0.00500488
13,138,-0.064209,-0.00610352
13,139,-0.0292969,-0.0057373
13,140,0.0467529,0.0224609
13,141,0.0374756,0.039917
13,142,0.0234375,0.00683594
13,143,0.0180664,-0.0169678
13,144,0.00244141,-0.027832
13,145,-0.00671387,-0.0263672
13,146,-0.0090332,-0.0214844
13,147,-0.0168457,-0.0161133
13,148,-0.0209961,0.00854492
13,149,-0.0128174,0.0318604
13,150,0.0283203,0.0380859
13,151,0.0205078,0.0516357
13,152,-0.00219727,0.0574951
13,153,-0.0098877,0.0450439
13,154,-0.0158691,0.0491943
13,155,-0.0187988,0.0367432
13,156,-0.0283203,0.0262451
13,157,-0.0187988,0.000366211
13,158,-0.00549316,-0.00378418
13,159,-0.0177002,0.00634766
13,160,-0.0288086,-0.00170898
13,161,-0.0294189,-0.00683594
13,162,-0.0290527,-0.0065918
13,163,-0.0262451,-0.00744629
13,164,-0.0102539,0.00231934
13,165,0.00842285,0.0257568
13,166,0.00012207,-0.0233154
13,167,-0.00317383,-0.0161133
13,168,-0.0231934,-0.036377
13,169,-0.0272217,-0.0339355
13,170,-0.0283203,-0.0302734
13,171,-0.0343018,-0.0273438
13,172,-0.0345459,-0.00524902
13,173,-0.015625,0.0147705
13,174,-0.0187988,0.0408936
13,175,-0.0310059,0.0167236
13,176,-0.0111084,0.0032959
13,177,0.000488281,0.00488281
13,178,0.00378418,0.00720215
13,179,0.00817871,0.00976562
13,180,0.0107422,0.0186768
13,181,-0.00292969,0.0057373
13,182,0.0297852,0.00292969
13,183,-0.0494385,-0.0183105
13,184,-0.041626,-0.0369873
13,185,-0.0250244,-0.00524902
13,186,-0.0175781,0.0184326
13,187,-0.000610352,0.0283203
13,188,0.00866699,0.0262451
13,189,0.0106201,0.0212402
13,190,0.0181885,0.0151367
13,191,0.0202637,-0.0101318
13,192,0.010376,-0.0332031
13,193,-0.0316162,-0.0358887
13,194,-0.0257568,-0.0496826
13,195,-0.00427246,-0.0568848
13,196,0.00463867,-0.045166
13,197,0.0100098,-0.0498047
13,198,0.0144043,-0.0377197
13,199,0.0247803,-0.0283203
13,200,0.0178223,-0.0020752
13,201,0.00512695,0.00256348
13,202,0.0170898,-0.0090332
13,203,0.0292969,-0.00170898
13,204,0.0305176,0.00366211
13,205,0.0300293,0.00354004
13,206,0.0270996,0.00500488
13,207,0.00915527,-0.00280762
13,208,-0.012085,-0.0247803
13,209,0.00292969,0.0223389
13,210,0.00476074,0.0151367
13,211,0.0267334,0.0327148
13,212,0.0303955,0.0300293
13,213,0.0311279,0.0264893
13,214,0.0368652,0.0229492
13,215,0.0350342,0.00109863
13,216,0.0145264,-0.0170898
13,217,0.0145264,-0.0429688
13,218,0.0285645,-0.0197754
13,219,0.00976562,-0.00427246
13,220,-0.00170898,-0.00488281
13,221,-0.00537109,-0.00671387
13,222,-0.00976562,-0.0090332
13,223,-0.0129395,-0.0178223
13,224,0.00195312,-0.00646973
13,225,-0.0238037,-0.00634766
13,226,-0.0211182,-0.015625
13,227,-0.012207,-0.00170898
13,228,-0.00769043,0.00915527
13,229,0.000610352,0.0133057
13,230,0.00488281,0.012085
13,231,0.00561523,0.00964355
13,232,0.00891113,0.0065918
13,233,0.0090332,-0.00537109
13,234,0.00366211,-0.0158691
13,235,-0.0157471,-0.0155029
13,236,-0.0140381,-0.0217285
13,237,-0.00512695,-0.0253906
13,238,-0.000488281,-0.0203857
13,239,0.00170898,-0.022583
13,240,0.00427246,-0.0172119
13,241,0.00952148,-0.0135498
13,242,0.00756836,-0.00158691
13,243,0.0020752,0.000610352
13,244,0.00732422,-0.00537109
13,245,0.0135498,-0.00231934
13,246,0.0144043,0.00012207
13,247,0.0142822,0.000244141
13,248,0.0128174,0.0012207
13,249,0.00378418,-0.00134277
13,250,-0.00720215,-0.0107422
13,251,0.00292969,0.00939941
13,252,0.00305176,0.00646973
13,253,0.0137939,0.0134277
13,254,0.0153809,0.012085
13,255,0.0155029,0.010376
13,256,0.0179443,0.00866699
13,257,0.0161133,-0.00134277
13,258,0.00598145,-0.00878906
13,259,0.00463867,-0.0205078
13,260,0.0119629,-0.010498
13,261,0.00402832,-0.00268555
13,262,-0.00134277,-0.00244141
13,263,-0.00305176,-0.00317383
13,264,-0.00512695,-0.00390625
13,265,-0.00683594,-0.0078125
13,266,0.000488281,-0.00317383
13,267,0.043457,0.0172119
13,268,0.022583,-0.00280762
13,269,0.00976562,-0.0198975
13,270,-0.00683594,-0.0234375
13,271,-0.0140381,-0.0194092
13,272,-0.0142822,-0.0146484
13,273,-0.019043,-0.00805664
13,274,-0.0141602,0.0130615
13,275,-0.00012207,0.0296631
13,276,0.0336914,0.020874
13,277,0.0334473,0.0307617
13,278,0.0194092,0.0390625
13,279,0.00915527,0.0324707
13,280,0.00646973,0.0367432
13,281,-0.000366211,0.0290527
13,282,-0.010498,0.0249023
13,283,-0.012207,0.00463867
13,284,-0.00292969,-0.0012207
13,285,-0.00939941,0.012085
13,286,-0.0222168,0.010376
13,287,-0.0251465,0.00646973
13,288,-0.0250244,0.00622559
13,289,-0.0234375,0.00366211
13,290,-0.00683594,0.00280762
13,291,0.0170898,0.0137939
13,292,-0.00866699,-0.0126953
13,293,-0.00793457,-0.00891113
13,294,-0.0290527,-0.015625
13,295,-0.0311279,-0.0131836
13,296,-0.0306396,-0.010498
13,297,-0.0340576,-0.0065918
13,298,-0.0268555,0.00939941
13,299,-0.00646973,0.0178223
13,300,0.00134277,0.0371094
13,301,-0.0150146,0.0227051
13,302,-0.0045166,0.00549316
13,303,0.00427246,0.00292969
13,304,0.00756836,0.0032959
13,305,0.0109863,0.00378418
13,306,0.0151367,0.00939941
13,307,0.000488281,0.00476074
13,308,0.0224609,-0.0131836
13,309,0.0020752,-0.0252686
13,310,-0.0168457,-0.0219727
13,311,-0.0228271,-0.0145264
13,312,-0.0211182,-0.00964355
13,313,-0.0236816,-0.000610352
13,314,-0.0102539,0.0195312
13,315,0.0108643,0.0316162
13,316,0.043457,0.010498
13,317,0.0450439,0.0186768
13,318,0.0317383,0.0302734
13,319,0.019165,0.0273438
13,320,0.0174561,0.0321045
13,321,0.0078125,0.0272217
13,322,-0.00378418,0.0262451
13,323,-0.012207,0.00720215
13,324,-0.0032959,-0.00280762
13,325,-0.00378418,0.013916
13,326,-0.0175781,0.0187988
13,327,-0.0224609,0.0167236
13,328,-0.0228271,0.0166016
13,329,-0.0229492,0.0136719
13,330,-0.00805664,0.00524902
13,331,0.020752,0.00598145
13,332,-0.0106201,-0.00756836
13,333,-0.010376,-0.00537109
13,334,-0.0334473,-0.00488281
13,335,-0.0352783,-0.00183105
13,336,-0.0338135,0.000488281
13,337,-0.0360107,0.00537109
13,338,-0.0230713,0.0185547
13,339,0.000732422,0.0201416
13,340,0.0151367,0.036377
13,341,-0.00622559,0.0274658
13,342,-0.00109863,0.00610352
13,343,0.00683594,0.000610352
13,344,0.0101318,-0.000488281
13,345,0.0134277,-0.00109863
13,346,0.0189209,0.00292969
13,347,0.00134277,0.00317383
13,348,0.0111084,-0.0115967
13,349,0.00012207,-0.0164795
13,350,-0.00561523,-0.0151367
13,351,-0.00646973,-0.0124512
13,352,-0.0109863,-0.00952148
13,353,-0.0117188,0.00378418
13,354,-0.00598145,0.0167236
13,355,0.0133057,0.0175781
13,356,0.0130615,0.0174561
13,357,0.00537109,0.0135498
13,358,0.000976562,0.00952148
13,359,-0.000610352,0.00976562
13,360,-0.00354004,0.00610352
13,361,-0.00683594,0.00317383
13,362,-0.0045166,-0.00378418
13,363,0.00341797,-0.00280762
13,364,-0.00219727,0.00646973
13,365,-0.0115967,0.00610352
13,366,-0.0140381,0.00317383
13,367,-0.0146484,0.00280762
13,368,-0.0142822,-0.000244141
13,369,-0.0045166,-0.00439453
13,370,0.00939941,0.00317383
13,371,-0.00244141,0.000854492
13,372,-0.00231934,-0.00170898
13,373,-0.00939941,-0.00500488
13,374,-0.0111084,-0.00524902
13,375,-0.0109863,-0.00439453
13,376,-0.0130615,-0.0032959
13,377,-0.0119629,0.00427246
13,378,-0.00415039,0.0107422
13,379,-0.0012207,0.0174561
13,380,-0.00610352,0.00720215
13,381,0.00158691,-0.00012207
13,382,0.00512695,0.000366211
13,383,0.00695801,0.000488281
13,384,0.00720215,0.00170898
13,385,0.00732422,0.00512695
13,386,0.00109863,0.000610352
13,387,0.0126953,-0.0111084
13,388,0.00769043,-0.0145264
13,389,0.00488281,-0.0134277
13,390,-0.000610352,-0.0148926
13,391,-0.0115967,-0.00683594
13,392,-0.0175781,0.00598145
13,393,-0.00671387,0.022583
13,394,-0.00842285,0.0202637
13,395,-0.012207,0.00939941
13,396,-0.0111084,0.00366211
13,397,-0.0126953,0.00183105
13,398,-0.0108643,-0.00219727
13,399,-0.00964355,-0.00708008
13,400,-0.000366211,-0.00842285
13,401,0.00537109,-0.00109863
13,402,-0.00463867,0.00109863
13,403,-0.0098877,-0.00524902
13,404,-0.00964355,-0.00878906
13,405,-0.00976562,-0.00939941
13,406,-0.00830078,-0.0112305
13,407,-0.00109863,-0.00817871
13,408,0.00109863,0.00634766
13,409,0.00158691,0.000976562
13,410,0.0020752,-0.00195312
13,411,0.00317383,-0.0100098
13,412,0.00195312,-0.0118408
13,413,0.000976562,-0.0113525
13,414,-0.00134277,-0.0126953
13,415,-0.00805664,-0.00744629
13,416,-0.00976562,0.0032959
13,417,-0.0150146,0.00732422
13,418,-0.00939941,-0.00390625
13,419,0.000976562,-0.00195312
13,420,0.00256348,0.00219727
13,421,0.0032959,0.00354004
13,422,0.00231934,0.00549316
13,423,-0.000488281,0.00817871
13,424,0.000244141,0.000244141
13,425,0.0161133,-0.00610352
13,426,0.0130615,-0.00695801
13,427,0.00964355,-0.0119629
13,428,-0.00488281,-0.0131836
13,429,-0.0187988,-0.00732422
13,430,-0.0214844,0.0145264
13,431,-0.0224609,0.0112305
13,432,-0.019165,-0.000488281
13,433,-0.013916,-0.0045166
13,434,-0.0144043,-0.00732422
13,435,-0.00964355,-0.00952148
13,436,-0.00488281,-0.0133057
13,437,0.00463867,-0.00817871
13,438,0.00512695,0.00134277
13,439,-0.00402832,-0.00390625
13,440,-0.00341797,-0.012207
13,441,-0.000976562,-0.0144043
13,442,-0.000854492,-0.0150146
13,443,0.0012207,-0.0151367
13,444,0.0032959,-0.00732422
13,445,-0.0057373,0.00549316
13,446,0.00280762,0.00158691
13,447,0.00390625,-0.000488281
13,448,0.0111084,-0.00744629
13,449,0.0109863,-0.0098877
13,450,0.0098877,-0.0101318
13,451,0.00878906,-0.0129395
13,452,-0.000854492,-0.0131836
13,453,-0.0101318,-0.00512695
13,454,-0.0186768,-0.00537109
13,455,-0.00585938,-0.0107422
13,456,0.00134277,-0.00134277
13,457,0,0.00341797
13,458,-0.000366211,0.00512695
13,459,-0.00244141,0.00610352
13,460,-0.00671387,0.00622559
13,461,-0.000366211,-0.000732422
13,462,0.0144043,-0.00195312
13,463,0.0129395,-0.00756836
13,464,0.00012207,-0.0135498
13,465,-0.0145264,-0.0128174
13,466,-0.0240479,0.00561523
13,467,-0.0239258,0.00292969
13,468,-0.0170898,-0.00585938
13,469,-0.0111084,-0.00793457
13,470,-0.010498,-0.010376
13,471,-0.00561523,-0.0108643
13,472,-0.000488281,-0.0126953
13,473,0.00646973,-0.00524902
13,474,0.00341797,0.00305176
13,475,-0.00305176,-0.00500488
13,476,0.000610352,-0.0124512
13,477,0.00378418,-0.0135498
13,478,0.00415039,-0.0140381
13,479,0.00622559,-0.0133057
13,480,0.00549316,-0.00500488
13,481,-0.00720215,0.00378418
13,482,0.00195312,0.00134277
13,483,0.00366211,0.000610352
13,484,0.0123291,-0.0032959
13,485,0.0129395,-0.00537109
13,486,0.0119629,-0.00598145
13,487,0.0118408,-0.00878906
13,488,0.00317383,-0.0119629
13,489,-0.00769043,-0.00793457
13,490,-0.0151367,-0.0108643
13,491,-0.00195312,-0.0115967
13,492,0.00146484,-0.000976562
13,493,-0.00146484,0.00292969
13,494,-0.00231934,0.00427246
13,495,-0.0045166,0.00463867
13,496,-0.00854492,0.00354004
13,497,-0.000732422,-0.000488281
13,498,0.0119629,-0.00500488
13,499,0.00183105,-0.0115967
13,500,-0.0106201,-0.0124512
13,501,-0.0209961,0.00195312
13,502,-0.0205078,-0.000488281
13,503,-0.0135498,-0.00756836
13,504,-0.00830078,-0.00842285
13,505,-0.00756836,-0.0106201
13,506,-0.00341797,-0.010376
13,507,0.00109863,-0.0111084
13,508,0.00610352,-0.00378418
13,509,0.00231934,0.00292969
13,510,-0.00231934,-0.00463867
13,511,0.00183105,-0.010498
13,512,0.00463867,-0.0109863
13,513,0.00500488,-0.0112305
13,514,0.00671387,-0.0102539
13,515,0.00524902,-0.0032959
13,516,-0.0065918,0.00256348
13,517,0.00146484,0.00158691
13,518,0.00305176,0.000976562
13,519,0.0107422,-0.000976562
13,520,0.0114746,-0.00268555
13,521,0.0108643,-0.00341797
13,522,0.0109863,-0.00585938
13,523,0.00402832,-0.00964355
13,524,-0.0057373,-0.00756836
13,525,-0.0114746,-0.0112305
13,526,0,-0.010376
13,527,0.00158691,-0.000732422
13,528,-0.00146484,0.00231934
13,529,-0.00244141,0.00341797
13,530,-0.00439453,0.00341797
13,531,-0.00805664,0.0020752
13,532,-0.000976562,-0.000366211
13,533,0.00671387,-0.010498
13,534,-0.0045166,-0.0168457
13,535,-0.0211182,-0.00817871
13,536,-0.0185547,-0.00964355
13,537,-0.00830078,-0.0124512
13,538,-0.00305176,-0.0108643
13,539,-0.0012207,-0.012207
13,540,0.00244141,-0.0102539
13,541,0.00683594,-0.00854492
13,542,0.00793457,0.00012207
13,543,0.000610352,0.00512695
13,544,-0.000732422,-0.00402832
13,545,0.00561523,-0.00854492
13,546,0.00878906,-0.00817871
13,547,0.00939941,-0.00842285
13,548,0.0109863,-0.00695801
13,549,0.00756836,-0.000976562
13,550,-0.00598145,0.000244141
13,551,-0.000732422,0.00134277
13,552,0.00195312,0.0020752
13,553,0.0101318,0.00390625
13,554,0.0117188,0.00280762
13,555,0.0114746,0.00195312
13,556,0.0126953,0
13,557,0.00805664,-0.00634766
13,558,-0.0020752,-0.00891113
13,559,-0.00561523,-0.0153809
13,560,0.00415039,-0.00952148
13,561,0.000976562,0
13,562,-0.00317383,0.00158691
13,563,-0.0045166,0.00231934
13,564,-0.00610352,0.00158691
13,565,-0.00854492,-0.000732422
13,566,-0.000488281,0.000488281
13,567,0.0128174,-0.0123291
13,568,-0.00354004,-0.0236816
13,569,0.000976562,-0.0217285
13,570,0.0101318,-0.0137939
13,571,0.0107422,-0.00805664
13,572,0.0134277,-0.00683594
13,573,0.0128174,-0.00256348
13,574,0.0130615,0.0032959
13,575,0.00537109,0.00842285
13,576,-0.00390625,0.00561523
13,577,0.0020752,0.000244141
13,578,0.00842285,0.00256348
13,579,0.0100098,0.0045166
13,580,0.0106201,0.00488281
13,581,0.0109863,0.00622559
13,582,0.00683594,0.00585938
13,583,0.000244141,-0.0045166
13,584,-0.00463867,0
13,585,-0.0020752,0.00305176
13,586,-0.000366211,0.0125732
13,587,0.00170898,0.0137939
13,588,0.00244141,0.0130615
13,589,0.00500488,0.0136719
13,590,0.00891113,0.00646973
13,591,0.00646973,-0.0045166
13,592,0.0117188,-0.0117188
13,593,0.0108643,-0.000366211
13,594,0.000610352,0.00134277
13,595,-0.00305176,-0.00146484
13,596,-0.00415039,-0.00219727
13,597,-0.00427246,-0.00402832
13,598,-0.00305176,-0.00634766
13,599,0.00012207,0.0020752
13,600,0.0197754,-0.0306396
13,601,0.0241699,-0.0245361
13,602,0.0262451,-0.00695801
13,603,0.020874,0.000732422
13,604,0.0228271,0.00463867
13,605,0.017334,0.00939941
13,606,0.012207,0.017334
13,607,-0.000976562,0.0150146
13,608,-0.00866699,0.00415039
13,609,0.00280762,0.00585938
13,610,0.0065918,0.0142822
13,611,0.00598145,0.0169678
13,612,0.00646973,0.0178223
13,613,0.00561523,0.0184326
13,614,0.00305176,0.0113525
13,615,0.0078125,-0.00646973
13,616,-0.00646973,-0.00317383
13,617,-0.00537109,0.0020752
13,618,-0.0114746,0.0158691
13,619,-0.010376,0.0192871
13,620,-0.00891113,0.0192871
13,621,-0.0065918,0.0228271
13,622,0.00500488,0.0192871
13,623,0.0130615,0.00402832
13,624,0.0264893,-0.00134277
13,625,0.0124512,0.00939941
13,626,-0.00183105,0.000244141
13,627,-0.00317383,-0.00598145
13,628,-0.00354004,-0.0078125
13,629,-0.00158691,-0.00927734
13,630,0.00305176,-0.0090332
13,631,-0.000244141,0.0045166
13,632,0.0472412,0.0131836
13,633,0.0274658,0.0314941
13,634,0.0142822,0.0301514
13,635,0.010498,0.0358887
13,636,0.0012207,0.0317383
13,637,-0.0129395,0.0303955
13,638,-0.0205078,0.0113525
13,639,-0.013916,-0.00744629
13,640,-0.00830078,0.00585938
13,641,-0.0141602,0.0161133
13,642,-0.0168457,0.0177002
13,643,-0.0170898,0.0194092
13,644,-0.0174561,0.0198975
13,645,-0.0101318,0.0152588
13,646,0.0124512,0.00854492
13,647,-0.000854492,-0.0141602
13,648,-0.00756836,-0.00610352
13,649,-0.0318604,-0.00317383
13,650,-0.0350342,0.00109863
13,651,-0.0339355,0.00305176
13,652,-0.0368652,0.00842285
13,653,-0.0239258,0.0195312
13,654,0.00134277,0.0172119
13,655,0.0194092,0.0327148
13,656,-0.00183105,0.0241699
13,657,0.000732422,-0.000366211
13,658,0.00708008,-0.00756836
13,659,0.00952148,-0.0090332
13,660,0.0117188,-0.00842285
13,661,0.0135498,-0.0032959
13,662,-0.00720215,0.00256348
13,663,0.0482178,0.0223389
13,664,0.0340576,0.0246582
13,665,0.0344238,0.0316162
13,666,0.0219727,0.0296631
13,667,0.00744629,0.0344238
13,668,-0.010376,0.0181885
13,669,-0.0106201,0.0020752
13,670,-0.00524902,0.0158691
13,671,-0.0130615,0.0240479
13,672,-0.0162354,0.0239258
13,673,-0.0157471,0.024292
13,674,-0.0146484,0.0224609
13,675,-0.000976562,0.0131836
13,676,0.0239258,0.00439453
13,677,-0.0168457,-0.010498
13,678,-0.0137939,-0.00244141
13,679,-0.0383301,0.010498
13,680,-0.0386963,0.0151367
13,681,-0.0362549,0.0169678
13,682,-0.0367432,0.0233154
13,683,-0.0186768,0.0308838
13,684,0.00549316,0.0205078
13,685,0.0305176,0.0310059
13,686,0.00646973,0.029541
13,687,0.00183105,0.00402832
13,688,0.00610352,-0.00524902
13,689,0.00878906,-0.0078125
13,690,0.0114746,-0.00891113
13,691,0.0166016,-0.00537109
13,692,-0.00170898,0.00598145
13,693,0.0526123,0.00756836
13,694,0.05896,0.0140381
13,695,0.0457764,0.0167236
13,696,0.0352783,0.0289307
13,697,0.00683594,0.0227051
13,698,-0.00390625,0.0137939
13,699,0.00158691,0.022583
13,700,-0.00524902,0.0273438
13,701,-0.00805664,0.026123
13,702,-0.00708008,0.0249023
13,703,-0.00463867,0.0212402
13,704,0.0114746,0.00866699
13,705,0.0311279,-0.00402832
13,706,-0.0333252,-0.00134277
13,707,-0.0187988,0.00415039
13,708,-0.0373535,0.0284424
13,709,-0.0333252,0.0321045
13,710,-0.0294189,0.0330811
13,711,-0.026001,0.0388184
13,712,-0.00524902,0.0373535
13,713,0.0106201,0.0167236
13,714,0.0395508,0.0175781
13,715,0.0192871,0.029541
13,716,0.00463867,0.0107422
13,717,0.00415039,-0.000244141
13,718,0.00622559,-0.00354004
13,719,0.00817871,-0.00793457
13,720,0.0157471,-0.00939941
13,721,0.00561523,0.00720215
13,722,0.0517578,0.00463867
13,723,0.041748,0.00830078
13,724,0.0351562,0.0198975
13,725,0.0102539,0.0186768
13,726,-0.0012207,0.0137939
13,727,0.00366211,0.0186768
13,728,-0.000854492,0.0216064
13,729,-0.00280762,0.0205078
13,730,-0.00183105,0.019165
13,731,0.000244141,0.0159912
13,732,0.0124512,0.00524902
13,733,0.0251465,-0.00598145
13,734,-0.0299072,0.00195312
13,735,-0.0155029,0.00524902
13,736,-0.0272217,0.0272217
13,737,-0.0227051,0.0297852
13,738,-0.0194092,0.0301514
13,739,-0.0155029,0.0341797
13,740,0.000976562,0.0299072
13,741,0.0100098,0.0109863
13,742,0.0325928,0.00817871
13,743,0.0186768,0.0218506
13,744,0.00427246,0.0098877
13,745,0.00231934,0.00109863
13,746,0.00366211,-0.00170898
13,747,0.00488281,-0.00598145
13,748,0.0113525,-0.00866699
13,749,0.00634766,0.0057373
13,750,0.0493164,0.00500488
13,751,0.0438232,0.019165
13,752,0.0152588,0.0203857
13,753,0.000976562,0.017334
13,754,0.00622559,0.0214844
13,755,0.00146484,0.0239258
13,756,-0.000732422,0.0224609
13,757,0.000366211,0.020752
13,758,0.00256348,0.0167236
13,759,0.0158691,0.00402832
13,760,0.0281982,-0.00915527
13,761,-0.0351562,0.00488281
13,762,-0.017334,0.00732422
13,763,-0.0280762,0.0330811
13,764,-0.0223389,0.0355225
13,765,-0.0185547,0.0356445
13,766,-0.0134277,0.0397949
13,767,0.00476074,0.0330811
13,768,0.012207,0.0107422
13,769,0.0367432,0.00549316
13,770,0.022583,0.0230713
13,771,0.00488281,0.0119629
13,772,0.00195312,0.00231934
13,773,0.00305176,-0.000854492
13,774,0.00439453,-0.00610352
13,775,0.012207,-0.0102539
13,776,0.00915527,0.00622559
13,777,0.0393066,0.012085
13,778,0.0159912,0.0159912
13,779,0.00268555,0.015625
13,780,0.00683594,0.0168457
13,781,0.00390625,0.0177002
13,782,0.00256348,0.0163574
13,783,0.00354004,0.0147705
13,784,0.00549316,0.0114746
13,785,0.0148926,0.00170898
13,786,0.0214844,-0.00927734
13,787,-0.0292969,0.00598145
13,788,-0.0136719,0.00695801
13,789,-0.0194092,0.0284424
13,790,-0.013916,0.0299072
13,791,-0.0108643,0.0297852
13,792,-0.00598145,0.0324707
13,793,0.00769043,0.0247803
13,794,0.010498,0.0057373
13,795,0.0286865,-0.000854492
13,796,0.0197754,0.0163574
13,797,0.00402832,0.0108643
13,798,0.000488281,0.00341797
13,799,0.00109863,0.000976562
13,800,0.00183105,-0.00378418
13,801,0.00842285,-0.00854492
13,802,0.00891113,0.0045166
13,803,0.0220947,0.0102539
13,804,0.0090332,0.0159912
13,805,0.0124512,0.0145264
13,806,0.0102539,0.0137939
13,807,0.00878906,0.012207
13,808,0.00952148,0.0101318
13,809,0.010498,0.00646973
13,810,0.0159912,-0.00427246
13,811,0.0169678,-0.0151367
13,812,-0.0268555,0.0134277
13,813,-0.0106201,0.0098877
13,814,-0.00805664,0.0300293
13,815,-0.00183105,0.0299072
13,816,0.000732422,0.0290527
13,817,0.00646973,0.0299072
13,818,0.0163574,0.0184326
13,819,0.0117188,0.000488281
13,820,0.0239258,-0.0107422
13,821,0.0211182,0.00915527
13,822,0.00427246,0.0108643
13,823,-0.000732422,0.00524902
13,824,-0.000976562,0.00317383
13,825,-0.000976562,-0.0020752
13,826,0.00549316,-0.00891113
13,827,0.0125732,0.0020752
13,828,0.010376,0.00939941
13,829,0.0090332,0.00610352
13,830,0.00817871,0.00256348
13,831,0.00793457,0.000610352
13,832,0.00817871,-0.000854492
13,833,0.00866699,-0.00354004
13,834,0.0098877,-0.00842285
13,835,0.00524902,-0.0106201
13,836,-0.0114746,0.0119629
13,837,-0.00231934,0.00671387
13,838,0.00634766,0.0146484
13,839,0.0098877,0.0130615
13,840,0.0106201,0.012207
13,841,0.0136719,0.0109863
13,842,0.0140381,0.00305176
13,843,0.00476074,-0.00354004
13,844,0.00524902,-0.0130615
13,845,0.00976562,-0.00305176
13,846,0.00170898,0.00439453
13,847,-0.00219727,0.00415039
13,848,-0.00280762,0.00378418
13,849,-0.00354004,0.00134277
13,850,-0.000854492,-0.00268555
13,851,0.00927734,0.00012207
13,852,0.0108643,0.00183105
13,853,0.0045166,0.000244141
13,854,0.00183105,-0.00170898
13,855,0.00109863,-0.00317383
13,856,-0.000488281,-0.00622559
13,857,0.00012207,-0.0124512
13,858,0.0012207,-0.0106201
13,859,-0.00305176,0.0141602
13,860,0.000610352,0.00500488
13,861,0.00732422,0.00476074
13,862,0.00878906,0.00183105
13,863,0.00878906,0.00146484
13,864,0.0098877,-0.000366211
13,865,0.00769043,-0.00354004
13,866,0.00158691,-0.00158691
13,867,-0.00195312,-0.00463867
13,868,0.00305176,-0.0020752
13,869,0.00292969,0.00402832
13,870,0.0020752,0.00488281
13,871,0.0020752,0.00476074
13,872,0.000976562,0.00317383
13,873,0.00256348,-0.000976562
13,874,0.00891113,-0.00585938
13,875,0.0119629,0.00439453
13,876,0.00866699,0.00512695
13,877,0.00769043,0.00415039
13,878,0.00415039,0.0020752
13,879,-0.00146484,-0.00842285
13,880,-0.000976562,-0.0169678
13,881,-0.000854492,0.0161133
13,882,0.000854492,0.00708008
13,883,0.00891113,0.0119629
13,884,0.010498,0.0098877
13,885,0.0109863,0.0090332
13,886,0.0135498,0.00793457
13,887,0.0147705,0.00146484
13,888,0.00939941,-0.00305176
13,889,0.00878906,-0.0109863
13,890,0.00976562,-0.00244141
13,891,0.00268555,0.00219727
13,892,0.000366211,0.00109863
13,893,-0.000488281,0
13,894,-0.00109863,-0.00195312
13,895,0.00158691,-0.00732422
13,896,0.00744629,-0.00695801
13,897,0.0161133,0.00256348
13,898,0.0157471,0.00231934
13,899,0.0126953,0.00268555
13,900,0.00134277,-0.00341797
13,901,-0.00756836,-0.0153809
13,902,0.00390625,0.0117188
13,903,0.00390625,0.0065918
13,904,0.0162354,0.0125732
13,905,0.0178223,0.0113525
13,906,0.0179443,0.00976562
13,907,0.020752,0.00842285
13,908,0.0200195,-0.0012207
13,909,0.010376,-0.00842285
13,910,0.00720215,-0.0216064
13,911,0.0109863,-0.0102539
13,912,0.000488281,-0.00219727
13,913,-0.00390625,-0.00231934
13,914,-0.00585938,-0.00317383
13,915,-0.0065918,-0.00402832
13,916,-0.00549316,-0.00830078
13,917,0.00341797,-0.00427246
13,918,0.0170898,0
13,919,0.0151367,0.00109863
13,920,0.00354004,-0.00146484
13,921,-0.00891113,-0.0119629
13,922,0.0045166,0.00842285
13,923,0.00439453,0.00561523
13,924,0.0174561,0.0111084
13,925,0.019043,0.0102539
13,926,0.0187988,0.00866699
13,927,0.0216064,0.00708008
13,928,0.0195312,-0.00268555
13,929,0.00854492,-0.0098877
13,930,0.00439453,-0.0233154
13,931,0.00976562,-0.0124512
13,932,-0.000366211,-0.00341797
13,933,-0.00537109,-0.00268555
13,934,-0.00744629,-0.00317383
13,935,-0.00830078,-0.00378418
13,936,-0.00805664,-0.00695801
13,937,0.00170898,-0.0020752
13,938,0.0158691,0.00109863
13,939,0.00488281,-0.000976562
13,940,-0.00805664,-0.0111084
13,941,0.00341797,0.00683594
13,942,0.00402832,0.00524902
13,943,0.0167236,0.0111084
13,944,0.0184326,0.0106201
13,945,0.0183105,0.00915527
13,946,0.0209961,0.0078125
13,947,0.019165,-0.00195312
13,948,0.00830078,-0.00964355
13,949,0.0045166,-0.0231934
13,950,0.00939941,-0.012207
13,951,-0.0012207,-0.00341797
13,952,-0.00610352,-0.00280762
13,953,-0.00817871,-0.0032959
13,954,-0.00878906,-0.00366211
13,955,-0.00817871,-0.00646973
13,956,0.00195312,-0.000854492
13,957,0.00793457,0.000366211
13,958,-0.00549316,-0.00720215
13,959,0.000366211,0.00354004
13,960,0.00256348,0.00415039
13,961,0.0134277,0.0106201
13,962,0.015625,0.010498
13,963,0.0153809,0.00927734
13,964,0.0179443,0.00817871
13,965,0.0162354,-0.000854492
13,966,0.00585938,-0.00866699
13,967,0.00317383,-0.020752
13,968,0.00830078,-0.0107422
13,969,-0.00146484,-0.00280762
13,970,-0.00610352,-0.00231934
13,971,-0.00805664,-0.00244141
13,972,-0.00854492,-0.00292969
13,973,-0.00805664,-0.0045166
13,974,0.00158691,0.00195312
13,975,0.00854492,-0.000366211
13,976,-0.0123291,-0.000488281
13,977,-0.00415039,0.00256348
13,978,-0.0020752,0.0114746
13,979,0.000732422,0.0123291
13,980,0.00109863,0.0118408
13,981,0.00305176,0.0124512
13,982,0.00488281,0.0078125
13,983,0.000854492,0.000244141
13,984,0.00524902,-0.00549316
13,985,0.00634766,0.00012207
13,986,0.000244141,0.0012207
13,987,-0.00244141,0.000244141
13,988,-0.00256348,0.00012207
13,989,-0.00268555,-0.000854492
13,990,-0.000854492,-0.00012207
13,991,0.00402832,0.00683594
13,992,-0.0196533,-0.000366211
13,993,-0.0101318,0.00146484
13,994,-0.0198975,0.012085
13,995,-0.0177002,0.013916
13,996,-0.0162354,0.0146484
13,997,-0.0152588,0.0175781
13,998,-0.00610352,0.0192871
13,999,0.0020752,0.012207
13,1000,0.0155029,0.0141602
13,1001,0.00537109,0.0155029
13,1002,0.00146484,0.00488281
13,1003,0.00280762,0.000732422
13,1004,0.0045166,-0.000366211
13,1005,0.0057373,-0.00183105
13,1006,0.010498,0.000244141
13,1007,0.00610352,0.00720215
13,1008,0.0114746,-0.0020752
13,1009,0.0184326,-0.0137939
13,1010,0.0145264,-0.0151367
13,1011,0.0125732,-0.0157471
13,1012,0.0098877,-0.0179443
13,1013,0.000732422,-0.0163574
13,1014,-0.00280762,-0.00720215
13,1015,-0.0144043,-0.00793457
13,1016,-0.00732422,-0.0153809
13,1017,-0.000488281,-0.0100098
13,1018,-0.000244141,-0.00561523
13,1019,-0.00134277,-0.0045166
13,1020,-0.00292969,-0.00109863
13,1021,-0.00866699,0.000366211
13,1022,-0.00817871,-0.00610352
13,1023,0.0140381,-0.00549316
13,1024,0.0126953,-0.0065918
13,1025,0.0115967,-0.00720215
13,1026,0.0107422,-0.00866699
13,1027,0.00463867,-0.00927734
13,1028,-0.000732422,-0.00463867
13,1029,-0.00854492,-0.00842285
13,1030,-0.0032959,-0.0112305
13,1031,-0.00146484,-0.00598145
13,1032,-0.00231934,-0.00268555
13,1033,-0.0032959,-0.0020752
13,1034,-0.00390625,-0.00012207
13,1035,-0.00634766,0.000732422
13,1036,-0.00256348,-0.00244141
13,1037,0.0383301,-0.00366211
13,1038,0.0362549,-0.0057373
13,1039,0.0369873,-0.0098877
13,1040,0.0234375,-0.0174561
13,1041,0.00354004,-0.0128174
13,1042,-0.013916,-0.0302734
13,1043,0.000732422,-0.0296631
13,1044,-0.00244141,-0.0125732
13,1045,-0.00756836,-0.00500488
13,1046,-0.0106201,-0.00402832
13,1047,-0.0125732,-0.000732422
13,1048,-0.0162354,-0.00109863
13,1049,-0.000244141,-0.00488281
13,1050,0.0369873,-0.00219727
13,1051,0.0384521,-0.00634766
13,1052,0.026001,-0.015625
13,1053,0.00488281,-0.0131836
13,1054,-0.0114746,-0.0322266
13,1055,0.00305176,-0.0286865
13,1056,-0.00231934,-0.0108643
13,1057,-0.00817871,-0.00390625
13,1058,-0.0112305,-0.00317383
13,1059,-0.0130615,-0.000732422
13,1060,-0.015625,-0.00195312
13,1061,0.00195312,-0.00427246
13,1062,0.0373535,-0.00402832
13,1063,0.026123,-0.0137939
13,1064,0.00561523,-0.0126953
13,1065,-0.0090332,-0.0318604
13,1066,0.00463867,-0.0270996
13,1067,-0.00158691,-0.00976562
13,1068,-0.00756836,-0.00354004
13,1069,-0.0106201,-0.00305176
13,1070,-0.0124512,-0.000976562
13,1071,-0.0147705,-0.00280762
13,1072,0.00219727,-0.00439453
13,1073,0.0301514,-0.0119629
13,1074,0.00817871,-0.0136719
13,1075,-0.0057373,-0.0354004
13,1076,0.0078125,-0.0269775
13,1077,-0.00146484,-0.00854492
13,1078,-0.00842285,-0.00292969
13,1079,-0.0117188,-0.00268555
13,1080,-0.0134277,-0.00134277
13,1081,-0.0147705,-0.00427246
13,1082,0.00390625,-0.00439453
13,1083,0.0130615,-0.00878906
13,1084,0.00805664,-0.0288086
13,1085,0.0131836,-0.015625
13,1086,-0.000976562,-0.00415039
13,1087,-0.00732422,-0.00268555
13,1088,-0.00976562,-0.00354004
13,1089,-0.010376,-0.00390625
13,1090,-0.00830078,-0.00756836
13,1091,0.00585938,-0.00244141
13,1092,0.0153809,-0.00939941
13,1093,0.00952148,-0.000366211
13,1094,-0.00170898,-0.000732422
13,1095,-0.00390625,-0.00292969
13,1096,-0.00476074,-0.00427246
13,1097,-0.00366211,-0.00500488
13,1098,0.000244141,-0.00683594
13,1099,0.00366211,-0.000488281
13,1100,0.0236816,0.0124512
13,1101,0.00585938,0.000488281
13,1102,0.00219727,-0.0078125
13,1103,0.00219727,-0.0108643
13,1104,0.00195312,-0.0130615
13,1105,0.00622559,-0.0152588
13,1106,0.00268555,0.00109863
13,1107,0.0118408,-0.00109863
13,1108,0.00524902,-0.0057373
13,1109,0.00427246,-0.00793457
13,1110,0.000732422,-0.0100098
13,1111,-0.000610352,-0.0147705
13,1112,0.00134277,-0.0032959
13,1113,0.010498,-0.00183105
13,1114,0.0107422,-0.00280762
13,1115,0.0065918,-0.00378418
13,1116,0.00170898,-0.00708008
13,1117,-0.00183105,-0.00537109
13,1118,0.0117188,-0.000732422
13,1119,0.00891113,-0.00170898
13,1120,0.00512695,-0.00366211
13,1121,-0.00158691,-0.0045166
13,1122,0.0102539,-0.00109863
13,1123,0.00683594,-0.00280762
13,1124,-0.0012207,-0.00439453
13,1125,0.00793457,-0.000854492
13,1126,-0.00012207,-0.00244141
13,1127,0.00488281,-0.000366211
14,0,0.000732422,-0.000610352
14,1,-0.00256348,-0.00109863
14,2,-0.00341797,-0.000854492
14,3,0.00366211,0.000976562
14,4,0.00170898,0.000488281
14,5,-0.00134277,-0.000244141
14,6,0.00134277,-0.000244141
14,7,0.000488281,-0.000854492
14,8,0.000366211,-0.000488281
14,9,0.000732422,-0.000366211
14,10,0.000732422,0.000488281
14,11,0.000732422,0.000610352
14,12,0.000610352,0.00146484
14,13,0.00012207,0.00183105
14,14,-0.00012207,0.00292969
14,15,0.00561523,0.000244141
14,16,0.00231934,-0.0012207
14,17,-0.000732422,-0.00170898
14,18,-0.00134277,-0.00134277
14,19,-0.0012207,-0.00158691
14,20,-0.0012207,-0.00134277
14,21,-0.000732422,0.000366211
14,22,0.000610352,0.0012207
14,23,0.00134277,-0.000854492
14,24,0.0020752,0.00012207
14,25,0.00146484,0.00146484
14,26,0.000488281,0.00158691
14,27,0.00012207,0.00195312
14,28,-0.000244141,0.0020752
14,29,-0.00219727,0.000488281
14,30,-0.00134277,-0.0012207
14,31,0.00341797,0
14,32,0.000610352,0
14,33,0,0
14,34,-0.000854492,-0.00012207
14,35,-0.000732422,-0.000610352
14,36,-0.00109863,-0.000854492
14,37,-0.000732422,-0.00146484
14,38,-0.00012207,-0.000610352
14,39,-0.00341797,0.00341797
14,40,-0.00390625,0.00268555
14,41,-0.00195312,0.000854492
14,42,-0.000488281,0.000244141
14,43,0.000488281,0
14,44,0.00109863,-0.000366211
14,45,0.00219727,-0.00109863
14,46,0.000488281,-0.0012207
14,47,0.00524902,-0.000244141
14,48,0.0045166,-0.000366211
14,49,-0.00488281,0.000610352
14,50,-0.00231934,0
14,51,0.00244141,0.000366211
14,52,0.000488281,0.00146484
14,53,0.000610352,0.000976562
14,54,0.000976562,0.000366211
14,55,0.000610352,-0.000244141
14,56,0,-0.00012207
14,57,0.00012207,0
14,58,-0.000366211,-0.000366211
14,59,-0.0012207,-0.000610352
14,60,-0.0012207,-0.000244141
14,61,-0.000854492,0.00244141
14,62,-0.000244141,0.00402832
14,63,-0.000244141,0.00463867
14,64,-0.000732422,0.00378418
14,65,-0.000366211,0.00415039
14,66,-0.000732422,0.0032959
14,67,-0.00134277,0.0020752
14,68,-0.000854492,0.000488281
14,69,-0.00109863,0.000610352
14,70,-0.00231934,0.000488281
14,71,-0.00231934,-0.000610352
14,72,-0.00158691,-0.000976562
14,73,-0.00158691,-0.000976562
14,74,-0.00109863,-0.000854492
14,75,0.000732422,0.000366211
14,76,0.000732422,0.00195312
14,77,-0.000366211,-0.00158691
14,78,-0.00012207,-0.0012207
14,79,-0.000488281,-0.00231934
14,80,-0.000610352,-0.00195312
14,81,-0.000488281,-0.00183105
14,82,-0.000854492,-0.00195312
14,83,-0.000610352,-0.000732422
14,84,-0.000610352,0.00012207
14,85,-0.000488281,-0.000854492
14,86,-0.000976562,-0.00219727
14,87,-0.0012207,-0.00146484
14,88,-0.00109863,-0.00012207
14,89,-0.0012207,0.00012207
14,90,-0.00109863,0.000976562
14,91,-0.000732422,0.00292969
14,92,0.000244141,0.0020752
14,93,0.010376,-0.000488281
14,94,-0.0111084,0.000732422
14,95,-0.00524902,0
14,96,0.00524902,0.000610352
14,97,-0.000244141,0.00244141
14,98,0.000854492,0.00244141
14,99,0.00158691,0.000854492
14,100,0.000610352,-0.00012207
14,101,-0.000610352,-0.000732422
14,102,-0.000366211,-0.000732422
14,103,-0.00109863,-0.00183105
14,104,-0.00231934,-0.00256348
14,105,-0.00219727,-0.00292969
14,106,-0.0057373,0.00439453
14,107,-0.00183105,0.00793457
14,108,0.000732422,0.00939941
14,109,0.000366211,0.00744629
14,110,0.00109863,0.00830078
14,111,0.00012207,0.0065918
14,112,-0.00170898,0.00305176
14,113,-0.0020752,-0.000244141
14,114,-0.00292969,0.00146484
14,115,-0.00561523,0.000732422
14,116,-0.00537109,-0.00219727
14,117,-0.00354004,-0.00292969
14,118,-0.0032959,-0.00305176
14,119,-0.0020752,-0.00292969
14,120,0.00280762,0.000244141
14,121,0.00256348,0.00439453
14,122,-0.00341797,-0.00256348
14,123,-0.000732422,-0.00219727
14,124,-0.00134277,-0.00402832
14,125,-0.000610352,-0.0032959
14,126,-0.000610352,-0.00280762
14,127,-0.000854492,-0.00244141
14,128,-0.000732422,0
14,129,-0.000976562,0.000732422
14,130,0.0020752,-0.00463867
14,131,0.00183105,-0.00610352
14,132,0,-0.00268555
14,133,-0.000854492,0.00012207
14,134,-0.00195312,0.000854492
14,135,-0.00231934,0.00244141
14,136,-0.00292969,0.00646973
14,137,-0.000244141,0.00463867
14,138,-0.0108643,0.00012207
14,139,-0.00512695,-0.000244141
14,140,0.00500488,0.000610352
14,141,-0.000366211,0.00219727
14,142,0.000732422,0.00231934
14,143,0.00146484,0.000854492
14,144,0.000244141,-0.000244141
14,145,-0.000854492,-0.000854492
14,146,-0.000610352,-0.000854492
14,147,-0.00134277,-0.0020752
14,148,-0.00231934,-0.00280762
14,149,-0.0020752,-0.0032959
14,150,-0.00646973,0.00354004
14,151,-0.00219727,0.00695801
14,152,0.000732422,0.00842285
14,153,0.000488281,0.00671387
14,154,0.00109863,0.00756836
14,155,0.000366211,0.00610352
14,156,-0.00146484,0.00256348
14,157,-0.0020752,-0.000488281
14,158,-0.00305176,0.00146484
14,159,-0.00561523,0.000610352
14,160,-0.00524902,-0.0020752
14,161,-0.0032959,-0.00280762
14,162,-0.00292969,-0.00305176
14,163,-0.00170898,-0.00305176
14,164,0.0032959,0.000244141
14,165,0.00280762,0.00415039
14,166,-0.00390625,-0.00219727
14,167,-0.000732422,-0.00170898
14,168,-0.00134277,-0.00317383
14,169,-0.000366211,-0.00268555
14,170,-0.000488281,-0.0020752
14,171,-0.000610352,-0.00170898
14,172,-0.000610352,0.000488281
14,173,-0.000854492,0.000854492
14,174,0.00244141,-0.00476074
14,175,0.00244141,-0.00610352
14,176,0.000610352,-0.00268555
14,177,-0.000610352,-0.000244141
14,178,-0.00170898,0.000488281
14,179,-0.0020752,0.0020752
14,180,-0.00280762,0.00585938
14,181,-0.00012207,0.00427246
14,182,0.00549316,0.000244141
14,183,-0.00549316,-0.000976562
14,184,0.000366211,-0.00268555
14,185,-0.000854492,-0.00280762
14,186,-0.00170898,-0.000976562
14,187,-0.000488281,0.000244141
14,188,0.000610352,0.000976562
14,189,0.000366211,0.000976562
14,190,0.00109863,0.00244141
14,191,0.0020752,0.00292969
14,192,0.00170898,0.0032959
14,193,0.00683594,-0.00415039
14,194,0.00244141,-0.00793457
14,195,-0.000488281,-0.00952148
14,196,-0.000488281,-0.00769043
14,197,-0.000976562,-0.00854492
14,198,-0.000366211,-0.00683594
14,199,0.00146484,-0.00268555
14,200,0.00195312,0.000610352
14,201,0.00280762,-0.00146484
14,202,0.00561523,-0.000366211
14,203,0.00524902,0.00256348
14,204,0.00317383,0.00317383
14,205,0.00292969,0.00354004
14,206,0.00183105,0.00341797
14,207,-0.00292969,-0.000244141
14,208,-0.00244141,-0.00463867
14,209,0.00366211,0.00244141
14,210,0.000610352,0.00195312
14,211,0.000976562,0.00378418
14,212,0.000244141,0.00317383
14,213,0.000244141,0.00256348
14,214,0.000366211,0.00219727
14,215,0.000488281,-0.000366211
14,216,0.000610352,-0.000976562
14,217,-0.00341797,0.00488281
14,218,-0.00317383,0.00622559
14,219,-0.000732422,0.00256348
14,220,0.000732422,-0.00012207
14,221,0.0020752,-0.000854492
14,222,0.00256348,-0.00244141
14,223,0.00354004,-0.00634766
14,224,0.000244141,-0.00463867
14,225,-0.00268555,-0.000366211
14,226,0,-0.00134277
14,227,-0.000610352,-0.00134277
14,228,-0.000854492,-0.000488281
14,229,-0.000244141,0.00012207
14,230,0.000244141,0.000488281
14,231,0.00012207,0.000488281
14,232,0.000488281,0.0012207
14,233,0.000976562,0.00134277
14,234,0.000854492,0.00158691
14,235,0.00317383,-0.0020752
14,236,0.000854492,-0.00378418
14,237,-0.000610352,-0.00463867
14,238,-0.000488281,-0.00378418
14,239,-0.000854492,-0.00415039
14,240,-0.000488281,-0.0032959
14,241,0.000366211,-0.00134277
14,242,0.000732422,0.000366211
14,243,0.00109863,-0.000732422
14,244,0.00244141,-0.000244141
14,245,0.00244141,0.0012207
14,246,0.00158691,0.00158691
14,247,0.00146484,0.00170898
14,248,0.000976562,0.00158691
14,249,-0.00134277,0
14,250,-0.00134277,-0.00219727
14,251,0.00183105,0.00109863
14,252,0.000244141,0.000854492
14,253,0.000610352,0.00183105
14,254,0.00012207,0.00146484
14,255,0.000244141,0.0012207
14,256,0.000244141,0.00109863
14,257,0.000244141,-0.00012207
14,258,0.000244141,-0.000488281
14,259,-0.00158691,0.00219727
14,260,-0.00146484,0.00268555
14,261,-0.000366211,0.000854492
14,262,0.000366211,-0.000366211
14,263,0.000976562,-0.000732422
14,264,0.00109863,-0.00146484
14,265,0.00146484,-0.00305176
14,266,-0.00012207,-0.0020752
14,267,0.000854492,0.0012207
14,268,0.00134277,0.0012207
14,269,0.00109863,0
14,270,0,-0.000854492
14,271,-0.000610352,-0.000976562
14,272,-0.000488281,-0.000976562
14,273,-0.000976562,-0.00146484
14,274,-0.00146484,-0.0012207
14,275,-0.000976562,-0.000976562
14,276,-0.0020752,0.00183105
14,277,0,0.00354004
14,278,0.0012207,0.0045166
14,279,0.000854492,0.00378418
14,280,0.00134277,0.00415039
14,281,0.000610352,0.0032959
14,282,-0.000488281,0.00134277
14,283,-0.000976562,-0.000366211
14,284,-0.00134277,0.00012207
14,285,-0.00244141,0
14,286,-0.00280762,-0.000854492
14,287,-0.00195312,-0.00109863
14,288,-0.00195312,-0.0012207
14,289,-0.00146484,-0.00109863
14,290,0.000976562,0.000366211
14,291,0.00146484,0.0020752
14,292,-0.00183105,-0.00146484
14,293,-0.000488281,-0.00109863
14,294,-0.00134277,-0.00183105
14,295,-0.000854492,-0.00146484
14,296,-0.000732422,-0.0012207
14,297,-0.000976562,-0.000854492
14,298,-0.000732422,0.000244141
14,299,-0.000366211,0.000732422
14,300,0.00134277,-0.00170898
14,301,0.000976562,-0.00244141
14,302,0.000244141,-0.000854492
14,303,0,0.000244141
14,304,-0.000610352,0.000488281
14,305,-0.000610352,0.0012207
14,306,-0.000854492,0.00280762
14,307,0.00012207,0.00146484
14,308,0.0020752,-0.000244141
14,309,0.000610352,-0.000976562
14,310,-0.000488281,-0.0012207
14,311,-0.000854492,-0.000732422
14,312,-0.000732422,-0.000610352
14,313,-0.00109863,-0.000244141
14,314,-0.000976562,0.000854492
14,315,-0.000366211,0.00134277
14,316,0.00268555,0.000488281
14,317,0.00305176,-0.00012207
14,318,0.00280762,0
14,319,0.00195312,0
14,320,0.00219727,-0.00012207
14,321,0.00146484,-0.00012207
14,322,0.000488281,0
14,323,-0.00012207,-0.00012207
14,324,0.00012207,-0.000854492
14,325,0.000244141,0.00012207
14,326,-0.000732422,0.0012207
14,327,-0.000976562,0.00109863
14,328,-0.0012207,0.00134277
14,329,-0.0012207,0.00146484
14,330,-0.000854492,0.000610352
14,331,0.000976562,-0.000244141
14,332,-0.00012207,-0.000244141
14,333,-0.000366211,-0.00012207
14,334,-0.00158691,0.00012207
14,335,-0.00158691,0.00012207
14,336,-0.00134277,0
14,337,-0.00158691,0.00012207
14,338,-0.000854492,0
14,339,0.000244141,0.000244141
14,340,-0.000976562,0.000610352
14,341,-0.00158691,0.000610352
14,342,-0.000610352,0.000488281
14,343,0.000488281,0.000610352
14,344,0.000610352,0.000488281
14,345,0.00109863,0.000366211
14,346,0.00170898,0.00012207
14,347,0.000854492,-0.00134277
14,348,0.000854492,-0.000854492
14,349,-0.000488281,-0.0012207
14,350,-0.0012207,-0.000854492
14,351,-0.00109863,-0.000854492
14,352,-0.00158691,-0.000610352
14,353,-0.00158691,0.000366211
14,354,-0.00109863,0.000732422
14,355,0.00134277,0.00146484
14,356,0.00280762,0.000732422
14,357,0.0032959,0.000244141
14,358,0.00231934,0.00012207
14,359,0.00256348,0
14,360,0.00170898,0
14,361,0.000366211,-0.000244141
14,362,-0.000854492,-0.000366211
14,363,-0.000366211,-0.000732422
14,364,-0.000610352,0.000366211
14,365,-0.00158691,0.0012207
14,366,-0.00146484,0.000976562
14,367,-0.00158691,0.00109863
14,368,-0.00146484,0.00109863
14,369,-0.00012207,0.000244141
14,370,0.00158691,-0.00012207
14,371,-0.000732422,0.000244141
14,372,-0.000488281,-0.00012207
14,373,-0.00170898,0.00012207
14,374,-0.00146484,0
14,375,-0.0012207,0
14,376,-0.00134277,0.00012207
14,377,-0.000732422,0.000366211
14,378,0.00012207,0.000366211
14,379,-0.000854492,-0.000854492
14,380,-0.00109863,-0.000732422
14,381,-0.00012207,0
14,382,0.000854492,0.000366211
14,383,0.000732422,0.000610352
14,384,0.000976562,0.000732422
14,385,0.00134277,0.000976562
14,386,0.000732422,-0.000976562
14,387,0.000732422,-0.000610352
14,388,0.000244141,-0.000488281
14,389,0.000244141,-0.000488281
14,390,-0.00012207,-0.000610352
14,391,-0.000732422,-0.000244141
14,392,-0.000976562,0.000244141
14,393,0,0.00146484
14,394,0.000488281,0.00158691
14,395,0.000610352,0.00158691
14,396,0.000366211,0.0012207
14,397,0.000610352,0.00146484
14,398,0.000366211,0.000976562
14,399,0.00012207,0.000366211
14,400,0,-0.000244141
14,401,0.000366211,-0.00012207
14,402,-0.000244141,0.00012207
14,403,-0.00109863,-0.00012207
14,404,-0.000976562,-0.000244141
14,405,-0.00109863,-0.000244141
14,406,-0.000976562,-0.000366211
14,407,-0.00012207,-0.000366211
14,408,0.000610352,0.000244141
14,409,0,-0.00012207
14,410,0,-0.000366211
14,411,-0.000610352,-0.000854492
14,412,-0.000488281,-0.000854492
14,413,-0.000488281,-0.000854492
14,414,-0.000610352,-0.000732422
14,415,-0.000610352,-0.000488281
14,416,-0.000366211,0.000244141
14,417,-0.000488281,0.00012207
14,418,-0.000732422,-0.000366211
14,419,-0.000488281,0.000244141
14,420,-0.000244141,0.000610352
14,421,-0.000244141,0.000488281
14,422,-0.00012207,0.000610352
14,423,0.000244141,0.000976562
14,424,0.000732422,0
14,425,0.00146484,-0.00012207
14,426,0.00146484,0
14,427,0.00134277,-0.00012207
14,428,0.000244141,-0.000244141
14,429,-0.000488281,0.000244141
14,430,-0.00012207,0.00134277
14,431,-0.000732422,0.00158691
14,432,-0.00109863,0.0012207
14,433,-0.000976562,0.000976562
14,434,-0.000854492,0.0012207
14,435,-0.000488281,0.000610352
14,436,0,0
14,437,0.000854492,-0.000244141
14,438,0.00134277,0
14,439,0.000732422,-0.00012207
14,440,0,-0.000732422
14,441,-0.000244141,-0.000732422
14,442,-0.000366211,-0.000854492
14,443,-0.000488281,-0.000976562
14,444,-0.000732422,-0.000976562
14,445,-0.000854492,-0.00012207
14,446,0.000976562,0.00012207
14,447,0.000366211,-0.000244141
14,448,0.000488281,-0.00134277
14,449,0.00012207,-0.00146484
14,450,0.00012207,-0.00146484
14,451,0,-0.00158691
14,452,-0.000366211,-0.00146484
14,453,-0.000610352,-0.000244141
14,454,-0.000488281,0.00109863
14,455,-0.000854492,0.000732422
14,456,-0.0012207,0.000976562
14,457,-0.0012207,0.00109863
14,458,-0.00109863,0.000732422
14,459,-0.000976562,0.000732422
14,460,-0.000610352,0.00012207
14,461,0.000366211,-0.00012207
14,462,0.00170898,0
14,463,0.00195312,0
14,464,0.000976562,-0.00012207
14,465,0.000366211,0.000366211
14,466,-0.00012207,0.00012207
14,467,-0.0012207,0.000366211
14,468,-0.00195312,0.000366211
14,469,-0.00158691,0.000488281
14,470,-0.00158691,0.000610352
14,471,-0.000976562,0.000244141
14,472,0.000244141,0
14,473,0.00134277,-0.00012207
14,474,0.00158691,0
14,475,0.00134277,-0.000244141
14,476,0.00109863,-0.000854492
14,477,0.000732422,-0.000854492
14,478,0.000488281,-0.000976562
14,479,0.00012207,-0.00109863
14,480,-0.000854492,-0.0012207
14,481,-0.00158691,-0.000610352
14,482,0.0012207,-0.00012207
14,483,0.000488281,-0.000244141
14,484,0.000976562,-0.00109863
14,485,0.000488281,-0.00109863
14,486,0.000366211,-0.00109863
14,487,0.000244141,-0.00134277
14,488,-0.000244141,-0.00146484
14,489,-0.000610352,-0.000244141
14,490,-0.00012207,0.0020752
14,491,-0.000488281,0.0020752
14,492,-0.0012207,0.00158691
14,493,-0.00134277,0.00109863
14,494,-0.0012207,0.000610352
14,495,-0.0012207,0.000244141
14,496,-0.000854492,-0.000976562
14,497,0.00012207,-0.000610352
14,498,0.00195312,-0.00012207
14,499,0.00109863,-0.00012207
14,500,0.000610352,0.000244141
14,501,0.000244141,0
14,502,-0.000976562,0.000610352
14,503,-0.00170898,0.000854492
14,504,-0.00146484,0.000854492
14,505,-0.00134277,0.000976562
14,506,-0.000976562,0.000610352
14,507,0,0.00012207
14,508,0.0012207,-0.000244141
14,509,0.00134277,-0.00012207
14,510,0.00109863,-0.000488281
14,511,0.000854492,-0.000976562
14,512,0.000610352,-0.000854492
14,513,0.000488281,-0.000976562
14,514,0.00012207,-0.000976562
14,515,-0.000854492,-0.000732422
14,516,-0.00146484,-0.00012207
14,517,0.00134277,-0.000488281
14,518,0.000488281,-0.000366211
14,519,0.000610352,-0.00134277
14,520,0.00012207,-0.0012207
14,521,0.00012207,-0.0012207
14,522,-0.00012207,-0.00134277
14,523,-0.000488281,-0.00134277
14,524,-0.000610352,-0.000244141
14,525,0.000488281,0.00183105
14,526,0,0.00195312
14,527,-0.000976562,0.00170898
14,528,-0.0012207,0.0012207
14,529,-0.00109863,0.000854492
14,530,-0.00109863,0.000488281
14,531,-0.00109863,-0.000488281
14,532,-0.00012207,-0.000244141
14,533,0.00183105,-0.000244141
14,534,0.00146484,0.00012207
14,535,0,-0.0012207
14,536,-0.00183105,-0.000244141
14,537,-0.00280762,0.000610352
14,538,-0.00219727,0.000732422
14,539,-0.00231934,0.000854492
14,540,-0.00158691,0.000488281
14,541,0,0
14,542,0.00146484,-0.000244141
14,543,0.0012207,-0.000366211
14,544,0.00146484,-0.00109863
14,545,0.00170898,-0.00158691
14,546,0.00134277,-0.00109863
14,547,0.00134277,-0.0012207
14,548,0.000976562,-0.00109863
14,549,-0.000854492,-0.000366211
14,550,-0.0020752,0
14,551,0.00183105,-0.000976562
14,552,0.000732422,-0.000488281
14,553,0.00109863,-0.00134277
14,554,0.000610352,-0.00109863
14,555,0.000366211,-0.0012207
14,556,0.000244141,-0.0012207
14,557,-0.000488281,-0.00134277
14,558,-0.000610352,-0.000366211
14,559,0.00134277,0.00244141
14,560,0.000976562,0.00268555
14,561,-0.000732422,0.0020752
14,562,-0.00134277,0.0012207
14,563,-0.00134277,0.000610352
14,564,-0.00146484,0.00012207
14,565,-0.00183105,-0.00109863
14,566,-0.000854492,-0.000244141
14,567,0.00231934,-0.00012207
14,568,-0.00012207,-0.00280762
14,569,-0.00195312,-0.00170898
14,570,-0.00280762,-0.000610352
14,571,-0.0020752,-0.000244141
14,572,-0.00231934,-0.000244141
14,573,-0.00170898,-0.000244141
14,574,-0.000244141,-0.000610352
14,575,0.0012207,-0.000610352
14,576,0.000366211,-0.000854492
14,577,0.00109863,-0.00183105
14,578,0.0020752,-0.00158691
14,579,0.00195312,-0.000976562
14,580,0.00183105,-0.000976562
14,581,0.00146484,-0.000488281
14,582,-0.000854492,0.000488281
14,583,-0.00231934,0
14,584,0.00158691,-0.0012207
14,585,0.000610352,-0.000366211
14,586,0.0012207,-0.000610352
14,587,0.000732422,-0.000244141
14,588,0.000488281,-0.000488281
14,589,0.000488281,-0.000488281
14,590,-0.000244141,-0.000854492
14,591,-0.00012207,-0.000488281
14,592,0.00244141,0.0020752
14,593,0.0020752,0.00280762
14,594,0.00012207,0.00183105
14,595,-0.000732422,0.000610352
14,596,-0.000854492,0.000244141
14,597,-0.00134277,-0.000488281
14,598,-0.00231934,-0.00195312
14,599,-0.00183105,-0.000610352
14,600,0.000244141,-0.00427246
14,601,-0.00170898,-0.00219727
14,602,-0.00268555,0.00012207
14,603,-0.00183105,0.000488281
14,604,-0.00219727,0.000488281
14,605,-0.00170898,0.000366211
14,606,-0.00012207,-0.000366211
14,607,0.00146484,-0.000732422
14,608,-0.00012207,-0.00146484
14,609,0.000854492,-0.00268555
14,610,0.00219727,-0.00195312
14,611,0.00219727,-0.000976562
14,612,0.0020752,-0.000854492
14,613,0.00183105,0
14,614,-0.000854492,0.00170898
14,615,-0.00244141,0.000854492
14,616,0.00134277,-0.00244141
14,617,0.000488281,-0.000610352
14,618,0.000854492,-0.000488281
14,619,0.000488281,0.00012207
14,620,0.000244141,-0.00012207
14,621,0.00012207,0
14,622,-0.000488281,-0.000244141
14,623,0.000366211,-0.000244141
14,624,0.00415039,0.00268555
14,625,0.0032959,0.00341797
14,626,0.000732422,0.00183105
14,627,-0.000488281,0.000366211
14,628,-0.000976562,-0.00012207
14,629,-0.00134277,-0.000976562
14,630,-0.00268555,-0.00231934
14,631,-0.00231934,-0.000610352
14,632,0.00683594,-0.00280762
14,633,0.00317383,-0.00366211
14,634,0.00183105,-0.00280762
14,635,0.00195312,-0.00354004
14,636,0.0012207,-0.00268555
14,637,0.000610352,0.000610352
14,638,0.000732422,0.00183105
14,639,0.00219727,-0.000976562
14,640,0.00354004,0.00109863
14,641,0.00195312,0.00341797
14,642,0.000244141,0.00354004
14,643,-0.00012207,0.00378418
14,644,-0.000976562,0.00415039
14,645,-0.00341797,0.000854492
14,646,-0.000488281,-0.00183105
14,647,0.00354004,0
14,648,-0.000366211,0.000488281
14,649,-0.0020752,0.00146484
14,650,-0.00292969,0.0012207
14,651,-0.00256348,0.000732422
14,652,-0.00292969,0.000610352
14,653,-0.00134277,-0.000366211
14,654,0.000732422,0
14,655,-0.00427246,0.0032959
14,656,-0.00524902,0.00305176
14,657,-0.00134277,0.0012207
14,658,0.000976562,0.000244141
14,659,0.00244141,0.000488281
14,660,0.00366211,0
14,661,0.00549316,-0.000976562
14,662,0.0020752,-0.00134277
14,663,0.00830078,-0.00158691
14,664,0.00622559,-0.0012207
14,665,0.00671387,-0.0020752
14,666,0.00512695,-0.0012207
14,667,0.00195312,0.00109863
14,668,-0.000732422,0.0012207
14,669,0.000854492,0.000610352
14,670,0.000610352,0.0032959
14,671,-0.00158691,0.00427246
14,672,-0.00219727,0.0032959
14,673,-0.00244141,0.00341797
14,674,-0.00244141,0.00305176
14,675,-0.000854492,-0.000366211
14,676,0.00317383,-0.0012207
14,677,-0.00109863,0.000976562
14,678,-0.00195312,0.000366211
14,679,-0.00439453,0.0012207
14,680,-0.00402832,0.000976562
14,681,-0.00354004,0.000976562
14,682,-0.00354004,0.00109863
14,683,-0.0012207,0.000854492
14,684,0.000610352,0.000488281
14,685,-0.00402832,-0.00170898
14,686,-0.00500488,-0.0012207
14,687,-0.0012207,0.00012207
14,688,0.00134277,0.000732422
14,689,0.00231934,0.00170898
14,690,0.00354004,0.00195312
14,691,0.00622559,0.00231934
14,692,0.00366211,0
14,693,0.00927734,-0.00012207
14,694,0.0100098,-0.000854492
14,695,0.0078125,-0.00012207
14,696,0.00305176,0.000976562
14,697,-0.00146484,0.00012207
14,698,-0.000244141,0.00134277
14,699,-0.00158691,0.00390625
14,700,-0.00390625,0.00390625
14,701,-0.00378418,0.00256348
14,702,-0.00390625,0.00268555
14,703,-0.00292969,0.00183105
14,704,0.00146484,-0.000976562
14,705,0.0057373,-0.000610352
14,706,-0.00463867,0.00109863
14,707,-0.00292969,0.00012207
14,708,-0.00537109,0.00109863
14,709,-0.00415039,0.000976562
14,710,-0.00390625,0.0012207
14,711,-0.00354004,0.00146484
14,712,-0.000976562,0.00158691
14,713,0.000488281,0.000366211
14,714,-0.00280762,-0.00561523
14,715,-0.00354004,-0.00402832
14,716,-0.000610352,-0.000488281
14,717,0.00170898,0.0012207
14,718,0.0020752,0.00244141
14,719,0.00305176,0.00305176
14,720,0.00585938,0.00415039
14,721,0.00439453,0.000610352
14,722,0.00842285,-0.000610352
14,723,0.0065918,-0.00012207
14,724,0.00280762,0.000610352
14,725,-0.000976562,-0.000244141
14,726,0,0.00109863
14,727,-0.0012207,0.00292969
14,728,-0.00317383,0.00268555
14,729,-0.00305176,0.00170898
14,730,-0.00317383,0.00170898
14,731,-0.00244141,0.00109863
14,732,0.000976562,-0.000976562
14,733,0.00439453,-0.000488281
14,734,-0.00415039,0.000854492
14,735,-0.00256348,0.00012207
14,736,-0.00439453,0.000976562
14,737,-0.0032959,0.000854492
14,738,-0.00317383,0.000976562
14,739,-0.00268555,0.00134277
14,740,-0.000610352,0.00146484
14,741,0.000610352,0.000366211
14,742,-0.00146484,-0.00488281
14,743,-0.0020752,-0.00341797
14,744,0,-0.000366211
14,745,0.00158691,0.00109863
14,746,0.00170898,0.0020752
14,747,0.00244141,0.00244141
14,748,0.00439453,0.0032959
14,749,0.00341797,0.000488281
14,750,0.00720215,0.000366211
14,751,0.00292969,0.000732422
14,752,-0.000976562,-0.000488281
14,753,0,0.000976562
14,754,-0.00146484,0.00305176
14,755,-0.00378418,0.00280762
14,756,-0.00366211,0.00170898
14,757,-0.00378418,0.00183105
14,758,-0.00292969,0.00109863
14,759,0.00109863,-0.00109863
14,760,0.00476074,-0.000366211
14,761,-0.00439453,0.000854492
14,762,-0.00268555,-0.00012207
14,763,-0.00476074,0.000610352
14,764,-0.00366211,0.000488281
14,765,-0.00341797,0.000732422
14,766,-0.00305176,0.00109863
14,767,-0.000854492,0.00134277
14,768,0.000488281,0.000366211
14,769,-0.00146484,-0.00524902
14,770,-0.0020752,-0.00366211
14,771,-0.00012207,-0.00012207
14,772,0.00158691,0.00158691
14,773,0.00158691,0.00256348
14,774,0.00231934,0.00292969
14,775,0.00463867,0.00378418
14,776,0.00354004,0.000488281
14,777,0.00268555,0.000366211
14,778,-0.000366211,-0.000244141
14,779,0.000488281,0.00109863
14,780,-0.000610352,0.00268555
14,781,-0.00244141,0.00231934
14,782,-0.00244141,0.00134277
14,783,-0.00256348,0.00134277
14,784,-0.0020752,0.000610352
14,785,0.000976562,-0.00146484
14,786,0.00378418,-0.000854492
14,787,-0.00354004,0.0012207
14,788,-0.0020752,0.000244141
14,789,-0.00341797,0.000732422
14,790,-0.00256348,0.000488281
14,791,-0.00244141,0.000732422
14,792,-0.00195312,0.000976562
14,793,-0.000366211,0.000976562
14,794,0.000488281,0.000244141
14,795,-0.0012207,-0.00390625
14,796,-0.0020752,-0.00256348
14,797,-0.000610352,0
14,798,0.000732422,0.00109863
14,799,0.000976562,0.00195312
14,800,0.00158691,0.0020752
14,801,0.00366211,0.00244141
14,802,0.0032959,0.00012207
14,803,0.00158691,0.00012207
14,804,0.00146484,0.000610352
14,805,0.00158691,0.00109863
14,806,0.000366211,0.000976562
14,807,-0.00012207,0.000610352
14,808,-0.000244141,0.000488281
14,809,-0.00012207,0.00012207
14,810,0.000244141,-0.0012207
14,811,0.00134277,-0.00134277
14,812,-0.00158691,0.000854492
14,813,-0.000854492,0.000488281
14,814,-0.000976562,0.00109863
14,815,-0.000488281,0.000976562
14,816,-0.000610352,0.000976562
14,817,-0.000366211,0.000976562
14,818,0.000366211,0.000366211
14,819,0.000244141,0
14,820,-0.000610352,0.000366211
14,821,-0.00170898,0.0012207
14,822,-0.00134277,0.000854492
14,823,-0.000610352,0.000610352
14,824,-0.00012207,0.000366211
14,825,0.000488281,-0.00012207
14,826,0.00244141,-0.0012207
14,827,0.00280762,-0.00146484
14,828,0.00219727,-0.000366211
14,829,0.00268555,-0.000854492
14,830,0.0020752,-0.000854492
14,831,0.00134277,-0.000610352
14,832,0.00109863,-0.000732422
14,833,0.000854492,-0.000488281
14,834,-0.000976562,-0.000488281
14,835,-0.00134277,-0.000854492
14,836,0.0012207,-0.000366211
14,837,0.000488281,0.00012207
14,838,0.00109863,-0.00012207
14,839,0.000732422,0
14,840,0.000488281,-0.000244141
14,841,0.000366211,-0.000366211
14,842,0.000244141,-0.000976562
14,843,0.00012207,-0.000488281
14,844,0.000854492,0.0032959
14,845,-0.000610352,0.00366211
14,846,-0.00170898,0.00183105
14,847,-0.00183105,0.000854492
14,848,-0.00134277,0.00012207
14,849,-0.000976562,-0.000732422
14,850,0,-0.00256348
14,851,0.0012207,-0.00170898
14,852,0.00341797,0.000366211
14,853,0.00183105,0.000488281
14,854,0.000610352,0.000244141
14,855,0.00012207,0.00012207
14,856,-0.000610352,0
14,857,-0.0020752,-0.00170898
14,858,-0.00109863,-0.00183105
14,859,0.00170898,0.00146484
14,860,0.000488281,0.000610352
14,861,0.000488281,0.000244141
14,862,0,-0.00012207
14,863,0.00012207,-0.000366211
14,864,0.00012207,-0.000610352
14,865,0.000244141,-0.00134277
14,866,0.00012207,-0.000244141
14,867,-0.00146484,0.00244141
14,868,-0.00244141,0.00280762
14,869,-0.00183105,0.00183105
14,870,-0.00134277,0.00134277
14,871,-0.000610352,0.000854492
14,872,0,0.00012207
14,873,0.00146484,-0.00183105
14,874,0.00195312,-0.00195312
14,875,0.00366211,0.000976562
14,876,0.0020752,0.00109863
14,877,0.00158691,0.000976562
14,878,0.000488281,0.000976562
14,879,-0.00268555,-0.00134277
14,880,-0.0020752,-0.00305176
14,881,0.00292969,0.00195312
14,882,0.000854492,0.00109863
14,883,0.00134277,0.00134277
14,884,0.000610352,0.000976562
14,885,0.000732422,0.000610352
14,886,0.000610352,0.000366211
14,887,0.000610352,-0.000976562
14,888,0.000366211,-0.000244141
14,889,-0.00183105,0.00488281
14,890,-0.00256348,0.00512695
14,891,-0.00170898,0.00231934
14,892,-0.00109863,0.000610352
14,893,-0.00012207,-0.000244141
14,894,0.000488281,-0.00134277
14,895,0.00170898,-0.00427246
14,896,0.00134277,-0.00341797
14,897,0.0032959,0.000488281
14,898,0.00317383,0.000366211
14,899,0.00219727,0.000732422
14,900,-0.00170898,-0.000366211
14,901,-0.00292969,-0.00231934
14,902,0.00305176,0.000610352
14,903,0.0012207,0.000732422
14,904,0.00244141,0.0012207
14,905,0.00158691,0.00109863
14,906,0.00158691,0.000732422
14,907,0.00158691,0.000488281
14,908,0.000854492,-0.000732422
14,909,0.000366211,-0.000488281
14,910,0,0.00500488
14,911,-0.000610352,0.00512695
14,912,-0.00109863,0.00183105
14,913,-0.0012207,-0.000366211
14,914,-0.000732422,-0.0012207
14,915,-0.000488281,-0.00231934
14,916,-0.000366211,-0.00476074
14,917,-0.000732422,-0.00256348
14,918,0.00292969,-0.000244141
14,919,0.00231934,0.00012207
14,920,-0.000610352,0.00012207
14,921,-0.00231934,-0.00134277
14,922,0.00195312,-0.000244141
14,923,0.000976562,0.000366211
14,924,0.00219727,0.000732422
14,925,0.00158691,0.000732422
14,926,0.00146484,0.000488281
14,927,0.00158691,0.000366211
14,928,0.000732422,-0.000366211
14,929,0.000244141,-0.000488281
14,930,0.000732422,0.00341797
14,931,0.000244141,0.00354004
14,932,-0.000854492,0.000976562
14,933,-0.0012207,-0.000732422
14,934,-0.000976562,-0.00134277
14,935,-0.000976562,-0.00219727
14,936,-0.0012207,-0.00366211
14,937,-0.00109863,-0.00146484
14,938,0.00256348,0.00012207
14,939,-0.00012207,0.00012207
14,940,-0.0020752,-0.00134277
14,941,0.00170898,-0.000244141
14,942,0.000976562,0.000366211
14,943,0.00219727,0.000854492
14,944,0.00170898,0.000976562
14,945,0.00158691,0.000732422
14,946,0.00170898,0.000732422
14,947,0.000732422,0
14,948,0.00012207,-0.000366211
14,949,0.000854492,0.00341797
14,950,0.000610352,0.0032959
14,951,-0.000488281,0.000610352
14,952,-0.000976562,-0.00109863
14,953,-0.000854492,-0.00170898
14,954,-0.000976562,-0.00244141
14,955,-0.00134277,-0.00366211
14,956,-0.00146484,-0.0012207
14,957,0.000976562,0.000610352
14,958,-0.00109863,-0.000488281
14,959,0.000488281,-0.000854492
14,960,0.000488281,0.00012207
14,961,0.00170898,0.000854492
14,962,0.00146484,0.00109863
14,963,0.0012207,0.000854492
14,964,0.00134277,0.000854492
14,965,0.000610352,0.000244141
14,966,0,-0.000610352
14,967,0.000976562,0.00195312
14,968,0.000854492,0.0020752
14,969,-0.000366211,0.00012207
14,970,-0.000854492,-0.0012207
14,971,-0.000732422,-0.00170898
14,972,-0.000976562,-0.00219727
14,973,-0.0012207,-0.00280762
14,974,-0.000976562,-0.000488281
14,975,0.00268555,0.000488281
14,976,-0.0032959,-0.000488281
14,977,-0.000854492,-0.00012207
14,978,-0.000366211,0.000488281
14,979,0.000244141,0.000488281
14,980,0.00012207,0.000732422
14,981,0.000366211,0.00109863
14,982,0.000366211,0.0012207
14,983,-0.000366211,-0.000244141
14,984,0,-0.00268555
14,985,0.00012207,-0.00280762
14,986,-0.000488281,-0.00195312
14,987,-0.000488281,-0.00134277
14,988,-0.000488281,-0.00109863
14,989,-0.000610352,-0.000488281
14,990,0.00012207,0.0012207
14,991,0.000732422,0.00170898
14,992,-0.00378418,0.000732422
14,993,-0.00158691,0.000244141
14,994,-0.00256348,0.000976562
14,995,-0.00158691,0.000732422
14,996,-0.00134277,0.000976562
14,997,-0.0012207,0.00134277
14,998,0,0.00146484
14,999,0.00012207,0.000244141
14,1000,-0.00219727,-0.00402832
14,1001,-0.00219727,-0.00402832
14,1002,-0.000732422,-0.0020752
14,1003,0.000488281,-0.000732422
14,1004,0.000854492,0
14,1005,0.00134277,0.000854492
14,1006,0.00317383,0.00280762
14,1007,0.00292969,0.00134277
14,1008,0.00183105,-0.00012207
14,1009,0.0020752,-0.000732422
14,1010,0.000854492,-0.000854492
14,1011,0.000976562,-0.00134277
14,1012,0.000610352,-0.00158691
14,1013,-0.000244141,-0.00195312
14,1014,0.00012207,-0.000366211
14,1015,-0.00012207,0.00439453
14,1016,-0.000244141,0.00378418
14,1017,-0.000488281,0.00158691
14,1018,-0.000732422,0.000244141
14,1019,-0.000366211,-0.000244141
14,1020,-0.000488281,-0.000854492
14,1021,-0.00134277,-0.00219727
14,1022,-0.00195312,-0.00134277
14,1023,0.00158691,-0.000366211
14,1024,0.00109863,-0.000488281
14,1025,0.00109863,-0.000610352
14,1026,0.000976562,-0.000610352
14,1027,0.000244141,-0.000854492
14,1028,-0.00012207,-0.000244141
14,1029,0.000488281,0.00195312
14,1030,0.000488281,0.00158691
14,1031,-0.000366211,0.000488281
14,1032,-0.000732422,-0.00012207
14,1033,-0.000732422,-0.000610352
14,1034,-0.000976562,-0.000854492
14,1035,-0.00158691,-0.00158691
14,1036,-0.0012207,-0.000976562
14,1037,0.00292969,-0.000244141
14,1038,0.00280762,-0.000366211
14,1039,0.00280762,-0.000610352
14,1040,0.00146484,-0.00109863
14,1041,-0.00012207,-0.000610352
14,1042,0.000610352,0.00280762
14,1043,0.000610352,0.00231934
14,1044,-0.00109863,-0.00012207
14,1045,-0.00183105,-0.00109863
14,1046,-0.00183105,-0.00183105
14,1047,-0.00219727,-0.00231934
14,1048,-0.00268555,-0.00341797
14,1049,-0.00158691,-0.00158691
14,1050,0.00256348,0
14,1051,0.00268555,-0.000244141
14,1052,0.00158691,-0.000610352
14,1053,-0.00012207,-0.000488281
14,1054,0.000488281,0.00146484
14,1055,0.000854492,0.0012207
14,1056,-0.000732422,-0.000488281
14,1057,-0.00146484,-0.0012207
14,1058,-0.00158691,-0.00170898
14,1059,-0.00195312,-0.0020752
14,1060,-0.00231934,-0.00280762
14,1061,-0.0012207,-0.0012207
14,1062,0.00256348,-0.000244141
14,1063,0.00158691,-0.000610352
14,1064,0,-0.000366211
14,1065,0.00012207,0.00146484
14,1066,0.000366211,0.000976562
14,1067,-0.000854492,-0.000610352
14,1068,-0.00146484,-0.0012207
14,1069,-0.00146484,-0.00170898
14,1070,-0.00170898,-0.00195312
14,1071,-0.0020752,-0.00256348
14,1072,-0.0012207,-0.0012207
14,1073,0.00195312,-0.000366211
14,1074,0.000244141,-0.000488281
14,1075,0,0.000732422
14,1076,0.000244141,0.000366211
14,1077,-0.000854492,-0.000976562
14,1078,-0.00146484,-0.00146484
14,1079,-0.00158691,-0.00183105
14,1080,-0.00170898,-0.00195312
14,1081,-0.00183105,-0.00244141
14,1082,-0.000976562,-0.000976562
14,1083,0.000488281,-0.000366211
14,1084,-0.00146484,-0.000244141
14,1085,-0.00146484,-0.000610352
14,1086,-0.00134277,-0.00158691
14,1087,-0.0012207,-0.00158691
14,1088,-0.00109863,-0.00146484
14,1089,-0.000732422,-0.00146484
14,1090,0.000244141,-0.00146484
14,1091,0.000610352,-0.000488281
14,1092,0.000244141,-0.000366211
14,1093,-0.00012207,-0.000488281
14,1094,0,-0.000610352
14,1095,-0.00012207,-0.000610352
14,1096,0,-0.000366211
14,1097,0.00012207,-0.000488281
14,1098,0.000488281,-0.000244141
14,1099,0.00012207,0.00012207
14,1100,0.00915527,0.00134277
14,1101,0.00341797,0.00219727
14,1102,0.000244141,0.00170898
14,1103,-0.00158691,0.00134277
14,1104,-0.00317383,0.000610352
14,1105,-0.00683594,0.000366211
14,1106,-0.0045166,0.000732422
14,1107,0.00524902,0.00170898
14,1108,0.00170898,0.00134277
14,1109,-0.000244141,0.00109863
14,1110,-0.00231934,0.000732422
14,1111,-0.00708008,0.000732422
14,1112,-0.0057373,0.000854492
14,1113,0.00341797,0.00012207
14,1114,0.00244141,0.000366211
14,1115,0.0012207,0.000610352
14,1116,-0.00183105,0.00134277
14,1117,-0.00292969,0.000976562
14,1118,0.00292969,0.00012207
14,1119,0.00244141,0.000488281
14,1120,0.000854492,0.000976562
14,1121,-0.00109863,0.00012207
14,1122,0.00317383,0.000244141
14,1123,0.00256348,0.000610352
14,1124,0.000244141,0
14,1125,0.00415039,0.000244141
14,1126,0.00158691,-0.000366211
14,1127,0.00537109,-0.000610352
15,0,0.0303955,0.0264893
15,1,0.0247803,0.0458984
15,2,0.0195312,0.0469971
15,3,-0.0184326,-0.0494385
15,4,-0.00817871,-0.0231934
15,5,0.0113525,0.0291748
15,6,0.00622559,0.013916
15,7,0.00354004,-0.00695801
15,8,0.000610352,-0.00720215
15,9,-0.00756836,-0.0102539
15,10,-0.0113525,-0.0106201
15,11,-0.0128174,-0.00842285
15,12,-0.0155029,-0.00695801
15,13,-0.0130615,0.00305176
15,14,-0.00683594,0.0198975
15,15,0.0212402,0.00134277
15,16,-0.0012207,0.0148926
15,17,-0.0294189,0.0212402
15,18,-0.0300293,0.0169678
15,19,-0.0372314,0.019165
15,20,-0.0327148,0.0144043
15,21,-0.0340576,0.0109863
15,22,-0.013916,0.00720215
15,23,-0.00268555,0.000488281
15,24,-0.00268555,-0.00317383
15,25,0.00183105,-0.00354004
15,26,0.00366211,-0.00183105
15,27,0.00366211,-0.0012207
15,28,0.00402832,-0.000732422
15,29,0.00305176,0.0012207
15,30,-0.000366211,-0.000244141
15,31,0.019043,-0.0340576
15,32,0.00744629,-0.0130615
15,33,0.0101318,-0.0219727
15,34,0.00793457,-0.0184326
15,35,0.0065918,-0.0150146
15,36,0.0032959,-0.0131836
15,37,-0.00134277,-0.00134277
15,38,-0.000610352,0.010376
15,39,-0.0230713,0.0108643
15,40,-0.0236816,-0.0201416
15,41,-0.00341797,-0.0374756
15,42,0.00354004,-0.0332031
15,43,0.00830078,-0.0323486
15,44,0.0109863,-0.0198975
15,45,0.0140381,-0.00183105
15,46,0.00646973,0.0142822
15,47,0.083374,0.0216064
15,48,0.0791016,0.0272217
15,49,-0.0809326,-0.0311279
15,50,-0.0367432,-0.0157471
15,51,0.0458984,0.0212402
15,52,0.0184326,0.0164795
15,53,0.00317383,-0.00854492
15,54,0.00305176,-0.0109863
15,55,-0.012085,-0.00695801
15,56,-0.0187988,-0.00427246
15,57,-0.0197754,0
15,58,-0.0246582,0.00378418
15,59,-0.0181885,0.0125732
15,60,0.000488281,0.0247803
15,61,0.00610352,-0.00671387
15,62,0.00170898,0.0256348
15,63,-0.0137939,0.0549316
15,64,-0.0168457,0.0482178
15,65,-0.0218506,0.0565186
15,66,-0.0212402,0.0457764
15,67,-0.0257568,0.0378418
15,68,-0.00939941,0.0113525
15,69,-0.00646973,-0.0012207
15,70,-0.0141602,-0.00146484
15,71,-0.0101318,-0.00634766
15,72,-0.0057373,-0.00720215
15,73,-0.00390625,-0.00732422
15,74,-0.00158691,-0.00805664
15,75,0.00378418,-0.00378418
15,76,-0.000488281,0.00256348
15,77,-0.0181885,-0.0452881
15,78,-0.00500488,-0.0202637
15,79,-0.00842285,-0.0378418
15,80,-0.00683594,-0.0335693
15,81,-0.00537109,-0.0290527
15,82,-0.00646973,-0.0246582
15,83,-0.00280762,-0.00732422
15,84,0.00549316,0.0098877
15,85,-0.0201416,0.0281982
15,86,-0.0494385,-0.00280762
15,87,-0.045166,-0.0336914
15,88,-0.0343018,-0.0338135
15,89,-0.0288086,-0.0361328
15,90,-0.0134277,-0.0253906
15,91,0.00646973,-0.0102539
15,92,0.0166016,0.00524902
15,93,0.120972,0.00866699
15,94,-0.125122,-0.0135498
15,95,-0.0570068,-0.00842285
15,96,0.0704346,0.0128174
15,97,0.0275879,0.0172119
15,98,0.00256348,-0.00927734
15,99,0.00476074,-0.0134277
15,100,-0.0147705,-0.00390625
15,101,-0.0234375,0.00109863
15,102,-0.0238037,0.00695801
15,103,-0.0302734,0.0123291
15,104,-0.020874,0.0195312
15,105,0.00646973,0.0275879
15,106,-0.00585938,-0.0123291
15,107,0.0045166,0.0327148
15,108,0.000244141,0.0782471
15,109,-0.00463867,0.0700684
15,110,-0.00744629,0.0826416
15,111,-0.0101318,0.0679932
15,112,-0.0172119,0.057251
15,113,-0.00524902,0.0141602
15,114,-0.0090332,-0.00219727
15,115,-0.0224609,0.000488281
15,116,-0.019165,-0.00769043
15,117,-0.0130615,-0.0107422
15,118,-0.0100098,-0.0114746
15,119,-0.00634766,-0.0133057
15,120,0.00390625,-0.00769043
15,121,-0.000366211,0.00439453
15,122,-0.0467529,-0.0510254
15,123,-0.0148926,-0.0246582
15,124,-0.0233154,-0.0482178
15,125,-0.0186768,-0.043457
15,126,-0.0151367,-0.0383301
15,127,-0.0142822,-0.0323486
15,128,-0.00415039,-0.0115967
15,129,0.0101318,0.00891113
15,130,-0.0163574,0.0405273
15,131,-0.0667725,0.0117188
15,132,-0.0754395,-0.02771
15,133,-0.0621338,-0.0314941
15,134,-0.0563965,-0.0362549
15,135,-0.0318604,-0.027832
15,136,0.000366211,-0.0162354
15,137,0.0235596,-0.00231934
15,138,-0.123047,-0.0045166
15,139,-0.0561523,-0.00415039
15,140,0.069458,0.00744629
15,141,0.0274658,0.0145264
15,142,0.00183105,-0.00866699
15,143,0.00415039,-0.0126953
15,144,-0.0140381,-0.0020752
15,145,-0.0220947,0.0032959
15,146,-0.0220947,0.00878906
15,147,-0.0279541,0.0144043
15,148,-0.0185547,0.0200195
15,149,0.00854492,0.0251465
15,150,-0.00805664,-0.0129395
15,151,0.00598145,0.0305176
15,152,0.00598145,0.0758057
15,153,0.000976562,0.0683594
15,154,-0.000732422,0.0809326
15,155,-0.00439453,0.0668945
15,156,-0.0114746,0.0568848
15,157,-0.00305176,0.013916
15,158,-0.00854492,-0.00195312
15,159,-0.0218506,0.00134277
15,160,-0.0194092,-0.00695801
15,161,-0.0136719,-0.0102539
15,162,-0.0106201,-0.0111084
15,163,-0.00708008,-0.0130615
15,164,0.0032959,-0.00793457
15,165,-0.000366211,0.00439453
15,166,-0.050293,-0.0462646
15,167,-0.0163574,-0.0228271
15,168,-0.0258789,-0.045166
15,169,-0.0209961,-0.0407715
15,170,-0.0170898,-0.0361328
15,171,-0.0157471,-0.0303955
15,172,-0.00439453,-0.0112305
15,173,0.010498,0.00732422
15,174,-0.0123291,0.0400391
15,175,-0.0635986,0.0163574
15,176,-0.0759277,-0.0212402
15,177,-0.0634766,-0.026001
15,178,-0.0583496,-0.0311279
15,179,-0.0339355,-0.0249023
15,180,-0.00158691,-0.0163574
15,181,0.0229492,-0.00476074
15,182,0.0583496,0.0020752
15,183,-0.0726318,-0.00512695
15,184,-0.0292969,-0.0141602
15,185,-0.00183105,0.00891113
15,186,-0.00415039,0.0133057
15,187,0.0144043,0.00170898
15,188,0.022583,-0.00415039
15,189,0.0224609,-0.0100098
15,190,0.0281982,-0.0159912
15,191,0.0183105,-0.0216064
15,192,-0.0100098,-0.0257568
15,193,0.00891113,0.0130615
15,194,-0.00720215,-0.0313721
15,195,-0.0090332,-0.0782471
15,196,-0.00366211,-0.0706787
15,197,-0.00231934,-0.0837402
15,198,0.00195312,-0.0693359
15,199,0.00964355,-0.0592041
15,200,0.00256348,-0.0141602
15,201,0.00891113,0.0020752
15,202,0.022583,-0.0020752
15,203,0.0202637,0.00622559
15,204,0.0145264,0.0098877
15,205,0.0114746,0.0108643
15,206,0.0078125,0.0129395
15,207,-0.00292969,0.00817871
15,208,0.000244141,-0.00463867
15,209,0.0537109,0.0456543
15,210,0.0177002,0.0228271
15,211,0.0284424,0.0455322
15,212,0.0231934,0.0413818
15,213,0.0189209,0.0366211
15,214,0.017334,0.0307617
15,215,0.00500488,0.0113525
15,216,-0.0111084,-0.00732422
15,217,0.0109863,-0.0419922
15,218,0.0650635,-0.0196533
15,219,0.0792236,0.0186768
15,220,0.0665283,0.0241699
15,221,0.0615234,0.0296631
15,222,0.0360107,0.024292
15,223,0.00244141,0.0168457
15,224,-0.0234375,0.00622559
15,225,-0.0335693,-0.00109863
15,226,-0.0141602,-0.00598145
15,227,-0.000732422,0.00427246
15,228,-0.00146484,0.00622559
15,229,0.00695801,0.000610352
15,230,0.0106201,-0.00231934
15,231,0.010376,-0.00500488
15,232,0.0128174,-0.00793457
15,233,0.00805664,-0.010498
15,234,-0.00524902,-0.012207
15,235,0.0032959,0.00585938
15,236,-0.0045166,-0.0144043
15,237,-0.00561523,-0.0358887
15,238,-0.00280762,-0.0325928
15,239,-0.00244141,-0.0386963
15,240,-0.00012207,-0.0321045
15,241,0.00378418,-0.027832
15,242,0.0012207,-0.00695801
15,243,0.00415039,0.000732422
15,244,0.0101318,-0.00146484
15,245,0.00927734,0.00231934
15,246,0.00671387,0.00402832
15,247,0.00537109,0.0045166
15,248,0.00390625,0.00561523
15,249,-0.000976562,0.00378418
15,250,0.00012207,-0.00195312
15,251,0.0250244,0.0203857
15,252,0.00842285,0.0102539
15,253,0.013916,0.0203857
15,254,0.0114746,0.0185547
15,255,0.00952148,0.0163574
15,256,0.00866699,0.0136719
15,257,0.00268555,0.00488281
15,258,-0.00537109,-0.00341797
15,259,0.00439453,-0.0196533
15,260,0.0296631,-0.0100098
15,261,0.036499,0.00756836
15,262,0.0306396,0.0102539
15,263,0.0284424,0.0129395
15,264,0.0164795,0.0107422
15,265,0.000976562,0.00769043
15,266,-0.0107422,0.00305176
15,267,0.0196533,0.00671387
15,268,0.000854492,-0.00683594
15,269,0.000732422,-0.00952148
15,270,-0.00964355,-0.00146484
15,271,-0.0141602,0.00280762
15,272,-0.0136719,0.00634766
15,273,-0.0164795,0.0107422
15,274,-0.00976562,0.0148926
15,275,0.00769043,0.0172119
15,276,-0.000976562,-0.00634766
15,277,0.00817871,0.0189209
15,278,0.00866699,0.0455322
15,279,0.0045166,0.0412598
15,280,0.00390625,0.0490723
15,281,0.000732422,0.0407715
15,282,-0.00500488,0.0357666
15,283,-0.00231934,0.00952148
15,284,-0.00524902,-0.000488281
15,285,-0.0123291,0.00305176
15,286,-0.0114746,-0.00158691
15,287,-0.00842285,-0.00390625
15,288,-0.00708008,-0.00463867
15,289,-0.00537109,-0.00610352
15,290,0.000732422,-0.00476074
15,291,0,0.00195312
15,292,-0.0307617,-0.026001
15,293,-0.0109863,-0.0131836
15,294,-0.0194092,-0.026001
15,295,-0.0166016,-0.0236816
15,296,-0.013916,-0.020752
15,297,-0.0130615,-0.017334
15,298,-0.00488281,-0.0057373
15,299,0.00671387,0.00476074
15,300,-0.00524902,0.0268555
15,301,-0.0377197,0.0148926
15,302,-0.0458984,-0.00793457
15,303,-0.038208,-0.0118408
15,304,-0.0350342,-0.0152588
15,305,-0.0198975,-0.0130615
15,306,-0.00012207,-0.00976562
15,307,0.0135498,-0.00402832
15,308,0.00012207,-0.0065918
15,309,-0.00317383,-0.00830078
15,310,-0.00744629,-0.00195312
15,311,-0.0090332,0.00183105
15,312,-0.0078125,0.00390625
15,313,-0.00830078,0.00793457
15,314,-0.00341797,0.0117188
15,315,0.00646973,0.0128174
15,316,0.0078125,0.000854492
15,317,0.012085,0.010376
15,318,0.0118408,0.0205078
15,319,0.0078125,0.0187988
15,320,0.00769043,0.0227051
15,321,0.00476074,0.0192871
15,322,-0.000732422,0.0189209
15,323,-0.00354004,0.00720215
15,324,-0.0032959,0.00219727
15,325,-0.00415039,0.00622559
15,326,-0.00439453,0.0045166
15,327,-0.00378418,0.00305176
15,328,-0.00390625,0.00231934
15,329,-0.00402832,0.00109863
15,330,-0.0012207,-0.00109863
15,331,0.0012207,0.000366211
15,332,-0.0129395,-0.00952148
15,333,-0.00634766,-0.00524902
15,334,-0.0147705,-0.0098877
15,335,-0.013916,-0.0090332
15,336,-0.0123291,-0.00756836
15,337,-0.0119629,-0.00598145
15,338,-0.00610352,-0.000244141
15,339,0.00354004,0.00366211
15,340,-0.00109863,0.0169678
15,341,-0.0174561,0.0136719
15,342,-0.0201416,0.00195312
15,343,-0.015625,-0.000732422
15,344,-0.0137939,-0.00268555
15,345,-0.00634766,-0.00341797
15,346,0.00317383,-0.00317383
15,347,0.00561523,-0.0012207
15,348,0.00622559,-0.0032959
15,349,0.00292969,-0.00549316
15,350,0.000732422,-0.00622559
15,351,-0.000366211,-0.00549316
15,352,-0.00280762,-0.00537109
15,353,-0.00634766,-0.00244141
15,354,-0.00866699,0.00195312
15,355,-0.00244141,0.00854492
15,356,-0.00585938,0.00695801
15,357,-0.00805664,0.00231934
15,358,-0.00695801,0.000244141
15,359,-0.00830078,-0.000854492
15,360,-0.00683594,-0.00146484
15,361,-0.00683594,-0.00439453
15,362,-0.00415039,-0.00427246
15,363,-0.00231934,-0.00195312
15,364,-0.00378418,-0.000366211
15,365,-0.00354004,0.000244141
15,366,-0.00317383,0.000610352
15,367,-0.00305176,0.000366211
15,368,-0.00256348,0.00012207
15,369,-0.000854492,0.000732422
15,370,0.00012207,0.00158691
15,371,0.00585938,-0.000854492
15,372,0.00256348,-0.00134277
15,373,0.00402832,-0.00524902
15,374,0.00341797,-0.00561523
15,375,0.00256348,-0.00488281
15,376,0.00170898,-0.00537109
15,377,-0.00158691,-0.00305176
15,378,-0.00354004,0.00134277
15,379,-0.0090332,-0.00268555
15,380,-0.00463867,-0.00805664
15,381,0.00219727,-0.00561523
15,382,0.00317383,-0.00292969
15,383,0.00390625,-0.00134277
15,384,0.00317383,0.0012207
15,385,0.00109863,0.00439453
15,386,-0.00244141,0.00219727
15,387,0.00622559,-0.00390625
15,388,0.00390625,-0.0057373
15,389,0.00219727,-0.00537109
15,390,-0.000976562,-0.00671387
15,391,-0.00610352,-0.00549316
15,392,-0.0101318,-0.00219727
15,393,-0.00976562,0.00610352
15,394,-0.0118408,0.00512695
15,395,-0.0113525,0.00170898
15,396,-0.00878906,-0.000366211
15,397,-0.00976562,-0.00158691
15,398,-0.00756836,-0.00231934
15,399,-0.00537109,-0.00634766
15,400,-0.0012207,-0.00683594
15,401,-0.00134277,-0.00415039
15,402,-0.00500488,-0.00354004
15,403,-0.00488281,-0.0032959
15,404,-0.00427246,-0.00280762
15,405,-0.00366211,-0.00292969
15,406,-0.00268555,-0.00280762
15,407,-0.000854492,-0.000610352
15,408,-0.00134277,0.00170898
15,409,0.00390625,-0.000244141
15,410,0.00305176,-0.0012207
15,411,0.00708008,-0.00622559
15,412,0.00683594,-0.0065918
15,413,0.00585938,-0.00634766
15,414,0.00524902,-0.00695801
15,415,0.000488281,-0.00549316
15,416,-0.00415039,-0.000732422
15,417,-0.00866699,-0.00598145
15,418,-0.00366211,-0.010498
15,419,0.000854492,-0.00598145
15,420,0.000854492,-0.00317383
15,421,0.000854492,-0.00134277
15,422,-0.00012207,0.0012207
15,423,-0.00231934,0.00354004
15,424,-0.00256348,-0.000366211
15,425,0.00842285,-0.00219727
15,426,0.00744629,-0.00305176
15,427,0.00646973,-0.00537109
15,428,0.00109863,-0.00744629
15,429,-0.00646973,-0.00891113
15,430,-0.010376,0.00488281
15,431,-0.00976562,-0.00280762
15,432,-0.00463867,-0.0107422
15,433,-0.00183105,-0.0106201
15,434,-0.000854492,-0.0131836
15,435,0.000244141,-0.0114746
15,436,0.0032959,-0.0128174
15,437,0.00256348,-0.0078125
15,438,0.0012207,-0.00305176
15,439,-0.000488281,-0.00305176
15,440,-0.00146484,-0.00231934
15,441,-0.00219727,-0.00183105
15,442,-0.0020752,-0.00195312
15,443,-0.00183105,-0.00170898
15,444,-0.00195312,-0.000610352
15,445,-0.00170898,0.000366211
15,446,0.00561523,0.010376
15,447,0.00292969,0.00366211
15,448,0.00683594,0.00378418
15,449,0.00646973,0.00256348
15,450,0.00549316,0.00158691
15,451,0.00524902,0.00012207
15,452,0.0012207,-0.00317383
15,453,-0.00402832,-0.00378418
15,454,0.00012207,-0.0114746
15,455,0.0098877,-0.00622559
15,456,0.010376,0.00500488
15,457,0.00695801,0.00671387
15,458,0.00537109,0.00842285
15,459,0.000976562,0.00732422
15,460,-0.00488281,0.0045166
15,461,-0.00561523,-0.00256348
15,462,0.00952148,-0.00170898
15,463,0.00976562,-0.00415039
15,464,0.00488281,-0.0078125
15,465,-0.00366211,-0.0115967
15,466,-0.00976562,0.00292969
15,467,-0.00769043,-0.00720215
15,468,-0.000488281,-0.0166016
15,469,0.0020752,-0.0152588
15,470,0.00390625,-0.0181885
15,471,0.00463867,-0.0152588
15,472,0.00793457,-0.0147705
15,473,0.00476074,-0.00732422
15,474,0.00231934,-0.00219727
15,475,0.00195312,-0.00244141
15,476,0.000366211,-0.00146484
15,477,-0.000854492,-0.000976562
15,478,-0.00109863,-0.000976562
15,479,-0.0012207,-0.000610352
15,480,-0.00231934,-0.00012207
15,481,-0.00183105,-0.00012207
15,482,0.00549316,0.0145264
15,483,0.00244141,0.0057373
15,484,0.00598145,0.00891113
15,485,0.0057373,0.00744629
15,486,0.00476074,0.00585938
15,487,0.00488281,0.00415039
15,488,0.00170898,-0.00134277
15,489,-0.00354004,-0.00500488
15,490,0.00463867,-0.0133057
15,491,0.0158691,-0.00341797
15,492,0.013916,0.00976562
15,493,0.00939941,0.0108643
15,494,0.00708008,0.0123291
15,495,0.00146484,0.00939941
15,496,-0.00561523,0.00439453
15,497,-0.0065918,-0.0032959
15,498,0.0102539,-0.00219727
15,499,0.00646973,-0.00622559
15,500,-0.0012207,-0.0115967
15,501,-0.00878906,0.0020752
15,502,-0.00500488,-0.00793457
15,503,0.00354004,-0.0163574
15,504,0.00549316,-0.0145264
15,505,0.00793457,-0.0172119
15,506,0.0078125,-0.0141602
15,507,0.010376,-0.0130615
15,508,0.00524902,-0.00610352
15,509,0.00231934,-0.00134277
15,510,0.00256348,-0.00146484
15,511,0.000732422,-0.000732422
15,512,-0.000610352,-0.000366211
15,513,-0.000854492,-0.000488281
15,514,-0.0012207,-0.00012207
15,515,-0.00256348,-0.000244141
15,516,-0.00158691,-0.000366211
15,517,0.00341797,0.0157471
15,518,0.0012207,0.00634766
15,519,0.0032959,0.0102539
15,520,0.00305176,0.00878906
15,521,0.00256348,0.00695801
15,522,0.00280762,0.00537109
15,523,0.000976562,-0.000488281
15,524,-0.00268555,-0.00524902
15,525,0.00744629,-0.0115967
15,526,0.0169678,0.000366211
15,527,0.0130615,0.0131836
15,528,0.00830078,0.0133057
15,529,0.00585938,0.0142822
15,530,0.000610352,0.0102539
15,531,-0.00610352,0.00378418
15,532,-0.00671387,-0.00415039
15,533,0.0102539,-0.00549316
15,534,0.00292969,-0.0131836
15,535,-0.00683594,-0.0012207
15,536,-0.00195312,-0.012207
15,537,0.0078125,-0.0205078
15,538,0.00927734,-0.0174561
15,539,0.0124512,-0.0201416
15,540,0.0117188,-0.0162354
15,541,0.0145264,-0.0133057
15,542,0.00720215,-0.00488281
15,543,0.00341797,-0.000610352
15,544,0.00512695,-0.000976562
15,545,0.00317383,0.000244141
15,546,0.00134277,0.000488281
15,547,0.000732422,0.000488281
15,548,0.00012207,0.00109863
15,549,-0.00256348,0.000244141
15,550,-0.00170898,-0.000976562
15,551,0.00244141,0.0183105
15,552,0.000488281,0.00793457
15,553,0.00170898,0.0146484
15,554,0.00146484,0.0130615
15,555,0.0012207,0.0108643
15,556,0.00183105,0.00915527
15,557,0.00134277,0.00158691
15,558,-0.00146484,-0.00610352
15,559,0.0123291,-0.0114746
15,560,0.0214844,0.00476074
15,561,0.0147705,0.0179443
15,562,0.00915527,0.0166016
15,563,0.00610352,0.0170898
15,564,0.000488281,0.0111084
15,565,-0.00646973,0.00244141
15,566,-0.00671387,-0.00549316
15,567,0.0107422,-0.00915527
15,568,-0.000732422,-0.00793457
15,569,0.00598145,-0.0128174
15,570,0.0145264,-0.0136719
15,571,0.0141602,-0.0100098
15,572,0.0174561,-0.0106201
15,573,0.0152588,-0.00769043
15,574,0.0163574,-0.00305176
15,575,0.00793457,0.00109863
15,576,0.00378418,0.00146484
15,577,0.00646973,0.000854492
15,578,0.00476074,0.00109863
15,579,0.00317383,0.000976562
15,580,0.00231934,0.00109863
15,581,0.00134277,0.00158691
15,582,-0.00170898,0.00012207
15,583,-0.0012207,-0.00170898
15,584,-0.00463867,0.0118408
15,585,-0.00292969,0.00585938
15,586,-0.00524902,0.0135498
15,587,-0.00476074,0.0126953
15,588,-0.00402832,0.0109863
15,589,-0.00305176,0.010376
15,590,0.000610352,0.00415039
15,591,0.00231934,-0.00488281
15,592,0.0164795,-0.00305176
15,593,0.0169678,0.0129395
15,594,0.00646973,0.0185547
15,595,0.00244141,0.0147705
15,596,-0.00012207,0.0136719
15,597,-0.00256348,0.00683594
15,598,-0.00463867,-0.00219727
15,599,-0.00231934,-0.0057373
15,600,0.00512695,-0.0162354
15,601,0.0148926,-0.00878906
15,602,0.0216064,0.00439453
15,603,0.0184326,0.00769043
15,604,0.0216064,0.0111084
15,605,0.0175781,0.0109863
15,606,0.0158691,0.0159912
15,607,0.00793457,0.00952148
15,608,0.00280762,0.00317383
15,609,0.00463867,0.00317383
15,610,0.00341797,0.00146484
15,611,0.00280762,0.000610352
15,612,0.00219727,0.000732422
15,613,0.00134277,0.000854492
15,614,-0.000610352,-0.0012207
15,615,-0.000854492,-0.0020752
15,616,-0.0185547,-0.00158691
15,617,-0.00854492,0.000366211
15,618,-0.0155029,0.00524902
15,619,-0.013916,0.0057373
15,620,-0.0114746,0.00537109
15,621,-0.0098877,0.00646973
15,622,-0.000854492,0.00476074
15,623,0.0078125,-0.00219727
15,624,0.0174561,0.012207
15,625,0.00109863,0.0234375
15,626,-0.0144043,0.0152588
15,627,-0.0141602,0.00830078
15,628,-0.0152588,0.00476074
15,629,-0.0102539,-0.00170898
15,630,-0.00219727,-0.00952148
15,631,0.00610352,-0.00695801
15,632,0.0153809,0.00341797
15,633,-0.00415039,0.00354004
15,634,-0.00793457,0.00354004
15,635,-0.0115967,0.00463867
15,636,-0.0111084,0.00402832
15,637,-0.0150146,0.00793457
15,638,-0.00878906,0.0111084
15,639,0.00109863,0.00537109
15,640,0.00683594,0.00439453
15,641,0.00793457,0.00524902
15,642,0.00720215,0.00610352
15,643,0.00549316,0.00622559
15,644,0.00378418,0.00646973
15,645,0.000610352,0.00292969
15,646,0.00183105,-0.00292969
15,647,0.0162354,-0.0162354
15,648,0.00317383,-0.00463867
15,649,-0.0012207,-0.00292969
15,650,-0.00317383,-0.00109863
15,651,-0.00354004,0.000732422
15,652,-0.00524902,0.00183105
15,653,-0.00415039,0.00671387
15,654,0.00219727,0.00769043
15,655,-0.00598145,0.0113525
15,656,-0.00646973,-0.00158691
15,657,0.00585938,-0.0137939
15,658,0.010376,-0.0131836
15,659,0.0131836,-0.0137939
15,660,0.013916,-0.00939941
15,661,0.0147705,-0.00134277
15,662,0.00476074,0.0107422
15,663,0.0257568,0.00671387
15,664,0.0200195,0.00842285
15,665,0.0220947,0.0114746
15,666,0.0169678,0.0112305
15,667,0.0107422,0.0163574
15,668,0.000854492,0.0112305
15,669,0.000732422,0.00671387
15,670,0.00390625,0.0100098
15,671,0.00183105,0.00866699
15,672,0.000854492,0.00695801
15,673,-0.000366211,0.00634766
15,674,-0.00170898,0.00512695
15,675,-0.0012207,0.000366211
15,676,0.00305176,-0.00170898
15,677,-0.0129395,-0.000366211
15,678,-0.00830078,0
15,679,-0.0196533,0.00378418
15,680,-0.0183105,0.00415039
15,681,-0.0163574,0.0045166
15,682,-0.0150146,0.00585938
15,683,-0.00561523,0.00622559
15,684,0.00610352,0.00195312
15,685,0.0101318,0.0152588
15,686,-0.00427246,0.0217285
15,687,-0.0113525,0.0126953
15,688,-0.00891113,0.00842285
15,689,-0.00805664,0.00537109
15,690,-0.00280762,0.000732422
15,691,0.00500488,-0.00354004
15,692,0.00622559,-0.000610352
15,693,0.0484619,0.00402832
15,694,0.0570068,0.00683594
15,695,0.0467529,0.00878906
15,696,0.039917,0.0153809
15,697,0.012085,0.00695801
15,698,0.0012207,0.00695801
15,699,0.00231934,0.0146484
15,700,-0.00366211,0.012207
15,701,-0.00561523,0.00830078
15,702,-0.00646973,0.00671387
15,703,-0.00769043,0.0045166
15,704,-0.00415039,-0.00183105
15,705,0.00378418,-0.000366211
15,706,-0.0371094,0.024292
15,707,-0.0178223,0.00830078
15,708,-0.0341797,0.0159912
15,709,-0.0301514,0.0137939
15,710,-0.0264893,0.0118408
15,711,-0.0219727,0.012207
15,712,-0.0065918,0.00537109
15,713,0.00769043,-0.00598145
15,714,0.0279541,0.0119629
15,715,0.00671387,0.0429688
15,716,-0.0195312,0.0446777
15,717,-0.0212402,0.0361328
15,718,-0.0236816,0.0318604
15,719,-0.017334,0.0166016
15,720,-0.00708008,-0.00280762
15,721,0.00341797,-0.0135498
15,722,0.052002,0.00170898
15,723,0.0430908,0.00427246
15,724,0.0383301,0.0100098
15,725,0.0125732,0.00402832
15,726,0.00158691,0.00524902
15,727,0.00231934,0.0118408
15,728,-0.00317383,0.0100098
15,729,-0.00512695,0.0065918
15,730,-0.0057373,0.00524902
15,731,-0.00671387,0.00341797
15,732,-0.00390625,-0.00170898
15,733,0.00292969,-0.00012207
15,734,-0.032959,0.0255127
15,735,-0.0153809,0.0090332
15,736,-0.0285645,0.0166016
15,737,-0.0250244,0.0142822
15,738,-0.0218506,0.0119629
15,739,-0.0177002,0.0119629
15,740,-0.00476074,0.00427246
15,741,0.00622559,-0.00695801
15,742,0.0263672,0.00720215
15,743,0.00976562,0.0377197
15,744,-0.0150146,0.0424805
15,745,-0.0178223,0.0349121
15,746,-0.020752,0.03125
15,747,-0.0161133,0.0168457
15,748,-0.00854492,-0.00195312
15,749,0.00146484,-0.0135498
15,750,0.0516357,0.0032959
15,751,0.0467529,0.0101318
15,752,0.0159912,0.00378418
15,753,0.00231934,0.00561523
15,754,0.00292969,0.0133057
15,755,-0.00378418,0.0111084
15,756,-0.00622559,0.00720215
15,757,-0.00695801,0.0057373
15,758,-0.00805664,0.00378418
15,759,-0.00500488,-0.00219727
15,760,0.00280762,-0.000244141
15,761,-0.0390625,0.0319824
15,762,-0.0180664,0.0114746
15,763,-0.032959,0.020874
15,764,-0.0285645,0.0178223
15,765,-0.0249023,0.0150146
15,766,-0.0200195,0.0146484
15,767,-0.00512695,0.00463867
15,768,0.00695801,-0.00915527
15,769,0.0321045,0.00671387
15,770,0.0134277,0.0441895
15,771,-0.0166016,0.0513916
15,772,-0.0205078,0.0423584
15,773,-0.024292,0.038208
15,774,-0.0195312,0.020752
15,775,-0.0113525,-0.00244141
15,776,0.00109863,-0.0172119
15,777,0.0400391,0.00585938
15,778,0.0142822,0.0020752
15,779,0.00244141,0.00439453
15,780,0.00317383,0.010498
15,781,-0.00256348,0.0090332
15,782,-0.00463867,0.00598145
15,783,-0.00524902,0.00476074
15,784,-0.00622559,0.0032959
15,785,-0.00402832,-0.00158691
15,786,0.00231934,-0.000244141
15,787,-0.0313721,0.0285645
15,788,-0.0144043,0.010376
15,789,-0.026001,0.019043
15,790,-0.0224609,0.0162354
15,791,-0.0195312,0.0136719
15,792,-0.0153809,0.0130615
15,793,-0.00366211,0.00390625
15,794,0.00549316,-0.00830078
15,795,0.0274658,0.00390625
15,796,0.0135498,0.036377
15,797,-0.0118408,0.0439453
15,798,-0.015625,0.036377
15,799,-0.019165,0.0330811
15,800,-0.0159912,0.0181885
15,801,-0.0101318,-0.00183105
15,802,0.00012207,-0.0147705
15,803,0.0169678,-0.000488281
15,804,0.00427246,0.00244141
15,805,0.00463867,0.0065918
15,806,-0.000610352,0.0057373
15,807,-0.00280762,0.00354004
15,808,-0.0032959,0.00292969
15,809,-0.00402832,0.0020752
15,810,-0.00317383,-0.00134277
15,811,0.00109863,-0.000732422
15,812,-0.027832,0.0290527
15,813,-0.012085,0.0113525
15,814,-0.0194092,0.0211182
15,815,-0.0161133,0.0183105
15,816,-0.0136719,0.0152588
15,817,-0.00976562,0.0142822
15,818,-0.000366211,0.00341797
15,819,0.00463867,-0.0098877
15,820,0.0273438,-0.00146484
15,821,0.0179443,0.0310059
15,822,-0.00708008,0.0410156
15,823,-0.0119629,0.0340576
15,824,-0.0162354,0.03125
15,825,-0.0150146,0.0169678
15,826,-0.0113525,-0.00305176
15,827,-0.000366211,-0.015625
15,828,0.00500488,-0.000610352
15,829,0.00317383,-0.0012207
15,830,0.00109863,-0.00183105
15,831,0.000366211,-0.00231934
15,832,0.000366211,-0.0020752
15,833,0.000366211,-0.00183105
15,834,-0.000244141,-0.00158691
15,835,-0.000732422,-0.00134277
15,836,-0.0130615,0.00708008
15,837,-0.0045166,0.00354004
15,838,-0.00463867,0.0078125
15,839,-0.00280762,0.00708008
15,840,-0.00183105,0.00585938
15,841,0,0.00561523
15,842,0.00305176,0.000732422
15,843,0.00292969,-0.00537109
15,844,0.012085,-0.00183105
15,845,0.00708008,0.0100098
15,846,-0.00524902,0.0124512
15,847,-0.00732422,0.00915527
15,848,-0.00939941,0.00769043
15,849,-0.00842285,0.00268555
15,850,-0.00537109,-0.00500488
15,851,0.00341797,-0.0078125
15,852,0.00463867,-0.00158691
15,853,0.00341797,-0.00158691
15,854,0.00244141,-0.00146484
15,855,0.0020752,-0.00109863
15,856,0.00170898,-0.000976562
15,857,0.000488281,-0.00146484
15,858,0.00012207,-0.00305176
15,859,0.00012207,0.000976562
15,860,0,0.00146484
15,861,0.00134277,0.00427246
15,862,0.00183105,0.00390625
15,863,0.00170898,0.00366211
15,864,0.00231934,0.0032959
15,865,0.00244141,0.000732422
15,866,0.00134277,-0.00195312
15,867,0.00378418,-0.00170898
15,868,0.00439453,0.000488281
15,869,0.00219727,0.00109863
15,870,0.00146484,0.000366211
15,871,0.000976562,-0.00012207
15,872,0.000366211,-0.000976562
15,873,0.000854492,-0.00292969
15,874,0.00402832,-0.00183105
15,875,0.00732422,0.0012207
15,876,0.0057373,0.00183105
15,877,0.00488281,0.00231934
15,878,0.00366211,0.00280762
15,879,0.000366211,0.000732422
15,880,0.000244141,-0.00341797
15,881,0.00646973,0.00561523
15,882,0.00146484,0.00402832
15,883,0.00219727,0.010498
15,884,0.00158691,0.00976562
15,885,0.00146484,0.0090332
15,886,0.00158691,0.00817871
15,887,0.00183105,0.00415039
15,888,0.0012207,-0.00146484
15,889,0.00634766,-0.00268555
15,890,0.0111084,0.00244141
15,891,0.0102539,0.00463867
15,892,0.00891113,0.00341797
15,893,0.00805664,0.00292969
15,894,0.00512695,0.000976562
15,895,0.0020752,-0.0020752
15,896,0.000244141,-0.000610352
15,897,0.00708008,0.000976562
15,898,0.00646973,0.00170898
15,899,0.00537109,0.00231934
15,900,0.00170898,0.0012207
15,901,0.00012207,-0.00292969
15,902,0.00939941,0.000976562
15,903,0.00305176,0.00231934
15,904,0.00512695,0.00769043
15,905,0.00415039,0.00756836
15,906,0.00390625,0.00720215
15,907,0.00354004,0.0065918
15,908,0.00268555,0.00402832
15,909,0.00109863,-0.00012207
15,910,0.0032959,-0.00195312
15,911,0.00878906,-0.00109863
15,912,0.010376,-0.00109863
15,913,0.00964355,-0.00195312
15,914,0.00915527,-0.00219727
15,915,0.00622559,-0.00244141
15,916,0.00305176,-0.00268555
15,917,0,0.00134277
15,918,0.00634766,0.000732422
15,919,0.00561523,0.00158691
15,920,0.00244141,0.00134277
15,921,0.00012207,-0.0020752
15,922,0.00817871,-0.00268555
15,923,0.00292969,0.000732422
15,924,0.00537109,0.00488281
15,925,0.00439453,0.00524902
15,926,0.00427246,0.00512695
15,927,0.00366211,0.00500488
15,928,0.00280762,0.00366211
15,929,0.00109863,0.000610352
15,930,0.00170898,-0.000854492
15,931,0.00585938,-0.00244141
15,932,0.00793457,-0.00427246
15,933,0.00769043,-0.00500488
15,934,0.00769043,-0.00512695
15,935,0.00549316,-0.00439453
15,936,0.00305176,-0.00317383
15,937,0.000610352,0.00219727
15,938,0.00561523,0.000732422
15,939,0.00268555,0.000854492
15,940,0.00012207,-0.00195312
15,941,0.00695801,-0.0032959
15,942,0.00280762,0.000366211
15,943,0.00561523,0.00378418
15,944,0.00488281,0.00415039
15,945,0.00476074,0.00415039
15,946,0.00427246,0.00402832
15,947,0.00317383,0.00305176
15,948,0.00109863,0.000488281
15,949,0.00109863,-0.000732422
15,950,0.00463867,-0.00305176
15,951,0.00634766,-0.00524902
15,952,0.00622559,-0.00585938
15,953,0.00610352,-0.00610352
15,954,0.00427246,-0.00500488
15,955,0.00231934,-0.00341797
15,956,0.000732422,0.00195312
15,957,0.00317383,0.000854492
15,958,0.000244141,-0.0012207
15,959,0.0057373,-0.00512695
15,960,0.00268555,-0.000488281
15,961,0.00598145,0.00195312
15,962,0.00537109,0.00268555
15,963,0.00524902,0.00268555
15,964,0.00476074,0.00280762
15,965,0.00354004,0.00244141
15,966,0.000976562,0.000732422
15,967,0,-0.000976562
15,968,0.00292969,-0.0045166
15,969,0.00476074,-0.00708008
15,970,0.00463867,-0.00732422
15,971,0.00488281,-0.00744629
15,972,0.00341797,-0.0057373
15,973,0.0020752,-0.0032959
15,974,0.00134277,0.00256348
15,975,0.00195312,-0.000366211
15,976,-0.000244141,-0.00524902
15,977,0.000488281,-0.00158691
15,978,0.00231934,-0.00158691
15,979,0.00256348,-0.00109863
15,980,0.00256348,-0.000732422
15,981,0.00268555,-0.000244141
15,982,0.00256348,0.000732422
15,983,0.00109863,0.00134277
15,984,-0.00231934,0.00146484
15,985,-0.00317383,-0.00305176
15,986,-0.0020752,-0.00671387
15,987,-0.00109863,-0.00671387
15,988,-0.000366211,-0.00683594
15,989,0.000366211,-0.00488281
15,990,0.0020752,-0.00219727
15,991,0.00317383,0.00244141
15,992,-0.00158691,0.00109863
15,993,-0.00109863,0.000244141
15,994,-0.00244141,0.000610352
15,995,-0.00195312,0.000610352
15,996,-0.00183105,0.000610352
15,997,-0.0012207,0.000976562
15,998,-0.000244141,0.00109863
15,999,0.000488281,0.0012207
15,1000,-0.00134277,0.00183105
15,1001,-0.0020752,0.00109863
15,1002,-0.00109863,0.000244141
15,1003,-0.000244141,0.000366211
15,1004,0.000610352,0.000244141
15,1005,0.00109863,0.000366211
15,1006,0.00280762,0.000976562
15,1007,0.00231934,0.00231934
15,1008,0.0187988,0.00170898
15,1009,0.0292969,0.00341797
15,1010,0.0236816,0.00341797
15,1011,0.0195312,0.00354004
15,1012,0.0150146,0.00134277
15,1013,0.000854492,0.0012207
15,1014,-0.0102539,0.00427246
15,1015,-0.0178223,-0.0181885
15,1016,0.0158691,-0.0328369
15,1017,0.043457,-0.0214844
15,1018,0.0415039,-0.0133057
15,1019,0.0421143,-0.00830078
15,1020,0.0289307,0.00012207
15,1021,0.00939941,0.0118408
15,1022,-0.0128174,0.0150146
15,1023,0.0135498,-0.000244141
15,1024,0.0114746,-0.00012207
15,1025,0.00976562,0
15,1026,0.00805664,-0.000854492
15,1027,0.00170898,-0.000610352
15,1028,-0.00415039,0.00134277
15,1029,-0.00817871,-0.00817871
15,1030,0.00476074,-0.0153809
15,1031,0.0153809,-0.0113525
15,1032,0.0145264,-0.0078125
15,1033,0.0147705,-0.00585938
15,1034,0.0098877,-0.00170898
15,1035,0.00268555,0.00366211
15,1036,-0.0045166,0.00537109
15,1037,0.0241699,0.00012207
15,1038,0.0212402,0.00012207
15,1039,0.0187988,-0.00146484
15,1040,0.00683594,-0.00244141
15,1041,-0.0065918,0.000366211
15,1042,-0.0136719,-0.0177002
15,1043,0.00878906,-0.0300293
15,1044,0.0245361,-0.0224609
15,1045,0.022583,-0.0163574
15,1046,0.0224609,-0.0126953
15,1047,0.0141602,-0.00512695
15,1048,0.00231934,0.00439453
15,1049,-0.00598145,0.0078125
15,1050,0.0194092,0
15,1051,0.0175781,-0.00146484
15,1052,0.00720215,-0.00244141
15,1053,-0.00537109,0
15,1054,-0.012085,-0.0162354
15,1055,0.00695801,-0.0274658
15,1056,0.0198975,-0.020874
15,1057,0.0183105,-0.0153809
15,1058,0.0183105,-0.012207
15,1059,0.0112305,-0.00524902
15,1060,0.00170898,0.00317383
15,1061,-0.00390625,0.0065918
15,1062,0.0157471,-0.0012207
15,1063,0.00671387,-0.00231934
15,1064,-0.00439453,-0.000244141
15,1065,-0.0101318,-0.0136719
15,1066,0.00561523,-0.0233154
15,1067,0.0161133,-0.0184326
15,1068,0.0147705,-0.013916
15,1069,0.0146484,-0.0114746
15,1070,0.00891113,-0.00549316
15,1071,0.00109863,0.00158691
15,1072,-0.00292969,0.00500488
15,1073,0.00720215,-0.00195312
15,1074,-0.0032959,-0.000976562
15,1075,-0.00769043,-0.0133057
15,1076,0.00585938,-0.0205078
15,1077,0.0135498,-0.0153809
15,1078,0.012085,-0.0115967
15,1079,0.0117188,-0.00952148
15,1080,0.00671387,-0.00463867
15,1081,0.000244141,0.000976562
15,1082,-0.00183105,0.00366211
15,1083,0.000854492,-0.00146484
15,1084,0.000244141,-0.00512695
15,1085,0.00280762,-0.0065918
15,1086,0.00195312,-0.00610352
15,1087,0.0012207,-0.00561523
15,1088,0.000854492,-0.00537109
15,1089,-0.000244141,-0.00402832
15,1090,-0.000732422,-0.00256348
15,1091,0.0020752,0.000366211
15,1092,0.00500488,0.00720215
15,1093,-0.00488281,0.00854492
15,1094,-0.0111084,0.00195312
15,1095,-0.00964355,-0.000854492
15,1096,-0.00952148,-0.00256348
15,1097,-0.00561523,-0.00390625
15,1098,0.000244141,-0.00537109
15,1099,0.00561523,-0.00183105
15,1100,0.0198975,0.0252686
15,1101,-0.000854492,0.0313721
15,1102,-0.00610352,0.024292
15,1103,-0.0100098,0.0218506
15,1104,-0.0102539,0.0106201
15,1105,-0.0101318,-0.00476074
15,1106,-0.00244141,-0.0118408
15,1107,0.0413818,0.026001
15,1108,0.0301514,0.0257568
15,1109,0.0250244,0.0280762
15,1110,0.010498,0.0196533
15,1111,-0.00878906,0.00793457
15,1112,-0.0170898,-0.00402832
15,1113,0.050415,0.00695801
15,1114,0.0480957,0.0123291
15,1115,0.0288086,0.0135498
15,1116,0.0020752,0.0152588
15,1117,-0.0201416,0.00952148
15,1118,0.0439453,0.00463867
15,1119,0.0279541,0.00817871
15,1120,0.00585938,0.0130615
15,1121,-0.0155029,0.0112305
15,1122,0.0291748,0.00512695
15,1123,0.00866699,0.0126953
15,1124,-0.0131836,0.0133057
15,1125,0.00927734,0.00769043
15,1126,-0.00610352,0.0112305
15,1127,0.00585938,0.00842285
16,0,0.00866699,0.000244141
16,1,0.00585938,0.000244141
16,2,0.00537109,0
16,3,-0.00488281,-0.000488281
16,4,-0.00244141,-0.000610352
16,5,0.00219727,0.000610352
16,6,0.00256348,0.0012207
16,7,0.00134277,-0.00158691
16,8,-0.000732422,-0.00219727
16,9,-0.00195312,-0.000610352
16,10,-0.00195312,-0.000854492
16,11,-0.0020752,0.000244141
16,12,-0.0020752,-0.00012207
16,13,-0.00158691,0.00109863
16,14,-0.000976562,0.00158691
16,15,0.00720215,0.00476074
16,16,0.00354004,0.0065918
16,17,-0.00195312,0.00646973
16,18,-0.00317383,0.00476074
16,19,-0.00476074,0.00537109
16,20,-0.00561523,0.00378418
16,21,-0.0078125,0.00183105
16,22,-0.00585938,-0.0012207
16,23,-0.00598145,-0.00292969
16,24,-0.00537109,-0.000610352
16,25,-0.00366211,0.00268555
16,26,-0.00341797,0.00439453
16,27,-0.00280762,0.0045166
16,28,-0.00268555,0.00512695
16,29,-0.0020752,0.0065918
16,30,-0.0012207,0.00512695
16,31,0.00195312,-0.00378418
16,32,0.000488281,-0.00183105
16,33,-0.000732422,-0.0020752
16,34,-0.00170898,-0.00195312
16,35,-0.00195312,-0.000854492
16,36,-0.00256348,-0.000976562
16,37,-0.00317383,0.000854492
16,38,-0.0020752,0.0012207
16,39,-0.00305176,-0.000732422
16,40,-0.00158691,-0.00512695
16,41,0.00280762,-0.00622559
16,42,0.00427246,-0.00463867
16,43,0.00415039,-0.00378418
16,44,0.00378418,-0.00109863
16,45,0.00109863,0.00341797
16,46,-0.00402832,0.00439453
16,47,0.00805664,0
16,48,0.00769043,0.000244141
16,49,-0.00732422,-0.000610352
16,50,-0.00366211,-0.000732422
16,51,0.00354004,0.00134277
16,52,0.00292969,0.00280762
16,53,0.00219727,-0.000610352
16,54,0.000610352,-0.00134277
16,55,-0.000610352,-0.000610352
16,56,-0.00134277,-0.00134277
16,57,-0.00146484,-0.000244141
16,58,-0.0020752,-0.000976562
16,59,-0.00256348,-0.000366211
16,60,-0.00268555,0.00012207
16,61,0.00585938,0.00549316
16,62,0.00378418,0.00793457
16,63,-0.000244141,0.00817871
16,64,-0.00195312,0.00598145
16,65,-0.00305176,0.00683594
16,66,-0.00439453,0.00488281
16,67,-0.00744629,0.00268555
16,68,-0.00634766,-0.00109863
16,69,-0.00695801,-0.00280762
16,70,-0.00756836,-0.000732422
16,71,-0.00610352,0.00219727
16,72,-0.0057373,0.00390625
16,73,-0.00500488,0.00378418
16,74,-0.00415039,0.00463867
16,75,-0.00244141,0.00695801
16,76,-0.000854492,0.0065918
16,77,0.000488281,-0.00463867
16,78,-0.000244141,-0.00219727
16,79,-0.00244141,-0.00268555
16,80,-0.00317383,-0.00256348
16,81,-0.0032959,-0.00158691
16,82,-0.00390625,-0.00158691
16,83,-0.00463867,0.00012207
16,84,-0.0032959,0.000488281
16,85,-0.00427246,-0.00158691
16,86,-0.00170898,-0.0057373
16,87,0.00341797,-0.0057373
16,88,0.00500488,-0.00366211
16,89,0.00488281,-0.00256348
16,90,0.00415039,0.00012207
16,91,0.000854492,0.00476074
16,92,-0.00463867,0.00463867
16,93,0.00854492,0.000488281
16,94,-0.00842285,-0.000610352
16,95,-0.00439453,-0.000488281
16,96,0.00439453,0.00134277
16,97,0.00280762,0.00317383
16,98,0.00256348,0.000488281
16,99,0.0020752,-0.00012207
16,100,0.000854492,-0.000244141
16,101,-0.00012207,-0.0012207
16,102,-0.000366211,-0.000366211
16,103,-0.00109863,-0.00146484
16,104,-0.00244141,-0.00170898
16,105,-0.00317383,-0.00195312
16,106,0.00280762,0.00415039
16,107,0.00280762,0.00671387
16,108,0.00134277,0.00756836
16,109,-0.000244141,0.00549316
16,110,-0.000488281,0.0065918
16,111,-0.0020752,0.0045166
16,112,-0.00537109,0.00256348
16,113,-0.00524902,-0.00134277
16,114,-0.00634766,-0.00280762
16,115,-0.00756836,-0.0012207
16,116,-0.00683594,0.00109863
16,117,-0.00646973,0.00256348
16,118,-0.00585938,0.00219727
16,119,-0.00488281,0.00317383
16,120,-0.00256348,0.0057373
16,121,-0.000732422,0.00610352
16,122,-0.00134277,-0.00427246
16,123,-0.000976562,-0.00231934
16,124,-0.00378418,-0.00341797
16,125,-0.00402832,-0.00317383
16,126,-0.00390625,-0.00256348
16,127,-0.00427246,-0.00231934
16,128,-0.0045166,-0.000732422
16,129,-0.00341797,-0.000488281
16,130,-0.00366211,-0.00268555
16,131,-0.000732422,-0.00463867
16,132,0.00341797,-0.00256348
16,133,0.00427246,-0.000610352
16,134,0.00390625,0.000366211
16,135,0.00292969,0.00195312
16,136,-0.000488281,0.00476074
16,137,-0.00488281,0.00292969
16,138,-0.0090332,-0.000244141
16,139,-0.00463867,-0.000244141
16,140,0.00512695,0.0012207
16,141,0.00341797,0.0032959
16,142,0.00280762,0.000366211
16,143,0.00244141,-0.000366211
16,144,0.00109863,-0.000488281
16,145,-0.00012207,-0.0012207
16,146,-0.000244141,-0.000366211
16,147,-0.0012207,-0.00134277
16,148,-0.00256348,-0.00158691
16,149,-0.00341797,-0.00183105
16,150,0.00268555,0.00415039
16,151,0.00317383,0.00634766
16,152,0.00219727,0.00708008
16,153,0.000366211,0.00524902
16,154,0.000366211,0.00622559
16,155,-0.00146484,0.00415039
16,156,-0.0045166,0.00244141
16,157,-0.00488281,-0.00134277
16,158,-0.00610352,-0.00268555
16,159,-0.00756836,-0.000854492
16,160,-0.00732422,0.00146484
16,161,-0.00683594,0.00292969
16,162,-0.00634766,0.00244141
16,163,-0.00537109,0.00317383
16,164,-0.00256348,0.00549316
16,165,-0.000366211,0.00585938
16,166,-0.00195312,-0.00402832
16,167,-0.00109863,-0.00231934
16,168,-0.00427246,-0.00341797
16,169,-0.00427246,-0.0032959
16,170,-0.00415039,-0.00256348
16,171,-0.00463867,-0.00219727
16,172,-0.00463867,-0.000488281
16,173,-0.00341797,-0.000366211
16,174,-0.00354004,-0.00256348
16,175,-0.000976562,-0.00402832
16,176,0.00317383,-0.00170898
16,177,0.00390625,0.00012207
16,178,0.00366211,0.000976562
16,179,0.00268555,0.00219727
16,180,-0.000488281,0.00476074
16,181,-0.00463867,0.00256348
16,182,0.00463867,-0.00012207
16,183,-0.00549316,-0.00109863
16,184,-0.00354004,-0.00317383
16,185,-0.00244141,-0.00109863
16,186,-0.00244141,-0.000244141
16,187,-0.00146484,0.00012207
16,188,-0.000244141,0.00109863
16,189,-0.000244141,0.000244141
16,190,0.000488281,0.00134277
16,191,0.00170898,0.00170898
16,192,0.00256348,0.00219727
16,193,-0.00256348,-0.00354004
16,194,-0.0032959,-0.00610352
16,195,-0.00268555,-0.00732422
16,196,-0.000732422,-0.00561523
16,197,-0.000854492,-0.00683594
16,198,0.000854492,-0.00463867
16,199,0.00390625,-0.00256348
16,200,0.00427246,0.00170898
16,201,0.00561523,0.00305176
16,202,0.00720215,0.00109863
16,203,0.00695801,-0.00146484
16,204,0.0065918,-0.00280762
16,205,0.00610352,-0.00244141
16,206,0.00512695,-0.0032959
16,207,0.00256348,-0.00549316
16,208,0.000366211,-0.00585938
16,209,0.0020752,0.00402832
16,210,0.0012207,0.00219727
16,211,0.00439453,0.00354004
16,212,0.00427246,0.00305176
16,213,0.00415039,0.00256348
16,214,0.0045166,0.00195312
16,215,0.00427246,0.000244141
16,216,0.00317383,0.000366211
16,217,0.0020752,0.00292969
16,218,-0.000366211,0.00341797
16,219,-0.00341797,0.000610352
16,220,-0.00378418,-0.000976562
16,221,-0.00341797,-0.00183105
16,222,-0.00219727,-0.00268555
16,223,0.000976562,-0.00439453
16,224,0.00463867,-0.00170898
16,225,-0.00305176,-0.000732422
16,226,-0.00219727,-0.00170898
16,227,-0.00146484,-0.000488281
16,228,-0.0012207,-0.000244141
16,229,-0.000732422,-0.00012207
16,230,-0.00012207,0.000366211
16,231,-0.00012207,0
16,232,0.000366211,0.000488281
16,233,0.000976562,0.000854492
16,234,0.0012207,0.0012207
16,235,-0.00183105,-0.00146484
16,236,-0.00231934,-0.00292969
16,237,-0.00195312,-0.00390625
16,238,-0.000854492,-0.00305176
16,239,-0.000854492,-0.00366211
16,240,0.00012207,-0.00268555
16,241,0.00170898,-0.00158691
16,242,0.0020752,0.000732422
16,243,0.00280762,0.00134277
16,244,0.00354004,0.000244141
16,245,0.00341797,-0.000976562
16,246,0.0032959,-0.00170898
16,247,0.00305176,-0.00134277
16,248,0.00256348,-0.00170898
16,249,0.00109863,-0.00280762
16,250,-0.00012207,-0.00305176
16,251,0.0012207,0.00219727
16,252,0.000488281,0.0012207
16,253,0.00195312,0.0020752
16,254,0.00195312,0.00170898
16,255,0.00183105,0.00146484
16,256,0.0020752,0.000976562
16,257,0.00219727,0
16,258,0.00146484,0
16,259,0.000854492,0.00134277
16,260,0,0.00170898
16,261,-0.00109863,0.000244141
16,262,-0.00146484,-0.000488281
16,263,-0.0012207,-0.000854492
16,264,-0.000854492,-0.00134277
16,265,0.000488281,-0.00219727
16,266,0.0020752,-0.000854492
16,267,0.00341797,0.0012207
16,268,0.00195312,-0.000610352
16,269,0.00146484,-0.000854492
16,270,0.000488281,-0.000610352
16,271,-0.000488281,-0.000610352
16,272,-0.000244141,-0.000244141
16,273,-0.000976562,-0.000244141
16,274,-0.00158691,-0.000366211
16,275,-0.00183105,-0.000488281
16,276,0.00256348,0.00146484
16,277,0.00305176,0.00256348
16,278,0.00256348,0.00317383
16,279,0.00109863,0.00256348
16,280,0.0012207,0.00292969
16,281,0,0.0020752
16,282,-0.00158691,0.00146484
16,283,-0.00195312,-0.000732422
16,284,-0.00280762,-0.000854492
16,285,-0.00366211,0.0012207
16,286,-0.00378418,0.00256348
16,287,-0.00341797,0.00305176
16,288,-0.00341797,0.00256348
16,289,-0.00268555,0.00268555
16,290,-0.000610352,0.00268555
16,291,0.0012207,0.00231934
16,292,-0.00231934,-0.00170898
16,293,-0.000976562,-0.0012207
16,294,-0.00256348,-0.00183105
16,295,-0.00244141,-0.00158691
16,296,-0.00219727,-0.0012207
16,297,-0.00244141,-0.000732422
16,298,-0.00219727,0.000732422
16,299,-0.00158691,0.000366211
16,300,-0.00158691,-0.000732422
16,301,-0.00109863,-0.0012207
16,302,0.000610352,-0.000366211
16,303,0.00146484,0.00012207
16,304,0.00134277,0.000244141
16,305,0.0012207,0.000976562
16,306,0.000610352,0.00183105
16,307,-0.00134277,0.000732422
16,308,0.00219727,-0.00231934
16,309,0.000732422,-0.00231934
16,310,-0.000610352,-0.0012207
16,311,-0.00158691,-0.000488281
16,312,-0.0012207,0
16,313,-0.00219727,0.000610352
16,314,-0.00219727,0.00158691
16,315,-0.0020752,0.0020752
16,316,0.00512695,0.00146484
16,317,0.00512695,0.00134277
16,318,0.00354004,0.00109863
16,319,0.00183105,0.0012207
16,320,0.00158691,0.0012207
16,321,0.000244141,0.00109863
16,322,-0.000976562,0.00170898
16,323,-0.00158691,0.000732422
16,324,-0.00231934,0.0012207
16,325,-0.00231934,0.00402832
16,326,-0.00219727,0.00512695
16,327,-0.00158691,0.00549316
16,328,-0.00183105,0.00488281
16,329,-0.00109863,0.00427246
16,330,0.00109863,0.00292969
16,331,0.00305176,0.0012207
16,332,-0.00231934,-0.000488281
16,333,-0.000854492,-0.000610352
16,334,-0.00158691,0
16,335,-0.00158691,0.00012207
16,336,-0.00158691,0.000610352
16,337,-0.00170898,0.000976562
16,338,-0.00170898,0.00268555
16,339,-0.00109863,0.00219727
16,340,-0.00219727,0.00146484
16,341,-0.00292969,-0.000976562
16,342,-0.000732422,-0.00268555
16,343,0.00109863,-0.00244141
16,344,0.00146484,-0.00244141
16,345,0.0020752,-0.00109863
16,346,0.00292969,0.0012207
16,347,0.000488281,0.00219727
16,348,0.00488281,-0.00134277
16,349,0.00109863,-0.00231934
16,350,-0.000610352,-0.00244141
16,351,-0.0012207,-0.00231934
16,352,-0.00366211,-0.00280762
16,353,-0.00463867,-0.00244141
16,354,-0.00610352,-0.0020752
16,355,-0.000488281,0.00463867
16,356,0.000854492,0.00244141
16,357,0.00305176,-0.000854492
16,358,0.00195312,-0.00134277
16,359,0.00280762,-0.00256348
16,360,0.00134277,-0.00244141
16,361,-0.000976562,-0.000976562
16,362,-0.0032959,0.000244141
16,363,-0.00537109,0.00158691
16,364,-0.00683594,0.00268555
16,365,-0.0057373,0.00292969
16,366,-0.00488281,0.0032959
16,367,-0.0045166,0.00268555
16,368,-0.00280762,0.00292969
16,369,0.0012207,0.00341797
16,370,0.0032959,0.00341797
16,371,-0.00366211,-0.0012207
16,372,-0.0012207,-0.000366211
16,373,-0.00219727,0.00109863
16,374,-0.00146484,0.000854492
16,375,-0.00183105,0.00109863
16,376,-0.000732422,0.000854492
16,377,-0.0020752,0.00109863
16,378,-0.00268555,0.000976562
16,379,-0.00769043,-0.00439453
16,380,-0.0032959,-0.00756836
16,381,0.00390625,-0.00415039
16,382,0.00549316,-0.000732422
16,383,0.00622559,0.00012207
16,384,0.00500488,0.00256348
16,385,0.00244141,0.00695801
16,386,-0.00268555,0.00585938
16,387,0.00244141,-0.00170898
16,388,0.0012207,-0.00219727
16,389,0.000610352,-0.0020752
16,390,-0.0012207,-0.00292969
16,391,-0.00305176,-0.00317383
16,392,-0.00512695,-0.00292969
16,393,-0.00390625,0.00341797
16,394,-0.00195312,0.00146484
16,395,0.00183105,-0.00134277
16,396,0.00146484,-0.00170898
16,397,0.00268555,-0.00268555
16,398,0.00183105,-0.00280762
16,399,0.000488281,-0.00158691
16,400,-0.00158691,-0.000366211
16,401,-0.0032959,0.000732422
16,402,-0.00524902,0.000732422
16,403,-0.00512695,0.000610352
16,404,-0.00463867,0.000610352
16,405,-0.00439453,0.000244141
16,406,-0.00305176,0.000488281
16,407,0.000244141,0.00134277
16,408,0.00170898,0.00219727
16,409,-0.00354004,-0.000244141
16,410,-0.00146484,0
16,411,-0.00280762,0.000732422
16,412,-0.00195312,0.000366211
16,413,-0.0020752,0.000244141
16,414,-0.0012207,0
16,415,-0.00170898,-0.000488281
16,416,-0.00244141,-0.000366211
16,417,-0.00537109,-0.00402832
16,418,-0.000976562,-0.00439453
16,419,0.00402832,-0.000244141
16,420,0.0045166,0.00231934
16,421,0.00488281,0.00292969
16,422,0.00317383,0.00378418
16,423,0.000732422,0.00537109
16,424,-0.00244141,0.00305176
16,425,0.00195312,-0.000732422
16,426,0.00170898,-0.000854492
16,427,0.0012207,-0.00170898
16,428,-0.00012207,-0.00268555
16,429,-0.00158691,-0.00305176
16,430,-0.00415039,0
16,431,-0.00219727,-0.000244141
16,432,0.00109863,-0.000366211
16,433,0.0012207,-0.000488281
16,434,0.00231934,-0.000610352
16,435,0.00195312,-0.000732422
16,436,0.00134277,-0.000610352
16,437,0,-0.000610352
16,438,-0.000976562,-0.000366211
16,439,-0.00219727,-0.0012207
16,440,-0.00231934,-0.00158691
16,441,-0.00219727,-0.00170898
16,442,-0.0020752,-0.00170898
16,443,-0.00170898,-0.00134277
16,444,-0.000366211,-0.00012207
16,445,-0.00012207,0.00109863
16,446,-0.00183105,-0.000366211
16,447,-0.00109863,-0.00012207
16,448,-0.00231934,-0.000244141
16,449,-0.00170898,-0.000366211
16,450,-0.00158691,-0.000732422
16,451,-0.00109863,-0.000488281
16,452,-0.000854492,-0.00134277
16,453,-0.0012207,-0.00134277
16,454,-0.000854492,-0.00280762
16,455,0.00146484,-0.000732422
16,456,0.0020752,0.00256348
16,457,0.0012207,0.00341797
16,458,0.00109863,0.00378418
16,459,-0.00012207,0.00292969
16,460,-0.00158691,0.00195312
16,461,-0.00170898,-0.00012207
16,462,0.00219727,-0.000366211
16,463,0.00231934,-0.0012207
16,464,0.00134277,-0.00244141
16,465,0.000244141,-0.00305176
16,466,-0.00427246,-0.000854492
16,467,-0.0032959,-0.000854492
16,468,-0.000732422,-0.000488281
16,469,-0.00012207,-0.000488281
16,470,0.000854492,-0.000366211
16,471,0.00109863,-0.000732422
16,472,0.00134277,-0.000976562
16,473,0.000732422,-0.00109863
16,474,0.000244141,-0.0012207
16,475,-0.000244141,-0.00244141
16,476,-0.000732422,-0.00268555
16,477,-0.000854492,-0.00280762
16,478,-0.000854492,-0.00268555
16,479,-0.00109863,-0.00231934
16,480,-0.00109863,-0.000976562
16,481,-0.00158691,0
16,482,-0.000488281,0
16,483,-0.000610352,-0.00012207
16,484,-0.00134277,-0.000732422
16,485,-0.000976562,-0.000854492
16,486,-0.000732422,-0.0012207
16,487,-0.000488281,-0.000976562
16,488,0.00012207,-0.00183105
16,489,-0.000244141,-0.00183105
16,490,0.00134277,-0.00244141
16,491,0.00292969,0.000976562
16,492,0.00158691,0.00390625
16,493,0.000244141,0.00415039
16,494,-0.000244141,0.00427246
16,495,-0.00134277,0.00280762
16,496,-0.00256348,0.000366211
16,497,-0.00146484,-0.00183105
16,498,0.00256348,-0.000854492
16,499,0.00195312,-0.00195312
16,500,0.00109863,-0.00256348
16,501,-0.00366211,-0.00195312
16,502,-0.00244141,-0.00146484
16,503,-0.00012207,-0.000244141
16,504,0.000366211,-0.00012207
16,505,0.00134277,0.000244141
16,506,0.00146484,0
16,507,0.00158691,-0.00012207
16,508,0.000854492,-0.000610352
16,509,0.000366211,-0.000854492
16,510,0.00012207,-0.00195312
16,511,-0.00012207,-0.00219727
16,512,-0.00012207,-0.00244141
16,513,-0.00012207,-0.00231934
16,514,-0.000244141,-0.0020752
16,515,-0.000366211,-0.00109863
16,516,-0.00109863,-0.000244141
16,517,-0.000732422,0
16,518,-0.000732422,-0.00012207
16,519,-0.00146484,-0.000732422
16,520,-0.000976562,-0.000610352
16,521,-0.000732422,-0.000976562
16,522,-0.000488281,-0.000610352
16,523,0.000366211,-0.00134277
16,524,0,-0.00158691
16,525,0.00195312,-0.00170898
16,526,0.00268555,0.00170898
16,527,0.000732422,0.00402832
16,528,-0.000732422,0.00378418
16,529,-0.00109863,0.00378418
16,530,-0.00183105,0.00219727
16,531,-0.00244141,-0.000366211
16,532,-0.000854492,-0.00195312
16,533,0.00390625,-0.00134277
16,534,0.00378418,-0.00231934
16,535,-0.00366211,-0.00341797
16,536,-0.00317383,-0.00219727
16,537,-0.00183105,0.000244141
16,538,-0.000854492,0.000366211
16,539,-0.000366211,0.00134277
16,540,0.000488281,0.000854492
16,541,0.00134277,-0.000610352
16,542,0.00183105,-0.00183105
16,543,0.00195312,-0.00292969
16,544,0.00231934,-0.00427246
16,545,0.00170898,-0.00390625
16,546,0.0012207,-0.00415039
16,547,0.00109863,-0.00366211
16,548,0.00012207,-0.00317383
16,549,-0.00170898,-0.00195312
16,550,-0.00317383,-0.0012207
16,551,0.00109863,-0.000244141
16,552,0,-0.000366211
16,553,-0.000488281,-0.00183105
16,554,-0.000244141,-0.00146484
16,555,0,-0.00183105
16,556,-0.00012207,-0.0012207
16,557,0.00109863,-0.00195312
16,558,0.000976562,-0.00219727
16,559,0.00537109,-0.00146484
16,560,0.00488281,0.00378418
16,561,-0.00012207,0.00585938
16,562,-0.00244141,0.00463867
16,563,-0.0032959,0.00439453
16,564,-0.00390625,0.00183105
16,565,-0.00439453,-0.00268555
16,566,-0.00109863,-0.00476074
16,567,0.00634766,-0.00170898
16,568,-0.00158691,-0.00549316
16,569,-0.00195312,-0.00366211
16,570,-0.00183105,0.000244141
16,571,-0.000976562,0.000732422
16,572,-0.000976562,0.0020752
16,573,0.00012207,0.00158691
16,574,0.0012207,0.00012207
16,575,0.0020752,-0.00170898
16,576,0.00219727,-0.00317383
16,577,0.00366211,-0.00439453
16,578,0.00354004,-0.00402832
16,579,0.00317383,-0.00390625
16,580,0.00305176,-0.00341797
16,581,0.00195312,-0.00292969
16,582,-0.000976562,-0.0020752
16,583,-0.00292969,-0.00195312
16,584,0.00183105,-0.0012207
16,585,0.000488281,-0.000854492
16,586,0.000976562,-0.00244141
16,587,0.0012207,-0.00170898
16,588,0.00146484,-0.00170898
16,589,0.00109863,-0.000854492
16,590,0.00256348,-0.000976562
16,591,0.00256348,-0.00170898
16,592,0.00720215,-0.0012207
16,593,0.00439453,0.00415039
16,594,-0.00244141,0.00537109
16,595,-0.00488281,0.00354004
16,596,-0.0057373,0.00305176
16,597,-0.00524902,0.000610352
16,598,-0.0045166,-0.00390625
16,599,0,-0.00512695
16,600,0.000976562,-0.00646973
16,601,-0.000366211,-0.00378418
16,602,-0.00231934,0.0012207
16,603,-0.00158691,0.00170898
16,604,-0.00219727,0.00341797
16,605,-0.000854492,0.00280762
16,606,0.000854492,0.000610352
16,607,0.00280762,-0.00195312
16,608,0.00378418,-0.00402832
16,609,0.0057373,-0.00476074
16,610,0.00524902,-0.00415039
16,611,0.0045166,-0.00390625
16,612,0.00439453,-0.0032959
16,613,0.00268555,-0.00292969
16,614,-0.00146484,-0.00244141
16,615,-0.00366211,-0.00268555
16,616,0.00354004,-0.00158691
16,617,0.00158691,-0.000976562
16,618,0.00280762,-0.00305176
16,619,0.00268555,-0.00195312
16,620,0.00268555,-0.00183105
16,621,0.00183105,-0.000732422
16,622,0.00292969,-0.000366211
16,623,0.00341797,-0.0012207
16,624,0.00976562,0.000488281
16,625,0.00476074,0.00537109
16,626,-0.0045166,0.00476074
16,627,-0.00695801,0.00195312
16,628,-0.00805664,0.00109863
16,629,-0.00683594,-0.0012207
16,630,-0.00500488,-0.00622559
16,631,0.000854492,-0.00671387
16,632,0.0109863,0.00244141
16,633,0.00305176,0.00512695
16,634,0.000366211,0.00488281
16,635,-0.00170898,0.0057373
16,636,-0.00292969,0.00549316
16,637,-0.00415039,0.00476074
16,638,-0.00244141,0.00219727
16,639,-0.00183105,0.00146484
16,640,0.000244141,0.00512695
16,641,0.00134277,0.00708008
16,642,0.00183105,0.00805664
16,643,0.00158691,0.00769043
16,644,0.00158691,0.00695801
16,645,0.00183105,0.00512695
16,646,0.00305176,0.0020752
16,647,0.00146484,-0.00219727
16,648,0.000854492,-0.00109863
16,649,0.00134277,-0.000854492
16,650,0,0
16,651,-0.00012207,0.00109863
16,652,-0.00134277,0.00134277
16,653,-0.00158691,0.00476074
16,654,0.000366211,0.00402832
16,655,-0.00012207,0.00561523
16,656,-0.00500488,-0.000976562
16,657,-0.00439453,-0.00817871
16,658,-0.00170898,-0.00939941
16,659,-0.000854492,-0.00939941
16,660,0.00158691,-0.00671387
16,661,0.00476074,-0.00195312
16,662,0.00268555,0.00354004
16,663,0.00842285,0.00402832
16,664,0.00512695,0.00439453
16,665,0.00476074,0.00561523
16,666,0.00231934,0.00585938
16,667,-0.000732422,0.00646973
16,668,-0.00268555,0.00354004
16,669,-0.00354004,0.00305176
16,670,-0.00183105,0.00598145
16,671,-0.00012207,0.00695801
16,672,0.00109863,0.0078125
16,673,0.000976562,0.00708008
16,674,0.00170898,0.0065918
16,675,0.00366211,0.00549316
16,676,0.00524902,0.00317383
16,677,-0.00195312,-0.00268555
16,678,-0.000732422,-0.00109863
16,679,-0.00134277,0
16,680,-0.00195312,0.0012207
16,681,-0.00183105,0.00183105
16,682,-0.00244141,0.00268555
16,683,-0.0020752,0.00524902
16,684,-0.000488281,0.00390625
16,685,-0.000854492,0.00305176
16,686,-0.00488281,-0.0020752
16,687,-0.00439453,-0.00671387
16,688,-0.00219727,-0.00732422
16,689,-0.0012207,-0.00695801
16,690,0.000976562,-0.00463867
16,691,0.00378418,0.00012207
16,692,0.00183105,0.0045166
16,693,0.00939941,0.00134277
16,694,0.0114746,0.00231934
16,695,0.00842285,0.0032959
16,696,0.00378418,0.00585938
16,697,-0.00231934,0.00402832
16,698,-0.00537109,0.00427246
16,699,-0.00439453,0.00500488
16,700,-0.00195312,0.00488281
16,701,-0.00012207,0.00512695
16,702,-0.00012207,0.00439453
16,703,0.00146484,0.00439453
16,704,0.00537109,0.00476074
16,705,0.00683594,0.00378418
16,706,-0.00610352,-0.00268555
16,707,-0.00268555,-0.000854492
16,708,-0.00476074,0.0012207
16,709,-0.00402832,0.00231934
16,710,-0.00354004,0.00231934
16,711,-0.00268555,0.00366211
16,712,-0.00158691,0.0045166
16,713,-0.0012207,0.00244141
16,714,-0.00244141,-0.00244141
16,715,-0.00354004,-0.00378418
16,716,-0.00231934,-0.00256348
16,717,-0.00146484,-0.00183105
16,718,-0.000488281,-0.000976562
16,719,0.000488281,0.000244141
16,720,0.00158691,0.00378418
16,721,-0.000244141,0.00512695
16,722,0.00952148,0.000488281
16,723,0.00732422,0.00158691
16,724,0.00415039,0.00390625
16,725,-0.00109863,0.00317383
16,726,-0.00341797,0.00366211
16,727,-0.00268555,0.00354004
16,728,-0.000854492,0.00280762
16,729,0.000610352,0.00268555
16,730,0.000610352,0.00219727
16,731,0.00170898,0.00219727
16,732,0.00439453,0.00231934
16,733,0.00512695,0.00183105
16,734,-0.00500488,-0.00146484
16,735,-0.00219727,-0.000244141
16,736,-0.00366211,0.00146484
16,737,-0.00280762,0.00231934
16,738,-0.00231934,0.0020752
16,739,-0.00146484,0.00305176
16,740,-0.000366211,0.00305176
16,741,-0.000610352,0.00134277
16,742,-0.00158691,-0.00231934
16,743,-0.00219727,-0.00244141
16,744,-0.00183105,-0.000854492
16,745,-0.00158691,-0.000244141
16,746,-0.000854492,0.000244141
16,747,-0.000244141,0.000610352
16,748,0.000854492,0.00256348
16,749,0.00012207,0.00317383
16,750,0.0098877,0.0012207
16,751,0.00585938,0.00439453
16,752,-0.0012207,0.00390625
16,753,-0.00463867,0.0045166
16,754,-0.00402832,0.00378418
16,755,-0.00158691,0.00256348
16,756,0.00012207,0.00231934
16,757,0.000244141,0.00170898
16,758,0.00170898,0.00183105
16,759,0.00537109,0.00256348
16,760,0.00610352,0.00256348
16,761,-0.00671387,-0.00158691
16,762,-0.00305176,-0.000244141
16,763,-0.00512695,0.0020752
16,764,-0.00390625,0.00292969
16,765,-0.00317383,0.00244141
16,766,-0.00195312,0.00366211
16,767,-0.000366211,0.00317383
16,768,-0.000854492,0.00109863
16,769,-0.00219727,-0.00415039
16,770,-0.00183105,-0.00317383
16,771,-0.00109863,0.000244141
16,772,-0.00134277,0.0012207
16,773,-0.000488281,0.0020752
16,774,-0.000244141,0.0020752
16,775,0.000244141,0.00402832
16,776,-0.000610352,0.00402832
16,777,0.00610352,0.00268555
16,778,0.000610352,0.00305176
16,779,-0.00183105,0.00354004
16,780,-0.00146484,0.00231934
16,781,-0.00012207,0.000854492
16,782,0.00109863,0.000366211
16,783,0.00109863,-0.00012207
16,784,0.00195312,-0.00012207
16,785,0.00415039,0.000366211
16,786,0.00439453,0.000610352
16,787,-0.00500488,-0.000610352
16,788,-0.00219727,0.00012207
16,789,-0.0032959,0.00170898
16,790,-0.00219727,0.00244141
16,791,-0.00170898,0.00183105
16,792,-0.000732422,0.00280762
16,793,0.000610352,0.0020752
16,794,0.00012207,0.000488281
16,795,-0.000244141,-0.00292969
16,796,-0.000732422,-0.000976562
16,797,-0.00170898,0.00183105
16,798,-0.00244141,0.00219727
16,799,-0.00183105,0.00256348
16,800,-0.00146484,0.00170898
16,801,-0.000366211,0.00195312
16,802,0.000366211,0.00170898
16,803,0.00500488,0.00268555
16,804,0.00427246,0.00427246
16,805,0.00427246,0.00268555
16,806,0.0032959,-0.00012207
16,807,0.00354004,-0.00158691
16,808,0.00292969,-0.0020752
16,809,0.00292969,-0.00292969
16,810,0.00341797,-0.00463867
16,811,0.00292969,-0.00415039
16,812,-0.00305176,0.00305176
16,813,-0.000976562,0.00146484
16,814,-0.00012207,0.00231934
16,815,0.000732422,0.00256348
16,816,0.00109863,0.00158691
16,817,0.00158691,0.00195312
16,818,0.00256348,0.000854492
16,819,0.00195312,0.00012207
16,820,0.00244141,0.00158691
16,821,0,0.00463867
16,822,-0.00366211,0.0045166
16,823,-0.0045166,0.00280762
16,824,-0.00402832,0.00219727
16,825,-0.00317383,0
16,826,0.000488281,-0.00292969
16,827,0.0045166,-0.00231934
16,828,0.00866699,0.00109863
16,829,0.0078125,0.00012207
16,830,0.0045166,-0.0020752
16,831,0.00354004,-0.00341797
16,832,0.00268555,-0.00354004
16,833,0.00158691,-0.0045166
16,834,-0.00012207,-0.00695801
16,835,-0.000732422,-0.00622559
16,836,0.00134277,0.00390625
16,837,0.00109863,0.00146484
16,838,0.00354004,0.000610352
16,839,0.00354004,0.000610352
16,840,0.00341797,-0.00012207
16,841,0.00280762,-0.000366211
16,842,0.00268555,-0.000976562
16,843,0.00256348,-0.000732422
16,844,0.00549316,0.00488281
16,845,0.00158691,0.00769043
16,846,-0.00427246,0.00500488
16,847,-0.00524902,0.00219727
16,848,-0.00524902,0.000732422
16,849,-0.0045166,-0.00183105
16,850,-0.000244141,-0.00683594
16,851,0.0057373,-0.00634766
16,852,0.0114746,-0.000854492
16,853,0.00683594,-0.00292969
16,854,0.00488281,-0.0045166
16,855,0.00366211,-0.00427246
16,856,0.00170898,-0.0057373
16,857,-0.0020752,-0.0090332
16,858,-0.00292969,-0.00842285
16,859,0.00415039,0.0057373
16,860,0.00231934,0.0020752
16,861,0.00561523,0.000366211
16,862,0.00500488,0
16,863,0.00476074,-0.000732422
16,864,0.00354004,-0.00146484
16,865,0.00305176,-0.00195312
16,866,0.0032959,-0.000976562
16,867,0.00756836,0.00756836
16,868,0.00268555,0.0102539
16,869,-0.00500488,0.00561523
16,870,-0.00610352,0.00170898
16,871,-0.00634766,-0.000366211
16,872,-0.00537109,-0.00341797
16,873,-0.000732422,-0.0100098
16,874,0.00671387,-0.00927734
16,875,0.0098877,-0.00183105
16,876,0.00842285,-0.00341797
16,877,0.00695801,-0.00292969
16,878,0.00463867,-0.00463867
16,879,-0.000366211,-0.00854492
16,880,-0.00256348,-0.00927734
16,881,0.00439453,0.00585938
16,882,0.00219727,0.00195312
16,883,0.00561523,0.000488281
16,884,0.00512695,0.000366211
16,885,0.00500488,-0.00012207
16,886,0.00390625,-0.000732422
16,887,0.00463867,-0.000854492
16,888,0.00476074,-0.000244141
16,889,0.00866699,0.00793457
16,890,0.0020752,0.0107422
16,891,-0.00646973,0.00500488
16,892,-0.00769043,0.000244141
16,893,-0.00805664,-0.00183105
16,894,-0.00610352,-0.00488281
16,895,-0.000488281,-0.0112305
16,896,0.00708008,-0.00891113
16,897,0.00927734,-0.00134277
16,898,0.00830078,-0.000976562
16,899,0.00671387,-0.00219727
16,900,0.00292969,-0.00561523
16,901,-0.00012207,-0.00708008
16,902,0.00219727,0.00402832
16,903,0.000976562,0.00158691
16,904,0.00366211,0.00158691
16,905,0.00354004,0.00158691
16,906,0.00378418,0.00134277
16,907,0.00341797,0.000976562
16,908,0.00500488,0.000732422
16,909,0.0045166,0.000610352
16,910,0.00524902,0.00622559
16,911,-0.000610352,0.00756836
16,912,-0.00646973,0.0020752
16,913,-0.00671387,-0.00195312
16,914,-0.00671387,-0.0032959
16,915,-0.00415039,-0.00512695
16,916,0.00109863,-0.00842285
16,917,0.00646973,-0.00427246
16,918,0.00866699,0.00012207
16,919,0.00756836,-0.00109863
16,920,0.00476074,-0.0045166
16,921,0.00170898,-0.00622559
16,922,0.000488281,0.00341797
16,923,0.00012207,0.00146484
16,924,0.00256348,0.0020752
16,925,0.00268555,0.00219727
16,926,0.00317383,0.0020752
16,927,0.00305176,0.00183105
16,928,0.00500488,0.00158691
16,929,0.00439453,0.00109863
16,930,0.00354004,0.00585938
16,931,-0.00244141,0.00671387
16,932,-0.00708008,0.000854492
16,933,-0.00671387,-0.00268555
16,934,-0.00634766,-0.00378418
16,935,-0.00341797,-0.00524902
16,936,0.00231934,-0.00720215
16,937,0.00683594,-0.00219727
16,938,0.00720215,-0.000976562
16,939,0.00476074,-0.00366211
16,940,0.00170898,-0.00524902
16,941,0.000366211,0.00244141
16,942,0.00012207,0.0012207
16,943,0.00231934,0.00183105
16,944,0.00231934,0.0020752
16,945,0.00292969,0.0020752
16,946,0.00292969,0.00183105
16,947,0.00463867,0.00146484
16,948,0.00390625,0.00109863
16,949,0.00280762,0.00500488
16,950,-0.00268555,0.00549316
16,951,-0.00671387,0.00012207
16,952,-0.00622559,-0.00292969
16,953,-0.00585938,-0.00378418
16,954,-0.00305176,-0.00488281
16,955,0.00219727,-0.00610352
16,956,0.00610352,-0.0012207
16,957,0.00598145,-0.00268555
16,958,0.00341797,-0.00415039
16,959,-0.00146484,0.00195312
16,960,-0.000610352,0.00109863
16,961,0.00134277,0.00244141
16,962,0.00158691,0.00268555
16,963,0.00219727,0.00268555
16,964,0.00256348,0.00244141
16,965,0.00402832,0.0020752
16,966,0.00305176,0.00158691
16,967,0.00012207,0.0045166
16,968,-0.0045166,0.00390625
16,969,-0.00634766,-0.0012207
16,970,-0.00524902,-0.00354004
16,971,-0.0045166,-0.00427246
16,972,-0.00158691,-0.00463867
16,973,0.00366211,-0.00415039
16,974,0.00622559,0.00109863
16,975,0.0078125,-0.00158691
16,976,-0.00561523,0.00109863
16,977,-0.00219727,0.000976562
16,978,-0.00134277,0.00378418
16,979,-0.000488281,0.00415039
16,980,0.00012207,0.00415039
16,981,0.00109863,0.00378418
16,982,0.00244141,0.00390625
16,983,0.00134277,0.00292969
16,984,-0.00537109,0.00366211
16,985,-0.00842285,0.000732422
16,986,-0.00561523,-0.00390625
16,987,-0.00268555,-0.00463867
16,988,-0.00109863,-0.00488281
16,989,0.00170898,-0.00378418
16,990,0.00695801,0.00012207
16,991,0.0065918,0.00622559
16,992,-0.00610352,0.000610352
16,993,-0.00231934,0.000732422
16,994,-0.00195312,0.00378418
16,995,-0.00134277,0.00402832
16,996,-0.000854492,0.00402832
16,997,0,0.00390625
16,998,0.000488281,0.00463867
16,999,-0.00012207,0.00354004
16,1000,-0.0065918,0.00317383
16,1001,-0.00866699,-0.000976562
16,1002,-0.00427246,-0.00500488
16,1003,-0.000854492,-0.00488281
16,1004,0.000976562,-0.00488281
16,1005,0.00317383,-0.00292969
16,1006,0.00756836,0.0020752
16,1007,0.00549316,0.00708008
16,1008,0.00292969,-0.00012207
16,1009,0.00390625,-0.00183105
16,1010,0.00256348,-0.00195312
16,1011,0.00183105,-0.00183105
16,1012,0.000732422,-0.00195312
16,1013,-0.000488281,-0.0020752
16,1014,0.000732422,-0.0012207
16,1015,0.00598145,0.000488281
16,1016,0.00561523,0.000976562
16,1017,0.00146484,0.000488281
16,1018,-0.000488281,-0.000244141
16,1019,-0.00134277,-0.000488281
16,1020,-0.00231934,-0.000976562
16,1021,-0.00427246,-0.00354004
16,1022,-0.00219727,-0.00488281
16,1023,0.00244141,-0.000854492
16,1024,0.00195312,-0.000854492
16,1025,0.00146484,-0.000854492
16,1026,0.000976562,-0.000976562
16,1027,0.00012207,-0.000732422
16,1028,0.000488281,-0.000366211
16,1029,0.00244141,0.000732422
16,1030,0.00158691,0.000488281
16,1031,-0.000366211,0
16,1032,-0.000854492,-0.000488281
16,1033,-0.0012207,-0.000732422
16,1034,-0.00134277,-0.000854492
16,1035,-0.00146484,-0.00195312
16,1036,-0.00012207,-0.00231934
16,1037,0.00488281,0
16,1038,0.00427246,-0.00012207
16,1039,0.00354004,-0.000732422
16,1040,0.00195312,-0.000610352
16,1041,0.0020752,0.000244141
16,1042,0.00317383,0.00402832
16,1043,0.00012207,0.00305176
16,1044,-0.0032959,-0.000488281
16,1045,-0.0032959,-0.0020752
16,1046,-0.00317383,-0.00305176
16,1047,-0.00219727,-0.0032959
16,1048,0.000366211,-0.00488281
16,1049,0.00366211,-0.0032959
16,1050,0.00415039,-0.00012207
16,1051,0.00378418,-0.000610352
16,1052,0.00256348,-0.000610352
16,1053,0.00219727,0.00012207
16,1054,0.00268555,0.00268555
16,1055,-0.00012207,0.00280762
16,1056,-0.00317383,0.000488281
16,1057,-0.0032959,-0.000854492
16,1058,-0.0032959,-0.00183105
16,1059,-0.00231934,-0.00231934
16,1060,0.00012207,-0.00427246
16,1061,0.00354004,-0.00317383
16,1062,0.00354004,-0.000488281
16,1063,0.00268555,-0.000610352
16,1064,0.00231934,0
16,1065,0.00231934,0.00317383
16,1066,-0.000732422,0.00341797
16,1067,-0.00378418,0.000732422
16,1068,-0.00378418,-0.000854492
16,1069,-0.00366211,-0.00183105
16,1070,-0.00244141,-0.00244141
16,1071,0.000488281,-0.00439453
16,1072,0.00390625,-0.00292969
16,1073,0.00317383,-0.000366211
16,1074,0.00219727,0
16,1075,0.000854492,0.00158691
16,1076,-0.00109863,0.0020752
16,1077,-0.00292969,0.000732422
16,1078,-0.00280762,-0.000244141
16,1079,-0.00268555,-0.000976562
16,1080,-0.00158691,-0.00146484
16,1081,0.000732422,-0.00280762
16,1082,0.00341797,-0.00170898
16,1083,0.00305176,-0.000244141
16,1084,0.00170898,0.00134277
16,1085,-0.000976562,0.00354004
16,1086,-0.00378418,0.00244141
16,1087,-0.00402832,0.000732422
16,1088,-0.00390625,-0.00012207
16,1089,-0.00244141,-0.00134277
16,1090,0.000488281,-0.00366211
16,1091,0.00366211,-0.00231934
16,1092,0.00317383,0.0020752
16,1093,-0.000366211,0.00378418
16,1094,-0.00402832,0.00195312
16,1095,-0.00439453,0
16,1096,-0.0045166,-0.000732422
16,1097,-0.00292969,-0.00195312
16,1098,0,-0.00402832
16,1099,0.0032959,-0.00268555
16,1100,0.0107422,0.00744629
16,1101,-0.00268555,0.00878906
16,1102,-0.00720215,0.00524902
16,1103,-0.0090332,0.00415039
16,1104,-0.00939941,0.000366211
16,1105,-0.0090332,-0.00854492
16,1106,-0.000854492,-0.0119629
16,1107,0.00720215,0.00817871
16,1108,0.00158691,0.00830078
16,1109,-0.000610352,0.00866699
16,1110,-0.00463867,0.00598145
16,1111,-0.0112305,-0.00134277
16,1112,-0.00842285,-0.00927734
16,1113,0.010498,0.00390625
16,1114,0.00952148,0.00549316
16,1115,0.00476074,0.0065918
16,1116,-0.00439453,0.00720215
16,1117,-0.0102539,0.00109863
16,1118,0.0109863,0.00146484
16,1119,0.00744629,0.00402832
16,1120,0.000610352,0.0078125
16,1121,-0.00708008,0.00500488
16,1122,0.00842285,0.00305176
16,1123,0.00256348,0.00830078
16,1124,-0.00549316,0.00683594
16,1125,0.00537109,0.00598145
16,1126,-0.00146484,0.00744629
16,1127,0.00817871,0.00732422
17,0,0.0213623,0.0100098
17,1,0.0162354,0.0167236
17,2,0.0126953,0.0169678
17,3,-0.0118408,-0.0186768
17,4,-0.00427246,-0.00878906
17,5,0.00231934,0.0113525
17,6,-0.00488281,0.00744629
17,7,-0.00500488,0.0045166
17,8,-0.0012207,0.00537109
17,9,0.000366211,0.00427246
17,10,0.00183105,0.00390625
17,11,0.000610352,0.00305176
17,12,0.00158691,0.00341797
17,13,0.000732422,0.00158691
17,14,0.0020752,0.00292969
17,15,0.000976562,0.00170898
17,16,-0.00927734,0.0065918
17,17,-0.0183105,0.00915527
17,18,-0.0174561,0.0065918
17,19,-0.0192871,0.00756836
17,20,-0.0170898,0.00732422
17,21,-0.0175781,0.0098877
17,22,-0.00976562,0.0100098
17,23,-0.0129395,0.00268555
17,24,-0.0141602,-0.00610352
17,25,-0.0045166,-0.00976562
17,26,0,-0.00769043
17,27,0.0020752,-0.00671387
17,28,0.00512695,-0.00402832
17,29,0.00585938,0.0078125
17,30,-0.00415039,0.0113525
17,31,0.00817871,-0.015625
17,32,0.00244141,-0.00720215
17,33,-0.00170898,-0.0118408
17,34,-0.0045166,-0.0109863
17,35,-0.00488281,-0.0108643
17,36,-0.0065918,-0.0100098
17,37,-0.00891113,-0.00610352
17,38,-0.00622559,-0.00219727
17,39,-0.0137939,0.00158691
17,40,-0.012085,-0.00585938
17,41,-0.00268555,-0.00634766
17,42,0.000854492,-0.00366211
17,43,0.00231934,-0.00183105
17,44,0.00317383,0.00109863
17,45,0.00158691,0.0108643
17,46,-0.00219727,0.0146484
17,47,0.0391846,0.00927734
17,48,0.0361328,0.0114746
17,49,-0.0360107,-0.0145264
17,50,-0.0157471,-0.00866699
17,51,0.0181885,0.0141602
17,52,0.00427246,0.0186768
17,53,0.00537109,0.0114746
17,54,0.00976562,0.00439453
17,55,0.00610352,-0.00183105
17,56,0.00537109,-0.00402832
17,57,0.00292969,-0.00366211
17,58,0.00195312,-0.00427246
17,59,-0.00183105,-0.00170898
17,60,0.000244141,0.00183105
17,61,-0.00366211,0.0078125
17,62,-0.00952148,0.0213623
17,63,-0.0158691,0.0294189
17,64,-0.0159912,0.0236816
17,65,-0.0169678,0.026123
17,66,-0.0145264,0.0216064
17,67,-0.0134277,0.0185547
17,68,-0.00354004,0.00805664
17,69,-0.0090332,0.00305176
17,70,-0.0212402,-0.00183105
17,71,-0.0180664,-0.0101318
17,72,-0.0141602,-0.0112305
17,73,-0.0111084,-0.0112305
17,74,-0.00634766,-0.0111084
17,75,0.00476074,0.00183105
17,76,0.0012207,0.0166016
17,77,-0.00427246,-0.0256348
17,78,-0.00244141,-0.0128174
17,79,-0.0111084,-0.0187988
17,80,-0.0129395,-0.0148926
17,81,-0.0134277,-0.0136719
17,82,-0.0148926,-0.0111084
17,83,-0.0146484,-0.00244141
17,84,-0.0090332,0.00317383
17,85,-0.0135498,0.00964355
17,86,-0.0148926,0.000976562
17,87,-0.00561523,-0.000244141
17,88,-0.000854492,0.00183105
17,89,0.0012207,0.00402832
17,90,0.00256348,0.00585938
17,91,0.00378418,0.013916
17,92,0.00292969,0.012085
17,93,0.0539551,0.0032959
17,94,-0.0546875,-0.00732422
17,95,-0.0251465,-0.00683594
17,96,0.0323486,0.0141602
17,97,0.0144043,0.0273438
17,98,0.0169678,0.0164795
17,99,0.0212402,0.0012207
17,100,0.0123291,-0.010376
17,101,0.0090332,-0.0140381
17,102,0.00549316,-0.0124512
17,103,0.00244141,-0.0140381
17,104,-0.00427246,-0.00585938
17,105,-0.00280762,0.000488281
17,106,-0.00891113,0.0150146
17,107,-0.0090332,0.0339355
17,108,-0.0111084,0.0445557
17,109,-0.012085,0.036499
17,110,-0.0119629,0.0397949
17,111,-0.00939941,0.0310059
17,112,-0.00683594,0.0222168
17,113,0.00366211,0.00268555
17,114,-0.00268555,0.00158691
17,115,-0.0247803,0.00244141
17,116,-0.0303955,-0.00854492
17,117,-0.0284424,-0.0129395
17,118,-0.0250244,-0.013916
17,119,-0.0196533,-0.0169678
17,120,0.000366211,-0.00585938
17,121,0.00610352,0.0179443
17,122,-0.0150146,-0.0299072
17,123,-0.00708008,-0.0157471
17,124,-0.0196533,-0.0220947
17,125,-0.0203857,-0.0162354
17,126,-0.020752,-0.0141602
17,127,-0.0220947,-0.0102539
17,128,-0.0195312,0.00183105
17,129,-0.0114746,0.00854492
17,130,-0.00976562,0.0155029
17,131,-0.0119629,0.0078125
17,132,-0.00439453,0.00817871
17,133,0,0.00952148
17,134,0.00183105,0.012207
17,135,0.00244141,0.0119629
17,136,0.00402832,0.0155029
17,137,0.00549316,0.0065918
17,138,-0.0539551,-0.00378418
17,139,-0.0250244,-0.00524902
17,140,0.0332031,0.0117188
17,141,0.0167236,0.026123
17,142,0.0187988,0.0148926
17,143,0.0216064,-0.000854492
17,144,0.0115967,-0.012207
17,145,0.00769043,-0.0157471
17,146,0.0045166,-0.0137939
17,147,0.000976562,-0.0151367
17,148,-0.00524902,-0.00585938
17,149,-0.00317383,0.000854492
17,150,-0.00805664,0.0152588
17,151,-0.00634766,0.0335693
17,152,-0.00720215,0.0438232
17,153,-0.00842285,0.0360107
17,154,-0.00805664,0.0391846
17,155,-0.00622559,0.0302734
17,156,-0.00378418,0.020874
17,157,0.00488281,0.000610352
17,158,-0.000366211,0.000732422
17,159,-0.0222168,0.00390625
17,160,-0.0302734,-0.00585938
17,161,-0.0294189,-0.0106201
17,162,-0.0262451,-0.0118408
17,163,-0.0216064,-0.0153809
17,164,-0.00134277,-0.00708008
17,165,0.00695801,0.0158691
17,166,-0.0170898,-0.0273438
17,167,-0.00793457,-0.0147705
17,168,-0.0200195,-0.0202637
17,169,-0.0202637,-0.0144043
17,170,-0.0205078,-0.012207
17,171,-0.0214844,-0.00842285
17,172,-0.0180664,0.00317383
17,173,-0.0100098,0.00939941
17,174,-0.00720215,0.0158691
17,175,-0.0101318,0.0090332
17,176,-0.00390625,0.00866699
17,177,0.00012207,0.00939941
17,178,0.00183105,0.0118408
17,179,0.00244141,0.0112305
17,180,0.00439453,0.0134277
17,181,0.00610352,0.00390625
17,182,0.0256348,0.00341797
17,183,-0.034668,-0.0098877
17,184,-0.0187988,-0.0256348
17,185,-0.0203857,-0.013916
17,186,-0.0224609,0.00231934
17,187,-0.0115967,0.0131836
17,188,-0.00744629,0.0164795
17,189,-0.00415039,0.0142822
17,190,-0.000488281,0.0155029
17,191,0.0057373,0.00561523
17,192,0.00354004,-0.000976562
17,193,0.00756836,-0.0163574
17,194,0.00463867,-0.034668
17,195,0.00463867,-0.0450439
17,196,0.00634766,-0.0372314
17,197,0.00561523,-0.0402832
17,198,0.00427246,-0.03125
17,199,0.00219727,-0.0217285
17,200,-0.00524902,-0.000732422
17,201,0.000366211,-0.00146484
17,202,0.0224609,-0.00610352
17,203,0.0311279,0.00366211
17,204,0.0303955,0.00866699
17,205,0.0273438,0.0102539
17,206,0.022583,0.0144043
17,207,0.0012207,0.00732422
17,208,-0.00866699,-0.015625
17,209,0.019165,0.026001
17,210,0.0090332,0.0140381
17,211,0.0218506,0.0186768
17,212,0.0216064,0.0128174
17,213,0.0217285,0.0106201
17,214,0.022583,0.00683594
17,215,0.0184326,-0.00463867
17,216,0.0098877,-0.010376
17,217,0.00671387,-0.0172119
17,218,0.00964355,-0.010498
17,219,0.00292969,-0.00964355
17,220,-0.0012207,-0.0098877
17,221,-0.0032959,-0.012207
17,222,-0.00366211,-0.0113525
17,223,-0.00585938,-0.0133057
17,224,-0.00671387,-0.00354004
17,225,-0.0174561,-0.00231934
17,226,-0.0113525,-0.0107422
17,227,-0.0112305,-0.00463867
17,228,-0.0107422,0.00341797
17,229,-0.0045166,0.0078125
17,230,-0.0020752,0.00915527
17,231,-0.000732422,0.00769043
17,232,0.0012207,0.00793457
17,233,0.00341797,0.00231934
17,234,0.00195312,-0.00109863
17,235,0.00219727,-0.00878906
17,236,-0.000488281,-0.0169678
17,237,-0.00109863,-0.0214844
17,238,0.000366211,-0.0177002
17,239,-0.000244141,-0.019165
17,240,-0.00012207,-0.0146484
17,241,-0.00012207,-0.00964355
17,242,-0.00195312,0.000976562
17,243,0,0.000244141
17,244,0.0098877,-0.00402832
17,245,0.0152588,-0.000732422
17,246,0.0155029,0.00158691
17,247,0.0141602,0.00244141
17,248,0.0124512,0.00463867
17,249,0.00195312,0.00317383
17,250,-0.00500488,-0.0065918
17,251,0.010498,0.0107422
17,252,0.00512695,0.00598145
17,253,0.0115967,0.00720215
17,254,0.0112305,0.0045166
17,255,0.0109863,0.00354004
17,256,0.0111084,0.00170898
17,257,0.00842285,-0.00366211
17,258,0.00390625,-0.0057373
17,259,0.00170898,-0.00842285
17,260,0.00305176,-0.00524902
17,261,-0.000366211,-0.0045166
17,262,-0.00219727,-0.0045166
17,263,-0.00317383,-0.00561523
17,264,-0.00305176,-0.00524902
17,265,-0.00354004,-0.00585938
17,266,-0.00256348,-0.000976562
17,267,0.0205078,0.0135498
17,268,0.0202637,0.00305176
17,269,0.0169678,-0.00952148
17,270,0.00598145,-0.0155029
17,271,0.00134277,-0.0168457
17,272,-0.000488281,-0.0141602
17,273,-0.00439453,-0.0140381
17,274,-0.00732422,-0.00402832
17,275,-0.00500488,0.00195312
17,276,-0.0012207,0.0145264
17,277,0.00427246,0.0245361
17,278,0.00634766,0.0292969
17,279,0.00378418,0.0240479
17,280,0.00488281,0.0255127
17,281,0.00366211,0.0186768
17,282,0.00268555,0.010376
17,283,0.00268555,-0.00598145
17,284,0.00231934,-0.00317383
17,285,-0.0114746,0.00744629
17,286,-0.0228271,0.00524902
17,287,-0.0247803,0.00183105
17,288,-0.0234375,0.000366211
17,289,-0.0223389,-0.00378418
17,290,-0.00671387,-0.00585938
17,291,0.00817871,0.00634766
17,292,-0.0170898,-0.0115967
17,293,-0.00878906,-0.00708008
17,294,-0.0184326,-0.0078125
17,295,-0.0172119,-0.00427246
17,296,-0.0166016,-0.00268555
17,297,-0.0162354,-0.000244141
17,298,-0.0113525,0.00683594
17,299,-0.00463867,0.00915527
17,300,-0.000854492,0.0119629
17,301,-0.00146484,0.00866699
17,302,0.00439453,0.00756836
17,303,0.00683594,0.00708008
17,304,0.00817871,0.00854492
17,305,0.00732422,0.00756836
17,306,0.00671387,0.00646973
17,307,0.00305176,-0.00268555
17,308,0.0209961,-0.010498
17,309,0.010376,-0.0195312
17,310,-0.00268555,-0.0185547
17,311,-0.0078125,-0.0172119
17,312,-0.00817871,-0.0137939
17,313,-0.0123291,-0.0112305
17,314,-0.0101318,-0.000244141
17,315,-0.00598145,0.00500488
17,316,0.0078125,0.013916
17,317,0.0172119,0.0167236
17,318,0.0211182,0.0170898
17,319,0.0166016,0.0144043
17,320,0.0181885,0.0144043
17,321,0.0130615,0.0098877
17,322,0.00708008,0.00378418
17,323,-0.00256348,-0.00866699
17,324,0.000488281,-0.00537109
17,325,-0.00402832,0.0123291
17,326,-0.0159912,0.0179443
17,327,-0.0198975,0.0164795
17,328,-0.0200195,0.0147705
17,329,-0.0219727,0.010498
17,330,-0.010376,-0.000854492
17,331,0.0102539,-0.000366211
17,332,-0.0180664,0.00134277
17,333,-0.010498,-0.000366211
17,334,-0.0187988,0.0045166
17,335,-0.0159912,0.00622559
17,336,-0.0145264,0.00720215
17,337,-0.0129395,0.00878906
17,338,-0.00549316,0.0117188
17,339,0.000976562,0.0101318
17,340,0.00366211,0.00878906
17,341,0.00427246,0.00598145
17,342,0.0117188,0.00280762
17,343,0.0137939,0.00195312
17,344,0.0153809,0.00268555
17,345,0.0133057,0.00280762
17,346,0.010376,0.00268555
17,347,-0.000488281,-0.00366211
17,348,0.0218506,-0.0133057
17,349,0.0090332,-0.0196533
17,350,0.00280762,-0.0213623
17,351,0.000610352,-0.0185547
17,352,-0.00598145,-0.0192871
17,353,-0.0111084,-0.00866699
17,354,-0.0126953,-0.00134277
17,355,-0.00158691,0.0174561
17,356,0.00622559,0.0200195
17,357,0.0108643,0.0183105
17,358,0.00915527,0.0145264
17,359,0.0109863,0.0142822
17,360,0.00817871,0.00854492
17,361,0.0057373,0.000610352
17,362,0.00183105,-0.0124512
17,363,0.00402832,-0.00524902
17,364,-0.0078125,0.0101318
17,365,-0.0218506,0.010498
17,366,-0.0252686,0.00720215
17,367,-0.0249023,0.00561523
17,368,-0.0250244,0.000244141
17,369,-0.0101318,-0.00646973
17,370,0.00939941,0.00183105
17,371,-0.0144043,-0.00256348
17,372,-0.00830078,-0.00268555
17,373,-0.0157471,-0.000854492
17,374,-0.0142822,0.00195312
17,375,-0.0131836,0.00268555
17,376,-0.0126953,0.00463867
17,377,-0.00891113,0.00878906
17,378,-0.00476074,0.0101318
17,379,-0.00280762,0.00256348
17,380,0.00354004,0.00195312
17,381,0.0147705,0.00646973
17,382,0.0164795,0.00866699
17,383,0.017334,0.0109863
17,384,0.0131836,0.010376
17,385,0.00805664,0.00915527
17,386,-0.000732422,-0.00366211
17,387,0.0196533,-0.012207
17,388,0.0151367,-0.0170898
17,389,0.0117188,-0.0157471
17,390,0.00634766,-0.0197754
17,391,-0.00537109,-0.0131836
17,392,-0.012085,-0.00720215
17,393,-0.0123291,0.0129395
17,394,-0.00842285,0.0178223
17,395,-0.00415039,0.0177002
17,396,-0.00268555,0.0141602
17,397,-0.00134277,0.0144043
17,398,0.000244141,0.00915527
17,399,0.00317383,0.00317383
17,400,0.00732422,-0.00695801
17,401,0.00500488,0.000366211
17,402,-0.012207,0.00500488
17,403,-0.022583,-0.00292969
17,404,-0.0233154,-0.00805664
17,405,-0.0219727,-0.00915527
17,406,-0.0187988,-0.0135498
17,407,-0.0032959,-0.0115967
17,408,0.00695801,0.00524902
17,409,-0.00830078,-0.00830078
17,410,-0.00476074,-0.00549316
17,411,-0.0117188,-0.0078125
17,412,-0.0123291,-0.00500488
17,413,-0.0118408,-0.00439453
17,414,-0.0130615,-0.00280762
17,415,-0.0130615,0.0020752
17,416,-0.0109863,0.00585938
17,417,-0.00683594,0.000732422
17,418,0.000732422,0.00292969
17,419,0.00927734,0.0117188
17,420,0.0100098,0.0146484
17,421,0.00976562,0.0174561
17,422,0.00622559,0.0148926
17,423,0.00244141,0.012207
17,424,0.000854492,-0.00146484
17,425,0.0216064,-0.00585938
17,426,0.0181885,-0.00634766
17,427,0.0166016,-0.012207
17,428,0.00317383,-0.0125732
17,429,-0.00634766,-0.0113525
17,430,-0.0162354,0.00280762
17,431,-0.0162354,0.00683594
17,432,-0.0128174,0.00756836
17,433,-0.00952148,0.00634766
17,434,-0.00891113,0.00671387
17,435,-0.00427246,0.00427246
17,436,0.00158691,0.00231934
17,437,0.0098877,-0.000976562
17,438,0.00476074,0.00427246
17,439,-0.0098877,-0.00146484
17,440,-0.013916,-0.0131836
17,441,-0.012085,-0.0179443
17,442,-0.0108643,-0.0180664
17,443,-0.0065918,-0.0200195
17,444,0.00354004,-0.0119629
17,445,0.00268555,0.00537109
17,446,-0.00012207,-0.00732422
17,447,-0.000366211,-0.00476074
17,448,-0.0045166,-0.00927734
17,449,-0.0065918,-0.00793457
17,450,-0.00671387,-0.00769043
17,451,-0.00854492,-0.00744629
17,452,-0.0118408,-0.00463867
17,453,-0.012207,-0.00134277
17,454,-0.00537109,-0.00183105
17,455,0.000976562,0.00476074
17,456,0.00305176,0.0147705
17,457,0.00170898,0.0167236
17,458,0,0.0181885
17,459,-0.00195312,0.013916
17,460,-0.00402832,0.00854492
17,461,0.00109863,-0.00183105
17,462,0.0194092,-0.00146484
17,463,0.0196533,-0.00744629
17,464,0.00671387,-0.0111084
17,465,-0.00292969,-0.012207
17,466,-0.0162354,-0.00183105
17,467,-0.0177002,0.00244141
17,468,-0.0150146,0.00415039
17,469,-0.0114746,0.00378418
17,470,-0.0112305,0.00439453
17,471,-0.0057373,0.00317383
17,472,0.000244141,0.00280762
17,473,0.00939941,0.00195312
17,474,0.0032959,0.00524902
17,475,-0.00915527,-0.0045166
17,476,-0.0098877,-0.0169678
17,477,-0.00683594,-0.0209961
17,478,-0.00549316,-0.020752
17,479,-0.000976562,-0.0212402
17,480,0.00634766,-0.010498
17,481,0.000732422,0.00610352
17,482,0.00305176,-0.00756836
17,483,0.00134277,-0.00463867
17,484,-0.00183105,-0.0100098
17,485,-0.00439453,-0.00939941
17,486,-0.00463867,-0.00915527
17,487,-0.0065918,-0.00939941
17,488,-0.0106201,-0.00732422
17,489,-0.0118408,-0.00439453
17,490,-0.00427246,-0.00292969
17,491,0.000732422,0.00476074
17,492,-0.00012207,0.0150146
17,493,-0.00231934,0.0164795
17,494,-0.00463867,0.0172119
17,495,-0.00561523,0.0128174
17,496,-0.00695801,0.00708008
17,497,0.000488281,-0.00109863
17,498,0.0175781,-0.00549316
17,499,0.00671387,-0.00927734
17,500,-0.00170898,-0.0109863
17,501,-0.0140381,-0.0032959
17,502,-0.0151367,-0.00012207
17,503,-0.0124512,0.00146484
17,504,-0.00939941,0.00170898
17,505,-0.00915527,0.00231934
17,506,-0.00439453,0.00158691
17,507,0.000976562,0.00183105
17,508,0.00866699,0.0020752
17,509,0.00341797,0.00463867
17,510,-0.00646973,-0.0045166
17,511,-0.0065918,-0.0150146
17,512,-0.00402832,-0.0183105
17,513,-0.00317383,-0.0180664
17,514,0.000610352,-0.0181885
17,515,0.00561523,-0.0090332
17,516,-0.00012207,0.0045166
17,517,0.0032959,-0.00537109
17,518,0.00158691,-0.00354004
17,519,-0.000244141,-0.00805664
17,520,-0.00244141,-0.0078125
17,521,-0.00280762,-0.00756836
17,522,-0.00439453,-0.00805664
17,523,-0.00793457,-0.00683594
17,524,-0.00952148,-0.00476074
17,525,-0.00268555,-0.00305176
17,526,0.00109863,0.00427246
17,527,-0.00134277,0.0130615
17,528,-0.00354004,0.0140381
17,529,-0.0057373,0.0144043
17,530,-0.00634766,0.010376
17,531,-0.00695801,0.00476074
17,532,0.000488281,-0.00183105
17,533,0.0111084,-0.00720215
17,534,0.00317383,-0.0117188
17,535,-0.0133057,-0.00830078
17,536,-0.0153809,-0.00488281
17,537,-0.0134277,-0.00195312
17,538,-0.010376,-0.000732422
17,539,-0.010498,0.00012207
17,540,-0.00524902,0.000610352
17,541,0.000488281,0.0020752
17,542,0.00878906,0.00439453
17,543,0.00256348,0.00512695
17,544,-0.00524902,-0.00744629
17,545,-0.00231934,-0.0180664
17,546,0.00109863,-0.0203857
17,547,0.00195312,-0.0198975
17,548,0.00585938,-0.0184326
17,549,0.00793457,-0.00732422
17,550,-0.00195312,0.00463867
17,551,0.00488281,-0.00500488
17,552,0.00268555,-0.0032959
17,553,0.00146484,-0.00842285
17,554,-0.000854492,-0.00878906
17,555,-0.0012207,-0.00866699
17,556,-0.00280762,-0.00939941
17,557,-0.0065918,-0.00915527
17,558,-0.00842285,-0.00793457
17,559,-0.00012207,-0.00354004
17,560,0.00146484,0.00598145
17,561,-0.00512695,0.0145264
17,562,-0.00817871,0.0142822
17,563,-0.0107422,0.0140381
17,564,-0.0102539,0.00915527
17,565,-0.00964355,0.00231934
17,566,0.000732422,-0.00244141
17,567,0.00830078,-0.00585938
17,568,-0.00354004,-0.00952148
17,569,-0.00500488,-0.00817871
17,570,-0.0045166,-0.00537109
17,571,-0.00366211,-0.00341797
17,572,-0.00390625,-0.00280762
17,573,-0.00170898,-0.00134277
17,574,0.000976562,0.000732422
17,575,0.0045166,0.00415039
17,576,0.000976562,0.00219727
17,577,0.000854492,-0.0065918
17,578,0.00524902,-0.010376
17,579,0.00720215,-0.00976562
17,580,0.00720215,-0.00939941
17,581,0.00854492,-0.00695801
17,582,0.00488281,-0.000610352
17,583,-0.00366211,0.00158691
17,584,0.00415039,-0.000854492
17,585,0.00244141,-0.000854492
17,586,0.00341797,-0.00317383
17,587,0.00231934,-0.00402832
17,588,0.0020752,-0.00390625
17,589,0.00170898,-0.00476074
17,590,0.00012207,-0.00610352
17,591,-0.000854492,-0.00720215
17,592,0.00512695,-0.00268555
17,593,0.00195312,0.00402832
17,594,-0.00708008,0.00744629
17,595,-0.00964355,0.00610352
17,596,-0.0113525,0.00476074
17,597,-0.00964355,0.00183105
17,598,-0.00756836,-0.00268555
17,599,0.000732422,-0.00231934
17,600,0.00476074,-0.00830078
17,601,0.00317383,-0.00598145
17,602,0.0012207,-0.00170898
17,603,0.00012207,-0.000732422
17,604,-0.000366211,0.000366211
17,605,-0.00012207,0.00146484
17,606,0.0012207,0.00292969
17,607,0.00244141,0.00439453
17,608,0.000976562,0.0012207
17,609,0.00427246,-0.00402832
17,610,0.00793457,-0.00427246
17,611,0.00866699,-0.00256348
17,612,0.00854492,-0.00256348
17,613,0.00817871,-0.00012207
17,614,0.00268555,0.00244141
17,615,-0.00390625,-0.000244141
17,616,0.00146484,-0.000854492
17,617,0.00158691,-0.000610352
17,618,0.00317383,-0.00158691
17,619,0.00280762,-0.00219727
17,620,0.00268555,-0.00195312
17,621,0.00305176,-0.00219727
17,622,0.00378418,-0.00317383
17,623,0.0045166,-0.00512695
17,624,0.00793457,0.00158691
17,625,-0.000610352,0.00476074
17,626,-0.0108643,0.0020752
17,627,-0.0118408,-0.000976562
17,628,-0.0123291,-0.00280762
17,629,-0.00878906,-0.00439453
17,630,-0.00354004,-0.00671387
17,631,0.00415039,-0.00256348
17,632,0.0213623,-0.000732422
17,633,0.0168457,0
17,634,0.012085,0
17,635,0.0114746,-0.00012207
17,636,0.00622559,0.000366211
17,637,0.00109863,0.000732422
17,638,-0.00695801,-0.000732422
17,639,-0.00109863,-0.00292969
17,640,0.00842285,0.00598145
17,641,0.00695801,0.0146484
17,642,0.0045166,0.0180664
17,643,0.0032959,0.0170898
17,644,-0.00109863,0.0177002
17,645,-0.00634766,0.00842285
17,646,-0.000488281,-0.0045166
17,647,-0.00170898,0.00427246
17,648,-0.00170898,0.00317383
17,649,-0.0012207,0.00793457
17,650,0.000244141,0.00793457
17,651,0.000610352,0.0078125
17,652,0.00231934,0.00842285
17,653,0.00646973,0.00744629
17,654,0.00952148,0.0032959
17,655,0.00427246,0.00305176
17,656,-0.000488281,-0.000854492
17,657,0.000854492,-0.0109863
17,658,0.00317383,-0.0133057
17,659,0.00512695,-0.0150146
17,660,0.00634766,-0.0119629
17,661,0.00854492,-0.0078125
17,662,0.00219727,-0.000854492
17,663,0.0340576,0.00170898
17,664,0.0268555,0.00292969
17,665,0.0279541,0.00280762
17,666,0.0197754,0.00231934
17,667,0.0112305,0.000732422
17,668,-0.00463867,-0.00476074
17,669,0.000244141,-0.00463867
17,670,0.00878906,0.012085
17,671,0.00244141,0.0231934
17,672,-0.00158691,0.0253906
17,673,-0.00341797,0.0236816
17,674,-0.00830078,0.0224609
17,675,-0.00878906,0.00720215
17,676,0.00634766,-0.00598145
17,677,-0.0146484,0.0100098
17,678,-0.0078125,0.00524902
17,679,-0.00927734,0.0136719
17,680,-0.00537109,0.013916
17,681,-0.00390625,0.0141602
17,682,-0.000732422,0.0148926
17,683,0.00769043,0.0128174
17,684,0.0117188,0.00598145
17,685,0.0111084,0.00354004
17,686,0.00488281,0.00305176
17,687,0.00415039,-0.00585938
17,688,0.00537109,-0.0090332
17,689,0.00695801,-0.0111084
17,690,0.00756836,-0.00939941
17,691,0.00964355,-0.00854492
17,692,0.00170898,-0.00561523
17,693,0.0358887,0.00256348
17,694,0.0386963,0.00231934
17,695,0.0294189,0.00183105
17,696,0.0194092,-0.000854492
17,697,-0.0012207,-0.00805664
17,698,0.00195312,-0.00549316
17,699,0.00915527,0.0148926
17,700,-0.000244141,0.0262451
17,701,-0.00476074,0.0269775
17,702,-0.00720215,0.0250244
17,703,-0.0117188,0.0223389
17,704,-0.00854492,0.00415039
17,705,0.0111084,-0.00744629
17,706,-0.0233154,0.0161133
17,707,-0.0118408,0.00732422
17,708,-0.013916,0.017334
17,709,-0.00830078,0.0169678
17,710,-0.00622559,0.0175781
17,711,-0.0020752,0.0177002
17,712,0.00854492,0.013916
17,713,0.0117188,0.0057373
17,714,0.0161133,0.00305176
17,715,0.00964355,0.00744629
17,716,0.00598145,0.00146484
17,717,0.00549316,-0.00256348
17,718,0.00634766,-0.00500488
17,719,0.00646973,-0.00549316
17,720,0.00830078,-0.00952148
17,721,0.000854492,-0.0108643
17,722,0.0324707,-0.000488281
17,723,0.0251465,-0.000610352
17,724,0.0175781,-0.00244141
17,725,0.000488281,-0.00732422
17,726,0.00292969,-0.00390625
17,727,0.00878906,0.0126953
17,728,0.000488281,0.0216064
17,729,-0.00354004,0.0217285
17,730,-0.00561523,0.0202637
17,731,-0.00927734,0.0175781
17,732,-0.00683594,0.00195312
17,733,0.00964355,-0.00744629
17,734,-0.0189209,0.0151367
17,735,-0.00939941,0.00695801
17,736,-0.010376,0.015625
17,737,-0.00561523,0.0150146
17,738,-0.00390625,0.0153809
17,739,-0.000610352,0.0152588
17,740,0.00769043,0.0114746
17,741,0.00952148,0.00463867
17,742,0.0137939,0.00146484
17,743,0.0090332,0.00585938
17,744,0.00549316,0.00183105
17,745,0.00476074,-0.00134277
17,746,0.00500488,-0.00317383
17,747,0.00500488,-0.00402832
17,748,0.00646973,-0.00805664
17,749,0.000976562,-0.00952148
17,750,0.0275879,-0.000244141
17,751,0.0197754,-0.00256348
17,752,0.00134277,-0.00817871
17,753,0.0032959,-0.00415039
17,754,0.00854492,0.0137939
17,755,-0.000732422,0.0228271
17,756,-0.00476074,0.0227051
17,757,-0.00695801,0.0209961
17,758,-0.0106201,0.0178223
17,759,-0.00695801,0.00134277
17,760,0.0109863,-0.00756836
17,761,-0.0214844,0.0163574
17,762,-0.0106201,0.00732422
17,763,-0.0119629,0.0164795
17,764,-0.00683594,0.0158691
17,765,-0.00500488,0.0163574
17,766,-0.00134277,0.0161133
17,767,0.00769043,0.0119629
17,768,0.00964355,0.00488281
17,769,0.0148926,0.00146484
17,770,0.00976562,0.00695801
17,771,0.00598145,0.00354004
17,772,0.00500488,0.00012207
17,773,0.00524902,-0.00183105
17,774,0.00524902,-0.00317383
17,775,0.00683594,-0.00805664
17,776,0.0012207,-0.0107422
17,777,0.0178223,-0.00146484
17,778,0.0045166,-0.00537109
17,779,0.00488281,-0.000854492
17,780,0.00720215,0.0115967
17,781,-0.000732422,0.0162354
17,782,-0.00390625,0.0148926
17,783,-0.00549316,0.0133057
17,784,-0.00793457,0.010376
17,785,-0.00402832,-0.00244141
17,786,0.00964355,-0.00695801
17,787,-0.0172119,0.0135498
17,788,-0.00817871,0.00610352
17,789,-0.00915527,0.0131836
17,790,-0.00524902,0.0125732
17,791,-0.00390625,0.0129395
17,792,-0.0012207,0.0125732
17,793,0.00537109,0.00927734
17,794,0.0065918,0.00366211
17,795,0.0130615,0.00231934
17,796,0.00854492,0.00793457
17,797,0.00354004,0.00537109
17,798,0.00219727,0.00219727
17,799,0.0020752,0.000366211
17,800,0.00231934,-0.00170898
17,801,0.00463867,-0.00732422
17,802,0.00268555,-0.00952148
17,803,0.0157471,-0.0032959
17,804,0.0146484,0.00524902
17,805,0.0106201,0.0123291
17,806,-0.00012207,0.00964355
17,807,-0.00354004,0.00549316
17,808,-0.00488281,0.0032959
17,809,-0.00622559,-0.000732422
17,810,-0.00195312,-0.0112305
17,811,0.00805664,-0.00915527
17,812,-0.0131836,0.00939941
17,813,-0.00476074,0.00463867
17,814,-0.00317383,0.0101318
17,815,-0.000732422,0.010498
17,816,-0.000366211,0.010498
17,817,0.0012207,0.0107422
17,818,0.00488281,0.00842285
17,819,0.00512695,0.00415039
17,820,0.0130615,0.00512695
17,821,0.00598145,0.0117188
17,822,-0.00341797,0.00756836
17,823,-0.00463867,0.00341797
17,824,-0.00476074,0.00109863
17,825,-0.00292969,-0.00231934
17,826,0.00500488,-0.0101318
17,827,0.012085,-0.0113525
17,828,0.0206299,0.0098877
17,829,0.0078125,0.00756836
17,830,-0.00244141,-0.0045166
17,831,-0.00463867,-0.010498
17,832,-0.00488281,-0.0125732
17,833,-0.00378418,-0.0164795
17,834,0.00109863,-0.0179443
17,835,0.0032959,-0.0057373
17,836,-0.00476074,-0.00268555
17,837,0.000854492,-0.000976562
17,838,0.00378418,-0.000610352
17,839,0.00354004,0.00134277
17,840,0.00231934,0.0012207
17,841,0.00219727,0.00244141
17,842,0.000854492,0.00378418
17,843,0.000244141,0.0032959
17,844,0.00708008,0.00671387
17,845,-0.000244141,0.012085
17,846,-0.0107422,0.00915527
17,847,-0.0111084,0.00598145
17,848,-0.0113525,0.00427246
17,849,-0.00817871,0.000488281
17,850,0.00305176,-0.00720215
17,851,0.0189209,-0.00866699
17,852,0.0158691,0.00378418
17,853,0.00109863,-0.000854492
17,854,-0.0045166,-0.00463867
17,855,-0.00622559,-0.00671387
17,856,-0.00842285,-0.010376
17,857,-0.00854492,-0.0164795
17,858,-0.00183105,-0.0102539
17,859,-0.0012207,0.0012207
17,860,0.00256348,0.000244141
17,861,0.00744629,-0.000244141
17,862,0.0078125,0.0012207
17,863,0.00634766,0.0012207
17,864,0.00671387,0.00244141
17,865,0.00549316,0.00390625
17,866,0.00463867,0.00341797
17,867,0.00976562,0.00463867
17,868,0.00427246,0.010376
17,869,-0.00708008,0.00756836
17,870,-0.00830078,0.00402832
17,871,-0.00891113,0.00183105
17,872,-0.00708008,-0.00170898
17,873,0.0012207,-0.0125732
17,874,0.0146484,-0.0169678
17,875,0.0177002,0.00598145
17,876,0.0125732,0.00695801
17,877,0.00964355,0.00610352
17,878,0.00427246,0.00598145
17,879,-0.00769043,-0.00463867
17,880,-0.0057373,-0.0153809
17,881,0.00500488,0.013916
17,882,0.00463867,0.00695801
17,883,0.0140381,0.00891113
17,884,0.0153809,0.00720215
17,885,0.0145264,0.00646973
17,886,0.0158691,0.00549316
17,887,0.0152588,0.00158691
17,888,0.0119629,-0.00170898
17,889,0.0118408,-0.000244141
17,890,0.00585938,0.00415039
17,891,-0.00683594,-0.00268555
17,892,-0.00891113,-0.00695801
17,893,-0.00939941,-0.010376
17,894,-0.00720215,-0.0114746
17,895,-0.000976562,-0.0196533
17,896,0.00646973,-0.0155029
17,897,0.0262451,0.00366211
17,898,0.024292,0.00463867
17,899,0.0209961,0.00842285
17,900,0.00305176,0.00549316
17,901,-0.00878906,-0.010376
17,902,0.0129395,0.0134277
17,903,0.00756836,0.00769043
17,904,0.0184326,0.00854492
17,905,0.0185547,0.00512695
17,906,0.0177002,0.00378418
17,907,0.0183105,0.00146484
17,908,0.0155029,-0.00512695
17,909,0.0102539,-0.00793457
17,910,0.00524902,-0.00488281
17,911,-0.00012207,-0.0032959
17,912,-0.0106201,-0.0098877
17,913,-0.0123291,-0.0124512
17,914,-0.0126953,-0.0153809
17,915,-0.00964355,-0.0142822
17,916,-0.00476074,-0.0152588
17,917,0.000488281,-0.00317383
17,918,0.027832,0.00146484
17,919,0.0263672,0.00610352
17,920,0.00952148,0.00769043
17,921,-0.00769043,-0.00634766
17,922,0.0136719,0.0102539
17,923,0.00769043,0.00671387
17,924,0.0178223,0.00708008
17,925,0.017334,0.00341797
17,926,0.0164795,0.00195312
17,927,0.0168457,-0.000610352
17,928,0.0133057,-0.00744629
17,929,0.00756836,-0.0098877
17,930,0.00134277,-0.00488281
17,931,-0.00378418,-0.00439453
17,932,-0.0123291,-0.0109863
17,933,-0.0134277,-0.0130615
17,934,-0.0137939,-0.0157471
17,935,-0.0100098,-0.0140381
17,936,-0.00463867,-0.012207
17,937,0.00012207,0.00231934
17,938,0.0266113,0.00463867
17,939,0.0114746,0.00744629
17,940,-0.0065918,-0.00488281
17,941,0.0134277,0.00854492
17,942,0.00732422,0.00585938
17,943,0.0166016,0.00585938
17,944,0.0157471,0.00244141
17,945,0.0151367,0.000976562
17,946,0.0151367,-0.00146484
17,947,0.0113525,-0.00769043
17,948,0.00610352,-0.00939941
17,949,-0.000366211,-0.00415039
17,950,-0.00549316,-0.00463867
17,951,-0.0125732,-0.0112305
17,952,-0.0131836,-0.0129395
17,953,-0.0134277,-0.0151367
17,954,-0.00952148,-0.0131836
17,955,-0.00402832,-0.0098877
17,956,0.000732422,0.00512695
17,957,0.0157471,0.00671387
17,958,-0.00512695,-0.00134277
17,959,0.0128174,0.00439453
17,960,0.00695801,0.00390625
17,961,0.0148926,0.00341797
17,962,0.0134277,0.000366211
17,963,0.0128174,-0.000976562
17,964,0.012207,-0.0032959
17,965,0.00793457,-0.00891113
17,966,0.00268555,-0.00976562
17,967,-0.00354004,-0.00378418
17,968,-0.00817871,-0.00476074
17,969,-0.0136719,-0.0098877
17,970,-0.0137939,-0.0108643
17,971,-0.013916,-0.0124512
17,972,-0.0098877,-0.0106201
17,973,-0.00390625,-0.00561523
17,974,0.00183105,0.00915527
17,975,0.00634766,0.00427246
17,976,-0.000976562,-0.00268555
17,977,-0.000244141,0.000244141
17,978,0.000488281,0.0012207
17,979,-0.000366211,0.000366211
17,980,-0.000244141,-0.000244141
17,981,-0.000610352,-0.00109863
17,982,-0.00244141,-0.00305176
17,983,-0.00390625,-0.00292969
17,984,-0.00744629,0.00427246
17,985,-0.0111084,0.00134277
17,986,-0.0090332,-0.00390625
17,987,-0.00683594,-0.00463867
17,988,-0.00585938,-0.00488281
17,989,-0.00244141,-0.00366211
17,990,0.00476074,0.00280762
17,991,0.00756836,0.0128174
17,992,-0.0146484,0.0020752
17,993,-0.00756836,0.00183105
17,994,-0.0114746,0.00756836
17,995,-0.0098877,0.00805664
17,996,-0.00866699,0.00817871
17,997,-0.00769043,0.00866699
17,998,-0.00415039,0.00842285
17,999,-0.00170898,0.0065918
17,1000,-0.000854492,0.00830078
17,1001,-0.00292969,0.00549316
17,1002,0.00305176,-0.000366211
17,1003,0.00561523,-0.00134277
17,1004,0.00720215,-0.0012207
17,1005,0.00793457,-0.000610352
17,1006,0.0119629,0.00280762
17,1007,0.00769043,0.00524902
17,1008,0.0124512,0.00109863
17,1009,0.0174561,-0.00366211
17,1010,0.0129395,-0.00561523
17,1011,0.0115967,-0.0065918
17,1012,0.00866699,-0.00793457
17,1013,0.000854492,-0.00952148
17,1014,-0.00292969,-0.00708008
17,1015,-0.00402832,-0.010498
17,1016,0.00256348,-0.0111084
17,1017,0.00146484,-0.00610352
17,1018,-0.0012207,-0.00317383
17,1019,-0.00292969,-0.00268555
17,1020,-0.00488281,-0.00158691
17,1021,-0.0111084,0.000366211
17,1022,-0.00891113,0.0045166
17,1023,0.0109863,-0.00292969
17,1024,0.00915527,-0.00354004
17,1025,0.00817871,-0.00390625
17,1026,0.00695801,-0.00439453
17,1027,0.00280762,-0.00476074
17,1028,0.00012207,-0.0032959
17,1029,-0.00134277,-0.0045166
17,1030,-0.000366211,-0.00476074
17,1031,-0.00341797,-0.00341797
17,1032,-0.0045166,-0.00244141
17,1033,-0.00549316,-0.00256348
17,1034,-0.00524902,-0.0020752
17,1035,-0.00561523,-0.00195312
17,1036,-0.0012207,0.000610352
17,1037,0.0205078,-0.00158691
17,1038,0.0189209,-0.00268555
17,1039,0.0179443,-0.00378418
17,1040,0.0115967,-0.00646973
17,1041,0.00512695,-0.00524902
17,1042,0.000244141,-0.00744629
17,1043,-0.00146484,-0.00732422
17,1044,-0.00976562,-0.00866699
17,1045,-0.0112305,-0.00842285
17,1046,-0.0124512,-0.00939941
17,1047,-0.010498,-0.00842285
17,1048,-0.00708008,-0.00915527
17,1049,0.00231934,-0.00244141
17,1050,0.0185547,-0.000976562
17,1051,0.0185547,-0.0020752
17,1052,0.0136719,-0.00500488
17,1053,0.00744629,-0.0045166
17,1054,0.00134277,-0.00622559
17,1055,-0.00158691,-0.00585938
17,1056,-0.0101318,-0.00817871
17,1057,-0.0112305,-0.00866699
17,1058,-0.012085,-0.0101318
17,1059,-0.0100098,-0.00891113
17,1060,-0.00549316,-0.0106201
17,1061,0.00292969,-0.0045166
17,1062,0.0175781,-0.0012207
17,1063,0.0133057,-0.0045166
17,1064,0.00720215,-0.00439453
17,1065,0.00183105,-0.00695801
17,1066,-0.000854492,-0.00634766
17,1067,-0.00866699,-0.00817871
17,1068,-0.0098877,-0.00842285
17,1069,-0.0108643,-0.00964355
17,1070,-0.00891113,-0.00854492
17,1071,-0.00524902,-0.00976562
17,1072,0.0020752,-0.00378418
17,1073,0.0151367,-0.00366211
17,1074,0.00915527,-0.00427246
17,1075,0.00280762,-0.00610352
17,1076,-0.000976562,-0.00524902
17,1077,-0.00915527,-0.00805664
17,1078,-0.0101318,-0.0090332
17,1079,-0.0108643,-0.0106201
17,1080,-0.00854492,-0.00939941
17,1081,-0.00378418,-0.0113525
17,1082,0.00292969,-0.00549316
17,1083,0.0113525,-0.00231934
17,1084,0.00585938,-0.00366211
17,1085,0.00012207,-0.00268555
17,1086,-0.00793457,-0.00732422
17,1087,-0.00842285,-0.00927734
17,1088,-0.00854492,-0.0111084
17,1089,-0.00598145,-0.0100098
17,1090,-0.000976562,-0.0119629
17,1091,0.00317383,-0.00695801
17,1092,0.00622559,0.000976562
17,1093,-0.000732422,0.000854492
17,1094,-0.0065918,-0.00524902
17,1095,-0.00610352,-0.0078125
17,1096,-0.00549316,-0.00964355
17,1097,-0.00280762,-0.00866699
17,1098,0.00244141,-0.0100098
17,1099,0.00439453,-0.00610352
17,1100,0.0147705,0.00805664
17,1101,-0.000488281,0.00817871
17,1102,-0.00549316,0.00439453
17,1103,-0.00769043,0.00183105
17,1104,-0.00732422,-0.00219727
17,1105,-0.00695801,-0.012207
17,1106,-0.000366211,-0.0141602
17,1107,0.0147705,0.00915527
17,1108,0.00830078,0.00927734
17,1109,0.00500488,0.00878906
17,1110,-0.00012207,0.00524902
17,1111,-0.0108643,-0.00354004
17,1112,-0.0130615,-0.0114746
17,1113,0.0257568,0.0045166
17,1114,0.0249023,0.00695801
17,1115,0.0166016,0.00793457
17,1116,0.000244141,0.0106201
17,1117,-0.0164795,0.00305176
17,1118,0.0270996,0.00280762
17,1119,0.0200195,0.00549316
17,1120,0.00683594,0.012085
17,1121,-0.0115967,0.00744629
17,1122,0.0224609,0.00354004
17,1123,0.0112305,0.012207
17,1124,-0.00854492,0.00927734
17,1125,0.0134277,0.00866699
17,1126,-0.0020752,0.00927734
17,1127,0.0163574,0.00805664
18,0,0.0450439,0.0211182
18,1,0.0111084,0.0236816
18,2,-0.00195312,0.019165
18,3,0.00708008,-0.0159912
18,4,0.00671387,-0.00610352
18,5,-0.0186768,-0.0057373
18,6,-0.0142822,-0.0253906
18,7,-0.012207,-0.032959
18,8,-0.0150146,-0.010498
18,9,-0.0131836,0.00842285
18,10,-0.0090332,0.0141602
18,11,-0.00769043,0.0130615
18,12,-0.00134277,0.0135498
18,13,0.0135498,-0.00280762
18,14,0.0311279,-0.0289307
18,15,0.00720215,-0.0389404
18,16,-0.0275879,-0.032959
18,17,-0.0637207,-0.0203857
18,18,-0.0567627,-0.00964355
18,19,-0.065918,-0.00683594
18,20,-0.0527344,-0.0012207
18,21,-0.0407715,0.00891113
18,22,-0.00390625,0.0057373
18,23,-0.012085,0.00427246
18,24,-0.0101318,-0.00793457
18,25,0.0170898,-0.00415039
18,26,0.0267334,0.00195312
18,27,0.029541,0.0045166
18,28,0.0313721,0.0109863
18,29,0.0114746,0.0195312
18,30,-0.0181885,-0.0057373
18,31,0.0429688,-0.0280762
18,32,0.0167236,-0.00732422
18,33,0.026001,-0.00854492
18,34,0.0216064,-0.00610352
18,35,0.0205078,-0.00402832
18,36,0.0194092,-0.00512695
18,37,0.0174561,-0.0118408
18,38,0.0124512,-0.0205078
18,39,-0.0415039,-0.0332031
18,40,-0.0441895,-0.026001
18,41,-0.0286865,-0.0117188
18,42,-0.0166016,-0.0012207
18,43,-0.0124512,0.00366211
18,44,-0.00402832,0.0109863
18,45,0.0078125,0.0297852
18,46,0.0212402,0.027832
18,47,0.0240479,0.0115967
18,48,0.0141602,0.0124512
18,49,-0.00939941,-0.0124512
18,50,-0.0012207,-0.00610352
18,51,-0.0130615,0.00280762
18,52,-0.022583,-0.00927734
18,53,-0.0213623,-0.0141602
18,54,-0.010498,0.000488281
18,55,-0.00170898,0.010376
18,56,0.00280762,0.0129395
18,57,0.00244141,0.0108643
18,58,0.00439453,0.00915527
18,59,0.00439453,-0.00622559
18,60,0.00500488,-0.0269775
18,61,-0.00964355,-0.020874
18,62,-0.03125,-0.00720215
18,63,-0.0518799,0.00915527
18,64,-0.043335,0.0119629
18,65,-0.0490723,0.0167236
18,66,-0.0384521,0.0152588
18,67,-0.0269775,0.0183105
18,68,-0.00317383,0.00646973
18,69,-0.00756836,0.00683594
18,70,-0.010376,-0.000488281
18,71,0.00952148,-0.00891113
18,72,0.0189209,-0.00939941
18,73,0.0224609,-0.00964355
18,74,0.0266113,-0.00756836
18,75,0.0181885,0.00390625
18,76,-0.0124512,0.00244141
18,77,0.0200195,-0.0286865
18,78,0.00939941,-0.00744629
18,79,0.0135498,-0.00854492
18,80,0.00952148,-0.00622559
18,81,0.00891113,-0.00500488
18,82,0.00598145,-0.00585938
18,83,-0.000244141,-0.010498
18,84,-0.00463867,-0.0142822
18,85,-0.038208,-0.00305176
18,86,-0.038208,-0.0032959
18,87,-0.0200195,-0.00415039
18,88,-0.00732422,-0.000854492
18,89,-0.00280762,0.000976562
18,90,0.00476074,0.00427246
18,91,0.0189209,0.0151367
18,92,0.0241699,0.0130615
18,93,0.0224609,0.00366211
18,94,-0.0202637,-0.00561523
18,95,-0.00793457,-0.00390625
18,96,-0.000366211,0.0078125
18,97,-0.0166016,0.00671387
18,98,-0.0150146,0.00585938
18,99,0,0.00769043
18,100,0.00866699,0.00524902
18,101,0.0111084,0.00427246
18,102,0.00915527,0.00231934
18,103,0.00744629,-0.000488281
18,104,-0.00256348,-0.00817871
18,105,-0.0123291,-0.0157471
18,106,-0.0146484,0.000854492
18,107,-0.0196533,0.0115967
18,108,-0.0227051,0.020752
18,109,-0.0172119,0.0175781
18,110,-0.0186768,0.0209961
18,111,-0.0141602,0.0162354
18,112,-0.0078125,0.0148926
18,113,-0.00134277,0.00476074
18,114,-0.000610352,0.00817871
18,115,-0.00634766,0.00708008
18,116,-0.000244141,-0.0065918
18,117,0.00512695,-0.0114746
18,118,0.00769043,-0.0135498
18,119,0.012085,-0.0157471
18,120,0.0161133,-0.00671387
18,121,-0.00170898,0.00891113
18,122,-0.00280762,-0.0147705
18,123,-0.00012207,-0.00354004
18,124,-0.00280762,-0.00341797
18,125,-0.00488281,-0.00231934
18,126,-0.00488281,-0.00244141
18,127,-0.0078125,-0.00292969
18,128,-0.0129395,-0.00439453
18,129,-0.0134277,-0.00366211
18,130,-0.0196533,0.0155029
18,131,-0.0174561,0.0106201
18,132,-0.00415039,0.00317383
18,133,0.00354004,0.0020752
18,134,0.00610352,0.00195312
18,135,0.00939941,0.00183105
18,136,0.0178223,0.00524902
18,137,0.0145264,0.00378418
18,138,-0.0212402,-0.0020752
18,139,-0.00927734,-0.00219727
18,140,0.00476074,0.00744629
18,141,-0.0107422,0.010498
18,142,-0.00927734,0.0111084
18,143,0.00439453,0.00854492
18,144,0.0107422,0.00219727
18,145,0.0117188,0.000244141
18,146,0.00939941,-0.00134277
18,147,0.00646973,-0.00415039
18,148,-0.00537109,-0.00805664
18,149,-0.0167236,-0.00964355
18,150,-0.0131836,0.00854492
18,151,-0.012207,0.0158691
18,152,-0.00964355,0.0198975
18,153,-0.00610352,0.0152588
18,154,-0.00610352,0.0174561
18,155,-0.00439453,0.0124512
18,156,-0.000854492,0.00976562
18,157,-0.000854492,0.00268555
18,158,0.00268555,0.00634766
18,159,-0.00354004,0.00793457
18,160,-0.00378418,-0.00439453
18,161,-0.000732422,-0.00964355
18,162,0.00109863,-0.0119629
18,163,0.00488281,-0.0151367
18,164,0.0129395,-0.0090332
18,165,0.00305176,0.00927734
18,166,-0.00939941,-0.00598145
18,167,-0.0032959,-0.000732422
18,168,-0.00830078,0.000244141
18,169,-0.00952148,0.000366211
18,170,-0.00927734,-0.000244141
18,171,-0.0117188,-0.000854492
18,172,-0.015625,-0.00170898
18,173,-0.0144043,0.000244141
18,174,-0.0101318,0.0185547
18,175,-0.00683594,0.0125732
18,176,0.00366211,0.00415039
18,177,0.00842285,0.0020752
18,178,0.0100098,0.00134277
18,179,0.0108643,0.000488281
18,180,0.0157471,0.0012207
18,181,0.00939941,0.000610352
18,182,0.00939941,0.0012207
18,183,-0.00732422,-0.00732422
18,184,0.00708008,-0.0128174
18,185,0.00524902,-0.0135498
18,186,-0.00695801,-0.00793457
18,187,-0.0115967,0.00012207
18,188,-0.0118408,0.00244141
18,189,-0.00939941,0.00366211
18,190,-0.00585938,0.00598145
18,191,0.00598145,0.00695801
18,192,0.0172119,0.00512695
18,193,0.010498,-0.0125732
18,194,0.00732422,-0.0178223
18,195,0.00280762,-0.0189209
18,196,0.000732422,-0.0136719
18,197,0.00012207,-0.0152588
18,198,-0.00012207,-0.010376
18,199,-0.0020752,-0.00732422
18,200,0.000610352,-0.00219727
18,201,-0.00366211,-0.00585938
18,202,0.00158691,-0.00842285
18,203,0.0045166,0.00292969
18,204,0.00292969,0.00842285
18,205,0.00170898,0.0108643
18,206,-0.00134277,0.0146484
18,207,-0.0102539,0.0102539
18,208,-0.00488281,-0.0090332
18,209,0.0112305,0.00170898
18,210,0.00415039,-0.000488281
18,211,0.00952148,-0.0020752
18,212,0.010376,-0.00195312
18,213,0.0101318,-0.00109863
18,214,0.0123291,-0.000732422
18,215,0.0153809,-0.000610352
18,216,0.0134277,-0.00305176
18,217,0.00439453,-0.0194092
18,218,0.00183105,-0.0130615
18,219,-0.00610352,-0.00463867
18,220,-0.00927734,-0.0020752
18,221,-0.0102539,-0.00134277
18,222,-0.0101318,-0.00012207
18,223,-0.0129395,0.000366211
18,224,-0.00549316,0.000488281
18,225,-0.00524902,-0.00305176
18,226,0.000610352,-0.00671387
18,227,0,-0.00744629
18,228,-0.0045166,-0.00366211
18,229,-0.00561523,0.00134277
18,230,-0.00524902,0.00268555
18,231,-0.00415039,0.00305176
18,232,-0.00231934,0.00415039
18,233,0.00317383,0.0032959
18,234,0.00830078,0.000976562
18,235,0.00378418,-0.00708008
18,236,0.000732422,-0.00866699
18,237,-0.00268555,-0.00817871
18,238,-0.00305176,-0.00561523
18,239,-0.00366211,-0.00598145
18,240,-0.00292969,-0.00378418
18,241,-0.00305176,-0.00195312
18,242,-0.00012207,-0.00012207
18,243,-0.00292969,-0.00195312
18,244,-0.00012207,-0.00402832
18,245,0.00317383,0.000488281
18,246,0.00317383,0.00280762
18,247,0.00292969,0.00390625
18,248,0.00170898,0.0057373
18,249,-0.00354004,0.00439453
18,250,-0.00378418,-0.0045166
18,251,0.00695801,-0.00146484
18,252,0.00292969,-0.000854492
18,253,0.00610352,-0.00158691
18,254,0.00622559,-0.00134277
18,255,0.00585938,-0.000854492
18,256,0.00671387,-0.000610352
18,257,0.00744629,-0.000854492
18,258,0.00585938,-0.00231934
18,259,-0.000854492,-0.00891113
18,260,-0.00244141,-0.00634766
18,261,-0.00524902,-0.00292969
18,262,-0.00561523,-0.00158691
18,263,-0.00585938,-0.0012207
18,264,-0.00512695,-0.000366211
18,265,-0.00524902,0.000610352
18,266,-0.00109863,0.000976562
18,267,0.0153809,0.00927734
18,268,0.0162354,0.0112305
18,269,0.0124512,0.000976562
18,270,0.0057373,-0.00927734
18,271,0.00256348,-0.0118408
18,272,0.00134277,-0.0111084
18,273,-0.000854492,-0.0119629
18,274,-0.00390625,-0.0045166
18,275,-0.00561523,0.00561523
18,276,0.00598145,0.0125732
18,277,0.0137939,0.00732422
18,278,0.0198975,-0.00134277
18,279,0.0161133,-0.00378418
18,280,0.0179443,-0.00561523
18,281,0.0134277,-0.00598145
18,282,0.00927734,-0.00817871
18,283,0.00134277,-0.00415039
18,284,0.00756836,-0.00134277
18,285,0.00402832,0.00366211
18,286,-0.00830078,0.00476074
18,287,-0.0123291,0.00378418
18,288,-0.0135498,0.0032959
18,289,-0.0137939,0.000854492
18,290,-0.00390625,-0.00231934
18,291,0.0114746,0.00415039
18,292,-0.0119629,0.0146484
18,293,-0.00695801,0.00476074
18,294,-0.0131836,0.00683594
18,295,-0.0113525,0.00549316
18,296,-0.010498,0.00439453
18,297,-0.00976562,0.00402832
18,298,-0.00549316,0.00476074
18,299,-0.00109863,0.00610352
18,300,0.0155029,0.00268555
18,301,0.0187988,0.00219727
18,302,0.0167236,0.00415039
18,303,0.0119629,0.00390625
18,304,0.010498,0.00427246
18,305,0.00561523,0.00305176
18,306,-0.0012207,0.000488281
18,307,-0.00769043,-0.000366211
18,308,0.0308838,0.000976562
18,309,0.012207,-0.00854492
18,310,-0.00402832,-0.0147705
18,311,-0.00878906,-0.0155029
18,312,-0.00854492,-0.0133057
18,313,-0.00891113,-0.0114746
18,314,-0.000854492,0.000366211
18,315,0.0100098,0.0129395
18,316,0.0234375,0.00537109
18,317,0.027832,-0.00695801
18,318,0.0269775,-0.0212402
18,319,0.019043,-0.0192871
18,320,0.0197754,-0.0233154
18,321,0.0135498,-0.0189209
18,322,0.00610352,-0.0186768
18,323,0.00146484,-0.00708008
18,324,0.00695801,-0.00854492
18,325,0.00720215,-0.00488281
18,326,-0.00695801,0.00854492
18,327,-0.0142822,0.0128174
18,328,-0.0170898,0.0146484
18,329,-0.020874,0.0148926
18,330,-0.0159912,0.00610352
18,331,0.012207,-0.00341797
18,332,-0.00170898,0.0236816
18,333,-0.00402832,0.00769043
18,334,-0.00732422,0.0106201
18,335,-0.00476074,0.00866699
18,336,-0.00402832,0.0078125
18,337,-0.00170898,0.00732422
18,338,0.00671387,0.00744629
18,339,0.012085,0.00585938
18,340,0.0268555,-0.0168457
18,341,0.0280762,-0.0124512
18,342,0.019043,-0.00231934
18,343,0.0101318,0.000854492
18,344,0.00732422,0.00256348
18,345,0.000488281,0.00305176
18,346,-0.0115967,0.00231934
18,347,-0.0144043,0.00341797
18,348,0.0175781,-0.00939941
18,349,-0.00158691,-0.0158691
18,350,-0.00744629,-0.0163574
18,351,-0.00817871,-0.0145264
18,352,-0.0098877,-0.0125732
18,353,-0.00244141,-0.000244141
18,354,0.010498,0.0136719
18,355,0.0251465,0.00744629
18,356,0.0286865,-0.0098877
18,357,0.0262451,-0.029541
18,358,0.0177002,-0.0270996
18,359,0.0181885,-0.0318604
18,360,0.0118408,-0.0257568
18,361,0.00402832,-0.0223389
18,362,0.000488281,-0.0057373
18,363,0.00524902,-0.00793457
18,364,0.00585938,-0.00170898
18,365,-0.00708008,0.013916
18,366,-0.0137939,0.0183105
18,367,-0.0159912,0.019043
18,368,-0.0192871,0.0185547
18,369,-0.0129395,0.00622559
18,370,0.0153809,-0.00561523
18,371,0.00366211,0.0294189
18,372,-0.00244141,0.0107422
18,373,-0.0065918,0.0174561
18,374,-0.00524902,0.0152588
18,375,-0.00500488,0.013916
18,376,-0.00366211,0.0133057
18,377,0.0045166,0.0123291
18,378,0.0113525,0.00878906
18,379,0.0252686,-0.0228271
18,380,0.0258789,-0.0213623
18,381,0.0189209,-0.00964355
18,382,0.010376,-0.00402832
18,383,0.00769043,-0.00109863
18,384,0.000244141,0.00219727
18,385,-0.0130615,0.00561523
18,386,-0.0164795,0.0090332
18,387,0.00866699,-0.00878906
18,388,0.00500488,-0.0108643
18,389,0.00280762,-0.010498
18,390,-0.000854492,-0.010498
18,391,-0.00634766,-0.00341797
18,392,-0.0078125,0.00671387
18,393,0.00561523,0.0151367
18,394,0.0117188,0.00671387
18,395,0.0158691,-0.00537109
18,396,0.012207,-0.00793457
18,397,0.0135498,-0.0098877
18,398,0.00976562,-0.00952148
18,399,0.0065918,-0.0098877
18,400,0.0012207,-0.00354004
18,401,0.00512695,-0.0012207
18,402,0.00183105,0.00708008
18,403,-0.00805664,0.00939941
18,404,-0.0108643,0.00793457
18,405,-0.0115967,0.00610352
18,406,-0.0113525,0.00268555
18,407,-0.00109863,-0.00476074
18,408,0.0125732,-0.00012207
18,409,-0.00561523,0.0172119
18,410,-0.00390625,0.00646973
18,411,-0.00854492,0.012085
18,412,-0.00805664,0.0108643
18,413,-0.0078125,0.00976562
18,414,-0.00830078,0.0098877
18,415,-0.00610352,0.00976562
18,416,-0.00244141,0.00927734
18,417,0.010376,0.00012207
18,418,0.0123291,-0.00402832
18,419,0.012207,-0.00415039
18,420,0.0090332,-0.00317383
18,421,0.00817871,-0.00244141
18,422,0.00415039,-0.0012207
18,423,-0.00109863,-0.000976562
18,424,-0.00622559,0.000244141
18,425,0.0131836,-0.00317383
18,426,0.0109863,-0.00390625
18,427,0.00842285,-0.00549316
18,428,-0.0032959,-0.00402832
18,429,-0.013916,0.000488281
18,430,-0.00891113,0.0147705
18,431,-0.00195312,0.0153809
18,432,0.00634766,0.0128174
18,433,0.00683594,0.00805664
18,434,0.00866699,0.00854492
18,435,0.00744629,0.00512695
18,436,0.00805664,0.0020752
18,437,0.00292969,-0.000976562
18,438,0.00317383,0.00524902
18,439,-0.00268555,0.0098877
18,440,-0.0078125,0.00158691
18,441,-0.00744629,-0.00317383
18,442,-0.00695801,-0.00585938
18,443,-0.0045166,-0.00927734
18,444,0.00439453,-0.00854492
18,445,0.00476074,0.00610352
18,446,-0.0125732,0.00170898
18,447,-0.00463867,-0.000244141
18,448,-0.00830078,0.000244141
18,449,-0.0078125,0.000366211
18,450,-0.00732422,0.000366211
18,451,-0.00805664,0.000976562
18,452,-0.00964355,0.00341797
18,453,-0.00927734,0.00622559
18,454,-0.00012207,0.0146484
18,455,0.00158691,0.0107422
18,456,0.00256348,0.00524902
18,457,0.00268555,0.00231934
18,458,0.00244141,0.00134277
18,459,0.00195312,-0.000366211
18,460,0.00268555,-0.00390625
18,461,0.000366211,-0.00622559
18,462,0.0123291,-0.0012207
18,463,0.0108643,-0.00305176
18,464,-0.000854492,-0.00415039
18,465,-0.0125732,-0.00280762
18,466,-0.012207,0.0117188
18,467,-0.0065918,0.0157471
18,468,0.00146484,0.0174561
18,469,0.00317383,0.0126953
18,470,0.00488281,0.0140381
18,471,0.00488281,0.0098877
18,472,0.00695801,0.00671387
18,473,0.00366211,0.000854492
18,474,0.00183105,0.00756836
18,475,-0.00463867,0.00927734
18,476,-0.00720215,-0.0020752
18,477,-0.0057373,-0.00732422
18,478,-0.00488281,-0.0098877
18,479,-0.00183105,-0.0125732
18,480,0.00561523,-0.00830078
18,481,0.00146484,0.00817871
18,482,-0.0128174,-0.00488281
18,483,-0.00402832,-0.00292969
18,484,-0.00683594,-0.00427246
18,485,-0.00634766,-0.0032959
18,486,-0.00598145,-0.00292969
18,487,-0.00671387,-0.00195312
18,488,-0.0090332,0.0012207
18,489,-0.00964355,0.00415039
18,490,-0.00390625,0.0162354
18,491,-0.00305176,0.013916
18,492,-0.00183105,0.00793457
18,493,-0.000488281,0.0045166
18,494,-0.000366211,0.00317383
18,495,0.000488281,0.000732422
18,496,0.00366211,-0.00317383
18,497,0.00317383,-0.00634766
18,498,0.010376,-0.00195312
18,499,0.000610352,-0.0032959
18,500,-0.00952148,-0.00256348
18,501,-0.0112305,0.00915527
18,502,-0.00610352,0.0133057
18,503,0.00134277,0.0157471
18,504,0.00305176,0.0118408
18,505,0.00439453,0.0130615
18,506,0.0045166,0.00939941
18,507,0.00598145,0.00634766
18,508,0.00305176,0.000610352
18,509,0.000732422,0.00622559
18,510,-0.00488281,0.00708008
18,511,-0.00622559,-0.00292969
18,512,-0.00463867,-0.00708008
18,513,-0.00378418,-0.0090332
18,514,-0.00109863,-0.0109863
18,515,0.00463867,-0.00610352
18,516,0,0.0078125
18,517,-0.0119629,-0.0057373
18,518,-0.00378418,-0.00341797
18,519,-0.00622559,-0.0057373
18,520,-0.0057373,-0.00488281
18,521,-0.00524902,-0.00439453
18,522,-0.0057373,-0.00378418
18,523,-0.00756836,-0.000610352
18,524,-0.00830078,0.00268555
18,525,-0.0032959,0.0142822
18,526,-0.00256348,0.0128174
18,527,-0.00219727,0.00830078
18,528,-0.00134277,0.00500488
18,529,-0.00146484,0.00378418
18,530,-0.000610352,0.0012207
18,531,0.00183105,-0.00280762
18,532,0.00195312,-0.00646973
18,533,0.00561523,-0.00292969
18,534,-0.00183105,-0.00524902
18,535,-0.0098877,0.00256348
18,536,-0.00708008,0.00805664
18,537,-0.00195312,0.0130615
18,538,0.00012207,0.0109863
18,539,0.000976562,0.0125732
18,540,0.00183105,0.00976562
18,541,0.00402832,0.0078125
18,542,0.00402832,0.00158691
18,543,-0.000732422,0.00769043
18,544,-0.0065918,0.00476074
18,545,-0.00549316,-0.00488281
18,546,-0.00341797,-0.00793457
18,547,-0.00244141,-0.00891113
18,548,0.000366211,-0.0090332
18,549,0.00317383,-0.00109863
18,550,-0.00317383,0.00927734
18,551,-0.00939941,-0.0107422
18,552,-0.00292969,-0.00598145
18,553,-0.00439453,-0.0107422
18,554,-0.00366211,-0.0090332
18,555,-0.00292969,-0.00793457
18,556,-0.00268555,-0.00695801
18,557,-0.00341797,-0.00305176
18,558,-0.00463867,-0.00012207
18,559,-0.00488281,0.00854492
18,560,-0.00488281,0.0112305
18,561,-0.00634766,0.0111084
18,562,-0.00549316,0.00866699
18,563,-0.00598145,0.00793457
18,564,-0.00427246,0.00500488
18,565,-0.00146484,0.00158691
18,566,0.0020752,-0.00341797
18,567,0.0209961,-0.00549316
18,568,0.00390625,-0.012207
18,569,-0.000610352,-0.0119629
18,570,-0.00488281,-0.0090332
18,571,-0.00476074,-0.00500488
18,572,-0.0057373,-0.00476074
18,573,-0.0045166,-0.0020752
18,574,-0.00402832,0.00183105
18,575,0.00231934,0.00341797
18,576,-0.00476074,0.00524902
18,577,-0.00537109,-0.00439453
18,578,0.00012207,-0.00488281
18,579,0.00146484,-0.00244141
18,580,0.00195312,-0.000488281
18,581,0.00231934,0.00354004
18,582,-0.00366211,0.0117188
18,583,-0.00732422,0.00549316
18,584,0.00439453,-0.00891113
18,585,0.00109863,-0.00549316
18,586,0.00183105,-0.0111084
18,587,0.00231934,-0.00939941
18,588,0.00280762,-0.0078125
18,589,0.0045166,-0.00732422
18,590,0.00830078,-0.0045166
18,591,0.00878906,-0.00512695
18,592,0,-0.0150146
18,593,-0.00292969,-0.00524902
18,594,-0.00891113,0.00744629
18,595,-0.010376,0.0102539
18,596,-0.0115967,0.0118408
18,597,-0.0107422,0.0108643
18,598,-0.012207,0.0130615
18,599,-0.00439453,0.00939941
18,600,0.0255127,-0.0250244
18,601,0.0113525,-0.0349121
18,602,-0.00720215,-0.0393066
18,603,-0.0107422,-0.0283203
18,604,-0.0147705,-0.0305176
18,605,-0.0137939,-0.0205078
18,606,-0.0161133,-0.00854492
18,607,-0.000854492,0.00598145
18,608,-0.0102539,0.0020752
18,609,-0.00402832,-0.0126953
18,610,0.00598145,-0.000610352
18,611,0.00610352,0.00793457
18,612,0.00585938,0.0125732
18,613,0.00292969,0.0202637
18,614,-0.0128174,0.0247803
18,615,-0.0102539,-0.00109863
18,616,0.0256348,-0.0012207
18,617,0.00793457,-0.00219727
18,618,0.0114746,-0.00598145
18,619,0.0102539,-0.0045166
18,620,0.00976562,-0.00268555
18,621,0.0119629,-0.00244141
18,622,0.0197754,-0.000610352
18,623,0.0239258,-0.00585938
18,624,0.0090332,-0.0438232
18,625,0,-0.0292969
18,626,-0.0123291,-0.00378418
18,627,-0.0164795,0.00598145
18,628,-0.019165,0.0107422
18,629,-0.0194092,0.0141602
18,630,-0.0267334,0.0252686
18,631,-0.0140381,0.0266113
18,632,0.0305176,-0.0152588
18,633,0.0137939,-0.0308838
18,634,0.00390625,-0.026001
18,635,0.000976562,-0.0297852
18,636,-0.00366211,-0.0230713
18,637,-0.0112305,-0.0179443
18,638,-0.00512695,-0.000488281
18,639,-0.00292969,-0.00842285
18,640,0.00769043,-0.00952148
18,641,0.00317383,0.00720215
18,642,-0.00317383,0.0131836
18,643,-0.00671387,0.0159912
18,644,-0.0136719,0.0175781
18,645,-0.0233154,0.0065918
18,646,-0.000488281,-0.0101318
18,647,0.0217285,0.0201416
18,648,0.00695801,0.00720215
18,649,0.0112305,0.0107422
18,650,0.00952148,0.00964355
18,651,0.00817871,0.00976562
18,652,0.0090332,0.0102539
18,653,0.0130615,0.0125732
18,654,0.019043,0.00964355
18,655,0.0303955,-0.024292
18,656,0.019043,-0.0228271
18,657,0.0020752,-0.0155029
18,658,-0.00512695,-0.010376
18,659,-0.00866699,-0.00817871
18,660,-0.0119629,-0.00415039
18,661,-0.0229492,0.00109863
18,662,-0.019043,0.0101318
18,663,0.0469971,-0.0181885
18,664,0.0344238,-0.0181885
18,665,0.0367432,-0.022583
18,666,0.0255127,-0.0187988
18,667,0.0111084,-0.0180664
18,668,-0.00305176,-0.000976562
18,669,0,-0.00817871
18,670,0.0078125,-0.00500488
18,671,-0.00805664,0.00805664
18,672,-0.0175781,0.0109863
18,673,-0.0216064,0.0124512
18,674,-0.0280762,0.0118408
18,675,-0.0264893,0
18,676,0.00805664,-0.00378418
18,677,-0.00268555,0.0297852
18,678,-0.00244141,0.00866699
18,679,-0.00415039,0.0113525
18,680,-0.00354004,0.0098877
18,681,-0.00402832,0.0090332
18,682,-0.00292969,0.0102539
18,683,0.00219727,0.0163574
18,684,0.0108643,0.0179443
18,685,0.0482178,-0.00915527
18,686,0.0389404,-0.00952148
18,687,0.0142822,-0.00720215
18,688,0.000976562,-0.00744629
18,689,-0.00439453,-0.00756836
18,690,-0.0118408,-0.00756836
18,691,-0.0289307,-0.0117188
18,692,-0.0314941,-0.00292969
18,693,0.0640869,-0.00585938
18,694,0.0725098,-0.0102539
18,695,0.0556641,-0.0108643
18,696,0.0371094,-0.0155029
18,697,0.000976562,-0.00219727
18,698,0.00537109,-0.0057373
18,699,0.00891113,0.000976562
18,700,-0.0183105,0.00634766
18,701,-0.0307617,0.00512695
18,702,-0.034668,0.00488281
18,703,-0.039917,0.0020752
18,704,-0.0263672,-0.00744629
18,705,0.0151367,0.00512695
18,706,-0.0316162,0.0355225
18,707,-0.0135498,0.00830078
18,708,-0.0218506,0.00842285
18,709,-0.0180664,0.00634766
18,710,-0.0174561,0.00476074
18,711,-0.0155029,0.00634766
18,712,-0.00927734,0.0158691
18,713,0.000366211,0.0228271
18,714,0.0601807,0.0102539
18,715,0.0554199,0.0090332
18,716,0.0258789,0.0065918
18,717,0.0078125,0
18,718,0.00109863,-0.00280762
18,719,-0.0098877,-0.00817871
18,720,-0.0306396,-0.0233154
18,721,-0.0402832,-0.0179443
18,722,0.0631104,-0.00317383
18,723,0.0494385,-0.00500488
18,724,0.0350342,-0.0101318
18,725,0.00219727,-0.0020752
18,726,0.00598145,-0.00354004
18,727,0.00671387,0.0020752
18,728,-0.0163574,0.00366211
18,729,-0.026001,0.00170898
18,730,-0.0286865,0.0012207
18,731,-0.0318604,-0.0012207
18,732,-0.0181885,-0.00671387
18,733,0.0133057,0.00695801
18,734,-0.0321045,0.0264893
18,735,-0.0134277,0.00561523
18,736,-0.0217285,0.0045166
18,737,-0.0180664,0.00305176
18,738,-0.0170898,0.00158691
18,739,-0.015625,0.00280762
18,740,-0.010498,0.010376
18,741,-0.0032959,0.0170898
18,742,0.0460205,0.0129395
18,743,0.0445557,0.0124512
18,744,0.0224609,0.00976562
18,745,0.00817871,0.00305176
18,746,0.00292969,0.000366211
18,747,-0.00598145,-0.00549316
18,748,-0.0217285,-0.0197754
18,749,-0.0308838,-0.017334
18,750,0.057373,-0.00280762
18,751,0.0418701,-0.0090332
18,752,0.00354004,-0.00183105
18,753,0.00756836,-0.00268555
18,754,0.00793457,0.00390625
18,755,-0.0184326,0.00366211
18,756,-0.0291748,0.000488281
18,757,-0.0321045,-0.000488281
18,758,-0.0354004,-0.00354004
18,759,-0.0192871,-0.00891113
18,760,0.0151367,0.00891113
18,761,-0.0388184,0.02771
18,762,-0.0158691,0.00537109
18,763,-0.0253906,0.00378418
18,764,-0.0209961,0.00244141
18,765,-0.0197754,0.000976562
18,766,-0.0179443,0.00244141
18,767,-0.0124512,0.0113525
18,768,-0.00488281,0.019165
18,769,0.0501709,0.0174561
18,770,0.0488281,0.0169678
18,771,0.0244141,0.0133057
18,772,0.00878906,0.00476074
18,773,0.00317383,0.00146484
18,774,-0.00646973,-0.00561523
18,775,-0.0230713,-0.0227051
18,776,-0.0335693,-0.020874
18,777,0.0349121,-0.00561523
18,778,0.00402832,-0.00195312
18,779,0.00695801,-0.000854492
18,780,0.0057373,0.00415039
18,781,-0.0147705,0.0020752
18,782,-0.0228271,-0.000976562
18,783,-0.0249023,-0.00195312
18,784,-0.0267334,-0.00439453
18,785,-0.0130615,-0.00732422
18,786,0.0119629,0.00805664
18,787,-0.0333252,0.0195312
18,788,-0.0135498,0.00317383
18,789,-0.0213623,0.0012207
18,790,-0.0174561,0.000244141
18,791,-0.0162354,-0.000854492
18,792,-0.0145264,0.000244141
18,793,-0.0101318,0.00708008
18,794,-0.00500488,0.0134277
18,795,0.0358887,0.0158691
18,796,0.0362549,0.0162354
18,797,0.019043,0.0133057
18,798,0.00732422,0.00610352
18,799,0.0032959,0.0032959
18,800,-0.00390625,-0.00292969
18,801,-0.015625,-0.0172119
18,802,-0.0239258,-0.0174561
18,803,0.00830078,-0.00146484
18,804,0.010376,0.00305176
18,805,0.00646973,0.00598145
18,806,-0.0106201,-0.000854492
18,807,-0.0164795,-0.00512695
18,808,-0.0179443,-0.00671387
18,809,-0.0184326,-0.00915527
18,810,-0.00598145,-0.00842285
18,811,0.00964355,0.00878906
18,812,-0.0301514,0.00842285
18,813,-0.0117188,-0.000244141
18,814,-0.017334,-0.00268555
18,815,-0.0134277,-0.00244141
18,816,-0.012207,-0.00280762
18,817,-0.0106201,-0.00158691
18,818,-0.00744629,0.00354004
18,819,-0.0057373,0.00817871
18,820,0.0194092,0.0175781
18,821,0.0213623,0.0201416
18,822,0.0123291,0.0172119
18,823,0.00561523,0.0100098
18,824,0.00366211,0.00732422
18,825,0,0.00109863
18,826,-0.00390625,-0.0112305
18,827,-0.0090332,-0.0141602
18,828,0.00720215,0.00476074
18,829,0.00109863,0.0020752
18,830,-0.00378418,-0.00219727
18,831,-0.00500488,-0.00317383
18,832,-0.00524902,-0.00378418
18,833,-0.0045166,-0.00366211
18,834,-0.000610352,-0.00012207
18,835,0.00317383,0.00427246
18,836,-0.0065918,-0.00402832
18,837,-0.00256348,-0.00292969
18,838,-0.00268555,-0.00415039
18,839,-0.000610352,-0.00280762
18,840,-0.00012207,-0.00183105
18,841,0.00134277,-0.000976562
18,842,0.00354004,0.000610352
18,843,0.00183105,-0.000610352
18,844,-0.00256348,-0.00134277
18,845,-0.00109863,0.00500488
18,846,-0.000732422,0.0090332
18,847,-0.000732422,0.00805664
18,848,-0.000610352,0.00805664
18,849,0.000244141,0.00634766
18,850,0.00366211,0.00476074
18,851,0.00817871,0.00195312
18,852,0.0108643,0.00292969
18,853,-0.00109863,0.000244141
18,854,-0.00537109,-0.00170898
18,855,-0.00683594,-0.00219727
18,856,-0.00769043,-0.00439453
18,857,-0.00170898,-0.00500488
18,858,0.00708008,0.00256348
18,859,-0.0101318,0.00366211
18,860,-0.00500488,0.000976562
18,861,-0.00695801,0.00109863
18,862,-0.00488281,0.000610352
18,863,-0.00390625,0.000488281
18,864,-0.00231934,0
18,865,0.000366211,-0.000366211
18,866,-0.000244141,0.000244141
18,867,0.00292969,0.00805664
18,868,0.00683594,0.0106201
18,869,0.00976562,0.0101318
18,870,0.00939941,0.00732422
18,871,0.00939941,0.00671387
18,872,0.00866699,0.00402832
18,873,0.0107422,-0.000488281
18,874,0.00854492,-0.00378418
18,875,0.00939941,0.00170898
18,876,0.00305176,0.000366211
18,877,-0.000366211,0.000366211
18,878,-0.00537109,-0.00183105
18,879,-0.00939941,-0.00830078
18,880,0.000732422,-0.00500488
18,881,-0.000244141,0.00756836
18,882,-0.00012207,0.00280762
18,883,0.00256348,0.00390625
18,884,0.00280762,0.00354004
18,885,0.00268555,0.0032959
18,886,0.00390625,0.00341797
18,887,0.00524902,0.00439453
18,888,0.00585938,0.00549316
18,889,0.0131836,0.00830078
18,890,0.00866699,0.00793457
18,891,0.00341797,0.00402832
18,892,0.00170898,0.000732422
18,893,0.00109863,-0.000488281
18,894,0.000976562,-0.0020752
18,895,0.000976562,-0.00610352
18,896,-0.00170898,-0.00402832
18,897,0.0177002,0.000488281
18,898,0.0166016,0.000976562
18,899,0.0137939,0.00134277
18,900,0.000976562,-0.00134277
18,901,-0.00915527,-0.00817871
18,902,0.0155029,-0.00695801
18,903,0.00683594,-0.000976562
18,904,0.0133057,-0.000488281
18,905,0.0112305,0
18,906,0.010376,0.000366211
18,907,0.010376,0.000244141
18,908,0.00854492,-0.00146484
18,909,0.00634766,-0.00292969
18,910,-0.00915527,-0.000976562
18,911,-0.0145264,-0.00195312
18,912,-0.012085,-0.00305176
18,913,-0.00805664,-0.00231934
18,914,-0.00646973,-0.0020752
18,915,-0.00231934,-0.000488281
18,916,0.00256348,0.00317383
18,917,0.00439453,0.00500488
18,918,0.022583,0.000244141
18,919,0.0223389,0.00109863
18,920,0.00915527,0.000976562
18,921,-0.0112305,-0.0078125
18,922,0.0186768,-0.013916
18,923,0.00830078,-0.00280762
18,924,0.0147705,-0.00244141
18,925,0.0118408,-0.00158691
18,926,0.0111084,-0.00109863
18,927,0.0102539,-0.00146484
18,928,0.00671387,-0.00476074
18,929,0.00305176,-0.00695801
18,930,-0.0220947,-0.00219727
18,931,-0.0253906,-0.00402832
18,932,-0.0168457,-0.00500488
18,933,-0.00939941,-0.00268555
18,934,-0.00671387,-0.00195312
18,935,-0.000854492,0.000732422
18,936,0.00708008,0.00732422
18,937,0.0100098,0.0078125
18,938,0.0251465,0.00134277
18,939,0.0129395,0.00305176
18,940,-0.0111084,-0.00646973
18,941,0.0187988,-0.0161133
18,942,0.00830078,-0.00317383
18,943,0.0136719,-0.00280762
18,944,0.0106201,-0.00195312
18,945,0.00976562,-0.00158691
18,946,0.00866699,-0.00219727
18,947,0.00488281,-0.0065918
18,948,0.000976562,-0.00927734
18,949,-0.0268555,-0.00427246
18,950,-0.0283203,-0.00622559
18,951,-0.0169678,-0.00585938
18,952,-0.00866699,-0.00268555
18,953,-0.00549316,-0.00146484
18,954,0.000366211,0.00170898
18,955,0.00891113,0.00976562
18,956,0.0118408,0.00964355
18,957,0.0196533,0.00427246
18,958,-0.00976562,-0.00378418
18,959,0.0159912,-0.0197754
18,960,0.00695801,-0.00427246
18,961,0.010498,-0.00415039
18,962,0.00756836,-0.0032959
18,963,0.00720215,-0.00292969
18,964,0.0057373,-0.00378418
18,965,0.00146484,-0.00915527
18,966,-0.00305176,-0.0119629
18,967,-0.0355225,-0.00341797
18,968,-0.0333252,-0.00537109
18,969,-0.0166016,-0.00439453
18,970,-0.0065918,-0.000488281
18,971,-0.00268555,0.000854492
18,972,0.00341797,0.00415039
18,973,0.0135498,0.0130615
18,974,0.0159912,0.0108643
18,975,0.0032959,0.00219727
18,976,-0.00183105,-0.0124512
18,977,-0.00109863,-0.00183105
18,978,-0.00476074,0.000610352
18,979,-0.00561523,0.000732422
18,980,-0.00500488,0.00012207
18,981,-0.00695801,-0.000976562
18,982,-0.0100098,-0.00708008
18,983,-0.0129395,-0.0090332
18,984,-0.0343018,0.00549316
18,985,-0.0241699,0.00134277
18,986,-0.0020752,-0.00012207
18,987,0.00671387,0.0020752
18,988,0.0108643,0.00292969
18,989,0.0136719,0.00463867
18,990,0.0223389,0.0101318
18,991,0.0187988,0.00561523
18,992,-0.00964355,0.0153809
18,993,-0.0057373,0.00634766
18,994,-0.0117188,0.012085
18,995,-0.0102539,0.0106201
18,996,-0.00976562,0.00927734
18,997,-0.0098877,0.00915527
18,998,-0.00695801,0.00720215
18,999,-0.00402832,0.00549316
18,1000,0.0057373,-0.00134277
18,1001,0.0119629,-0.00378418
18,1002,0.0164795,-0.00280762
18,1003,0.0140381,-0.00170898
18,1004,0.013916,-0.00109863
18,1005,0.00976562,-0.00012207
18,1006,0.00610352,0
18,1007,0.000488281,0.00109863
18,1008,0.0167236,0.00317383
18,1009,0.026123,0.00878906
18,1010,0.020752,0.00866699
18,1011,0.0183105,0.00939941
18,1012,0.0167236,0.00927734
18,1013,0.0146484,0.0045166
18,1014,0.0141602,-0.00366211
18,1015,-0.012207,-0.0334473
18,1016,-0.0205078,-0.0344238
18,1017,-0.0178223,-0.0263672
18,1018,-0.0131836,-0.0162354
18,1019,-0.0119629,-0.0123291
18,1020,-0.00805664,-0.00292969
18,1021,-0.0057373,0.0140381
18,1022,0.00341797,0.0231934
18,1023,0.0126953,0.00183105
18,1024,0.010376,0.00244141
18,1025,0.0090332,0.00305176
18,1026,0.00805664,0.00366211
18,1027,0.00561523,0.00280762
18,1028,0.0045166,-0.00012207
18,1029,-0.00524902,-0.00878906
18,1030,-0.010498,-0.0100098
18,1031,-0.0107422,-0.010498
18,1032,-0.00805664,-0.00805664
18,1033,-0.00732422,-0.00732422
18,1034,-0.00463867,-0.00402832
18,1035,-0.00170898,0.00146484
18,1036,0.00305176,0.00585938
18,1037,0.0206299,0.00158691
18,1038,0.0185547,0.00292969
18,1039,0.0177002,0.0045166
18,1040,0.0129395,0.00463867
18,1041,0.00915527,0.000610352
18,1042,-0.00854492,-0.00866699
18,1043,-0.0187988,-0.0100098
18,1044,-0.0213623,-0.0137939
18,1045,-0.0166016,-0.012085
18,1046,-0.0153809,-0.0119629
18,1047,-0.00939941,-0.0078125
18,1048,-0.00244141,-0.00183105
18,1049,0.00695801,0.0045166
18,1050,0.0172119,0.00134277
18,1051,0.017334,0.00292969
18,1052,0.013916,0.00341797
18,1053,0.00964355,0
18,1054,-0.00732422,-0.00744629
18,1055,-0.0157471,-0.00671387
18,1056,-0.0186768,-0.00927734
18,1057,-0.0148926,-0.00830078
18,1058,-0.013916,-0.00842285
18,1059,-0.00866699,-0.00561523
18,1060,-0.00231934,-0.00170898
18,1061,0.00695801,0.00244141
18,1062,0.0163574,0.00134277
18,1063,0.0136719,0.00183105
18,1064,0.00927734,-0.00109863
18,1065,-0.00793457,-0.00646973
18,1066,-0.0151367,-0.00488281
18,1067,-0.0174561,-0.0065918
18,1068,-0.013916,-0.00598145
18,1069,-0.0128174,-0.00598145
18,1070,-0.0078125,-0.00390625
18,1071,-0.00158691,-0.000976562
18,1072,0.00720215,0.00146484
18,1073,0.0167236,0.000854492
18,1074,0.0119629,-0.00183105
18,1075,-0.00634766,-0.00793457
18,1076,-0.0130615,-0.00415039
18,1077,-0.0168457,-0.00341797
18,1078,-0.0141602,-0.00268555
18,1079,-0.0135498,-0.00280762
18,1080,-0.00891113,-0.00134277
18,1081,-0.00341797,0.000488281
18,1082,0.00646973,0.0012207
18,1083,0.0174561,-0.0032959
18,1084,-0.000976562,-0.0175781
18,1085,-0.00585938,-0.00878906
18,1086,-0.0117188,0.000854492
18,1087,-0.0117188,0.00366211
18,1088,-0.012207,0.00488281
18,1089,-0.00964355,0.00585938
18,1090,-0.00805664,0.00830078
18,1091,0.0020752,0.00646973
18,1092,0.00976562,-0.0220947
18,1093,0.00341797,-0.0136719
18,1094,-0.00610352,-0.00109863
18,1095,-0.00915527,0.00292969
18,1096,-0.0107422,0.00500488
18,1097,-0.0107422,0.00646973
18,1098,-0.0141602,0.0102539
18,1099,-0.00634766,0.0109863
18,1100,0.0537109,0
18,1101,0.0194092,-0.000976562
18,1102,0.00219727,-0.00500488
18,1103,-0.00537109,-0.00683594
18,1104,-0.0147705,-0.0102539
18,1105,-0.0351562,-0.0198975
18,1106,-0.0389404,-0.00939941
18,1107,0.0313721,0.00219727
18,1108,0.0152588,-0.000244141
18,1109,0.00878906,-0.00146484
18,1110,-0.00268555,-0.00524902
18,1111,-0.0231934,-0.0151367
18,1112,-0.0316162,-0.010498
18,1113,0.0273438,0.000854492
18,1114,0.0253906,0.00109863
18,1115,0.0159912,-0.00012207
18,1116,0.00390625,-0.00354004
18,1117,-0.00915527,-0.00366211
18,1118,0.026123,0.00012207
18,1119,0.0202637,0
18,1120,0.0153809,-0.000976562
18,1121,0.00341797,-0.00231934
18,1122,0.0229492,0.000244141
18,1123,0.0211182,0
18,1124,0.00878906,-0.00183105
18,1125,0.0253906,0.000244141
18,1126,0.0162354,-0.00219727
18,1127,0.0354004,-0.00476074
19,0,0.00585938,0.00170898
19,1,0.00292969,0.00183105
19,2,0.0020752,0.00146484
19,3,-0.00170898,-0.00109863
19,4,-0.000610352,-0.000244141
19,5,0.000488281,-0.000244141
19,6,0.00109863,-0.000610352
19,7,0.00244141,0
19,8,0.00146484,0.000366211
19,9,0.000732422,0.000732422
19,10,-0.000244141,0.000366211
19,11,0.000610352,-0.000366211
19,12,0.000244141,-0.00109863
19,13,0.000244141,-0.00244141
19,14,-0.000244141,-0.00537109
19,15,0.00195312,0.00012207
19,16,-0.000244141,0.00183105
19,17,-0.00268555,0.00378418
19,18,-0.00305176,0.00354004
19,19,-0.00427246,0.00390625
19,20,-0.00366211,0.00280762
19,21,-0.00561523,0.000610352
19,22,-0.00537109,-0.00317383
19,23,-0.00378418,-0.00561523
19,24,-0.00256348,-0.00415039
19,25,-0.00195312,-0.00231934
19,26,-0.00231934,-0.00134277
19,27,-0.00219727,-0.000854492
19,28,-0.00280762,0.00109863
19,29,-0.00390625,0.00292969
19,30,-0.00439453,0.00231934
19,31,0.00292969,-0.00292969
19,32,0.000610352,-0.00170898
19,33,-0.00134277,-0.00427246
19,34,-0.00170898,-0.00402832
19,35,-0.00195312,-0.00378418
19,36,-0.00244141,-0.00402832
19,37,-0.00231934,-0.00354004
19,38,-0.00195312,-0.00268555
19,39,-0.0020752,-0.00561523
19,40,0.00231934,-0.00341797
19,41,0.00500488,0.00170898
19,42,0.00366211,0.00280762
19,43,0.0032959,0.00390625
19,44,0.00195312,0.00390625
19,45,-0.00280762,0.00317383
19,46,-0.00671387,-0.00256348
19,47,0.00524902,0.000854492
19,48,0.0045166,0.000854492
19,49,-0.00402832,-0.000732422
19,50,-0.00183105,-0.000366211
19,51,0.00195312,0.000366211
19,52,0.00158691,0.000732422
19,53,0.0032959,0.000488281
19,54,0.00268555,0.000244141
19,55,0.00158691,0.00012207
19,56,0.00012207,-0.000244141
19,57,0.000732422,-0.000976562
19,58,-0.000244141,-0.00158691
19,59,-0.0012207,-0.00244141
19,60,-0.00256348,-0.00415039
19,61,0.00195312,0.00134277
19,62,0.000732422,0.00390625
19,63,-0.00109863,0.00610352
19,64,-0.00183105,0.00512695
19,65,-0.00280762,0.00561523
19,66,-0.00292969,0.00415039
19,67,-0.00549316,0.00134277
19,68,-0.00524902,-0.00317383
19,69,-0.00402832,-0.00476074
19,70,-0.00378418,-0.00317383
19,71,-0.00390625,-0.00170898
19,72,-0.00427246,-0.000732422
19,73,-0.00415039,-0.000488281
19,74,-0.00402832,0.00109863
19,75,-0.00366211,0.0032959
19,76,-0.0032959,0.00366211
19,77,0.00170898,-0.00427246
19,78,0.00012207,-0.00219727
19,79,-0.00231934,-0.00427246
19,80,-0.00280762,-0.00378418
19,81,-0.00317383,-0.00341797
19,82,-0.00378418,-0.00305176
19,83,-0.00390625,-0.00219727
19,84,-0.00305176,-0.00109863
19,85,-0.00292969,-0.00378418
19,86,0.00134277,-0.00366211
19,87,0.00549316,0.00012207
19,88,0.00463867,0.00170898
19,89,0.0045166,0.00256348
19,90,0.00280762,0.00292969
19,91,-0.00158691,0.00366211
19,92,-0.00695801,-0.00146484
19,93,0.00549316,0.000488281
19,94,-0.00512695,-0.000610352
19,95,-0.00256348,-0.000488281
19,96,0.00305176,0.0012207
19,97,0.00183105,0.0020752
19,98,0.00305176,0.00134277
19,99,0.00280762,0.000366211
19,100,0.00146484,-0.00012207
19,101,0.000244141,-0.000610352
19,102,0.000488281,-0.00109863
19,103,-0.000732422,-0.0012207
19,104,-0.0020752,-0.00134277
19,105,-0.00292969,-0.00134277
19,106,0.00183105,0.00280762
19,107,0.00158691,0.00524902
19,108,0.000488281,0.00646973
19,109,-0.000488281,0.00476074
19,110,-0.0012207,0.00524902
19,111,-0.00134277,0.00366211
19,112,-0.00317383,0.000854492
19,113,-0.00244141,-0.00292969
19,114,-0.00146484,-0.00256348
19,115,-0.00256348,-0.00109863
19,116,-0.00415039,-0.000610352
19,117,-0.0045166,-0.000366211
19,118,-0.00463867,-0.000366211
19,119,-0.00402832,0.000244141
19,120,-0.00256348,0.00170898
19,121,-0.000976562,0.00317383
19,122,0.00012207,-0.00390625
19,123,-0.00012207,-0.00195312
19,124,-0.00195312,-0.00305176
19,125,-0.00256348,-0.00256348
19,126,-0.00280762,-0.00219727
19,127,-0.00341797,-0.0012207
19,128,-0.00378418,-0.00012207
19,129,-0.00280762,0.000732422
19,130,-0.00195312,-0.000488281
19,131,0,-0.00170898
19,132,0.0032959,-0.000610352
19,133,0.00317383,0.000366211
19,134,0.00317383,0.000732422
19,135,0.00219727,0.00109863
19,136,0.00012207,0.00231934
19,137,-0.00354004,-0.000610352
19,138,-0.00524902,0
19,139,-0.00268555,-0.00012207
19,140,0.00354004,0.000854492
19,141,0.00231934,0.0020752
19,142,0.00317383,0.00146484
19,143,0.00292969,0.000488281
19,144,0.00158691,0
19,145,0.000366211,-0.000366211
19,146,0.000610352,-0.000854492
19,147,-0.000488281,-0.000732422
19,148,-0.00158691,-0.000732422
19,149,-0.00195312,-0.000854492
19,150,0.00183105,0.00231934
19,151,0.00219727,0.00463867
19,152,0.00134277,0.00598145
19,153,0.00012207,0.00439453
19,154,-0.000366211,0.00500488
19,155,-0.000732422,0.00341797
19,156,-0.00219727,0.000488281
19,157,-0.0012207,-0.00341797
19,158,-0.00012207,-0.00280762
19,159,-0.00158691,-0.0012207
19,160,-0.00390625,-0.000488281
19,161,-0.0045166,-0.000366211
19,162,-0.00463867,-0.000366211
19,163,-0.00415039,0
19,164,-0.00244141,0.000854492
19,165,-0.000366211,0.00219727
19,166,-0.000244141,-0.00354004
19,167,-0.000244141,-0.00195312
19,168,-0.00170898,-0.00280762
19,169,-0.00231934,-0.00219727
19,170,-0.00244141,-0.00183105
19,171,-0.00292969,-0.000732422
19,172,-0.00317383,0.000366211
19,173,-0.0020752,0.000854492
19,174,-0.000488281,-0.000488281
19,175,0.000366211,-0.000976562
19,176,0.00231934,0.00012207
19,177,0.0020752,0.000732422
19,178,0.0020752,0.000854492
19,179,0.00109863,0.000976562
19,180,0.00012207,0.00146484
19,181,-0.0020752,-0.00158691
19,182,0.00244141,0.00012207
19,183,-0.00341797,-0.00109863
19,184,-0.00244141,-0.00231934
19,185,-0.00292969,-0.00170898
19,186,-0.00256348,-0.000488281
19,187,-0.00109863,0
19,188,0,0.000488281
19,189,-0.000244141,0.000732422
19,190,0.000854492,0.000488281
19,191,0.00158691,0.000244141
19,192,0.00158691,-0.000366211
19,193,-0.00219727,-0.00292969
19,194,-0.00231934,-0.00488281
19,195,-0.00109863,-0.00549316
19,196,0,-0.00390625
19,197,0.000488281,-0.00439453
19,198,0.000732422,-0.00305176
19,199,0.0020752,-0.000366211
19,200,0.000854492,0.00280762
19,201,-0.000488281,0.00183105
19,202,0.000976562,0.000366211
19,203,0.0032959,-0.00012207
19,204,0.00390625,0
19,205,0.00415039,0
19,206,0.00378418,0
19,207,0.00219727,-0.000610352
19,208,0,-0.0020752
19,209,0.00012207,0.00292969
19,210,0,0.00146484
19,211,0.00109863,0.00244141
19,212,0.00170898,0.00170898
19,213,0.00183105,0.00146484
19,214,0.00231934,0.000488281
19,215,0.00256348,-0.000732422
19,216,0.00158691,-0.00134277
19,217,0.00012207,-0.000732422
19,218,0,0.000244141
19,219,-0.00146484,0.000366211
19,220,-0.00170898,-0.000244141
19,221,-0.00158691,-0.00012207
19,222,-0.000976562,-0.000366211
19,223,-0.000610352,-0.00109863
19,224,0.00134277,0.000976562
19,225,-0.00195312,-0.000488281
19,226,-0.00146484,-0.0012207
19,227,-0.00146484,-0.000854492
19,228,-0.0012207,-0.000366211
19,229,-0.000366211,-0.00012207
19,230,0.00012207,0.00012207
19,231,0,0.00012207
19,232,0.000488281,0
19,233,0.000610352,-0.000244141
19,234,0.000244141,-0.000610352
19,235,-0.00134277,-0.00158691
19,236,-0.00134277,-0.00244141
19,237,-0.000732422,-0.00268555
19,238,-0.00012207,-0.00183105
19,239,0.00012207,-0.0020752
19,240,0.000366211,-0.00146484
19,241,0.000854492,0
19,242,0,0.00158691
19,243,-0.000854492,0.00109863
19,244,0,0.000244141
19,245,0.00146484,-0.00012207
19,246,0.00183105,-0.00012207
19,247,0.00195312,-0.00012207
19,248,0.00195312,0
19,249,0.0012207,-0.00012207
19,250,-0.00012207,-0.000610352
19,251,0.00012207,0.0012207
19,252,-0.00012207,0.000732422
19,253,0.000366211,0.0012207
19,254,0.000610352,0.000976562
19,255,0.000610352,0.000732422
19,256,0.000854492,0.000244141
19,257,0.000976562,-0.000488281
19,258,0.000366211,-0.000732422
19,259,-0.000732422,-0.000610352
19,260,-0.00012207,-0.000366211
19,261,-0.000366211,-0.00012207
19,262,-0.000366211,-0.000244141
19,263,-0.000244141,-0.00012207
19,264,-0.00012207,-0.00012207
19,265,-0.000244141,-0.00012207
19,266,0.00012207,0.000732422
19,267,0.00280762,0.00109863
19,268,0.00244141,0.000244141
19,269,0.00134277,-0.000610352
19,270,-0.000244141,-0.000366211
19,271,-0.00109863,-0.000366211
19,272,-0.000854492,-0.000366211
19,273,-0.00134277,0.000488281
19,274,-0.00109863,0.000976562
19,275,0.000366211,0.00170898
19,276,0.00292969,0.00183105
19,277,0.00292969,0.00268555
19,278,0.00183105,0.00305176
19,279,0.000366211,0.0020752
19,280,0,0.00231934
19,281,-0.000366211,0.00146484
19,282,-0.0012207,-0.000488281
19,283,-0.00012207,-0.00280762
19,284,0.00195312,-0.00183105
19,285,0.000976562,-0.00012207
19,286,-0.00134277,0.000854492
19,287,-0.00219727,0.000732422
19,288,-0.00244141,0.000854492
19,289,-0.00268555,0.000488281
19,290,-0.00170898,-0.000610352
19,291,0.000732422,-0.000244141
19,292,-0.000610352,-0.0012207
19,293,-0.00012207,-0.000976562
19,294,-0.000244141,-0.00158691
19,295,-0.000488281,-0.000976562
19,296,-0.000488281,-0.000732422
19,297,-0.000488281,0
19,298,-0.000366211,0.0012207
19,299,0.000366211,0.00134277
19,300,0.00183105,0.000854492
19,301,0,0.000732422
19,302,-0.000610352,0
19,303,-0.000244141,-0.000244141
19,304,-0.000366211,-0.000488281
19,305,-0.000488281,-0.000488281
19,306,0.000610352,-0.000732422
19,307,0.000488281,-0.00170898
19,308,0.00280762,-0.00109863
19,309,0.000976562,-0.00170898
19,310,-0.000854492,-0.000976562
19,311,-0.00183105,-0.000488281
19,312,-0.00158691,-0.000488281
19,313,-0.00195312,0.000610352
19,314,-0.00109863,0.00146484
19,315,0.000854492,0.00183105
19,316,0.00415039,0.00134277
19,317,0.00402832,0.00146484
19,318,0.00268555,0.00170898
19,319,0.000976562,0.00134277
19,320,0.000488281,0.00146484
19,321,0,0.000976562
19,322,-0.00195312,-0.000244141
19,323,-0.00219727,-0.00244141
19,324,0.000366211,-0.0020752
19,325,0.000732422,0.00012207
19,326,-0.000732422,0.00195312
19,327,-0.00134277,0.0020752
19,328,-0.00170898,0.00244141
19,329,-0.00219727,0.00219727
19,330,-0.00146484,0.000732422
19,331,0.000854492,0
19,332,-0.000976562,-0.000732422
19,333,-0.000488281,-0.000732422
19,334,-0.000732422,-0.0012207
19,335,-0.000610352,-0.000488281
19,336,-0.000610352,-0.000366211
19,337,-0.00012207,0.000244141
19,338,0.000488281,0.00146484
19,339,0.00109863,0.00134277
19,340,0.00146484,0.000244141
19,341,-0.00012207,0.000244141
19,342,-0.000488281,-0.000610352
19,343,0,-0.000732422
19,344,-0.00012207,-0.000732422
19,345,-0.000244141,-0.000366211
19,346,0.000366211,-0.000366211
19,347,-0.000732422,-0.000732422
19,348,0.00366211,-0.00158691
19,349,0.00158691,-0.00195312
19,350,0,-0.00219727
19,351,0.00012207,-0.00244141
19,352,-0.000976562,-0.00219727
19,353,-0.00195312,-0.00146484
19,354,-0.00244141,-0.0012207
19,355,0.00195312,0.00256348
19,356,0.00256348,0.00292969
19,357,0.00183105,0.00341797
19,358,0.000488281,0.00244141
19,359,0.000244141,0.00244141
19,360,-0.000488281,0.00158691
19,361,-0.00305176,-0.000610352
19,362,-0.00366211,-0.00415039
19,363,-0.00231934,-0.00390625
19,364,-0.00256348,-0.00109863
19,365,-0.0032959,0.0012207
19,366,-0.00378418,0.00183105
19,367,-0.00402832,0.00219727
19,368,-0.00415039,0.00244141
19,369,-0.00244141,0.00256348
19,370,-0.000610352,0.00231934
19,371,-0.000488281,-0.0020752
19,372,-0.000610352,-0.00134277
19,373,-0.00195312,-0.00170898
19,374,-0.00183105,-0.000854492
19,375,-0.0020752,-0.000732422
19,376,-0.00183105,0.000244141
19,377,-0.00195312,0.00109863
19,378,-0.00146484,0.0012207
19,379,-0.0012207,-0.00219727
19,380,0.0012207,-0.00256348
19,381,0.00390625,-0.000610352
19,382,0.00366211,0.000610352
19,383,0.00341797,0.0012207
19,384,0.0020752,0.00170898
19,385,-0.000488281,0.0020752
19,386,-0.00463867,-0.00146484
19,387,0.0032959,-0.0012207
19,388,0.00231934,-0.00195312
19,389,0.00219727,-0.00231934
19,390,0.00109863,-0.00305176
19,391,-0.00134277,-0.00292969
19,392,-0.00341797,-0.0032959
19,393,-0.00109863,0.00195312
19,394,0.00012207,0.00268555
19,395,0.000732422,0.0032959
19,396,0.000366211,0.00219727
19,397,0.000366211,0.0020752
19,398,-0.00012207,0.0012207
19,399,-0.00195312,-0.000854492
19,400,-0.00231934,-0.00390625
19,401,-0.00268555,-0.00378418
19,402,-0.00390625,-0.00183105
19,403,-0.00427246,-0.000366211
19,404,-0.00439453,0.000244141
19,405,-0.00439453,0.000244141
19,406,-0.00390625,0.000854492
19,407,-0.00195312,0.00244141
19,408,-0.00146484,0.00280762
19,409,-0.000366211,-0.00219727
19,410,-0.000610352,-0.00134277
19,411,-0.0020752,-0.00134277
19,412,-0.00231934,-0.000854492
19,413,-0.00256348,-0.000854492
19,414,-0.00268555,0
19,415,-0.00305176,0.000244141
19,416,-0.00305176,0.000366211
19,417,-0.00231934,-0.0032959
19,418,0.00195312,-0.00292969
19,419,0.00512695,0.000488281
19,420,0.00427246,0.00219727
19,421,0.00402832,0.00268555
19,422,0.00244141,0.00292969
19,423,-0.00134277,0.00280762
19,424,-0.00488281,-0.00195312
19,425,0.00341797,-0.000976562
19,426,0.0032959,-0.00134277
19,427,0.00268555,-0.00268555
19,428,0,-0.00341797
19,429,-0.00268555,-0.00463867
19,430,-0.00292969,-0.00012207
19,431,-0.00146484,0.000610352
19,432,-0.00012207,0.00170898
19,433,0.000244141,0.0012207
19,434,0.000488281,0.00146484
19,435,0.000244141,0.000732422
19,436,-0.000732422,-0.000366211
19,437,-0.00109863,-0.00231934
19,438,-0.00256348,-0.00305176
19,439,-0.00366211,-0.00244141
19,440,-0.0032959,-0.00170898
19,441,-0.00317383,-0.000976562
19,442,-0.00292969,-0.00109863
19,443,-0.00244141,-0.000488281
19,444,-0.0012207,0.00183105
19,445,-0.00195312,0.00219727
19,446,0,-0.00158691
19,447,-0.000366211,-0.000976562
19,448,-0.00183105,-0.000732422
19,449,-0.0020752,-0.000488281
19,450,-0.00231934,-0.000732422
19,451,-0.00256348,-0.000244141
19,452,-0.00280762,-0.000854492
19,453,-0.00317383,-0.000854492
19,454,-0.00219727,-0.00366211
19,455,0.00244141,-0.00244141
19,456,0.00488281,0.00158691
19,457,0.00366211,0.00292969
19,458,0.00317383,0.00341797
19,459,0.00183105,0.00317383
19,460,-0.00183105,0.00244141
19,461,-0.00390625,-0.0020752
19,462,0.00366211,-0.000366211
19,463,0.00378418,-0.00183105
19,464,0.0012207,-0.00317383
19,465,-0.00134277,-0.00476074
19,466,-0.00415039,-0.00158691
19,467,-0.00268555,-0.000854492
19,468,-0.000976562,0.00012207
19,469,0,0.00012207
19,470,0.000488281,0.000244141
19,471,0.000488281,-0.00012207
19,472,0.000488281,-0.000488281
19,473,0.000610352,-0.00146484
19,474,-0.0012207,-0.00219727
19,475,-0.00256348,-0.00268555
19,476,-0.0020752,-0.00244141
19,477,-0.00195312,-0.00183105
19,478,-0.00158691,-0.00195312
19,479,-0.000976562,-0.00158691
19,480,-0.000610352,0.000610352
19,481,-0.00183105,0.000854492
19,482,0.00012207,-0.000488281
19,483,-0.000244141,-0.000488281
19,484,-0.000976562,-0.00012207
19,485,-0.0012207,-0.00012207
19,486,-0.00134277,-0.000610352
19,487,-0.00170898,-0.000366211
19,488,-0.00195312,-0.00146484
19,489,-0.00256348,-0.00170898
19,490,-0.00134277,-0.00354004
19,491,0.00244141,-0.0012207
19,492,0.00341797,0.00280762
19,493,0.0020752,0.00354004
19,494,0.00158691,0.00366211
19,495,0.000610352,0.00305176
19,496,-0.0020752,0.00134277
19,497,-0.00195312,-0.00256348
19,498,0.00378418,-0.00170898
19,499,0.00158691,-0.00317383
19,500,-0.000610352,-0.00524902
19,501,-0.00341797,-0.00134277
19,502,-0.00256348,-0.000610352
19,503,-0.00158691,0.000488281
19,504,-0.000732422,0.000366211
19,505,-0.000488281,0.000488281
19,506,-0.000366211,0
19,507,-0.000366211,-0.000976562
19,508,0.000244141,-0.00231934
19,509,-0.000976562,-0.0032959
19,510,-0.00219727,-0.00354004
19,511,-0.00195312,-0.00292969
19,512,-0.00195312,-0.00231934
19,513,-0.00170898,-0.00231934
19,514,-0.00146484,-0.00170898
19,515,-0.00158691,0.000488281
19,516,-0.00268555,0.000732422
19,517,0.000854492,-0.000610352
19,518,0.00012207,-0.000610352
19,519,-0.000854492,-0.000976562
19,520,-0.00109863,-0.000976562
19,521,-0.0012207,-0.00134277
19,522,-0.00158691,-0.0012207
19,523,-0.00183105,-0.00219727
19,524,-0.00231934,-0.00219727
19,525,-0.000610352,-0.00415039
19,526,0.00317383,-0.0012207
19,527,0.00378418,0.00354004
19,528,0.00195312,0.00415039
19,529,0.00134277,0.00439453
19,530,0.000366211,0.00354004
19,531,-0.00268555,0.00134277
19,532,-0.00244141,-0.00354004
19,533,0.0032959,-0.00256348
19,534,0.0020752,-0.00585938
19,535,-0.0032959,-0.0032959
19,536,-0.00256348,-0.00256348
19,537,-0.00170898,-0.0012207
19,538,-0.000854492,-0.000610352
19,539,-0.000488281,-0.000488281
19,540,-0.00012207,-0.000732422
19,541,0.000366211,-0.00146484
19,542,0.0012207,-0.00244141
19,543,0.000488281,-0.00402832
19,544,-0.000610352,-0.00476074
19,545,-0.000244141,-0.00378418
19,546,-0.000610352,-0.00305176
19,547,-0.000244141,-0.00292969
19,548,-0.000488281,-0.00231934
19,549,-0.00183105,-0.000244141
19,550,-0.00317383,-0.000976562
19,551,0.00109863,0.000366211
19,552,0.000244141,-0.000366211
19,553,-0.000244141,-0.000976562
19,554,-0.000244141,-0.0012207
19,555,-0.000366211,-0.00170898
19,556,-0.000488281,-0.00183105
19,557,-0.000244141,-0.00305176
19,558,-0.00109863,-0.00354004
19,559,0.0012207,-0.00500488
19,560,0.00402832,0.000244141
19,561,0.00219727,0.0057373
19,562,0,0.00549316
19,563,-0.000732422,0.00549316
19,564,-0.00146484,0.00415039
19,565,-0.00366211,0
19,566,-0.000976562,-0.00512695
19,567,0.00561523,-0.00317383
19,568,-0.000732422,-0.00378418
19,569,-0.00134277,-0.00341797
19,570,-0.00195312,-0.00256348
19,571,-0.00146484,-0.00158691
19,572,-0.0012207,-0.00146484
19,573,-0.000610352,-0.00146484
19,574,0.000610352,-0.00183105
19,575,0.00244141,-0.00183105
19,576,0.0032959,-0.0032959
19,577,0.00292969,-0.00427246
19,578,0.00244141,-0.00317383
19,579,0.00170898,-0.00280762
19,580,0.00170898,-0.00256348
19,581,0.000732422,-0.00219727
19,582,-0.0020752,-0.00183105
19,583,-0.00256348,-0.00341797
19,584,0.00158691,0.00146484
19,585,0.000854492,0.00012207
19,586,0.00134277,-0.0012207
19,587,0.00134277,-0.00134277
19,588,0.00158691,-0.00183105
19,589,0.00146484,-0.00231934
19,590,0.00219727,-0.00305176
19,591,0.00158691,-0.00366211
19,592,0.00439453,-0.00341797
19,593,0.0032959,0.00256348
19,594,-0.00183105,0.00598145
19,595,-0.00341797,0.00439453
19,596,-0.00415039,0.00415039
19,597,-0.00390625,0.00244141
19,598,-0.0032959,-0.00244141
19,599,0.0020752,-0.00537109
19,600,0.00280762,-0.00378418
19,601,0.000976562,-0.00390625
19,602,-0.00183105,-0.00366211
19,603,-0.00219727,-0.00256348
19,604,-0.00219727,-0.00268555
19,605,-0.00134277,-0.00231934
19,606,0.000976562,-0.00354004
19,607,0.00463867,-0.0032959
19,608,0.00830078,-0.00415039
19,609,0.00793457,-0.00439453
19,610,0.00561523,-0.00268555
19,611,0.00378418,-0.00292969
19,612,0.0032959,-0.00244141
19,613,0.00109863,-0.00268555
19,614,-0.00317383,-0.00439453
19,615,-0.0020752,-0.00683594
19,616,0.0020752,0.00305176
19,617,0.00158691,0.000488281
19,618,0.00341797,-0.00195312
19,619,0.00354004,-0.00195312
19,620,0.00402832,-0.00244141
19,621,0.00415039,-0.00292969
19,622,0.00549316,-0.00292969
19,623,0.00524902,-0.00390625
19,624,0.0100098,-0.0020752
19,625,0.00366211,0.00610352
19,626,-0.00671387,0.00805664
19,627,-0.00805664,0.0045166
19,628,-0.00915527,0.00366211
19,629,-0.00793457,0.0012207
19,630,-0.00366211,-0.00598145
19,631,0.00646973,-0.0078125
19,632,0.00671387,0.000488281
19,633,0.00341797,0.0012207
19,634,0.000976562,0.00146484
19,635,0,0.00183105
19,636,-0.000488281,0.00183105
19,637,-0.00292969,0.00134277
19,638,-0.00354004,-0.00012207
19,639,0.000610352,-0.000610352
19,640,0.00268555,0.0012207
19,641,0.00170898,0.00292969
19,642,0.000854492,0.00280762
19,643,0.000488281,0.00354004
19,644,-0.000366211,0.0032959
19,645,-0.000732422,0.0012207
19,646,0.00170898,-0.000244141
19,647,-0.00109863,-0.000244141
19,648,-0.000488281,-0.000366211
19,649,-0.000854492,-0.00109863
19,650,-0.000732422,-0.000732422
19,651,-0.000366211,-0.00012207
19,652,0.00012207,0
19,653,0.00158691,0.00170898
19,654,0.00305176,0.00158691
19,655,0.00305176,0.00195312
19,656,-0.0012207,0.00146484
19,657,-0.00280762,-0.00158691
19,658,-0.00183105,-0.00256348
19,659,-0.00170898,-0.00268555
19,660,-0.000976562,-0.0020752
19,661,0.00134277,-0.00134277
19,662,0.000610352,0.00134277
19,663,0.0065918,0.000976562
19,664,0.00390625,0.00134277
19,665,0.00366211,0.00195312
19,666,0.00231934,0.00183105
19,667,-0.000976562,0.00195312
19,668,-0.00354004,0.000244141
19,669,-0.000610352,-0.00012207
19,670,0.00109863,0.0020752
19,671,0.000366211,0.00439453
19,672,-0.000244141,0.00439453
19,673,-0.000488281,0.00488281
19,674,-0.000610352,0.00439453
19,675,0.000244141,0.00219727
19,676,0.00305176,0.000610352
19,677,-0.00341797,-0.000488281
19,678,-0.00158691,-0.000366211
19,679,-0.00268555,0.000244141
19,680,-0.00219727,0.00109863
19,681,-0.00170898,0.00146484
19,682,-0.000854492,0.00231934
19,683,0.000732422,0.00378418
19,684,0.00219727,0.00292969
19,685,0.00183105,0.00231934
19,686,-0.00158691,0.00109863
19,687,-0.00195312,-0.00231934
19,688,-0.000854492,-0.00292969
19,689,-0.000610352,-0.00305176
19,690,-0.00012207,-0.00219727
19,691,0.0020752,-0.000976562
19,692,0,0.00219727
19,693,0.00610352,0.000610352
19,694,0.00671387,0.00134277
19,695,0.00488281,0.00134277
19,696,0.00158691,0.00280762
19,697,-0.00292969,0.00195312
19,698,-0.00268555,0.00170898
19,699,-0.00109863,0.00305176
19,700,-0.000976562,0.00500488
19,701,-0.000732422,0.00524902
19,702,-0.000854492,0.00537109
19,703,0.00012207,0.00463867
19,704,0.0020752,0.00292969
19,705,0.00415039,0.00146484
19,706,-0.00512695,-0.000732422
19,707,-0.00244141,-0.00012207
19,708,-0.00390625,0.00219727
19,709,-0.00305176,0.00292969
19,710,-0.00256348,0.00317383
19,711,-0.00158691,0.00439453
19,712,-0.00012207,0.00500488
19,713,0.000854492,0.00366211
19,714,-0.000854492,0.00244141
19,715,-0.00244141,-0.00012207
19,716,-0.000976562,-0.00378418
19,717,0.000366211,-0.00366211
19,718,0.000976562,-0.00378418
19,719,0.0012207,-0.00256348
19,720,0.00292969,-0.00012207
19,721,-0.000610352,0.00415039
19,722,0.00585938,0.000488281
19,723,0.0045166,0.000610352
19,724,0.00244141,0.00256348
19,725,-0.00134277,0.00280762
19,726,-0.00256348,0.00268555
19,727,-0.00146484,0.00292969
19,728,-0.000854492,0.00366211
19,729,-0.000244141,0.00378418
19,730,-0.000244141,0.00378418
19,731,0.000854492,0.00317383
19,732,0.00268555,0.00231934
19,733,0.00354004,0.00146484
19,734,-0.00427246,-0.000366211
19,735,-0.0020752,0.00012207
19,736,-0.00317383,0.00256348
19,737,-0.00256348,0.00305176
19,738,-0.0020752,0.00305176
19,739,-0.00146484,0.00390625
19,740,-0.000488281,0.00390625
19,741,0,0.00280762
19,742,-0.00170898,0.00219727
19,743,-0.00244141,-0.000244141
19,744,-0.000854492,-0.0032959
19,745,0.000244141,-0.00305176
19,746,0.000854492,-0.00317383
19,747,0.0012207,-0.00219727
19,748,0.00256348,0.00012207
19,749,0,0.00427246
19,750,0.00537109,0.000244141
19,751,0.00366211,0.00244141
19,752,-0.000488281,0.00305176
19,753,-0.00219727,0.00305176
19,754,-0.00146484,0.00305176
19,755,-0.000854492,0.00390625
19,756,-0.00012207,0.00402832
19,757,-0.00012207,0.00390625
19,758,0.00109863,0.00305176
19,759,0.00292969,0.00195312
19,760,0.00378418,0.00109863
19,761,-0.00488281,-0.00012207
19,762,-0.00231934,0.000244141
19,763,-0.0032959,0.00317383
19,764,-0.00244141,0.00366211
19,765,-0.00195312,0.00366211
19,766,-0.0012207,0.00463867
19,767,-0.000366211,0.00439453
19,768,0,0.00292969
19,769,-0.00146484,0.00244141
19,770,-0.00231934,0.00012207
19,771,-0.00109863,-0.00317383
19,772,0,-0.00305176
19,773,0.000610352,-0.0032959
19,774,0.000976562,-0.00231934
19,775,0.00280762,-0.000366211
19,776,0.000610352,0.00415039
19,777,0.00378418,0.0020752
19,778,0.000854492,0.00305176
19,779,-0.000976562,0.0032959
19,780,-0.000610352,0.00280762
19,781,-0.000244141,0.00280762
19,782,0.000366211,0.00268555
19,783,0.000366211,0.00231934
19,784,0.00146484,0.00170898
19,785,0.00292969,0.000854492
19,786,0.00341797,0.000488281
19,787,-0.00378418,0.00012207
19,788,-0.00170898,0.000366211
19,789,-0.00219727,0.00280762
19,790,-0.00183105,0.00317383
19,791,-0.0012207,0.00305176
19,792,-0.000854492,0.00366211
19,793,-0.00012207,0.00341797
19,794,0.00012207,0.0020752
19,795,-0.000976562,0.0020752
19,796,-0.0020752,0.000488281
19,797,-0.00183105,-0.00219727
19,798,-0.000854492,-0.00231934
19,799,-0.000366211,-0.00256348
19,800,0.000244141,-0.0020752
19,801,0.00244141,-0.000488281
19,802,0.00183105,0.00341797
19,803,0.00671387,0.00317383
19,804,0.0045166,0.00512695
19,805,0.00305176,0.0032959
19,806,0.00195312,0.000976562
19,807,0.00219727,-0.00012207
19,808,0.00195312,-0.000732422
19,809,0.00268555,-0.00219727
19,810,0.0032959,-0.00354004
19,811,0.00341797,-0.00268555
19,812,-0.00219727,0.00195312
19,813,-0.000366211,0.00109863
19,814,0.000976562,0.0032959
19,815,0.00109863,0.00341797
19,816,0.00158691,0.00292969
19,817,0.00146484,0.0032959
19,818,0.00134277,0.00244141
19,819,0.00109863,0.00134277
19,820,0.00170898,0.00402832
19,821,-0.0020752,0.0032959
19,822,-0.00524902,-0.000244141
19,823,-0.00439453,-0.00170898
19,824,-0.00390625,-0.00231934
19,825,-0.00244141,-0.00317383
19,826,0.00244141,-0.00317383
19,827,0.00732422,0.0012207
19,828,0.0107422,0.00341797
19,829,0.00683594,0.00109863
19,830,0.00292969,-0.00219727
19,831,0.00219727,-0.00415039
19,832,0.00170898,-0.00476074
19,833,0.00134277,-0.00634766
19,834,0.000976562,-0.0078125
19,835,0.00195312,-0.00561523
19,836,0.000732422,0.00268555
19,837,0.00158691,0.000976562
19,838,0.0045166,0.0012207
19,839,0.00390625,0.0012207
19,840,0.00427246,0.000488281
19,841,0.00354004,0.000610352
19,842,0.00268555,0
19,843,0.00195312,-0.000610352
19,844,0.00622559,0.00402832
19,845,-0.00012207,0.00622559
19,846,-0.00756836,0.00390625
19,847,-0.00744629,0.00109863
19,848,-0.00769043,-0.00012207
19,849,-0.00585938,-0.00231934
19,850,0.000732422,-0.00549316
19,851,0.0115967,-0.00390625
19,852,0.0101318,-0.000610352
19,853,0.00463867,-0.0020752
19,854,0.00256348,-0.00390625
19,855,0.00183105,-0.00402832
19,856,0.00012207,-0.00598145
19,857,-0.00170898,-0.00891113
19,858,0.00109863,-0.00793457
19,859,0.00158691,0.00354004
19,860,0.0020752,0.000976562
19,861,0.0057373,-0.000488281
19,862,0.00524902,-0.000244141
19,863,0.00537109,-0.000854492
19,864,0.00500488,-0.000732422
19,865,0.00463867,-0.000366211
19,866,0.00439453,-0.000732422
19,867,0.010376,0.00378418
19,868,0.00158691,0.00817871
19,869,-0.00866699,0.00610352
19,870,-0.0090332,0.00219727
19,871,-0.00964355,0.000732422
19,872,-0.0078125,-0.0020752
19,873,-0.000366211,-0.0078125
19,874,0.012085,-0.0078125
19,875,0.0057373,-0.000732422
19,876,0.00402832,-0.00195312
19,877,0.00341797,-0.00183105
19,878,0.00183105,-0.0032959
19,879,-0.000732422,-0.00646973
19,880,0.00134277,-0.00683594
19,881,0.00109863,0.00354004
19,882,0.00146484,0.0012207
19,883,0.00439453,0.000244141
19,884,0.00439453,0.000244141
19,885,0.00463867,-0.00012207
19,886,0.00488281,-0.000366211
19,887,0.00537109,0
19,888,0.00524902,-0.000732422
19,889,0.00878906,0.00317383
19,890,0.000488281,0.00671387
19,891,-0.00817871,0.00390625
19,892,-0.00817871,0.000488281
19,893,-0.00842285,-0.000732422
19,894,-0.0065918,-0.00268555
19,895,0,-0.00671387
19,896,0.00952148,-0.00476074
19,897,0.00524902,-0.000732422
19,898,0.00512695,-0.000366211
19,899,0.00402832,-0.00109863
19,900,0.00146484,-0.0032959
19,901,0.00109863,-0.00463867
19,902,0.000488281,0.00378418
19,903,0.000732422,0.00170898
19,904,0.00292969,0.00158691
19,905,0.0032959,0.00109863
19,906,0.00354004,0.000854492
19,907,0.00402832,0
19,908,0.00476074,-0.000488281
19,909,0.00439453,-0.00109863
19,910,0.00488281,0.00195312
19,911,-0.000244141,0.00402832
19,912,-0.00585938,0.00158691
19,913,-0.00561523,-0.000732422
19,914,-0.00561523,-0.00134277
19,915,-0.00402832,-0.00219727
19,916,0,-0.00427246
19,917,0.00585938,-0.000732422
19,918,0.00537109,0.00012207
19,919,0.00476074,-0.000488281
19,920,0.00280762,-0.00231934
19,921,0.00170898,-0.0032959
19,922,0,0.00354004
19,923,0.000366211,0.00183105
19,924,0.00219727,0.00244141
19,925,0.00268555,0.00183105
19,926,0.00292969,0.00158691
19,927,0.00341797,0.000610352
19,928,0.00402832,0
19,929,0.00366211,-0.000610352
19,930,0.00268555,0.00256348
19,931,-0.00134277,0.00292969
19,932,-0.00524902,-0.00012207
19,933,-0.00463867,-0.00183105
19,934,-0.00439453,-0.00244141
19,935,-0.00268555,-0.00268555
19,936,0.000854492,-0.00317383
19,937,0.00500488,0.00183105
19,938,0.00524902,-0.000488281
19,939,0.0032959,-0.00195312
19,940,0.00170898,-0.00305176
19,941,0,0.00341797
19,942,0.000244141,0.00183105
19,943,0.00195312,0.00256348
19,944,0.00244141,0.00170898
19,945,0.00268555,0.00158691
19,946,0.00317383,0.000488281
19,947,0.00390625,-0.000366211
19,948,0.00341797,-0.000976562
19,949,0.00219727,0.0020752
19,950,-0.00134277,0.00256348
19,951,-0.00476074,-0.000366211
19,952,-0.00415039,-0.00183105
19,953,-0.00390625,-0.00231934
19,954,-0.00231934,-0.00244141
19,955,0.000854492,-0.00268555
19,956,0.00476074,0.00231934
19,957,0.00476074,-0.00109863
19,958,0.00280762,-0.00146484
19,959,-0.00109863,0.00268555
19,960,-0.000366211,0.00170898
19,961,0.000854492,0.0032959
19,962,0.0012207,0.00256348
19,963,0.00158691,0.00244141
19,964,0.00183105,0.00158691
19,965,0.00244141,0.000610352
19,966,0.00219727,0
19,967,-0.000244141,0.00305176
19,968,-0.00268555,0.00158691
19,969,-0.00415039,-0.0020752
19,970,-0.00305176,-0.00305176
19,971,-0.00244141,-0.00341797
19,972,-0.000732422,-0.00305176
19,973,0.0020752,-0.00146484
19,974,0.00427246,0.00476074
19,975,0.00549316,0.000976562
19,976,-0.00292969,0.00158691
19,977,-0.0012207,0.00158691
19,978,-0.000488281,0.00463867
19,979,-0.000366211,0.00427246
19,980,0.00012207,0.00415039
19,981,0.000366211,0.00402832
19,982,0.000488281,0.00317383
19,983,0.000366211,0.00268555
19,984,-0.0032959,0.00537109
19,985,-0.00488281,0.00012207
19,986,-0.00305176,-0.00561523
19,987,-0.000610352,-0.00549316
19,988,0.000244141,-0.00585938
19,989,0.00195312,-0.0045166
19,990,0.00463867,0.000366211
19,991,0.00402832,0.00842285
19,992,-0.00378418,0.0012207
19,993,-0.00134277,0.00109863
19,994,-0.000366211,0.00402832
19,995,-0.000244141,0.00415039
19,996,0.000366211,0.00415039
19,997,0.000732422,0.00463867
19,998,0.00109863,0.00476074
19,999,0.00146484,0.00402832
19,1000,-0.000732422,0.00695801
19,1001,-0.00512695,0.00170898
19,1002,-0.00463867,-0.00561523
19,1003,-0.00183105,-0.00610352
19,1004,-0.00109863,-0.0065918
19,1005,0.000732422,-0.00549316
19,1006,0.00549316,-0.0012207
19,1007,0.00585938,0.00683594
19,1008,0.00170898,-0.000366211
19,1009,0.00219727,-0.00268555
19,1010,0.00170898,-0.00305176
19,1011,0.00134277,-0.00292969
19,1012,0.000854492,-0.00378418
19,1013,0.000244141,-0.00390625
19,1014,-0.000244141,-0.00305176
19,1015,0.00158691,-0.0032959
19,1016,0.00268555,-0.000366211
19,1017,0.0012207,0.0032959
19,1018,-0.000244141,0.00317383
19,1019,-0.000732422,0.00341797
19,1020,-0.00134277,0.00231934
19,1021,-0.00305176,-0.00012207
19,1022,-0.000976562,-0.0045166
19,1023,0.00158691,-0.00109863
19,1024,0.00134277,-0.0012207
19,1025,0.0012207,-0.0012207
19,1026,0.000854492,-0.00158691
19,1027,0.000610352,-0.00158691
19,1028,0.000366211,-0.00134277
19,1029,0.00158691,-0.000732422
19,1030,0.000976562,0.000732422
19,1031,-0.000732422,0.00158691
19,1032,-0.0012207,0.0012207
19,1033,-0.00146484,0.00109863
19,1034,-0.00146484,0.000488281
19,1035,-0.00109863,-0.000854492
19,1036,0.000976562,-0.00219727
19,1037,0.00402832,-0.000488281
19,1038,0.00378418,-0.000732422
19,1039,0.00366211,-0.00134277
19,1040,0.00305176,-0.00146484
19,1041,0.00231934,-0.00109863
19,1042,0.00390625,0.00134277
19,1043,0.000610352,0.00280762
19,1044,-0.00366211,0.00219727
19,1045,-0.00378418,0.000732422
19,1046,-0.00415039,0.00012207
19,1047,-0.0032959,-0.000976562
19,1048,-0.000854492,-0.00317383
19,1049,0.00476074,-0.0032959
19,1050,0.00390625,-0.000366211
19,1051,0.00415039,-0.000854492
19,1052,0.00366211,-0.00109863
19,1053,0.00280762,-0.000976562
19,1054,0.00390625,0.00134277
19,1055,0.000610352,0.00292969
19,1056,-0.00354004,0.0020752
19,1057,-0.00378418,0.000610352
19,1058,-0.00402832,0
19,1059,-0.0032959,-0.000976562
19,1060,-0.000854492,-0.00341797
19,1061,0.00439453,-0.00317383
19,1062,0.00402832,-0.000610352
19,1063,0.00366211,-0.000854492
19,1064,0.00305176,-0.000854492
19,1065,0.00415039,0.00146484
19,1066,0.000244141,0.00317383
19,1067,-0.00439453,0.00195312
19,1068,-0.00439453,0.000244141
19,1069,-0.00463867,-0.000366211
19,1070,-0.00366211,-0.0012207
19,1071,-0.000488281,-0.00354004
19,1072,0.00524902,-0.00244141
19,1073,0.0045166,-0.000244141
19,1074,0.00378418,-0.000488281
19,1075,0.0045166,0.00158691
19,1076,0.000244141,0.00317383
19,1077,-0.00439453,0.00158691
19,1078,-0.00439453,-0.00012207
19,1079,-0.0045166,-0.000732422
19,1080,-0.00366211,-0.00146484
19,1081,-0.000366211,-0.00390625
19,1082,0.00500488,-0.00244141
19,1083,0.00463867,-0.000732422
19,1084,0.00524902,0.0012207
19,1085,0.000366211,0.00366211
19,1086,-0.00512695,0.00195312
19,1087,-0.00500488,0
19,1088,-0.00537109,-0.000732422
19,1089,-0.00415039,-0.00146484
19,1090,-0.000488281,-0.00427246
19,1091,0.00512695,-0.0020752
19,1092,0.00537109,0.0020752
19,1093,-0.000244141,0.00378418
19,1094,-0.00561523,0.000976562
19,1095,-0.00512695,-0.000976562
19,1096,-0.00537109,-0.00170898
19,1097,-0.00402832,-0.00219727
19,1098,0.00012207,-0.00415039
19,1099,0.00500488,-0.00109863
19,1100,0.00366211,0.00683594
19,1101,-0.00708008,0.00695801
19,1102,-0.00830078,0.00341797
19,1103,-0.00939941,0.00219727
19,1104,-0.00817871,-0.000244141
19,1105,-0.00280762,-0.00695801
19,1106,0.0078125,-0.00842285
19,1107,0.0032959,0.00695801
19,1108,0.000366211,0.00671387
19,1109,-0.000854492,0.00708008
19,1110,-0.00231934,0.00524902
19,1111,-0.00549316,-0.000488281
19,1112,-0.00292969,-0.00866699
19,1113,0.00939941,0.0032959
19,1114,0.00915527,0.00488281
19,1115,0.00610352,0.00549316
19,1116,-0.00292969,0.00634766
19,1117,-0.0119629,-0.00158691
19,1118,0.00915527,0.00134277
19,1119,0.00695801,0.00280762
19,1120,-0.000244141,0.00634766
19,1121,-0.0101318,0.00244141
19,1122,0.00769043,0.00183105
19,1123,0.000854492,0.00646973
19,1124,-0.0100098,0.00415039
19,1125,0.00219727,0.00512695
19,1126,-0.00646973,0.0057373
19,1127,0.00378418,0.00720215
20,0,0.0106201,0.000976562
20,1,0.00927734,0.00146484
20,2,0.00891113,0.00134277
20,3,-0.00756836,-0.00146484
20,4,-0.00305176,-0.000854492
20,5,0.0032959,0.000488281
20,6,0.00183105,0.0012207
20,7,0.000854492,0.000854492
20,8,0.000244141,-0.000976562
20,9,0.000366211,-0.00244141
20,10,-0.000610352,-0.00244141
20,11,-0.000732422,-0.00244141
20,12,-0.000732422,-0.00292969
20,13,-0.000610352,-0.00231934
20,14,0.000366211,-0.00195312
20,15,0.00256348,0.00488281
20,16,-0.00109863,0.00854492
20,17,-0.00524902,0.00927734
20,18,-0.00561523,0.00708008
20,19,-0.00732422,0.00769043
20,20,-0.00622559,0.00549316
20,21,-0.00769043,0.00305176
20,22,-0.00561523,-0.00109863
20,23,-0.00708008,-0.00195312
20,24,-0.00622559,0.000244141
20,25,-0.00402832,-0.00012207
20,26,-0.00390625,0.000366211
20,27,-0.00317383,0.000976562
20,28,-0.00195312,0.00109863
20,29,-0.00292969,0.00402832
20,30,-0.00244141,0.00549316
20,31,0.00244141,-0.00256348
20,32,0.000488281,-0.00146484
20,33,-0.00134277,-0.00280762
20,34,-0.00305176,-0.00292969
20,35,-0.00268555,-0.00268555
20,36,-0.00415039,-0.00305176
20,37,-0.00549316,-0.00146484
20,38,-0.00317383,0.000488281
20,39,-0.00012207,-0.000244141
20,40,0.00244141,-0.0032959
20,41,0.00598145,-0.00390625
20,42,0.00598145,-0.00195312
20,43,0.00561523,-0.00158691
20,44,0.00354004,0.000244141
20,45,-0.000610352,0.00280762
20,46,-0.00500488,0.00170898
20,47,0.0137939,0.000610352
20,48,0.0134277,0.000854492
20,49,-0.0115967,-0.00134277
20,50,-0.00488281,-0.000610352
20,51,0.00488281,0.0012207
20,52,0.0020752,0.0032959
20,53,0.00219727,0.0032959
20,54,0.00195312,0.00012207
20,55,0.00146484,-0.00256348
20,56,0.00012207,-0.00305176
20,57,-0.000488281,-0.0032959
20,58,-0.0012207,-0.00402832
20,59,-0.00146484,-0.00341797
20,60,-0.000732422,-0.00268555
20,61,0.0020752,0.00512695
20,62,-0.000366211,0.010498
20,63,-0.0032959,0.0129395
20,64,-0.00415039,0.010498
20,65,-0.00598145,0.0115967
20,66,-0.00537109,0.00842285
20,67,-0.00854492,0.00500488
20,68,-0.00720215,-0.00219727
20,69,-0.00866699,-0.00354004
20,70,-0.00878906,-0.000732422
20,71,-0.00708008,-0.0012207
20,72,-0.00671387,-0.000244141
20,73,-0.00561523,0.000488281
20,74,-0.00427246,0.000976562
20,75,-0.0045166,0.00561523
20,76,-0.00354004,0.00793457
20,77,0.00158691,-0.00634766
20,78,0.000366211,-0.0032959
20,79,-0.00231934,-0.0045166
20,80,-0.00427246,-0.00390625
20,81,-0.00390625,-0.0032959
20,82,-0.00598145,-0.00317383
20,83,-0.0078125,-0.000610352
20,84,-0.00476074,0.00109863
20,85,-0.000610352,-0.00219727
20,86,0.00195312,-0.00585938
20,87,0.00585938,-0.00549316
20,88,0.00549316,-0.00219727
20,89,0.00500488,-0.00158691
20,90,0.00280762,0.000976562
20,91,-0.00317383,0.00402832
20,92,-0.00805664,0.00134277
20,93,0.0146484,0.000488281
20,94,-0.0129395,-0.0012207
20,95,-0.00549316,-0.000610352
20,96,0.00598145,0.00195312
20,97,0.00268555,0.00463867
20,98,0.00280762,0.00524902
20,99,0.00268555,0.0012207
20,100,0.00170898,-0.00231934
20,101,0.000488281,-0.00305176
20,102,-0.000244141,-0.00354004
20,103,-0.00134277,-0.0045166
20,104,-0.00134277,-0.00366211
20,105,-0.000610352,-0.00256348
20,106,0.00146484,0.0045166
20,107,0.000244141,0.0101318
20,108,-0.00134277,0.0131836
20,109,-0.00231934,0.0111084
20,110,-0.00378418,0.0123291
20,111,-0.00378418,0.00915527
20,112,-0.00732422,0.00561523
20,113,-0.00671387,-0.00268555
20,114,-0.00830078,-0.0045166
20,115,-0.00927734,-0.00170898
20,116,-0.00830078,-0.00183105
20,117,-0.00805664,-0.000488281
20,118,-0.00671387,0.000244141
20,119,-0.00561523,0.000976562
20,120,-0.00512695,0.00622559
20,121,-0.00378418,0.00891113
20,122,0.000244141,-0.00805664
20,123,0.00012207,-0.00427246
20,124,-0.00268555,-0.00537109
20,125,-0.00439453,-0.00427246
20,126,-0.00402832,-0.00317383
20,127,-0.00634766,-0.00305176
20,128,-0.00817871,0
20,129,-0.00500488,0.00134277
20,130,0.000244141,-0.00268555
20,131,0.00195312,-0.00585938
20,132,0.0045166,-0.00476074
20,133,0.00378418,-0.00146484
20,134,0.00317383,-0.000732422
20,135,0.00109863,0.00158691
20,136,-0.00463867,0.00439453
20,137,-0.00842285,0.000488281
20,138,-0.0129395,-0.000732422
20,139,-0.00561523,-0.000244141
20,140,0.00634766,0.00146484
20,141,0.0032959,0.00427246
20,142,0.00341797,0.00439453
20,143,0.00268555,0.000488281
20,144,0.0012207,-0.00256348
20,145,-0.00012207,-0.00317383
20,146,-0.000854492,-0.00341797
20,147,-0.00195312,-0.00402832
20,148,-0.00158691,-0.00305176
20,149,-0.000610352,-0.00195312
20,150,0.00158691,0.0045166
20,151,0.000488281,0.00964355
20,152,-0.000976562,0.0123291
20,153,-0.00195312,0.010498
20,154,-0.0032959,0.0117188
20,155,-0.0032959,0.00866699
20,156,-0.00720215,0.00585938
20,157,-0.00683594,-0.0020752
20,158,-0.00854492,-0.00390625
20,159,-0.00964355,-0.000854492
20,160,-0.00842285,-0.000976562
20,161,-0.00805664,0.000244141
20,162,-0.00671387,0.000732422
20,163,-0.00537109,0.00158691
20,164,-0.00463867,0.00646973
20,165,-0.00305176,0.00866699
20,166,-0.000610352,-0.00793457
20,167,-0.000244141,-0.00415039
20,168,-0.00292969,-0.00500488
20,169,-0.0045166,-0.00402832
20,170,-0.00415039,-0.00305176
20,171,-0.00622559,-0.00268555
20,172,-0.0078125,0.000366211
20,173,-0.00476074,0.00146484
20,174,-0.000244141,-0.00231934
20,175,0.000976562,-0.00549316
20,176,0.00402832,-0.00476074
20,177,0.00366211,-0.00134277
20,178,0.0032959,-0.000732422
20,179,0.00146484,0.00170898
20,180,-0.00402832,0.00476074
20,181,-0.00817871,0.00134277
20,182,0.00476074,0
20,183,-0.00598145,-0.00134277
20,184,-0.00341797,-0.00402832
20,185,-0.00354004,-0.00439453
20,186,-0.00292969,-0.000732422
20,187,-0.00134277,0.00219727
20,188,-0.000244141,0.00292969
20,189,0.000610352,0.00292969
20,190,0.00158691,0.00354004
20,191,0.0012207,0.00268555
20,192,0.000366211,0.00146484
20,193,-0.00183105,-0.00415039
20,194,-0.0012207,-0.00854492
20,195,-0.00012207,-0.0108643
20,196,0.000854492,-0.00927734
20,197,0.00195312,-0.0102539
20,198,0.00219727,-0.00769043
20,199,0.00561523,-0.00524902
20,200,0.0057373,0.00170898
20,201,0.00744629,0.0032959
20,202,0.00842285,0.000366211
20,203,0.00756836,0.000366211
20,204,0.00720215,-0.000610352
20,205,0.00598145,-0.0012207
20,206,0.00488281,-0.00183105
20,207,0.00390625,-0.00610352
20,208,0.00244141,-0.00805664
20,209,0.000732422,0.00683594
20,210,0.000366211,0.00366211
20,211,0.00268555,0.00439453
20,212,0.00390625,0.00341797
20,213,0.00354004,0.00244141
20,214,0.00549316,0.0020752
20,215,0.00683594,-0.000976562
20,216,0.00390625,-0.00183105
20,217,-0.00012207,0.0020752
20,218,-0.000976562,0.00463867
20,219,-0.00341797,0.00378418
20,220,-0.00305176,0.000732422
20,221,-0.00268555,0.00012207
20,222,-0.00109863,-0.00195312
20,223,0.00354004,-0.00476074
20,224,0.00720215,-0.00134277
20,225,-0.00292969,-0.000366211
20,226,-0.0020752,-0.00146484
20,227,-0.00183105,-0.00134277
20,228,-0.00109863,0.00012207
20,229,-0.00012207,0.00109863
20,230,0.000488281,0.00134277
20,231,0.000610352,0.0012207
20,232,0.00109863,0.00134277
20,233,0.000610352,0.000732422
20,234,-0.00012207,0.00012207
20,235,-0.00134277,-0.00134277
20,236,-0.000854492,-0.0032959
20,237,-0.000244141,-0.00439453
20,238,0.000244141,-0.00390625
20,239,0.000732422,-0.00439453
20,240,0.000854492,-0.0032959
20,241,0.00244141,-0.00268555
20,242,0.00244141,0.000366211
20,243,0.00305176,0.000854492
20,244,0.00341797,-0.000366211
20,245,0.00292969,-0.000244141
20,246,0.00292969,-0.000732422
20,247,0.00219727,-0.000854492
20,248,0.00183105,-0.00109863
20,249,0.0012207,-0.00280762
20,250,0.000488281,-0.00341797
20,251,0.000610352,0.0032959
20,252,0.000244141,0.00170898
20,253,0.0012207,0.00195312
20,254,0.00170898,0.00158691
20,255,0.00146484,0.00109863
20,256,0.00231934,0.000732422
20,257,0.00256348,-0.000610352
20,258,0.00134277,-0.000854492
20,259,0.000244141,0.000488281
20,260,0.000244141,0.00183105
20,261,-0.000976562,0.00183105
20,262,-0.000976562,0.000488281
20,263,-0.00109863,0.000244141
20,264,-0.000732422,-0.000732422
20,265,0.000854492,-0.00219727
20,266,0.00244141,-0.00109863
20,267,0.00561523,0.00183105
20,268,0.00415039,-0.000244141
20,269,0.00170898,-0.0020752
20,270,-0.000854492,-0.00244141
20,271,-0.00183105,-0.00231934
20,272,-0.00195312,-0.00183105
20,273,-0.00292969,-0.00109863
20,274,-0.00146484,0.000610352
20,275,0.000244141,0.00219727
20,276,0.00354004,0.00195312
20,277,0.00256348,0.00292969
20,278,0.0012207,0.00341797
20,279,0.000366211,0.00305176
20,280,-0.000244141,0.00366211
20,281,-0.000732422,0.00305176
20,282,-0.00268555,0.00378418
20,283,-0.00317383,0.000976562
20,284,-0.00476074,-0.000244141
20,285,-0.00512695,0.00244141
20,286,-0.00439453,0.00305176
20,287,-0.00439453,0.0032959
20,288,-0.0032959,0.00354004
20,289,-0.00244141,0.00378418
20,290,-0.000488281,0.00476074
20,291,0.00158691,0.00488281
20,292,-0.00280762,-0.00354004
20,293,-0.00146484,-0.00219727
20,294,-0.0020752,-0.00231934
20,295,-0.00219727,-0.00170898
20,296,-0.00170898,-0.0012207
20,297,-0.00268555,-0.000366211
20,298,-0.00231934,0.00195312
20,299,-0.00109863,0.0020752
20,300,-0.00134277,0.00146484
20,301,-0.00292969,-0.000732422
20,302,-0.000610352,-0.00219727
20,303,0.000854492,-0.00109863
20,304,0.00158691,-0.000610352
20,305,0.00183105,0.000610352
20,306,0.00146484,0.00378418
20,307,-0.00134277,0.0032959
20,308,0.00561523,-0.00463867
20,309,0.000732422,-0.00561523
20,310,-0.00317383,-0.00366211
20,311,-0.00463867,-0.00256348
20,312,-0.00439453,-0.0012207
20,313,-0.00537109,0.000854492
20,314,-0.00292969,0.00341797
20,315,0.00012207,0.00549316
20,316,0.00598145,0.00170898
20,317,0.00500488,0.000976562
20,318,0.00305176,-0.000488281
20,319,0.00195312,-0.00012207
20,320,0.00170898,0.000366211
20,321,0.000610352,0.000854492
20,322,-0.0012207,0.00415039
20,323,-0.00292969,0.00415039
20,324,-0.00463867,0.00390625
20,325,-0.00378418,0.00646973
20,326,-0.00292969,0.00708008
20,327,-0.00268555,0.00671387
20,328,-0.00170898,0.00646973
20,329,-0.000610352,0.00622559
20,330,0.00256348,0.00524902
20,331,0.00561523,0.00402832
20,332,-0.00537109,-0.00158691
20,333,-0.00280762,-0.0012207
20,334,-0.00256348,-0.000854492
20,335,-0.00183105,-0.000244141
20,336,-0.0012207,-0.00012207
20,337,-0.00146484,0.00134277
20,338,0.000244141,0.00390625
20,339,0.00109863,0.00354004
20,340,-0.00427246,0.0045166
20,341,-0.00769043,0.00109863
20,342,-0.00366211,-0.00292969
20,343,0.00012207,-0.00231934
20,344,0.00183105,-0.00195312
20,345,0.00390625,-0.000244141
20,346,0.00634766,0.00512695
20,347,0.00231934,0.0078125
20,348,0.00939941,-0.00488281
20,349,0.00183105,-0.00720215
20,350,-0.0012207,-0.00805664
20,351,-0.00280762,-0.00634766
20,352,-0.00683594,-0.00561523
20,353,-0.00842285,-0.00256348
20,354,-0.00878906,0.00146484
20,355,0.0020752,0.00646973
20,356,0.0045166,0.00415039
20,357,0.00732422,0.000244141
20,358,0.00585938,-0.000366211
20,359,0.00585938,-0.000244141
20,360,0.00378418,-0.000366211
20,361,-0.00256348,0.0012207
20,362,-0.00817871,0.00158691
20,363,-0.0098877,0.00219727
20,364,-0.00976562,0.00463867
20,365,-0.00830078,0.00488281
20,366,-0.00683594,0.00476074
20,367,-0.0057373,0.00415039
20,368,-0.00439453,0.00500488
20,369,0.000366211,0.00622559
20,370,0.00415039,0.0078125
20,371,-0.00341797,-0.00415039
20,372,-0.00244141,-0.0020752
20,373,-0.00317383,0.00012207
20,374,-0.00256348,0.00109863
20,375,-0.00158691,0.0012207
20,376,-0.00268555,0.00280762
20,377,-0.00280762,0.00524902
20,378,-0.00195312,0.00500488
20,379,-0.010376,-0.00683594
20,380,-0.00695801,-0.0124512
20,381,0.00268555,-0.00830078
20,382,0.00476074,-0.00231934
20,383,0.00622559,0.000488281
20,384,0.00524902,0.00500488
20,385,0.00012207,0.0133057
20,386,-0.00976562,0.0114746
20,387,0.00537109,-0.00439453
20,388,0.00366211,-0.00634766
20,389,0.00146484,-0.0057373
20,390,-0.00170898,-0.0065918
20,391,-0.00500488,-0.00512695
20,392,-0.00756836,-0.00219727
20,393,-0.00244141,0.00512695
20,394,0.000366211,0.00366211
20,395,0.00439453,0.00170898
20,396,0.00378418,0.000732422
20,397,0.00390625,0.000610352
20,398,0.00244141,0
20,399,-0.00244141,-0.00134277
20,400,-0.00634766,-0.00268555
20,401,-0.00744629,-0.0032959
20,402,-0.00854492,-0.00134277
20,403,-0.00756836,-0.000488281
20,404,-0.00622559,0
20,405,-0.00561523,0.00012207
20,406,-0.00476074,0.0012207
20,407,-0.00244141,0.00341797
20,408,-0.000854492,0.00561523
20,409,0,-0.00354004
20,410,-0.000488281,-0.00183105
20,411,-0.00158691,-0.000610352
20,412,-0.00146484,0.00012207
20,413,-0.0012207,0.000488281
20,414,-0.00231934,0.00109863
20,415,-0.00390625,0.00231934
20,416,-0.00366211,0.00256348
20,417,-0.00549316,-0.00939941
20,418,0.00012207,-0.0118408
20,419,0.0057373,-0.00500488
20,420,0.0045166,0.000244141
20,421,0.00427246,0.00268555
20,422,0.00158691,0.00524902
20,423,-0.00610352,0.00866699
20,424,-0.0124512,0.0032959
20,425,0.00683594,-0.0020752
20,426,0.00537109,-0.00305176
20,427,0.00463867,-0.00488281
20,428,0.000610352,-0.00585938
20,429,-0.00305176,-0.00561523
20,430,-0.0057373,0.00158691
20,431,-0.00415039,0.00170898
20,432,-0.000854492,0.00244141
20,433,-0.000244141,0.00158691
20,434,-0.000244141,0.00134277
20,435,-0.000244141,0.000244141
20,436,-0.00158691,-0.00366211
20,437,-0.00256348,-0.0065918
20,438,-0.00292969,-0.00805664
20,439,-0.00427246,-0.00695801
20,440,-0.00415039,-0.00512695
20,441,-0.0032959,-0.00402832
20,442,-0.00341797,-0.00341797
20,443,-0.00341797,-0.00219727
20,444,-0.00427246,0.000244141
20,445,-0.00512695,0.00219727
20,446,0.00280762,-0.000976562
20,447,0.000976562,-0.00109863
20,448,-0.000366211,-0.00134277
20,449,-0.000732422,-0.00134277
20,450,-0.00109863,-0.00109863
20,451,-0.00183105,-0.00134277
20,452,-0.00378418,-0.00158691
20,453,-0.00427246,-0.000976562
20,454,0.00158691,-0.00793457
20,455,0.0078125,-0.00549316
20,456,0.0078125,0.00195312
20,457,0.00366211,0.00390625
20,458,0.00170898,0.00537109
20,459,-0.00195312,0.0045166
20,460,-0.00964355,0.00109863
20,461,-0.0108643,-0.00634766
20,462,0.00634766,-0.00146484
20,463,0.00634766,-0.00378418
20,464,0.00280762,-0.00561523
20,465,-0.00109863,-0.00634766
20,466,-0.00646973,-0.00012207
20,467,-0.00476074,0.000366211
20,468,-0.00158691,0.00231934
20,469,-0.000610352,0.00146484
20,470,-0.000366211,0.00134277
20,471,-0.00012207,0.000366211
20,472,-0.000244141,-0.00402832
20,473,-0.000366211,-0.00683594
20,474,-0.000610352,-0.00866699
20,475,-0.00219727,-0.00805664
20,476,-0.00231934,-0.00622559
20,477,-0.00170898,-0.00512695
20,478,-0.0020752,-0.00439453
20,479,-0.00231934,-0.0032959
20,480,-0.00402832,-0.00134277
20,481,-0.0057373,0.00012207
20,482,0.00341797,0.000366211
20,483,0.00146484,-0.000366211
20,484,0.000244141,-0.000976562
20,485,-0.00012207,-0.00109863
20,486,-0.000732422,-0.000854492
20,487,-0.0012207,-0.00146484
20,488,-0.00317383,-0.00268555
20,489,-0.00378418,-0.0020752
20,490,0.00500488,-0.00695801
20,491,0.0102539,-0.00292969
20,492,0.00732422,0.00378418
20,493,0.00231934,0.00439453
20,494,0,0.00524902
20,495,-0.00366211,0.00317383
20,496,-0.0101318,-0.00244141
20,497,-0.00866699,-0.00964355
20,498,0.00646973,-0.00195312
20,499,0.00390625,-0.00402832
20,500,0.000854492,-0.00561523
20,501,-0.00549316,-0.00170898
20,502,-0.00463867,-0.000976562
20,503,-0.00256348,0.0012207
20,504,-0.00158691,0.000976562
20,505,-0.00158691,0.000610352
20,506,-0.000854492,0
20,507,0.000366211,-0.00366211
20,508,0.0012207,-0.00622559
20,509,0.00158691,-0.0078125
20,510,0.000244141,-0.00769043
20,511,-0.000244141,-0.00622559
20,512,-0.000244141,-0.00512695
20,513,-0.000610352,-0.00439453
20,514,-0.00134277,-0.00354004
20,515,-0.00366211,-0.00219727
20,516,-0.00549316,-0.00109863
20,517,0.00305176,0.000854492
20,518,0.00134277,-0.000244141
20,519,0.000366211,-0.00109863
20,520,0.00012207,-0.00158691
20,521,-0.000488281,-0.00134277
20,522,-0.000732422,-0.0020752
20,523,-0.00170898,-0.00341797
20,524,-0.00256348,-0.00292969
20,525,0.00537109,-0.00463867
20,526,0.00927734,0.000366211
20,527,0.00537109,0.0057373
20,528,0.00109863,0.00488281
20,529,-0.00109863,0.00512695
20,530,-0.00366211,0.00244141
20,531,-0.00805664,-0.00402832
20,532,-0.00537109,-0.0101318
20,533,0.00671387,-0.00305176
20,534,0.00415039,-0.0057373
20,535,-0.0057373,-0.00366211
20,536,-0.00610352,-0.00244141
20,537,-0.00488281,0.000732422
20,538,-0.00341797,0.000732422
20,539,-0.00341797,0.000244141
20,540,-0.0020752,-0.00012207
20,541,0.0012207,-0.00390625
20,542,0.00341797,-0.00646973
20,543,0.00402832,-0.00830078
20,544,0.00292969,-0.00854492
20,545,0.00231934,-0.00683594
20,546,0.00195312,-0.0057373
20,547,0.0012207,-0.00476074
20,548,0.000244141,-0.00439453
20,549,-0.00341797,-0.00354004
20,550,-0.00634766,-0.0032959
20,551,0.00341797,0.00268555
20,552,0.00158691,0.000610352
20,553,0.000732422,-0.000976562
20,554,0.000488281,-0.00195312
20,555,-0.000366211,-0.00158691
20,556,-0.00012207,-0.00268555
20,557,-0.000732422,-0.00463867
20,558,-0.00170898,-0.00415039
20,559,0.00891113,-0.00195312
20,560,0.0117188,0.00488281
20,561,0.00488281,0.00878906
20,562,0.00012207,0.00598145
20,563,-0.00244141,0.00537109
20,564,-0.00488281,0.0012207
20,565,-0.00756836,-0.00769043
20,566,-0.00231934,-0.0130615
20,567,0.00793457,-0.00341797
20,568,-0.00280762,-0.00549316
20,569,-0.00439453,-0.00378418
20,570,-0.00537109,-0.000244141
20,571,-0.00390625,0.000244141
20,572,-0.00402832,0
20,573,-0.00231934,0.00012207
20,574,0.00231934,-0.00183105
20,575,0.00561523,-0.00366211
20,576,0.00585938,-0.00500488
20,577,0.00549316,-0.00537109
20,578,0.00488281,-0.00427246
20,579,0.00390625,-0.00366211
20,580,0.00354004,-0.00292969
20,581,0.00231934,-0.00317383
20,582,-0.0012207,-0.00378418
20,583,-0.00402832,-0.00476074
20,584,0.00158691,0.0032959
20,585,0.000976562,0.000854492
20,586,0.000732422,-0.000976562
20,587,0.000732422,-0.0020752
20,588,0.00012207,-0.00183105
20,589,0.000610352,-0.00280762
20,590,0.00146484,-0.00463867
20,591,0.000732422,-0.00439453
20,592,0.010376,0.00244141
20,593,0.0090332,0.00976562
20,594,0.000366211,0.00976562
20,595,-0.00268555,0.00524902
20,596,-0.00439453,0.00341797
20,597,-0.00488281,-0.00109863
20,598,-0.00292969,-0.00976562
20,599,0.00402832,-0.012085
20,600,0.000854492,-0.00634766
20,601,-0.00244141,-0.0045166
20,602,-0.0057373,-0.00134277
20,603,-0.00463867,-0.000366211
20,604,-0.00500488,-0.000488281
20,605,-0.00305176,0.000366211
20,606,0.00195312,0.000488281
20,607,0.00622559,-0.000610352
20,608,0.00634766,-0.00146484
20,609,0.00671387,-0.00146484
20,610,0.0065918,-0.000976562
20,611,0.00512695,-0.000732422
20,612,0.00512695,-0.000244141
20,613,0.00415039,-0.00109863
20,614,0.000976562,-0.00317383
20,615,-0.00134277,-0.00537109
20,616,-0.000610352,0.00354004
20,617,0.00012207,0.000976562
20,618,0.000488281,-0.00109863
20,619,0.000732422,-0.00244141
20,620,0.000610352,-0.0020752
20,621,0.0012207,-0.00268555
20,622,0.00341797,-0.00390625
20,623,0.00317383,-0.00378418
20,624,0.0101318,0.00720215
20,625,0.0045166,0.0135498
20,626,-0.00402832,0.00939941
20,627,-0.00463867,0.00378418
20,628,-0.00524902,0.00109863
20,629,-0.00366211,-0.0032959
20,630,0.00231934,-0.0101318
20,631,0.00964355,-0.0090332
20,632,0.00805664,0.0012207
20,633,0.00305176,0.00158691
20,634,0.000976562,0.00158691
20,635,0.000244141,0.00231934
20,636,-0.000488281,0.00256348
20,637,-0.00158691,0.00622559
20,638,-0.000976562,0.00683594
20,639,-0.00109863,0.0078125
20,640,0.000488281,0.00854492
20,641,0.000732422,0.00708008
20,642,0.000366211,0.00634766
20,643,0.000854492,0.00610352
20,644,0.00158691,0.00476074
20,645,0.00402832,0.00341797
20,646,0.00646973,0.00183105
20,647,-0.00256348,-0.00146484
20,648,-0.00134277,-0.000366211
20,649,-0.000976562,-0.00012207
20,650,-0.000732422,0.000732422
20,651,-0.000610352,0.00012207
20,652,-0.000976562,0.00134277
20,653,0.000854492,0.00402832
20,654,0.00280762,0.00317383
20,655,-0.00378418,0.00708008
20,656,-0.0098877,0.00219727
20,657,-0.00683594,-0.0057373
20,658,-0.00158691,-0.0065918
20,659,0.000366211,-0.00695801
20,660,0.00415039,-0.0045166
20,661,0.0102539,0.00146484
20,662,0.00830078,0.00854492
20,663,0.0107422,0.00158691
20,664,0.00793457,0.00231934
20,665,0.00854492,0.00354004
20,666,0.00585938,0.00366211
20,667,0.00256348,0.0078125
20,668,-0.00158691,0.0078125
20,669,-0.00195312,0.0090332
20,670,-0.000366211,0.00927734
20,671,-0.000976562,0.00744629
20,672,-0.000488281,0.00683594
20,673,0.00012207,0.00610352
20,674,0.000732422,0.00476074
20,675,0.00524902,0.00390625
20,676,0.00830078,0.00268555
20,677,-0.00512695,-0.00244141
20,678,-0.00244141,-0.000732422
20,679,-0.00268555,0.0012207
20,680,-0.00195312,0.00317383
20,681,-0.00158691,0.00256348
20,682,-0.00183105,0.0045166
20,683,0.000488281,0.00695801
20,684,0.00219727,0.00463867
20,685,-0.00439453,0.00305176
20,686,-0.0101318,-0.00134277
20,687,-0.00793457,-0.00708008
20,688,-0.00317383,-0.00683594
20,689,-0.00146484,-0.0065918
20,690,0.00231934,-0.00378418
20,691,0.00744629,0.00317383
20,692,0.00500488,0.00939941
20,693,0.013916,0.0012207
20,694,0.015625,0.00244141
20,695,0.0117188,0.00268555
20,696,0.00683594,0.00610352
20,697,-0.00231934,0.00598145
20,698,-0.0032959,0.00744629
20,699,-0.00183105,0.00732422
20,700,-0.00305176,0.00610352
20,701,-0.00183105,0.00561523
20,702,-0.00109863,0.00463867
20,703,-0.000854492,0.00390625
20,704,0.00488281,0.00390625
20,705,0.0078125,0.00341797
20,706,-0.00695801,-0.00317383
20,707,-0.00341797,-0.000976562
20,708,-0.00427246,0.00244141
20,709,-0.00292969,0.00476074
20,710,-0.00231934,0.00476074
20,711,-0.00231934,0.00695801
20,712,0.00012207,0.00878906
20,713,0.00109863,0.00549316
20,714,-0.00476074,-0.00317383
20,715,-0.00744629,-0.00598145
20,716,-0.00585938,-0.00646973
20,717,-0.00317383,-0.0045166
20,718,-0.00231934,-0.0032959
20,719,0.00012207,-0.000488281
20,720,0.00183105,0.00598145
20,721,-0.00170898,0.00866699
20,722,0.013916,0.000854492
20,723,0.010498,0.00134277
20,724,0.00683594,0.00402832
20,725,-0.00134277,0.00439453
20,726,-0.00231934,0.00549316
20,727,-0.00109863,0.00537109
20,728,-0.00219727,0.00463867
20,729,-0.00109863,0.00427246
20,730,-0.000488281,0.0032959
20,731,-0.000488281,0.00292969
20,732,0.00427246,0.00256348
20,733,0.00634766,0.00219727
20,734,-0.00622559,-0.00158691
20,735,-0.00305176,-0.000488281
20,736,-0.00354004,0.00256348
20,737,-0.00231934,0.00427246
20,738,-0.00170898,0.00427246
20,739,-0.00134277,0.00598145
20,740,0.000732422,0.00695801
20,741,0.000976562,0.00402832
20,742,-0.00317383,-0.00354004
20,743,-0.00488281,-0.00463867
20,744,-0.0045166,-0.00402832
20,745,-0.00280762,-0.00256348
20,746,-0.00231934,-0.00146484
20,747,-0.000610352,0.000244141
20,748,0.000610352,0.00463867
20,749,-0.00183105,0.00598145
20,750,0.0124512,0.000732422
20,751,0.00878906,0.00402832
20,752,-0.000366211,0.00500488
20,753,-0.00158691,0.00646973
20,754,-0.00012207,0.00610352
20,755,-0.00146484,0.00512695
20,756,-0.000244141,0.00463867
20,757,0.00012207,0.00341797
20,758,0,0.00268555
20,759,0.00512695,0.00183105
20,760,0.00708008,0.00109863
20,761,-0.00695801,-0.000976562
20,762,-0.0032959,-0.000244141
20,763,-0.00354004,0.00317383
20,764,-0.00195312,0.00512695
20,765,-0.00134277,0.00500488
20,766,-0.000732422,0.00683594
20,767,0.00146484,0.00756836
20,768,0.00134277,0.00439453
20,769,-0.00305176,-0.00390625
20,770,-0.00537109,-0.0045166
20,771,-0.00585938,-0.00366211
20,772,-0.00415039,-0.00231934
20,773,-0.00378418,-0.00134277
20,774,-0.00170898,0.00012207
20,775,0.000366211,0.00439453
20,776,-0.00146484,0.00598145
20,777,0.00756836,0.00244141
20,778,0.000732422,0.00341797
20,779,-0.00012207,0.00463867
20,780,0.000976562,0.00402832
20,781,-0.000244141,0.0032959
20,782,0.000488281,0.00280762
20,783,0.000854492,0.00195312
20,784,0.000366211,0.00134277
20,785,0.00378418,0.000610352
20,786,0.00488281,0
20,787,-0.00524902,-0.000244141
20,788,-0.00256348,0
20,789,-0.00256348,0.00256348
20,790,-0.00134277,0.00378418
20,791,-0.000854492,0.00378418
20,792,-0.000244141,0.00512695
20,793,0.00158691,0.00512695
20,794,0.00134277,0.00256348
20,795,-0.00146484,-0.00317383
20,796,-0.00317383,-0.00244141
20,797,-0.0045166,-0.00134277
20,798,-0.00366211,-0.000732422
20,799,-0.00354004,-0.000244141
20,800,-0.00195312,0.000244141
20,801,-0.00012207,0.00244141
20,802,-0.000610352,0.0032959
20,803,0.00634766,0.00219727
20,804,0.00622559,0.00354004
20,805,0.00744629,0.00195312
20,806,0.00524902,0.00158691
20,807,0.00488281,0.00109863
20,808,0.0045166,0.00012207
20,809,0.0032959,-0.000610352
20,810,0.00415039,-0.00305176
20,811,0.0032959,-0.00512695
20,812,-0.00427246,0.0032959
20,813,-0.00183105,0.00146484
20,814,-0.000732422,0.00280762
20,815,0.000732422,0.00317383
20,816,0.000854492,0.00292969
20,817,0.00231934,0.00354004
20,818,0.00463867,0.00183105
20,819,0.00317383,-0.000488281
20,820,0.0032959,0.000488281
20,821,-0.00012207,0.00549316
20,822,-0.00622559,0.00512695
20,823,-0.00610352,0.00195312
20,824,-0.00646973,0.000854492
20,825,-0.00415039,-0.00134277
20,826,0.0012207,-0.00427246
20,827,0.00598145,-0.00280762
20,828,0.0109863,0.000610352
20,829,0.0106201,-0.00183105
20,830,0.00830078,-0.0020752
20,831,0.0065918,-0.00244141
20,832,0.0057373,-0.00268555
20,833,0.00402832,-0.0032959
20,834,0.00146484,-0.00622559
20,835,-0.000854492,-0.00830078
20,836,0.000366211,0.00390625
20,837,0.000976562,0.00170898
20,838,0.00305176,0.000610352
20,839,0.00366211,0.00012207
20,840,0.00305176,-0.000366211
20,841,0.00427246,-0.000976562
20,842,0.00500488,-0.00305176
20,843,0.00354004,-0.00390625
20,844,0.00646973,0.00463867
20,845,0.00158691,0.0108643
20,846,-0.00683594,0.00854492
20,847,-0.00732422,0.00305176
20,848,-0.00793457,0.000732422
20,849,-0.00561523,-0.00317383
20,850,0.00183105,-0.0101318
20,851,0.0111084,-0.00854492
20,852,0.0130615,-0.00366211
20,853,0.00964355,-0.00402832
20,854,0.00756836,-0.00427246
20,855,0.00610352,-0.0045166
20,856,0.00390625,-0.00476074
20,857,0.000732422,-0.00805664
20,858,-0.00170898,-0.0100098
20,859,0.000854492,0.00402832
20,860,0.00146484,0.00195312
20,861,0.00378418,0.000488281
20,862,0.00463867,-0.000244141
20,863,0.00378418,-0.000854492
20,864,0.00512695,-0.00183105
20,865,0.00610352,-0.00439453
20,866,0.00415039,-0.00524902
20,867,0.00549316,0.00622559
20,868,0,0.0128174
20,869,-0.00830078,0.0098877
20,870,-0.00842285,0.00366211
20,871,-0.0090332,0.000854492
20,872,-0.00561523,-0.00378418
20,873,0.00292969,-0.0119629
20,874,0.0137939,-0.00976562
20,875,0.0114746,-0.00134277
20,876,0.00964355,-0.00195312
20,877,0.00830078,-0.00244141
20,878,0.00634766,-0.00378418
20,879,0.00341797,-0.0078125
20,880,0.000732422,-0.010498
20,881,0.000366211,0.00537109
20,882,0.000732422,0.00280762
20,883,0.00305176,0.00170898
20,884,0.00402832,0.000976562
20,885,0.0032959,0.00012207
20,886,0.00512695,-0.000488281
20,887,0.00720215,-0.00292969
20,888,0.00537109,-0.00402832
20,889,0.00512695,0.0065918
20,890,-0.000854492,0.0126953
20,891,-0.0090332,0.00830078
20,892,-0.00830078,0.00183105
20,893,-0.00854492,-0.00109863
20,894,-0.00463867,-0.00500488
20,895,0.00512695,-0.0114746
20,896,0.0145264,-0.00720215
20,897,0.00939941,-0.000854492
20,898,0.00842285,-0.00134277
20,899,0.00695801,-0.00280762
20,900,0.00402832,-0.00683594
20,901,0.00146484,-0.00939941
20,902,0.000976562,0.00585938
20,903,0.000610352,0.00292969
20,904,0.00256348,0.00195312
20,905,0.0032959,0.000976562
20,906,0.00280762,0.00012207
20,907,0.0045166,-0.000488281
20,908,0.0065918,-0.00268555
20,909,0.00500488,-0.0032959
20,910,0.00512695,0.00561523
20,911,0.000366211,0.010376
20,912,-0.00646973,0.00634766
20,913,-0.00598145,0.000976562
20,914,-0.00585938,-0.00146484
20,915,-0.00305176,-0.00463867
20,916,0.00488281,-0.00976562
20,917,0.012085,-0.00561523
20,918,0.00769043,-0.000610352
20,919,0.00671387,-0.0020752
20,920,0.0045166,-0.00598145
20,921,0.00219727,-0.00854492
20,922,0.000610352,0.0057373
20,923,0.000366211,0.00292969
20,924,0.00183105,0.00244141
20,925,0.00268555,0.00146484
20,926,0.00231934,0.000732422
20,927,0.00402832,0.000366211
20,928,0.00610352,-0.00158691
20,929,0.0045166,-0.00231934
20,930,0.00402832,0.00439453
20,931,0.00012207,0.00842285
20,932,-0.00549316,0.00463867
20,933,-0.00500488,0.00012207
20,934,-0.00488281,-0.00183105
20,935,-0.00231934,-0.00439453
20,936,0.00427246,-0.00817871
20,937,0.00976562,-0.00415039
20,938,0.00622559,-0.00146484
20,939,0.0045166,-0.00476074
20,940,0.00256348,-0.00708008
20,941,0.000244141,0.00488281
20,942,0,0.00244141
20,943,0.0012207,0.00219727
20,944,0.00195312,0.00134277
20,945,0.00170898,0.000854492
20,946,0.00317383,0.000732422
20,947,0.00537109,-0.0012207
20,948,0.00427246,-0.00195312
20,949,0.00439453,0.00366211
20,950,0.000488281,0.00720215
20,951,-0.00500488,0.00390625
20,952,-0.0045166,-0.00012207
20,953,-0.00427246,-0.00183105
20,954,-0.0020752,-0.00402832
20,955,0.00402832,-0.00720215
20,956,0.00891113,-0.0032959
20,957,0.00488281,-0.00341797
20,958,0.00354004,-0.00598145
20,959,-0.000366211,0.00463867
20,960,-0.000244141,0.00244141
20,961,0.000854492,0.00231934
20,962,0.00146484,0.00170898
20,963,0.00134277,0.00109863
20,964,0.00268555,0.00109863
20,965,0.0045166,-0.000244141
20,966,0.00366211,-0.000976562
20,967,0.00292969,0.00390625
20,968,-0.000854492,0.00598145
20,969,-0.00439453,0.00183105
20,970,-0.0032959,-0.00134277
20,971,-0.00280762,-0.00280762
20,972,-0.000732422,-0.00427246
20,973,0.00476074,-0.0057373
20,974,0.0078125,-0.00134277
20,975,0.0078125,-0.00268555
20,976,-0.00390625,0.00317383
20,977,-0.0020752,0.00195312
20,978,-0.00109863,0.0032959
20,979,0,0.00366211
20,980,0.000488281,0.00292969
20,981,0.00158691,0.00402832
20,982,0.00415039,0.00378418
20,983,0.00378418,0.0020752
20,984,-0.000976562,0.00354004
20,985,-0.00549316,0.00244141
20,986,-0.00585938,-0.00256348
20,987,-0.00292969,-0.00415039
20,988,-0.00134277,-0.00476074
20,989,0.00158691,-0.00402832
20,990,0.00732422,-0.000976562
20,991,0.00708008,0.00488281
20,992,-0.00610352,0.00146484
20,993,-0.00317383,0.00109863
20,994,-0.00231934,0.0032959
20,995,-0.00109863,0.00427246
20,996,-0.000366211,0.00341797
20,997,0.000488281,0.00512695
20,998,0.0032959,0.00610352
20,999,0.00354004,0.00415039
20,1000,-0.00488281,0.00439453
20,1001,-0.0098877,0.000488281
20,1002,-0.00683594,-0.0057373
20,1003,-0.0020752,-0.00610352
20,1004,0.000244141,-0.00610352
20,1005,0.00390625,-0.00390625
20,1006,0.0098877,0.00268555
20,1007,0.00683594,0.0098877
20,1008,0.00366211,0.000244141
20,1009,0.00341797,-0.00109863
20,1010,0.0020752,-0.00183105
20,1011,0.0012207,-0.0020752
20,1012,0.000488281,-0.00341797
20,1013,-0.00219727,-0.00439453
20,1014,-0.0020752,-0.00268555
20,1015,0.00268555,-0.00366211
20,1016,0.0065918,-0.0032959
20,1017,0.00549316,-0.00012207
20,1018,0.00231934,0.000244141
20,1019,0.00134277,0.000488281
20,1020,-0.00158691,0.00012207
20,1021,-0.00524902,-0.00305176
20,1022,-0.00366211,-0.00549316
20,1023,0.00219727,-0.000854492
20,1024,0.00170898,-0.00109863
20,1025,0.00109863,-0.00109863
20,1026,0.000854492,-0.00183105
20,1027,-0.000610352,-0.00219727
20,1028,-0.000732422,-0.00158691
20,1029,0.00146484,-0.000976562
20,1030,0.00219727,-0.000732422
20,1031,0.000976562,0.00012207
20,1032,-0.000366211,0
20,1033,-0.000854492,-0.00012207
20,1034,-0.00170898,-0.000488281
20,1035,-0.00256348,-0.00231934
20,1036,-0.000488281,-0.00317383
20,1037,0.00354004,-0.000488281
20,1038,0.00292969,-0.000732422
20,1039,0.00305176,-0.00158691
20,1040,0.00146484,-0.00244141
20,1041,0.000610352,-0.00170898
20,1042,0.000366211,0.000976562
20,1043,-0.000244141,0.00109863
20,1044,-0.00170898,0.000610352
20,1045,-0.00195312,-0.000366211
20,1046,-0.0020752,-0.000854492
20,1047,-0.00183105,-0.00134277
20,1048,-0.00012207,-0.00305176
20,1049,0.00317383,-0.00244141
20,1050,0.00341797,-0.000488281
20,1051,0.00378418,-0.000976562
20,1052,0.00305176,-0.00170898
20,1053,0.00170898,-0.00134277
20,1054,-0.00012207,0.00183105
20,1055,-0.00195312,0.00256348
20,1056,-0.00366211,0.00146484
20,1057,-0.0032959,0.00012207
20,1058,-0.00317383,-0.000366211
20,1059,-0.0020752,-0.00134277
20,1060,0.000732422,-0.00317383
20,1061,0.00439453,-0.0020752
20,1062,0.00366211,-0.000610352
20,1063,0.00305176,-0.00134277
20,1064,0.00170898,-0.00109863
20,1065,-0.000488281,0.00134277
20,1066,-0.0020752,0.00170898
20,1067,-0.0032959,0.000976562
20,1068,-0.00268555,0.00012207
20,1069,-0.00244141,-0.000488281
20,1070,-0.00134277,-0.000976562
20,1071,0.00146484,-0.00195312
20,1072,0.00415039,-0.000854492
20,1073,0.00463867,-0.00134277
20,1074,0.00280762,-0.00134277
20,1075,-0.000488281,0.00256348
20,1076,-0.00256348,0.00354004
20,1077,-0.00439453,0.0020752
20,1078,-0.00354004,0.000366211
20,1079,-0.00305176,-0.000488281
20,1080,-0.00146484,-0.00146484
20,1081,0.00256348,-0.00280762
20,1082,0.00598145,-0.000732422
20,1083,0.00500488,-0.000854492
20,1084,0,0.00512695
20,1085,-0.0045166,0.00708008
20,1086,-0.00732422,0.00354004
20,1087,-0.00524902,0.000488281
20,1088,-0.00427246,-0.000854492
20,1089,-0.000976562,-0.00244141
20,1090,0.0057373,-0.00354004
20,1091,0.00952148,0.000488281
20,1092,0,0.00500488
20,1093,-0.00488281,0.0057373
20,1094,-0.00683594,0.00134277
20,1095,-0.00439453,-0.000976562
20,1096,-0.0032959,-0.00219727
20,1097,-0.00012207,-0.00292969
20,1098,0.00610352,-0.00256348
20,1099,0.00842285,0.0020752
20,1100,0.0153809,0.00939941
20,1101,0.00231934,0.0108643
20,1102,-0.00317383,0.00561523
20,1103,-0.0057373,0.00378418
20,1104,-0.00756836,-0.00170898
20,1105,-0.00634766,-0.0128174
20,1106,0.00305176,-0.0169678
20,1107,0.0145264,0.0101318
20,1108,0.00512695,0.00866699
20,1109,0.00109863,0.00891113
20,1110,-0.00585938,0.00415039
20,1111,-0.0147705,-0.00769043
20,1112,-0.0102539,-0.0185547
20,1113,0.012085,0.00402832
20,1114,0.0100098,0.00622559
20,1115,0.00244141,0.0065918
20,1116,-0.0107422,0.00415039
20,1117,-0.0166016,-0.00476074
20,1118,0.0098877,0.00183105
20,1119,0.00549316,0.00402832
20,1120,-0.00317383,0.00671387
20,1121,-0.0107422,0.0032959
20,1122,0.00708008,0.00317383
20,1123,0,0.00830078
20,1124,-0.00891113,0.00732422
20,1125,0.00610352,0.00671387
20,1126,-0.000976562,0.0100098
20,1127,0.0159912,0.0115967
21,0,0.0367432,0.019165
21,1,0.0177002,0.0319824
21,2,0.0102539,0.0339355
21,3,-0.0065918,-0.0352783
21,4,-0.000244141,-0.0179443
21,5,-0.0114746,0.0223389
21,6,-0.022583,0.0118408
21,7,-0.0279541,0.0147705
21,8,-0.00927734,0.024292
21,9,0.015625,0.0255127
21,10,0.0241699,0.0244141
21,11,0.026123,0.0206299
21,12,0.0344238,0.0177002
21,13,0.0301514,0.00500488
21,14,0.0244141,-0.00830078
21,15,0.00292969,-0.0201416
21,16,-0.0194092,-0.0113525
21,17,-0.0423584,0.00012207
21,18,-0.0385742,0.00402832
21,19,-0.0463867,0.00720215
21,20,-0.0377197,0.00939941
21,21,-0.0299072,0.0178223
21,22,0.000366211,0.0189209
21,23,-0.0198975,0.00427246
21,24,-0.0236816,-0.0251465
21,25,-0.00500488,-0.0302734
21,26,0.00402832,-0.0231934
21,27,0.00708008,-0.0179443
21,28,0.010498,-0.00427246
21,29,-0.00268555,0.0313721
21,30,-0.0280762,0.0360107
21,31,0.0244141,-0.0290527
21,32,0.0107422,-0.0161133
21,33,0.0146484,-0.0373535
21,34,0.0118408,-0.0351562
21,35,0.0109863,-0.0330811
21,36,0.00927734,-0.0340576
21,37,0.00598145,-0.0264893
21,38,-0.000610352,-0.019043
21,39,-0.0162354,-0.0235596
21,40,-0.020874,-0.0148926
21,41,-0.0268555,0.00244141
21,42,-0.0266113,0.0078125
21,43,-0.0281982,0.0113525
21,44,-0.0228271,0.0130615
21,45,-0.0195312,0.0213623
21,46,-0.000854492,0.0245361
21,47,0.0279541,0.0175781
21,48,0.0228271,0.0223389
21,49,-0.0202637,-0.0249023
21,50,-0.0078125,-0.013916
21,51,0.000366211,0.0222168
21,52,-0.0129395,0.0186768
21,53,-0.0161133,0.0229492
21,54,0.00268555,0.022583
21,55,0.0228271,0.0134277
21,56,0.0292969,0.0090332
21,57,0.0290527,0.00524902
21,58,0.0343018,-0.000366211
21,59,0.0255127,-0.00842285
21,60,0.0155029,-0.0162354
21,61,-0.00634766,-0.0166016
21,62,-0.0201416,-0.000366211
21,63,-0.0330811,0.0181885
21,64,-0.0284424,0.0194092
21,65,-0.0332031,0.0252686
21,66,-0.0255127,0.0233154
21,67,-0.0158691,0.0264893
21,68,0.00854492,0.0144043
21,69,-0.0134277,0.0113525
21,70,-0.0291748,-0.0098877
21,71,-0.0169678,-0.0216064
21,72,-0.00695801,-0.0198975
21,73,-0.00231934,-0.0170898
21,74,0.00585938,-0.0078125
21,75,0.0106201,0.0253906
21,76,-0.00732422,0.0394287
21,77,0.00695801,-0.0332031
21,78,0.00195312,-0.017334
21,79,-0.00354004,-0.0352783
21,80,-0.00488281,-0.0323486
21,81,-0.00488281,-0.0303955
21,82,-0.00646973,-0.0305176
21,83,-0.00622559,-0.0231934
21,84,-0.00830078,-0.0144043
21,85,-0.0224609,-0.012085
21,86,-0.0223389,-0.00378418
21,87,-0.0200195,0.0123291
21,88,-0.0174561,0.0168457
21,89,-0.017334,0.0202637
21,90,-0.0123291,0.0195312
21,91,-0.00622559,0.0247803
21,92,0.0098877,0.0192871
21,93,0.0292969,0.00598145
21,94,-0.0285645,-0.00927734
21,95,-0.0131836,-0.00671387
21,96,0.0118408,0.0164795
21,97,-0.000366211,0.0202637
21,98,-0.000610352,0.0250244
21,99,0.0135498,0.0152588
21,100,0.0241699,-0.00170898
21,101,0.0269775,-0.00817871
21,102,0.0246582,-0.0109863
21,103,0.0255127,-0.0178223
21,104,0.0145264,-0.0192871
21,105,0.00268555,-0.019165
21,106,-0.0130615,-0.00866699
21,107,-0.0153809,0.010498
21,108,-0.0159912,0.0310059
21,109,-0.0118408,0.0291748
21,110,-0.0126953,0.0361328
21,111,-0.00805664,0.0308838
21,112,0.000610352,0.0280762
21,113,0.0134277,0.00671387
21,114,-0.00500488,0.0146484
21,115,-0.027832,0.0065918
21,116,-0.0244141,-0.00830078
21,117,-0.0159912,-0.0119629
21,118,-0.0111084,-0.0119629
21,119,-0.00012207,-0.00927734
21,120,0.0202637,0.0134277
21,121,0.0140381,0.0330811
21,122,-0.010498,-0.0283203
21,123,-0.0065918,-0.013916
21,124,-0.0196533,-0.0246582
21,125,-0.0195312,-0.0218506
21,126,-0.0187988,-0.0205078
21,127,-0.0201416,-0.0197754
21,128,-0.0170898,-0.0145264
21,129,-0.0141602,-0.00622559
21,130,-0.0223389,0.00158691
21,131,-0.0177002,0.00695801
21,132,-0.00793457,0.0184326
21,133,-0.00390625,0.0209961
21,134,-0.00256348,0.0234375
21,135,0.000732422,0.020752
21,136,0.00744629,0.0218506
21,137,0.0163574,0.00939941
21,138,-0.0290527,-0.0032959
21,139,-0.013916,-0.00378418
21,140,0.0147705,0.0134277
21,141,0.00390625,0.0196533
21,142,0.00500488,0.0240479
21,143,0.0162354,0.0117188
21,144,0.0228271,-0.00671387
21,145,0.0240479,-0.0135498
21,146,0.0213623,-0.015625
21,147,0.0206299,-0.0224609
21,148,0.00976562,-0.0216064
21,149,-0.00183105,-0.019043
21,150,-0.0142822,-0.00537109
21,151,-0.0124512,0.0133057
21,152,-0.00891113,0.032959
21,153,-0.00524902,0.0302734
21,154,-0.00463867,0.0368652
21,155,-0.00134277,0.0308838
21,156,0.00610352,0.0262451
21,157,0.0137939,0.00317383
21,158,-0.00195312,0.0144043
21,159,-0.0252686,0.0113525
21,160,-0.0250244,-0.0032959
21,161,-0.0177002,-0.00842285
21,162,-0.0131836,-0.00939941
21,163,-0.0020752,-0.00891113
21,164,0.0219727,0.00866699
21,165,0.0202637,0.0286865
21,166,-0.0157471,-0.0247803
21,167,-0.00915527,-0.0118408
21,168,-0.0239258,-0.0194092
21,169,-0.0231934,-0.0168457
21,170,-0.0222168,-0.0157471
21,171,-0.0234375,-0.0147705
21,172,-0.0194092,-0.0106201
21,173,-0.0151367,-0.00317383
21,174,-0.020752,0.00598145
21,175,-0.0148926,0.0102539
21,176,-0.0032959,0.0195312
21,177,0.000732422,0.0212402
21,178,0.00256348,0.0231934
21,179,0.00500488,0.0198975
21,180,0.0111084,0.0194092
21,181,0.0168457,0.00537109
21,182,0.0141602,0.00219727
21,183,-0.0163574,-0.0118408
21,184,-0.00622559,-0.019043
21,185,-0.00756836,-0.0234375
21,186,-0.0174561,-0.0100098
21,187,-0.0220947,0.00891113
21,188,-0.022583,0.015625
21,189,-0.0195312,0.0175781
21,190,-0.0181885,0.0241699
21,191,-0.00756836,0.0222168
21,192,0.00378418,0.0185547
21,193,0.0147705,0.00378418
21,194,0.0109863,-0.0146484
21,195,0.00524902,-0.0338135
21,196,0.00183105,-0.0307617
21,197,0.000488281,-0.0373535
21,198,-0.0020752,-0.0310059
21,199,-0.0090332,-0.0256348
21,200,-0.0142822,-0.00195312
21,201,0.000244141,-0.0147705
21,202,0.0238037,-0.0142822
21,203,0.0251465,0.000366211
21,204,0.0184326,0.00634766
21,205,0.013916,0.00769043
21,206,0.00292969,0.00854492
21,207,-0.0229492,-0.00646973
21,208,-0.0234375,-0.0264893
21,209,0.0183105,0.0228271
21,210,0.010376,0.0106201
21,211,0.0257568,0.0164795
21,212,0.0246582,0.0140381
21,213,0.0235596,0.0130615
21,214,0.0246582,0.0119629
21,215,0.0200195,0.00830078
21,216,0.0150146,0.00146484
21,217,0.0198975,-0.00842285
21,218,0.0136719,-0.012085
21,219,0.00109863,-0.0196533
21,220,-0.00317383,-0.0209961
21,221,-0.00537109,-0.0227051
21,222,-0.00732422,-0.019165
21,223,-0.0135498,-0.0181885
21,224,-0.0177002,-0.00366211
21,225,-0.0090332,-0.00463867
21,226,-0.00463867,-0.00891113
21,227,-0.0057373,-0.0109863
21,228,-0.00952148,-0.00366211
21,229,-0.0102539,0.00610352
21,230,-0.0100098,0.00952148
21,231,-0.00830078,0.0102539
21,232,-0.00708008,0.0135498
21,233,-0.00195312,0.0118408
21,234,0.00366211,0.0090332
21,235,0.00756836,0.000610352
21,236,0.00427246,-0.00817871
21,237,-0.00012207,-0.0170898
21,238,-0.00158691,-0.0153809
21,239,-0.00268555,-0.0184326
21,240,-0.00354004,-0.0150146
21,241,-0.0065918,-0.0118408
21,242,-0.00720215,0.00012207
21,243,-0.0012207,-0.00720215
21,244,0.010376,-0.00891113
21,245,0.0123291,-0.00170898
21,246,0.00939941,0.00170898
21,247,0.00744629,0.00280762
21,248,0.00195312,0.00415039
21,249,-0.0119629,-0.0012207
21,250,-0.0137939,-0.0111084
21,251,0.0107422,0.00939941
21,252,0.00598145,0.00427246
21,253,0.0141602,0.00585938
21,254,0.0134277,0.00476074
21,255,0.0128174,0.00439453
21,256,0.0133057,0.00390625
21,257,0.0107422,0.00256348
21,258,0.0078125,-0.000366211
21,259,0.00891113,-0.00598145
21,260,0.00537109,-0.00732422
21,261,-0.00134277,-0.0101318
21,262,-0.00341797,-0.010376
21,263,-0.00463867,-0.0109863
21,264,-0.00524902,-0.0090332
21,265,-0.00805664,-0.0078125
21,266,-0.00891113,-0.000244141
21,267,0.012207,0.00842285
21,268,0.0153809,0.0101318
21,269,0.0148926,-0.00195312
21,270,0.00891113,-0.0151367
21,271,0.00610352,-0.0192871
21,272,0.00354004,-0.019165
21,273,-0.000488281,-0.022583
21,274,-0.00610352,-0.0166016
21,275,-0.0119629,-0.00927734
21,276,-0.00976562,0.00488281
21,277,0.000366211,0.0134277
21,278,0.0113525,0.0216064
21,279,0.012085,0.0183105
21,280,0.0153809,0.0211182
21,281,0.013916,0.0163574
21,282,0.0151367,0.0098877
21,283,0.00769043,-0.00561523
21,284,0.0057373,0.00708008
21,285,-0.00744629,0.0172119
21,286,-0.0146484,0.00976562
21,287,-0.0134277,0.00366211
21,288,-0.0115967,0.0012207
21,289,-0.00561523,-0.00427246
21,290,0.0157471,-0.0065918
21,291,0.0250244,0.00488281
21,292,-0.0198975,-0.00415039
21,293,-0.0106201,-0.0012207
21,294,-0.0223389,0.0020752
21,295,-0.0206299,0.00280762
21,296,-0.0196533,0.00268555
21,297,-0.0201416,0.00354004
21,298,-0.0161133,0.0032959
21,299,-0.0106201,0.00549316
21,300,-0.00769043,0.013916
21,301,-0.00134277,0.0131836
21,302,0.00915527,0.0124512
21,303,0.0115967,0.0112305
21,304,0.0134277,0.0112305
21,305,0.0126953,0.00817871
21,306,0.0146484,0.0045166
21,307,0.0102539,-0.00634766
21,308,0.0195312,-0.000732422
21,309,0.0114746,-0.0106201
21,310,-0.00158691,-0.0180664
21,311,-0.0065918,-0.0197754
21,312,-0.00854492,-0.0183105
21,313,-0.0140381,-0.0185547
21,314,-0.0151367,-0.0102539
21,315,-0.0158691,-0.000976562
21,316,-0.00476074,0.00976562
21,317,0.00830078,0.0107422
21,318,0.0219727,0.0108643
21,319,0.0205078,0.00756836
21,320,0.0247803,0.0078125
21,321,0.020874,0.00500488
21,322,0.0178223,-0.0012207
21,323,0.00231934,-0.00927734
21,324,0.0090332,0.00219727
21,325,0.00439453,0.0185547
21,326,-0.00610352,0.0163574
21,327,-0.00842285,0.0109863
21,328,-0.00866699,0.0078125
21,329,-0.00671387,-0.000244141
21,330,0.00952148,-0.0147705
21,331,0.0244141,-0.0108643
21,332,-0.019165,0.00878906
21,333,-0.00976562,0.00524902
21,334,-0.0178223,0.0148926
21,335,-0.0158691,0.0144043
21,336,-0.0150146,0.0136719
21,337,-0.0148926,0.0146484
21,338,-0.0115967,0.0119629
21,339,-0.0057373,0.0106201
21,340,0.00134277,0.0167236
21,341,0.00646973,0.0125732
21,342,0.0151367,0.00561523
21,343,0.0162354,0.00292969
21,344,0.0179443,0.00170898
21,345,0.0155029,-0.000610352
21,346,0.0148926,-0.00488281
21,347,0.00488281,-0.0113525
21,348,0.0150146,-0.0129395
21,349,-0.00134277,-0.0228271
21,350,-0.00769043,-0.0252686
21,351,-0.010376,-0.0234375
21,352,-0.017334,-0.0240479
21,353,-0.0192871,-0.0136719
21,354,-0.0206299,-0.00195312
21,355,-0.00610352,0.0124512
21,356,0.010376,0.0135498
21,357,0.0269775,0.0135498
21,358,0.0256348,0.00939941
21,359,0.0311279,0.00976562
21,360,0.026001,0.00598145
21,361,0.0224609,-0.00183105
21,362,0.00305176,-0.0119629
21,363,0.0115967,0.00256348
21,364,0.0057373,0.0229492
21,365,-0.00756836,0.0198975
21,366,-0.0106201,0.0130615
21,367,-0.0107422,0.00915527
21,368,-0.00830078,-0.000976562
21,369,0.012085,-0.0186768
21,370,0.0307617,-0.0130615
21,371,-0.0236816,0.0111084
21,372,-0.012207,0.0065918
21,373,-0.0227051,0.0185547
21,374,-0.0201416,0.0179443
21,375,-0.019165,0.0168457
21,376,-0.019165,0.0180664
21,377,-0.0151367,0.0145264
21,378,-0.00805664,0.0130615
21,379,0.00146484,0.020752
21,380,0.00842285,0.0159912
21,381,0.0192871,0.00805664
21,382,0.0203857,0.0045166
21,383,0.0223389,0.00317383
21,384,0.0194092,0.00012207
21,385,0.0181885,-0.0057373
21,386,0.0057373,-0.0142822
21,387,0.0112305,-0.0146484
21,388,0.00866699,-0.0194092
21,389,0.00598145,-0.0196533
21,390,0.0020752,-0.0238037
21,391,-0.00463867,-0.0184326
21,392,-0.0117188,-0.0117188
21,393,-0.0107422,0.00402832
21,394,-0.0012207,0.0136719
21,395,0.00891113,0.0230713
21,396,0.010376,0.0197754
21,397,0.0135498,0.0230713
21,398,0.0124512,0.0179443
21,399,0.0146484,0.0113525
21,400,0.00854492,-0.00512695
21,401,0.00549316,0.00793457
21,402,-0.00915527,0.0168457
21,403,-0.0157471,0.00793457
21,404,-0.0137939,0.0020752
21,405,-0.0117188,-0.000366211
21,406,-0.00488281,-0.00524902
21,407,0.0172119,-0.00512695
21,408,0.0255127,0.00805664
21,409,-0.0201416,-0.00622559
21,410,-0.0108643,-0.00244141
21,411,-0.0236816,-0.000488281
21,412,-0.0218506,0.000488281
21,413,-0.020752,0.000366211
21,414,-0.0213623,0.0012207
21,415,-0.0170898,0.0012207
21,416,-0.0119629,0.00402832
21,417,-0.0098877,0.0135498
21,418,-0.00292969,0.013916
21,419,0.00805664,0.0148926
21,420,0.010376,0.0135498
21,421,0.0123291,0.0136719
21,422,0.0119629,0.010498
21,423,0.0144043,0.00646973
21,424,0.0112305,-0.00537109
21,425,0.0240479,-0.00561523
21,426,0.0224609,-0.00830078
21,427,0.0233154,-0.0147705
21,428,0.0136719,-0.0170898
21,429,0.00244141,-0.0184326
21,430,-0.0113525,-0.00683594
21,431,-0.0135498,0.00891113
21,432,-0.0148926,0.0251465
21,433,-0.0109863,0.0239258
21,434,-0.0117188,0.0291748
21,435,-0.0078125,0.0245361
21,436,-0.000244141,0.0218506
21,437,0.0107422,0.00427246
21,438,-0.00390625,0.0106201
21,439,-0.022583,0.00366211
21,440,-0.019043,-0.00878906
21,441,-0.012085,-0.0111084
21,442,-0.00830078,-0.0109863
21,443,0.000976562,-0.00805664
21,444,0.0166016,0.0123291
21,445,0.0102539,0.0291748
21,446,-0.00830078,-0.0229492
21,447,-0.00537109,-0.0118408
21,448,-0.0161133,-0.0222168
21,449,-0.0158691,-0.0198975
21,450,-0.0150146,-0.0187988
21,451,-0.0162354,-0.0187988
21,452,-0.0135498,-0.0148926
21,453,-0.0123291,-0.0078125
21,454,-0.019165,0.000366211
21,455,-0.0148926,0.00671387
21,456,-0.00805664,0.0174561
21,457,-0.00512695,0.0189209
21,458,-0.00390625,0.020752
21,459,-0.0012207,0.0183105
21,460,0.00402832,0.0177002
21,461,0.0124512,0.00646973
21,462,0.02771,-0.00341797
21,463,0.0305176,-0.010498
21,464,0.0201416,-0.015625
21,465,0.00793457,-0.0198975
21,466,-0.0109863,-0.0102539
21,467,-0.0175781,0.00683594
21,468,-0.0230713,0.0245361
21,469,-0.0184326,0.0240479
21,470,-0.0206299,0.0297852
21,471,-0.0151367,0.0256348
21,472,-0.00585938,0.0245361
21,473,0.0109863,0.00769043
21,474,-0.00720215,0.0112305
21,475,-0.0263672,-0.00146484
21,476,-0.0192871,-0.0145264
21,477,-0.0108643,-0.0155029
21,478,-0.0065918,-0.0145264
21,479,0.00305176,-0.00866699
21,480,0.0155029,0.0181885
21,481,0.00366211,0.0355225
21,482,-0.00354004,-0.0279541
21,483,-0.00292969,-0.0146484
21,484,-0.012207,-0.0291748
21,485,-0.0125732,-0.0266113
21,486,-0.0119629,-0.0251465
21,487,-0.0133057,-0.0255127
21,488,-0.0113525,-0.0203857
21,489,-0.0117188,-0.0119629
21,490,-0.0216064,-0.0045166
21,491,-0.0184326,0.00354004
21,492,-0.0137939,0.0174561
21,493,-0.0107422,0.0200195
21,494,-0.0100098,0.0223389
21,495,-0.00622559,0.0202637
21,496,-0.00012207,0.0211182
21,497,0.0123291,0.0106201
21,498,0.0305176,-0.00646973
21,499,0.0212402,-0.0125732
21,500,0.0101318,-0.0183105
21,501,-0.00927734,-0.0112305
21,502,-0.0175781,0.00439453
21,503,-0.0247803,0.020752
21,504,-0.0203857,0.020874
21,505,-0.0231934,0.026001
21,506,-0.0174561,0.0228271
21,507,-0.00854492,0.0228271
21,508,0.00952148,0.00854492
21,509,-0.00842285,0.0098877
21,510,-0.0251465,-0.00463867
21,511,-0.0167236,-0.0161133
21,512,-0.00854492,-0.0159912
21,513,-0.0045166,-0.0145264
21,514,0.00402832,-0.0078125
21,515,0.0126953,0.0194092
21,516,-0.000610352,0.03479
21,517,-0.000244141,-0.0272217
21,518,-0.0012207,-0.0144043
21,519,-0.00842285,-0.029541
21,520,-0.0090332,-0.0270996
21,521,-0.00854492,-0.0256348
21,522,-0.00976562,-0.026001
21,523,-0.00842285,-0.020874
21,524,-0.00976562,-0.0129395
21,525,-0.0202637,-0.00695801
21,526,-0.0183105,0.00134277
21,527,-0.0153809,0.0152588
21,528,-0.0128174,0.0179443
21,529,-0.0124512,0.0202637
21,530,-0.00842285,0.0187988
21,531,-0.00280762,0.0202637
21,532,0.010376,0.0117188
21,533,0.0273438,-0.00927734
21,534,0.0163574,-0.0186768
21,535,-0.00805664,-0.0153809
21,536,-0.0211182,0.000610352
21,537,-0.0330811,0.0177002
21,538,-0.0280762,0.019043
21,539,-0.0324707,0.0244141
21,540,-0.0249023,0.0219727
21,541,-0.0147705,0.024292
21,542,0.00915527,0.012207
21,543,-0.0114746,0.00976562
21,544,-0.0272217,-0.0107422
21,545,-0.0150146,-0.0219727
21,546,-0.00561523,-0.0201416
21,547,-0.00158691,-0.0175781
21,548,0.00671387,-0.0078125
21,549,0.0100098,0.0249023
21,550,-0.00866699,0.0391846
21,551,0.00585938,-0.0310059
21,552,0.00183105,-0.0167236
21,553,-0.00280762,-0.0355225
21,554,-0.00415039,-0.0328369
21,555,-0.00390625,-0.0310059
21,556,-0.00500488,-0.0317383
21,557,-0.0045166,-0.0255127
21,558,-0.00769043,-0.0170898
21,559,-0.0212402,-0.0123291
21,560,-0.0213623,-0.00231934
21,561,-0.0214844,0.013916
21,562,-0.0189209,0.0174561
21,563,-0.0189209,0.0201416
21,564,-0.0141602,0.0192871
21,565,-0.00756836,0.0222168
21,566,0.00964355,0.0157471
21,567,0.0178223,-0.0100098
21,568,-0.00231934,-0.0140381
21,569,-0.0161133,-0.00500488
21,570,-0.0290527,0.00500488
21,571,-0.0257568,0.00744629
21,572,-0.0302734,0.010498
21,573,-0.0239258,0.010498
21,574,-0.0168457,0.0150146
21,575,0.00402832,0.0117188
21,576,-0.0111084,0.00488281
21,577,-0.0177002,-0.0146484
21,578,-0.00561523,-0.0201416
21,579,0.000976562,-0.0164795
21,580,0.0032959,-0.0135498
21,581,0.00720215,-0.00402832
21,582,0.00134277,0.0212402
21,583,-0.0163574,0.0270996
21,584,0.0119629,-0.0220947
21,585,0.00549316,-0.012207
21,586,0.0065918,-0.0274658
21,587,0.00488281,-0.0257568
21,588,0.00463867,-0.0241699
21,589,0.00415039,-0.0249023
21,590,0.00305176,-0.0201416
21,591,-0.000976562,-0.0148926
21,592,-0.0124512,-0.0146484
21,593,-0.015625,-0.00695801
21,594,-0.0201416,0.00524902
21,595,-0.019165,0.00842285
21,596,-0.0197754,0.010498
21,597,-0.0158691,0.0107422
21,598,-0.0114746,0.0147705
21,599,0.0032959,0.0142822
21,600,0.00402832,-0.0125732
21,601,-0.0098877,-0.0114746
21,602,-0.0231934,-0.0090332
21,603,-0.0217285,-0.00549316
21,604,-0.0262451,-0.00476074
21,605,-0.0212402,-0.0020752
21,606,-0.0174561,0.00488281
21,607,-0.000732422,0.0111084
21,608,-0.0098877,0.000854492
21,609,-0.0065918,-0.0170898
21,610,0.00476074,-0.0163574
21,611,0.00817871,-0.0113525
21,612,0.00866699,-0.00842285
21,613,0.00744629,0.000488281
21,614,-0.0078125,0.0162354
21,615,-0.0236816,0.0130615
21,616,0.0179443,-0.0124512
21,617,0.0090332,-0.00708008
21,618,0.0162354,-0.0177002
21,619,0.0141602,-0.0168457
21,620,0.0134277,-0.0155029
21,621,0.0136719,-0.0161133
21,622,0.0112305,-0.0125732
21,623,0.00683594,-0.0111084
21,624,-0.00268555,-0.0167236
21,625,-0.0098877,-0.0117188
21,626,-0.0185547,-0.00476074
21,627,-0.0187988,-0.00195312
21,628,-0.0198975,-0.000488281
21,629,-0.0168457,0.00109863
21,630,-0.0146484,0.0065918
21,631,-0.00292969,0.0133057
21,632,0.00622559,-0.0100098
21,633,-0.000488281,-0.0194092
21,634,-0.00280762,-0.0172119
21,635,-0.00500488,-0.0206299
21,636,-0.00561523,-0.0161133
21,637,-0.0100098,-0.0115967
21,638,-0.0101318,0.00231934
21,639,-0.00463867,-0.00769043
21,640,0.00952148,-0.0102539
21,641,0.0126953,-0.00231934
21,642,0.010498,0.00219727
21,643,0.00842285,0.00354004
21,644,0.00231934,0.00524902
21,645,-0.0133057,0.00012207
21,646,-0.0153809,-0.0112305
21,647,0.0144043,0.0098877
21,648,0.00720215,0.00439453
21,649,0.0158691,0.00549316
21,650,0.0147705,0.00415039
21,651,0.013916,0.00390625
21,652,0.013916,0.00354004
21,653,0.010376,0.00292969
21,654,0.00793457,0.000854492
21,655,0.00952148,-0.00646973
21,656,0.00524902,-0.00976562
21,657,-0.00134277,-0.0125732
21,658,-0.00378418,-0.0123291
21,659,-0.00537109,-0.0124512
21,660,-0.0057373,-0.0101318
21,661,-0.0098877,-0.00732422
21,662,-0.0119629,0.00219727
21,663,0.020752,-0.0108643
21,664,0.0170898,-0.0114746
21,665,0.0194092,-0.0148926
21,666,0.0147705,-0.0133057
21,667,0.0078125,-0.0145264
21,668,-0.00708008,-0.00744629
21,669,0.00500488,-0.00634766
21,670,0.0155029,0.00646973
21,671,0.00878906,0.0134277
21,672,0.00341797,0.0126953
21,673,0.00109863,0.0111084
21,674,-0.00390625,0.00537109
21,675,-0.00598145,-0.0141602
21,676,0.00500488,-0.0223389
21,677,-0.00305176,0.019043
21,678,-0.0012207,0.00976562
21,679,0.0012207,0.0201416
21,680,0.00195312,0.0185547
21,681,0.00183105,0.0175781
21,682,0.00231934,0.0178223
21,683,0.00170898,0.0142822
21,684,0.00378418,0.0100098
21,685,0.012085,0.00744629
21,686,0.012207,0.000976562
21,687,0.012207,-0.00817871
21,688,0.0108643,-0.0106201
21,689,0.010498,-0.012085
21,690,0.00793457,-0.0113525
21,691,0.0032959,-0.0133057
21,692,-0.0078125,-0.00952148
21,693,0.0373535,-0.00366211
21,694,0.0445557,-0.00671387
21,695,0.0361328,-0.00842285
21,696,0.0273438,-0.0157471
21,697,-0.00244141,-0.0172119
21,698,0.0152588,-0.00354004
21,699,0.0200195,0.0245361
21,700,0.00305176,0.0296631
21,701,-0.00500488,0.0230713
21,702,-0.00732422,0.0184326
21,703,-0.010498,0.00524902
21,704,0.00280762,-0.0280762
21,705,0.0269775,-0.0323486
21,706,-0.0227051,0.0266113
21,707,-0.0106201,0.0145264
21,708,-0.0150146,0.0341797
21,709,-0.0123291,0.0323486
21,710,-0.0114746,0.0307617
21,711,-0.010376,0.0318604
21,712,-0.00744629,0.0256348
21,713,-0.000366211,0.019165
21,714,0.0137939,0.0219727
21,715,0.0180664,0.0128174
21,716,0.0255127,-0.00280762
21,717,0.0256348,-0.0078125
21,718,0.0268555,-0.0106201
21,719,0.0220947,-0.0118408
21,720,0.0180664,-0.0184326
21,721,-0.00158691,-0.020874
21,722,0.0407715,-0.0020752
21,723,0.0333252,-0.0045166
21,724,0.0264893,-0.0119629
21,725,0,-0.0158691
21,726,0.0147705,-0.00146484
21,727,0.0161133,0.0240479
21,728,0.000366211,0.0267334
21,729,-0.00646973,0.0198975
21,730,-0.00817871,0.0155029
21,731,-0.00976562,0.00341797
21,732,0.00524902,-0.0253906
21,733,0.0273438,-0.0268555
21,734,-0.0229492,0.0218506
21,735,-0.0108643,0.012085
21,736,-0.0166016,0.029541
21,737,-0.0140381,0.0280762
21,738,-0.0130615,0.0267334
21,739,-0.012207,0.027832
21,740,-0.00891113,0.0223389
21,741,-0.0020752,0.0169678
21,742,0.0106201,0.020874
21,743,0.0151367,0.0133057
21,744,0.0230713,0.00012207
21,745,0.0235596,-0.00427246
21,746,0.0249023,-0.00683594
21,747,0.020874,-0.00842285
21,748,0.0179443,-0.0150146
21,749,0.000854492,-0.019165
21,750,0.0404053,-0.00354004
21,751,0.0330811,-0.0130615
21,752,0.00146484,-0.0195312
21,753,0.0186768,-0.00109863
21,754,0.0184326,0.0297852
21,755,-0.000854492,0.0321045
21,756,-0.00891113,0.0234375
21,757,-0.0107422,0.0179443
21,758,-0.0119629,0.00341797
21,759,0.00769043,-0.0302734
21,760,0.0341797,-0.0307617
21,761,-0.0292969,0.0247803
21,762,-0.0137939,0.013916
21,763,-0.0214844,0.0345459
21,764,-0.0183105,0.032959
21,765,-0.0170898,0.0313721
21,766,-0.0159912,0.0327148
21,767,-0.0115967,0.0262451
21,768,-0.00317383,0.0198975
21,769,0.0114746,0.0255127
21,770,0.0174561,0.0170898
21,771,0.0275879,0.00170898
21,772,0.0284424,-0.00366211
21,773,0.0303955,-0.0065918
21,774,0.0255127,-0.00878906
21,775,0.0227051,-0.0170898
21,776,0.00280762,-0.0233154
21,777,0.0284424,-0.00817871
21,778,0.00292969,-0.0155029
21,779,0.0157471,0.00109863
21,780,0.0133057,0.0262451
21,781,-0.00268555,0.0266113
21,782,-0.00866699,0.0187988
21,783,-0.00976562,0.0140381
21,784,-0.00976562,0.0020752
21,785,0.00854492,-0.0245361
21,786,0.0301514,-0.0230713
21,787,-0.026001,0.0181885
21,788,-0.0124512,0.010376
21,789,-0.0201416,0.0267334
21,790,-0.0174561,0.0257568
21,791,-0.0162354,0.0246582
21,792,-0.0152588,0.0258789
21,793,-0.0111084,0.0209961
21,794,-0.00354004,0.0161133
21,795,0.00769043,0.0219727
21,796,0.0125732,0.0157471
21,797,0.0219727,0.00341797
21,798,0.0231934,-0.00109863
21,799,0.0251465,-0.0032959
21,800,0.0213623,-0.00561523
21,801,0.0201416,-0.0126953
21,802,0.00439453,-0.0189209
21,803,0.00817871,-0.0125732
21,804,0.0148926,0.0057373
21,805,0.0057373,0.0258789
21,806,-0.00830078,0.0217285
21,807,-0.0115967,0.0133057
21,808,-0.0113525,0.00866699
21,809,-0.00842285,-0.0012207
21,810,0.0135498,-0.0187988
21,811,0.0305176,-0.0119629
21,812,-0.0272217,0.00842285
21,813,-0.0131836,0.00549316
21,814,-0.0235596,0.017334
21,815,-0.020874,0.017334
21,816,-0.0194092,0.0166016
21,817,-0.0185547,0.0178223
21,818,-0.0135498,0.0147705
21,819,-0.00634766,0.0118408
21,820,0.000732422,0.0201416
21,821,0.00610352,0.0172119
21,822,0.0167236,0.00915527
21,823,0.019043,0.00549316
21,824,0.0213623,0.00390625
21,825,0.019043,0.000854492
21,826,0.020752,-0.00585938
21,827,0.010376,-0.0150146
21,828,0.00366211,0.00891113
21,829,-0.00976562,0.00891113
21,830,-0.0118408,0.000976562
21,831,-0.0090332,-0.00317383
21,832,-0.00695801,-0.00439453
21,833,-0.00146484,-0.00500488
21,834,0.0119629,0.00134277
21,835,0.0118408,0.0118408
21,836,-0.0115967,-0.0118408
21,837,-0.00585938,-0.00524902
21,838,-0.0135498,-0.00732422
21,839,-0.0126953,-0.00585938
21,840,-0.0119629,-0.00549316
21,841,-0.0118408,-0.00488281
21,842,-0.00878906,-0.0032959
21,843,-0.00634766,-0.00134277
21,844,-0.00952148,0.0045166
21,845,-0.00708008,0.00769043
21,846,-0.00134277,0.0108643
21,847,0.0012207,0.0109863
21,848,0.00268555,0.0115967
21,849,0.00366211,0.00939941
21,850,0.00854492,0.0078125
21,851,0.012207,0.000244141
21,852,0.00976562,0.012085
21,853,0.000732422,0.012207
21,854,-0.00292969,0.00817871
21,855,-0.00402832,0.00537109
21,856,-0.00415039,-0.00012207
21,857,0.00366211,-0.0133057
21,858,0.0135498,-0.012207
21,859,-0.0135498,0.00952148
21,860,-0.00610352,0.00537109
21,861,-0.0090332,0.0134277
21,862,-0.00744629,0.0128174
21,863,-0.00695801,0.0118408
21,864,-0.0057373,0.012207
21,865,-0.00341797,0.00939941
21,866,-0.000854492,0.00622559
21,867,0.00378418,0.0111084
21,868,0.00646973,0.00952148
21,869,0.00976562,0.00280762
21,870,0.010498,0
21,871,0.0115967,-0.00146484
21,872,0.0098877,-0.00317383
21,873,0.0106201,-0.00830078
21,874,0.00537109,-0.0117188
21,875,0.0211182,0.0124512
21,876,0.0124512,0.0136719
21,877,0.00769043,0.0123291
21,878,-0.00195312,0.00756836
21,879,-0.0157471,-0.0180664
21,880,-0.00598145,-0.0340576
21,881,0.00354004,0.0283203
21,882,0.00305176,0.0142822
21,883,0.0126953,0.0269775
21,884,0.0131836,0.0244141
21,885,0.0124512,0.0227051
21,886,0.0141602,0.0224609
21,887,0.0123291,0.0170898
21,888,0.0115967,0.00891113
21,889,0.0211182,0.00439453
21,890,0.0180664,-0.00158691
21,891,0.0111084,-0.0147705
21,892,0.00805664,-0.0184326
21,893,0.00720215,-0.020874
21,894,0.00390625,-0.0196533
21,895,-0.00146484,-0.0228271
21,896,-0.0113525,-0.0134277
21,897,0.0168457,0.00512695
21,898,0.0129395,0.00622559
21,899,0.00317383,0.00744629
21,900,-0.0200195,-0.00537109
21,901,-0.0209961,-0.022583
21,902,0.0163574,0.019165
21,903,0.00927734,0.0090332
21,904,0.0229492,0.0135498
21,905,0.0219727,0.0113525
21,906,0.020874,0.0106201
21,907,0.0220947,0.00964355
21,908,0.0183105,0.00671387
21,909,0.013916,0.000732422
21,910,0.0174561,-0.00732422
21,911,0.0111084,-0.010376
21,912,-0.000610352,-0.0174561
21,913,-0.00415039,-0.0186768
21,914,-0.00585938,-0.0200195
21,915,-0.00720215,-0.017334
21,916,-0.0119629,-0.0163574
21,917,-0.0145264,-0.00317383
21,918,0.0115967,0.00158691
21,919,0.00463867,0.00488281
21,920,-0.015625,0.00109863
21,921,-0.020752,-0.0117188
21,922,0.0169678,0.0100098
21,923,0.0090332,0.00427246
21,924,0.0201416,0.00415039
21,925,0.0187988,0.00280762
21,926,0.0178223,0.00244141
21,927,0.0185547,0.00170898
21,928,0.0150146,0.000610352
21,929,0.0107422,-0.00268555
21,930,0.0109863,-0.00927734
21,931,0.00500488,-0.0101318
21,932,-0.00537109,-0.0129395
21,933,-0.00817871,-0.0130615
21,934,-0.00976562,-0.0135498
21,935,-0.00976562,-0.0112305
21,936,-0.0126953,-0.00915527
21,937,-0.0112305,0.00170898
21,938,0.00463867,0.00366211
21,939,-0.012207,0.00341797
21,940,-0.0185547,-0.00634766
21,941,0.0151367,0.00537109
21,942,0.00793457,0.0020752
21,943,0.0170898,0.000244141
21,944,0.0158691,-0.000610352
21,945,0.0151367,-0.000732422
21,946,0.0155029,-0.00134277
21,947,0.0125732,-0.00158691
21,948,0.00866699,-0.00354004
21,949,0.00708008,-0.00915527
21,950,0.00183105,-0.00927734
21,951,-0.00671387,-0.0102539
21,952,-0.00866699,-0.0098877
21,953,-0.0101318,-0.0100098
21,954,-0.00952148,-0.00793457
21,955,-0.0112305,-0.00537109
21,956,-0.00854492,0.00390625
21,957,-0.00305176,0.00671387
21,958,-0.00976562,0.00524902
21,959,0.00817871,-0.00390625
21,960,0.00390625,-0.00244141
21,961,0.00683594,-0.00720215
21,962,0.00598145,-0.00708008
21,963,0.00585938,-0.00671387
21,964,0.0057373,-0.00720215
21,965,0.00463867,-0.00610352
21,966,0.00231934,-0.00549316
21,967,-0.00134277,-0.00671387
21,968,-0.00378418,-0.00427246
21,969,-0.00769043,-0.00134277
21,970,-0.00817871,-0.000610352
21,971,-0.00866699,0
21,972,-0.00744629,0.000488281
21,973,-0.00671387,0.00244141
21,974,-0.00170898,0.00549316
21,975,0.0264893,0.0168457
21,976,-0.0212402,-0.0140381
21,977,-0.0115967,-0.00634766
21,978,-0.0263672,-0.00805664
21,979,-0.0247803,-0.00634766
21,980,-0.0231934,-0.00610352
21,981,-0.0240479,-0.00488281
21,982,-0.0189209,-0.00341797
21,983,-0.0135498,0.00109863
21,984,-0.0158691,0.0124512
21,985,-0.00939941,0.0150146
21,986,0.00280762,0.0183105
21,987,0.0065918,0.0177002
21,988,0.00891113,0.0184326
21,989,0.0100098,0.0148926
21,990,0.0155029,0.0118408
21,991,0.0163574,-0.000976562
21,992,-0.0371094,-0.00012207
21,993,-0.0192871,0.00158691
21,994,-0.0389404,0.0114746
21,995,-0.0355225,0.012085
21,996,-0.0334473,0.0114746
21,997,-0.0338135,0.0133057
21,998,-0.0263672,0.0113525
21,999,-0.0161133,0.0126953
21,1000,-0.00952148,0.0274658
21,1001,0.000976562,0.0247803
21,1002,0.0194092,0.0194092
21,1003,0.0233154,0.0158691
21,1004,0.0268555,0.0151367
21,1005,0.0249023,0.0100098
21,1006,0.0281982,0.00280762
21,1007,0.0175781,-0.0137939
21,1008,0.0161133,-0.0012207
21,1009,0.0310059,-0.00915527
21,1010,0.027832,-0.0098877
21,1011,0.026001,-0.00939941
21,1012,0.0257568,-0.0107422
21,1013,0.019165,-0.00878906
21,1014,0.0114746,-0.00915527
21,1015,0.00830078,-0.0220947
21,1016,0.00012207,-0.0211182
21,1017,-0.0142822,-0.0162354
21,1018,-0.0184326,-0.0130615
21,1019,-0.0213623,-0.012085
21,1020,-0.0200195,-0.0078125
21,1021,-0.0241699,-0.000976562
21,1022,-0.0166016,0.0130615
21,1023,0.0167236,-0.00354004
21,1024,0.0152588,-0.00390625
21,1025,0.0141602,-0.00378418
21,1026,0.0142822,-0.0045166
21,1027,0.0108643,-0.00390625
21,1028,0.00671387,-0.0045166
21,1029,0.00500488,-0.0114746
21,1030,0.000610352,-0.0111084
21,1031,-0.00732422,-0.00939941
21,1032,-0.00927734,-0.0078125
21,1033,-0.0107422,-0.00756836
21,1034,-0.0101318,-0.00524902
21,1035,-0.012085,-0.00183105
21,1036,-0.00830078,0.0057373
21,1037,0.0332031,-0.00158691
21,1038,0.03125,-0.00158691
21,1039,0.0319824,-0.00305176
21,1040,0.0251465,-0.00317383
21,1041,0.0167236,-0.0065918
21,1042,0.0142822,-0.0211182
21,1043,0.00488281,-0.0220947
21,1044,-0.0117188,-0.0224609
21,1045,-0.0157471,-0.0202637
21,1046,-0.0187988,-0.0205078
21,1047,-0.0183105,-0.0153809
21,1048,-0.022583,-0.00952148
21,1049,-0.0178223,0.00756836
21,1050,0.0290527,-0.00012207
21,1051,0.0297852,-0.00146484
21,1052,0.0236816,-0.00195312
21,1053,0.0158691,-0.00549316
21,1054,0.0137939,-0.0186768
21,1055,0.00524902,-0.0198975
21,1056,-0.0100098,-0.0212402
21,1057,-0.0136719,-0.0194092
21,1058,-0.0164795,-0.0197754
21,1059,-0.0162354,-0.0150146
21,1060,-0.0203857,-0.0100098
21,1061,-0.0164795,0.00598145
21,1062,0.0281982,-0.00134277
21,1063,0.022583,-0.00183105
21,1064,0.0150146,-0.00537109
21,1065,0.0128174,-0.0177002
21,1066,0.00476074,-0.0185547
21,1067,-0.00952148,-0.0198975
21,1068,-0.0129395,-0.0181885
21,1069,-0.0155029,-0.0186768
21,1070,-0.0152588,-0.0141602
21,1071,-0.0189209,-0.00939941
21,1072,-0.0153809,0.00585938
21,1073,0.0236816,-0.000854492
21,1074,0.0162354,-0.00500488
21,1075,0.0141602,-0.0174561
21,1076,0.00549316,-0.0184326
21,1077,-0.00939941,-0.0206299
21,1078,-0.0126953,-0.019165
21,1079,-0.0153809,-0.0197754
21,1080,-0.0151367,-0.0153809
21,1081,-0.0186768,-0.0108643
21,1082,-0.0152588,0.00476074
21,1083,0.0137939,-0.00402832
21,1084,0.0113525,-0.0133057
21,1085,0.00427246,-0.0137939
21,1086,-0.00769043,-0.0166016
21,1087,-0.0101318,-0.0157471
21,1088,-0.0118408,-0.0163574
21,1089,-0.0117188,-0.0129395
21,1090,-0.0140381,-0.00964355
21,1091,-0.0109863,0.00305176
21,1092,0.0107422,-0.00708008
21,1093,0.00476074,-0.00866699
21,1094,-0.0032959,-0.0130615
21,1095,-0.00488281,-0.0129395
21,1096,-0.00585938,-0.0135498
21,1097,-0.00622559,-0.0114746
21,1098,-0.00793457,-0.00915527
21,1099,-0.00793457,0.000488281
21,1100,0.0162354,-0.0057373
21,1101,0.00830078,-0.0151367
21,1102,0.00463867,-0.0167236
21,1103,0.00354004,-0.0186768
21,1104,0.000366211,-0.0168457
21,1105,-0.0057373,-0.0175781
21,1106,-0.0136719,-0.00830078
21,1107,0.0136719,-0.0090332
21,1108,0.0106201,-0.0112305
21,1109,0.0101318,-0.0133057
21,1110,0.00622559,-0.0124512
21,1111,0.000488281,-0.0151367
21,1112,-0.00952148,-0.0113525
21,1113,0.0195312,-0.00268555
21,1114,0.0203857,-0.00439453
21,1115,0.0163574,-0.00524902
21,1116,0.0125732,-0.00964355
21,1117,-0.000854492,-0.0129395
21,1118,0.0211182,-0.00158691
21,1119,0.0177002,-0.00292969
21,1120,0.0157471,-0.00744629
21,1121,0.00305176,-0.0128174
21,1122,0.0192871,-0.00195312
21,1123,0.0180664,-0.00683594
21,1124,0.00512695,-0.0134277
21,1125,0.0169678,-0.00427246
21,1126,0.00671387,-0.0107422
21,1127,0.0136719,-0.00891113
22,0,0.0310059,0.0240479
22,1,-0.00195312,0.0385742
22,2,-0.0129395,0.0375977
22,3,0.0183105,-0.0372314
22,4,0.0123291,-0.0164795
22,5,-0.0247803,0.0148926
22,6,-0.0187988,-0.0078125
22,7,-0.0341797,-0.00842285
22,8,-0.0385742,0.0098877
22,9,-0.0235596,0.0216064
22,10,-0.0115967,0.0245361
22,11,-0.00402832,0.0223389
22,12,0.010376,0.0236816
22,13,0.0344238,0.0102539
22,14,0.0534668,-0.00598145
22,15,0.0198975,-0.0402832
22,16,-0.00354004,-0.0288086
22,17,-0.0299072,-0.0078125
22,18,-0.0310059,0.00134277
22,19,-0.0385742,0.00598145
22,20,-0.0355225,0.0108643
22,21,-0.0444336,0.026123
22,22,-0.0345459,0.0318604
22,23,-0.0465088,-0.000854492
22,24,-0.0189209,-0.036499
22,25,0.0206299,-0.0356445
22,26,0.0283203,-0.0256348
22,27,0.029541,-0.0180664
22,28,0.027832,-0.00280762
22,29,-0.0020752,0.0241699
22,30,-0.0308838,0.0113525
22,31,0.0297852,-0.0368652
22,32,0.0123291,-0.0164795
22,33,0.0197754,-0.0357666
22,34,0.0197754,-0.0335693
22,35,0.0187988,-0.0317383
22,36,0.0209961,-0.0335693
22,37,0.024292,-0.0319824
22,38,0.0240479,-0.0274658
22,39,-0.00012207,-0.0227051
22,40,-0.0150146,-0.0147705
22,41,-0.0292969,-0.00561523
22,42,-0.0299072,-0.00134277
22,43,-0.0321045,0.000488281
22,44,-0.0267334,0.0032959
22,45,-0.0297852,0.0129395
22,46,-0.0290527,0.0233154
22,47,0.0179443,0.0209961
22,48,0.0118408,0.0250244
22,49,-0.0090332,-0.0272217
22,50,-0.00183105,-0.013916
22,51,-0.0045166,0.019043
22,52,-0.0109863,0.0065918
22,53,-0.0183105,0.0128174
22,54,-0.0128174,0.0217285
22,55,-0.000854492,0.0189209
22,56,0.00610352,0.0147705
22,57,0.00866699,0.010498
22,58,0.0163574,0.00488281
22,59,0.022583,-0.010376
22,60,0.0266113,-0.0241699
22,61,-0.00402832,-0.0281982
22,62,-0.0117188,-0.0123291
22,63,-0.0186768,0.00891113
22,64,-0.0162354,0.0136719
22,65,-0.0186768,0.019165
22,66,-0.015625,0.0203857
22,67,-0.0147705,0.0323486
22,68,-0.00598145,0.0318604
22,69,-0.0264893,0.0197754
22,70,-0.02771,-0.0100098
22,71,-0.0065918,-0.0270996
22,72,0.00183105,-0.0258789
22,73,0.00585938,-0.0228271
22,74,0.0117188,-0.0148926
22,75,0.00891113,0.0109863
22,76,-0.0101318,0.0186768
22,77,0,-0.0311279
22,78,-0.000610352,-0.0133057
22,79,-0.00549316,-0.026123
22,80,-0.00488281,-0.0252686
22,81,-0.00476074,-0.0240479
22,82,-0.0045166,-0.026123
22,83,-0.00231934,-0.0266113
22,84,0.000488281,-0.0231934
22,85,-0.00744629,-0.0113525
22,86,-0.012085,-0.00244141
22,87,-0.0162354,0.0078125
22,88,-0.0155029,0.0106201
22,89,-0.0159912,0.0125732
22,90,-0.0128174,0.012085
22,91,-0.0117188,0.0192871
22,92,-0.00720215,0.0246582
22,93,0.0316162,0.00732422
22,94,-0.0318604,-0.0112305
22,95,-0.0145264,-0.00805664
22,96,0.0155029,0.0180664
22,97,-0.000610352,0.0189209
22,98,0.00170898,0.029541
22,99,0.0152588,0.0267334
22,100,0.0214844,0.0109863
22,101,0.0216064,0.00134277
22,102,0.0187988,-0.00354004
22,103,0.0181885,-0.0136719
22,104,0.00585938,-0.0258789
22,105,-0.00500488,-0.0324707
22,106,-0.0234375,-0.00878906
22,107,-0.0153809,0.00646973
22,108,-0.00341797,0.020874
22,109,0.0012207,0.0203857
22,110,0.00390625,0.0249023
22,111,0.00622559,0.0224609
22,112,0.0152588,0.0284424
22,113,0.0209961,0.0234375
22,114,-0.00195312,0.0324707
22,115,-0.0289307,0.0159912
22,116,-0.0300293,-0.0125732
22,117,-0.0229492,-0.0195312
22,118,-0.0175781,-0.0216064
22,119,-0.00610352,-0.0224609
22,120,0.0175781,-0.00463867
22,121,0.0125732,0.0201416
22,122,-0.0262451,-0.0169678
22,123,-0.012207,-0.00646973
22,124,-0.0272217,-0.00964355
22,125,-0.0263672,-0.0101318
22,126,-0.0251465,-0.0100098
22,127,-0.0270996,-0.0118408
22,128,-0.0264893,-0.0141602
22,129,-0.0213623,-0.0124512
22,130,-0.0112305,0.0020752
22,131,-0.00512695,0.00878906
22,132,0.00109863,0.0169678
22,133,0.00268555,0.0178223
22,134,0.00366211,0.0192871
22,135,0.00378418,0.0163574
22,136,0.0078125,0.0195312
22,137,0.0142822,0.0194092
22,138,-0.0350342,-0.00390625
22,139,-0.0168457,-0.00476074
22,140,0.0203857,0.0150146
22,141,0.00341797,0.0203857
22,142,0.00878906,0.0310059
22,143,0.0228271,0.024292
22,144,0.0258789,0.00634766
22,145,0.0236816,-0.00366211
22,146,0.0192871,-0.00805664
22,147,0.0158691,-0.0181885
22,148,-0.000854492,-0.0273438
22,149,-0.0150146,-0.0302734
22,150,-0.026123,-0.000854492
22,151,-0.0140381,0.0119629
22,152,0.00244141,0.0218506
22,153,0.00708008,0.0195312
22,154,0.0111084,0.0231934
22,155,0.0126953,0.0198975
22,156,0.0230713,0.0229492
22,157,0.0269775,0.0170898
22,158,0.00683594,0.0319824
22,159,-0.0247803,0.022583
22,160,-0.0335693,-0.0057373
22,161,-0.0281982,-0.0145264
22,162,-0.0231934,-0.0179443
22,163,-0.0115967,-0.0217285
22,164,0.0177002,-0.00939941
22,165,0.0185547,0.0175781
22,166,-0.0311279,-0.00939941
22,167,-0.0142822,-0.00317383
22,168,-0.0306396,-0.00256348
22,169,-0.0297852,-0.00341797
22,170,-0.0284424,-0.00366211
22,171,-0.0308838,-0.00512695
22,172,-0.0308838,-0.0078125
22,173,-0.0255127,-0.00695801
22,174,-0.010498,0.00634766
22,175,-0.00170898,0.0113525
22,176,0.00695801,0.0175781
22,177,0.00854492,0.0175781
22,178,0.0098877,0.0186768
22,179,0.00878906,0.0153809
22,180,0.0133057,0.0167236
22,181,0.0194092,0.0148926
22,182,0.0179443,0.00280762
22,183,-0.0230713,-0.0135498
22,184,-0.0057373,-0.0213623
22,185,-0.0128174,-0.0318604
22,186,-0.0270996,-0.0230713
22,187,-0.0284424,-0.00390625
22,188,-0.0249023,0.00634766
22,189,-0.0198975,0.010376
22,190,-0.0148926,0.0206299
22,191,0.00402832,0.0279541
22,192,0.0197754,0.0289307
22,193,0.0272217,-0.0032959
22,194,0.0130615,-0.0147705
22,195,-0.00549316,-0.0223389
22,196,-0.0100098,-0.019165
22,197,-0.0146484,-0.0222168
22,198,-0.0158691,-0.0185547
22,199,-0.0270996,-0.0202637
22,200,-0.0302734,-0.0141602
22,201,-0.0112305,-0.0319824
22,202,0.0229492,-0.026123
22,203,0.0356445,0.00195312
22,204,0.0310059,0.0117188
22,205,0.026123,0.0159912
22,206,0.0144043,0.0213623
22,207,-0.0179443,0.012207
22,208,-0.0219727,-0.0161133
22,209,0.0334473,0.00549316
22,210,0.0151367,0.0012207
22,211,0.0321045,-0.00146484
22,212,0.0313721,-0.000366211
22,213,0.0299072,0
22,214,0.0325928,0.00134277
22,215,0.032959,0.00415039
22,216,0.0275879,0.00378418
22,217,0.0098877,-0.00842285
22,218,-0.00012207,-0.0123291
22,219,-0.0101318,-0.0175781
22,220,-0.0117188,-0.017334
22,221,-0.0131836,-0.0181885
22,222,-0.0115967,-0.0147705
22,223,-0.0162354,-0.0153809
22,224,-0.0223389,-0.0126953
22,225,-0.0124512,-0.00488281
22,226,-0.0045166,-0.0102539
22,227,-0.00891113,-0.0148926
22,228,-0.0153809,-0.00927734
22,229,-0.0145264,0.000366211
22,230,-0.0119629,0.00512695
22,231,-0.00915527,0.00671387
22,232,-0.0057373,0.0112305
22,233,0.00439453,0.0131836
22,234,0.0124512,0.012085
22,235,0.0130615,-0.0045166
22,236,0.00512695,-0.00878906
22,237,-0.00476074,-0.010498
22,238,-0.00671387,-0.00842285
22,239,-0.00927734,-0.00939941
22,240,-0.00952148,-0.00744629
22,241,-0.0151367,-0.00720215
22,242,-0.0158691,-0.00402832
22,243,-0.00830078,-0.0144043
22,244,0.00891113,-0.0145264
22,245,0.0174561,-0.00195312
22,246,0.0159912,0.00317383
22,247,0.0140381,0.0057373
22,248,0.00866699,0.00927734
22,249,-0.00805664,0.00744629
22,250,-0.0123291,-0.00622559
22,251,0.0169678,-0.000488281
22,252,0.00756836,-0.000854492
22,253,0.0157471,-0.00354004
22,254,0.0155029,-0.00292969
22,255,0.0147705,-0.00256348
22,256,0.0162354,-0.0020752
22,257,0.0166016,-0.000732422
22,258,0.013916,-0.000610352
22,259,0.00402832,-0.00549316
22,260,-0.00146484,-0.00646973
22,261,-0.00683594,-0.00805664
22,262,-0.00756836,-0.00769043
22,263,-0.00830078,-0.00793457
22,264,-0.00708008,-0.00622559
22,265,-0.00927734,-0.00598145
22,266,-0.0118408,-0.00402832
22,267,0.0125732,0.0119629
22,268,0.0209961,0.0155029
22,269,0.026123,0.00366211
22,270,0.0195312,-0.00939941
22,271,0.0133057,-0.0145264
22,272,0.00854492,-0.0148926
22,273,0.00158691,-0.019165
22,274,-0.0128174,-0.0153809
22,275,-0.0222168,-0.00842285
22,276,-0.0135498,0.0131836
22,277,-0.00134277,0.0146484
22,278,0.0115967,0.0114746
22,279,0.0126953,0.00756836
22,280,0.0164795,0.00744629
22,281,0.015625,0.00463867
22,282,0.0227051,0.0012207
22,283,0.0227051,-0.00317383
22,284,0.0183105,0.0142822
22,285,-0.0045166,0.0239258
22,286,-0.0228271,0.0117188
22,287,-0.0238037,0.00402832
22,288,-0.0224609,-0.000488281
22,289,-0.017334,-0.00842285
22,290,0.00634766,-0.0155029
22,291,0.0201416,0.000976562
22,292,-0.0218506,0.00964355
22,293,-0.00964355,0.00512695
22,294,-0.019043,0.0131836
22,295,-0.019043,0.012085
22,296,-0.0184326,0.0112305
22,297,-0.0205078,0.0113525
22,298,-0.0217285,0.00976562
22,299,-0.0179443,0.00854492
22,300,-0.00134277,0.00976562
22,301,0.00598145,0.00769043
22,302,0.0135498,0.00634766
22,303,0.0140381,0.00549316
22,304,0.0151367,0.00524902
22,305,0.0125732,0.00378418
22,306,0.0150146,0.00231934
22,307,0.0175781,-0.00158691
22,308,0.0253906,-0.00390625
22,309,0.0181885,-0.0159912
22,310,0.00427246,-0.020874
22,311,-0.00280762,-0.0197754
22,312,-0.00561523,-0.0167236
22,313,-0.0117188,-0.0145264
22,314,-0.0148926,-0.00109863
22,315,-0.0113525,0.0106201
22,316,0.0065918,0.0133057
22,317,0.012085,0.00744629
22,318,0.012207,-0.0012207
22,319,0.00891113,-0.00354004
22,320,0.00976562,-0.00561523
22,321,0.00720215,-0.00622559
22,322,0.00793457,-0.0111084
22,323,0.0078125,-0.0134277
22,324,0.0155029,-0.00231934
22,325,0.010498,0.0162354
22,326,-0.00610352,0.0202637
22,327,-0.0115967,0.0162354
22,328,-0.0140381,0.0128174
22,329,-0.0167236,0.00476074
22,330,-0.00866699,-0.0150146
22,331,0.0112305,-0.0137939
22,332,-0.0032959,0.0174561
22,333,-0.000976562,0.00854492
22,334,-0.000488281,0.0184326
22,335,-0.00146484,0.0179443
22,336,-0.00195312,0.0169678
22,337,-0.00305176,0.0181885
22,338,-0.0045166,0.0184326
22,339,-0.00158691,0.0161133
22,340,0.00927734,0.00488281
22,341,0.00952148,-0.0020752
22,342,0.010498,-0.0078125
22,343,0.00952148,-0.00793457
22,344,0.00952148,-0.00866699
22,345,0.00695801,-0.00708008
22,346,0.00646973,-0.0078125
22,347,0.00561523,-0.010498
22,348,0.0334473,-0.0186768
22,349,0.013916,-0.0283203
22,350,0.00268555,-0.0286865
22,351,-0.00292969,-0.0250244
22,352,-0.0137939,-0.0235596
22,353,-0.0245361,-0.0057373
22,354,-0.0255127,0.0117188
22,355,0.00280762,0.0241699
22,356,0.0144043,0.0145264
22,357,0.0206299,-0.00109863
22,358,0.0169678,-0.00549316
22,359,0.0197754,-0.00891113
22,360,0.0161133,-0.0102539
22,361,0.0189209,-0.0174561
22,362,0.0175781,-0.0194092
22,363,0.0266113,0.000610352
22,364,0.0129395,0.0285645
22,365,-0.0142822,0.0308838
22,366,-0.0212402,0.0234375
22,367,-0.0236816,0.017334
22,368,-0.0249023,0.0045166
22,369,-0.00622559,-0.0234375
22,370,0.022583,-0.0169678
22,371,-0.0109863,0.0291748
22,372,-0.00439453,0.0141602
22,373,-0.00720215,0.0308838
22,374,-0.00866699,0.029541
22,375,-0.0090332,0.027832
22,376,-0.0114746,0.0294189
22,377,-0.0140381,0.0284424
22,378,-0.00976562,0.0245361
22,379,0.0098877,0.00866699
22,380,0.0146484,-0.0012207
22,381,0.0200195,-0.00878906
22,382,0.0186768,-0.00891113
22,383,0.0192871,-0.00976562
22,384,0.0146484,-0.0078125
22,385,0.0140381,-0.00915527
22,386,0.0130615,-0.0133057
22,387,0.029541,-0.017334
22,388,0.0194092,-0.0230713
22,389,0.0118408,-0.022583
22,390,0.000488281,-0.0266113
22,391,-0.0217285,-0.0170898
22,392,-0.0360107,-0.00268555
22,393,-0.0148926,0.026001
22,394,0.00195312,0.0217285
22,395,0.019165,0.00866699
22,396,0.0196533,0.00244141
22,397,0.0249023,0.000244141
22,398,0.0228271,-0.00317383
22,399,0.0308838,-0.0090332
22,400,0.0297852,-0.0111084
22,401,0.0279541,0.0136719
22,402,-0.00134277,0.0336914
22,403,-0.0285645,0.0223389
22,404,-0.0308838,0.0117188
22,405,-0.029541,0.00488281
22,406,-0.0233154,-0.00769043
22,407,0.00976562,-0.0238037
22,408,0.0313721,-0.0032959
22,409,-0.026123,0.0228271
22,410,-0.0119629,0.0117188
22,411,-0.0234375,0.0269775
22,412,-0.0241699,0.0251465
22,413,-0.0235596,0.0233154
22,414,-0.0267334,0.0238037
22,415,-0.0294189,0.0209961
22,416,-0.0251465,0.0184326
22,417,-0.000732422,0.013916
22,418,0.0114746,0.00744629
22,419,0.0235596,0.0032959
22,420,0.0235596,0.00231934
22,421,0.0251465,0.00183105
22,422,0.0202637,0.000976562
22,423,0.0219727,-0.0012207
22,424,0.0236816,-0.00585938
22,425,0.0266113,-0.00842285
22,426,0.020752,-0.0109863
22,427,0.0142822,-0.0181885
22,428,-0.00805664,-0.0195312
22,429,-0.0273438,-0.0133057
22,430,-0.0223389,0.0159912
22,431,-0.00927734,0.0187988
22,432,0.00854492,0.0135498
22,433,0.012085,0.00854492
22,434,0.0167236,0.00830078
22,435,0.0170898,0.00463867
22,436,0.0257568,0.00268555
22,437,0.0263672,0.00195312
22,438,0.0148926,0.019043
22,439,-0.0151367,0.0222168
22,440,-0.0294189,0.00354004
22,441,-0.026123,-0.00500488
22,442,-0.0219727,-0.00952148
22,443,-0.0115967,-0.0161133
22,444,0.0196533,-0.0141602
22,445,0.0251465,0.010376
22,446,-0.0273438,0.00610352
22,447,-0.0131836,0.00390625
22,448,-0.0275879,0.0106201
22,449,-0.0272217,0.0090332
22,450,-0.026001,0.00793457
22,451,-0.0285645,0.00708008
22,452,-0.0300293,0.00415039
22,453,-0.0270996,0.00463867
22,454,-0.0090332,0.0125732
22,455,0.00390625,0.0115967
22,456,0.0161133,0.012207
22,457,0.0170898,0.0108643
22,458,0.0186768,0.0108643
22,459,0.0157471,0.00793457
22,460,0.0181885,0.00610352
22,461,0.0217285,0.0032959
22,462,0.0217285,-0.00378418
22,463,0.0187988,-0.0114746
22,464,0.000488281,-0.0183105
22,465,-0.0172119,-0.0172119
22,466,-0.0218506,0.00708008
22,467,-0.0130615,0.0134277
22,468,0.00170898,0.0136719
22,469,0.00610352,0.010376
22,470,0.00952148,0.0113525
22,471,0.0109863,0.00830078
22,472,0.0184326,0.00927734
22,473,0.0202637,0.00927734
22,474,0.00500488,0.0195312
22,475,-0.0205078,0.0133057
22,476,-0.0256348,-0.00646973
22,477,-0.0198975,-0.0126953
22,478,-0.0150146,-0.0153809
22,479,-0.00415039,-0.0179443
22,480,0.0213623,-0.00720215
22,481,0.0180664,0.0153809
22,482,-0.0234375,-0.00378418
22,483,-0.0117188,-0.000732422
22,484,-0.0252686,0.000854492
22,485,-0.0245361,-0.000366211
22,486,-0.0233154,-0.000976562
22,487,-0.0251465,-0.00231934
22,488,-0.0257568,-0.00512695
22,489,-0.0236816,-0.00341797
22,490,-0.0112305,0.00878906
22,491,-0.000366211,0.0109863
22,492,0.00964355,0.0141602
22,493,0.0107422,0.0131836
22,494,0.0119629,0.0135498
22,495,0.010376,0.0102539
22,496,0.0126953,0.00939941
22,497,0.0167236,0.00842285
22,498,0.0184326,-0.00683594
22,499,0.00488281,-0.0148926
22,500,-0.00939941,-0.0162354
22,501,-0.0181885,0.00195312
22,502,-0.0126953,0.00915527
22,503,-0.00183105,0.0118408
22,504,0.00219727,0.00976562
22,505,0.0045166,0.0111084
22,506,0.00622559,0.00891113
22,507,0.0119629,0.0109863
22,508,0.0140381,0.0113525
22,509,-0.000854492,0.0168457
22,510,-0.0205078,0.00695801
22,511,-0.0202637,-0.010498
22,512,-0.0142822,-0.0147705
22,513,-0.00964355,-0.0161133
22,514,-0.00012207,-0.0164795
22,515,0.019043,-0.00317383
22,516,0.012085,0.0155029
22,517,-0.0180664,-0.00817871
22,518,-0.00915527,-0.00292969
22,519,-0.0205078,-0.00415039
22,520,-0.0196533,-0.00500488
22,521,-0.0185547,-0.00524902
22,522,-0.0198975,-0.00671387
22,523,-0.0197754,-0.00891113
22,524,-0.0183105,-0.0065918
22,525,-0.010376,0.00598145
22,526,-0.00219727,0.00915527
22,527,0.00512695,0.0129395
22,528,0.00598145,0.012207
22,529,0.00695801,0.0126953
22,530,0.00622559,0.00964355
22,531,0.00805664,0.00939941
22,532,0.0117188,0.00939941
22,533,0.0141602,-0.0125732
22,534,0.00390625,-0.0189209
22,535,-0.0148926,-0.00842285
22,536,-0.0147705,0.00231934
22,537,-0.00939941,0.0111084
22,538,-0.00524902,0.0109863
22,539,-0.0045166,0.0137939
22,540,-0.00195312,0.0124512
22,541,0.00170898,0.0178223
22,542,0.00561523,0.019165
22,543,-0.0124512,0.0166016
22,544,-0.0253906,-0.00292969
22,545,-0.0148926,-0.0203857
22,546,-0.00671387,-0.0219727
22,547,-0.00158691,-0.0212402
22,548,0.00756836,-0.017334
22,549,0.0189209,0.00402832
22,550,0.00341797,0.0192871
22,551,-0.0118408,-0.0184326
22,552,-0.0065918,-0.00769043
22,553,-0.0159912,-0.0145264
22,554,-0.0150146,-0.0148926
22,555,-0.013916,-0.0145264
22,556,-0.0144043,-0.0164795
22,557,-0.0134277,-0.0181885
22,558,-0.0124512,-0.0145264
22,559,-0.0111084,0.00109863
22,560,-0.00634766,0.00695801
22,561,-0.00268555,0.0131836
22,562,-0.00183105,0.0131836
22,563,-0.00146484,0.013916
22,564,-0.000610352,0.0111084
22,565,0.000610352,0.0123291
22,566,0.0045166,0.0144043
22,567,0.0317383,-0.0114746
22,568,0.00427246,-0.0252686
22,569,-0.00732422,-0.0142822
22,570,-0.0184326,0.0012207
22,571,-0.0175781,0.00598145
22,572,-0.0211182,0.00964355
22,573,-0.0187988,0.0114746
22,574,-0.0227051,0.0211182
22,575,-0.0169678,0.0240479
22,576,-0.0306396,0.0057373
22,577,-0.020752,-0.0209961
22,578,0.00488281,-0.0273438
22,579,0.0123291,-0.022583
22,580,0.0150146,-0.0180664
22,581,0.0177002,-0.00830078
22,582,0.0057373,0.0148926
22,583,-0.0159912,0.013916
22,584,0.00976562,-0.02771
22,585,0.00354004,-0.0123291
22,586,0.00366211,-0.0258789
22,587,0.00439453,-0.0249023
22,588,0.00439453,-0.0238037
22,589,0.00561523,-0.0255127
22,590,0.00830078,-0.0252686
22,591,0.00854492,-0.0211182
22,592,-0.00305176,-0.0112305
22,593,-0.00939941,-0.00390625
22,594,-0.0166016,0.00341797
22,595,-0.0170898,0.00512695
22,596,-0.0183105,0.00634766
22,597,-0.0152588,0.00610352
22,598,-0.0170898,0.0107422
22,599,-0.0153809,0.0164795
22,600,0.0273438,-0.0378418
22,601,0.00537109,-0.0284424
22,602,-0.0238037,-0.00952148
22,603,-0.02771,-0.000854492
22,604,-0.0356445,0.00305176
22,605,-0.0345459,0.00805664
22,606,-0.0463867,0.0213623
22,607,-0.0378418,0.0262451
22,608,-0.0457764,-0.00476074
22,609,-0.0150146,-0.0333252
22,610,0.0212402,-0.0281982
22,611,0.0266113,-0.0185547
22,612,0.0263672,-0.0117188
22,613,0.0220947,0.00109863
22,614,-0.00939941,0.0195312
22,615,-0.0307617,0.00378418
22,616,0.0308838,-0.0311279
22,617,0.0134277,-0.0137939
22,618,0.0229492,-0.0303955
22,619,0.0227051,-0.0284424
22,620,0.0213623,-0.0268555
22,621,0.0239258,-0.0280762
22,622,0.0274658,-0.026001
22,623,0.0286865,-0.0218506
22,624,0.0090332,-0.022583
22,625,-0.00842285,-0.0170898
22,626,-0.0264893,-0.010376
22,627,-0.0289307,-0.00634766
22,628,-0.0319824,-0.00488281
22,629,-0.0279541,-0.00146484
22,630,-0.0338135,0.00720215
22,631,-0.0345459,0.0164795
22,632,0.0256348,-0.0109863
22,633,-0.00244141,-0.0214844
22,634,-0.0115967,-0.0195312
22,635,-0.0181885,-0.0228271
22,636,-0.0218506,-0.0192871
22,637,-0.0371094,-0.0198975
22,638,-0.0357666,-0.0118408
22,639,-0.0175781,-0.0311279
22,640,0.0166016,-0.0222168
22,641,0.027832,0.00439453
22,642,0.0228271,0.0118408
22,643,0.0174561,0.0144043
22,644,0.00610352,0.0164795
22,645,-0.0206299,0.000976562
22,646,-0.0159912,-0.020752
22,647,0.0358887,0.00927734
22,648,0.0157471,0.00402832
22,649,0.0311279,0.00415039
22,650,0.0291748,0.00463867
22,651,0.0272217,0.00427246
22,652,0.0288086,0.00524902
22,653,0.0290527,0.00830078
22,654,0.0286865,0.0102539
22,655,0.0234375,-0.00720215
22,656,0.010376,-0.0170898
22,657,-0.00378418,-0.0256348
22,658,-0.00854492,-0.024292
22,659,-0.0112305,-0.0253906
22,660,-0.0124512,-0.0198975
22,661,-0.0222168,-0.0179443
22,662,-0.029541,-0.0134277
22,663,0.00915527,-0.0130615
22,664,0.0020752,-0.0140381
22,665,-0.000488281,-0.0175781
22,666,-0.00463867,-0.0162354
22,667,-0.0140381,-0.020752
22,668,-0.0166016,-0.0167236
22,669,-0.000244141,-0.0213623
22,670,0.0164795,-0.00427246
22,671,0.0128174,0.0145264
22,672,0.00683594,0.0167236
22,673,0.00256348,0.0162354
22,674,-0.00512695,0.0131836
22,675,-0.0150146,-0.00634766
22,676,-0.00195312,-0.0180664
22,677,0.0164795,0.0181885
22,678,0.00720215,0.00805664
22,679,0.0152588,0.0140381
22,680,0.0136719,0.0136719
22,681,0.0124512,0.0128174
22,682,0.0128174,0.013916
22,683,0.0123291,0.015625
22,684,0.0135498,0.015625
22,685,0.0192871,0.000244141
22,686,0.0136719,-0.00915527
22,687,0.0065918,-0.0174561
22,688,0.00280762,-0.0174561
22,689,0.0012207,-0.0185547
22,690,-0.00170898,-0.0152588
22,691,-0.00891113,-0.0161133
22,692,-0.0151367,-0.0158691
22,693,0.0180664,-0.00439453
22,694,0.0213623,-0.00732422
22,695,0.0180664,-0.00915527
22,696,0.0181885,-0.0172119
22,697,0.010498,-0.0184326
22,698,0.0205078,-0.00561523
22,699,0.0124512,0.0152588
22,700,-0.00708008,0.0202637
22,701,-0.012207,0.0167236
22,702,-0.0136719,0.0133057
22,703,-0.0147705,0.00585938
22,704,-0.00256348,-0.0108643
22,705,0.0145264,-0.00830078
22,706,-0.0108643,0.0233154
22,707,-0.00500488,0.0101318
22,708,-0.00805664,0.0205078
22,709,-0.00866699,0.0192871
22,710,-0.00842285,0.0180664
22,711,-0.00952148,0.0189209
22,712,-0.010376,0.0184326
22,713,-0.00854492,0.0161133
22,714,0.00744629,0.00915527
22,715,0.0131836,0.00390625
22,716,0.0170898,-0.00134277
22,717,0.0157471,-0.0032959
22,718,0.0159912,-0.00427246
22,719,0.012085,-0.00476074
22,720,0.0101318,-0.00952148
22,721,0.0065918,-0.0144043
22,722,0.0228271,-0.0020752
22,723,0.020874,-0.00439453
22,724,0.0244141,-0.0117188
22,725,0.0172119,-0.0145264
22,726,0.022583,0.00109863
22,727,0.00830078,0.0180664
22,728,-0.0114746,0.0172119
22,729,-0.0151367,0.0124512
22,730,-0.0153809,0.00891113
22,731,-0.013916,0.00195312
22,732,0.00231934,-0.00964355
22,733,0.0162354,-0.00305176
22,734,-0.0170898,0.0189209
22,735,-0.00769043,0.00817871
22,736,-0.0134277,0.0175781
22,737,-0.0134277,0.0163574
22,738,-0.0128174,0.0153809
22,739,-0.0141602,0.0159912
22,740,-0.0150146,0.0148926
22,741,-0.0136719,0.0123291
22,742,0.000976562,0.0101318
22,743,0.00891113,0.00744629
22,744,0.0158691,0.00439453
22,745,0.0158691,0.00231934
22,746,0.0167236,0.00158691
22,747,0.0136719,0
22,748,0.0142822,-0.00500488
22,749,0.0126953,-0.010376
22,750,0.0268555,-0.0032959
22,751,0.032959,-0.0115967
22,752,0.0244141,-0.0157471
22,753,0.0286865,0.00476074
22,754,0.00817871,0.0235596
22,755,-0.0166016,0.0197754
22,756,-0.0202637,0.0134277
22,757,-0.0200195,0.00891113
22,758,-0.0170898,0.000488281
22,759,0.00500488,-0.0115967
22,760,0.0209961,-0.00158691
22,761,-0.0238037,0.0211182
22,762,-0.0106201,0.00915527
22,763,-0.019043,0.0202637
22,764,-0.0189209,0.0187988
22,765,-0.0179443,0.0177002
22,766,-0.0196533,0.0184326
22,767,-0.020752,0.0167236
22,768,-0.0192871,0.0134277
22,769,-0.00158691,0.0124512
22,770,0.00927734,0.010498
22,771,0.019043,0.0078125
22,772,0.0195312,0.00537109
22,773,0.0209961,0.00463867
22,774,0.0174561,0.0020752
22,775,0.0195312,-0.00378418
22,776,0.0186768,-0.010498
22,777,0.0338135,-0.00708008
22,778,0.0266113,-0.0118408
22,779,0.02771,0.00842285
22,780,0.00512695,0.0231934
22,781,-0.0177002,0.0162354
22,782,-0.0202637,0.0098877
22,783,-0.0192871,0.0057373
22,784,-0.0152588,-0.00170898
22,785,0.00708008,-0.0098877
22,786,0.0201416,0.00134277
22,787,-0.0251465,0.0164795
22,788,-0.0111084,0.00708008
22,789,-0.0202637,0.0166016
22,790,-0.0197754,0.0153809
22,791,-0.0186768,0.0145264
22,792,-0.0203857,0.0150146
22,793,-0.0213623,0.0131836
22,794,-0.0203857,0.0098877
22,795,-0.00549316,0.0115967
22,796,0.00561523,0.0114746
22,797,0.0162354,0.010498
22,798,0.0177002,0.00805664
22,799,0.0194092,0.00756836
22,800,0.0168457,0.00463867
22,801,0.0205078,-0.000610352
22,802,0.0211182,-0.00695801
22,803,0.0435791,-0.00891113
22,804,0.0380859,0.0212402
22,805,0.000976562,0.03479
22,806,-0.0290527,0.0175781
22,807,-0.0306396,0.00744629
22,808,-0.0281982,0.00170898
22,809,-0.0202637,-0.00805664
22,810,0.0131836,-0.0140381
22,811,0.027832,0.0057373
22,812,-0.0380859,0.0140381
22,813,-0.0163574,0.00634766
22,814,-0.0302734,0.0175781
22,815,-0.0291748,0.0163574
22,816,-0.0274658,0.015625
22,817,-0.0300293,0.0162354
22,818,-0.0318604,0.0133057
22,819,-0.0308838,0.00842285
22,820,-0.0150146,0.0146484
22,821,0.000610352,0.017334
22,822,0.0174561,0.0184326
22,823,0.0212402,0.0157471
22,824,0.024292,0.0155029
22,825,0.022583,0.0109863
22,826,0.0317383,0.00537109
22,827,0.036377,-0.00268555
22,828,0.0316162,0.0280762
22,829,-0.00671387,0.0349121
22,830,-0.0316162,0.0124512
22,831,-0.03125,0.00170898
22,832,-0.0279541,-0.00390625
22,833,-0.0186768,-0.0126953
22,834,0.0146484,-0.0150146
22,835,0.0262451,0.00720215
22,836,-0.0357666,0.00561523
22,837,-0.0151367,0.00341797
22,838,-0.0288086,0.0126953
22,839,-0.027832,0.0119629
22,840,-0.0264893,0.0114746
22,841,-0.0291748,0.0119629
22,842,-0.0313721,0.0090332
22,843,-0.0299072,0.0045166
22,844,-0.0178223,0.0107422
22,845,-0.00427246,0.0141602
22,846,0.0118408,0.0170898
22,847,0.0163574,0.0159912
22,848,0.0192871,0.0162354
22,849,0.0189209,0.0125732
22,850,0.0294189,0.010376
22,851,0.0371094,0.00463867
22,852,0.0220947,0.0300293
22,853,-0.0124512,0.0308838
22,854,-0.0203857,0.0230713
22,855,-0.0223389,0.0169678
22,856,-0.0227051,0.00463867
22,857,-0.00170898,-0.0194092
22,858,0.0228271,-0.0125732
22,859,-0.0212402,0.0290527
22,860,-0.00817871,0.0126953
22,861,-0.0112305,0.0284424
22,862,-0.0111084,0.0273438
22,863,-0.010498,0.026123
22,864,-0.012085,0.0281982
22,865,-0.0153809,0.0273438
22,866,-0.0170898,0.0223389
22,867,-0.0045166,0.0179443
22,868,0.0065918,0.0119629
22,869,0.0195312,0.00415039
22,870,0.0220947,0.000854492
22,871,0.0245361,-0.000854492
22,872,0.0219727,-0.00268555
22,873,0.0285645,-0.010498
22,874,0.0296631,-0.0194092
22,875,0.0229492,0.0266113
22,876,0.0117188,0.0289307
22,877,0.00500488,0.02771
22,878,-0.00695801,0.0222168
22,879,-0.0206299,-0.00671387
22,880,-0.00231934,-0.026123
22,881,0.0153809,0.0291748
22,882,0.00817871,0.0117188
22,883,0.0216064,0.0216064
22,884,0.020752,0.0216064
22,885,0.0197754,0.020874
22,886,0.020874,0.0236816
22,887,0.0189209,0.026123
22,888,0.0141602,0.0229492
22,889,0.0113525,0.00769043
22,890,0.00891113,-0.00231934
22,891,0.00744629,-0.0146484
22,892,0.00683594,-0.0170898
22,893,0.00695801,-0.019165
22,894,0.00549316,-0.0170898
22,895,0.00439453,-0.0233154
22,896,-0.00158691,-0.027832
22,897,0.0319824,0.00952148
22,898,0.0269775,0.0137939
22,899,0.0150146,0.0195312
22,900,-0.0181885,0.0119629
22,901,-0.0231934,-0.0151367
22,902,0.0338135,0.00354004
22,903,0.0155029,0.000244141
22,904,0.0327148,-0.00366211
22,905,0.0318604,-0.00244141
22,906,0.0305176,-0.00195312
22,907,0.0333252,-0.000732422
22,908,0.0338135,0.00256348
22,909,0.0285645,0.00292969
22,910,0.010498,-0.00708008
22,911,-0.000488281,-0.0109863
22,912,-0.0113525,-0.0166016
22,913,-0.0129395,-0.0164795
22,914,-0.0144043,-0.017334
22,915,-0.0125732,-0.0140381
22,916,-0.0172119,-0.0145264
22,917,-0.0234375,-0.0119629
22,918,0.0281982,0.00500488
22,919,0.0197754,0.0133057
22,920,-0.0111084,0.0158691
22,921,-0.0239258,-0.0065918
22,922,0.0308838,-0.00598145
22,923,0.0136719,-0.00366211
22,924,0.0274658,-0.0113525
22,925,0.0269775,-0.0100098
22,926,0.026001,-0.00927734
22,927,0.0285645,-0.00891113
22,928,0.0296631,-0.00634766
22,929,0.0251465,-0.00500488
22,930,0.00610352,-0.00964355
22,931,-0.00439453,-0.0102539
22,932,-0.0147705,-0.0119629
22,933,-0.0159912,-0.0112305
22,934,-0.0174561,-0.0114746
22,935,-0.0148926,-0.00878906
22,936,-0.019043,-0.00744629
22,937,-0.0236816,-0.00317383
22,938,0.020874,0.00891113
22,939,-0.00610352,0.0168457
22,940,-0.0220947,-0.0012207
22,941,0.0262451,-0.010376
22,942,0.0113525,-0.00549316
22,943,0.0220947,-0.0144043
22,944,0.0218506,-0.0133057
22,945,0.0211182,-0.0123291
22,946,0.0234375,-0.0124512
22,947,0.0247803,-0.0106201
22,948,0.020874,-0.00878906
22,949,0.00256348,-0.0098877
22,950,-0.00622559,-0.00854492
22,951,-0.0152588,-0.00805664
22,952,-0.0161133,-0.00708008
22,953,-0.017334,-0.00695801
22,954,-0.0145264,-0.00512695
22,955,-0.0180664,-0.0032959
22,956,-0.0213623,0.00134277
22,957,0.00415039,0.0159912
22,958,-0.0157471,0.00817871
22,959,0.0153809,-0.0164795
22,960,0.00598145,-0.00769043
22,961,0.0100098,-0.0175781
22,962,0.0102539,-0.0167236
22,963,0.0101318,-0.0157471
22,964,0.0115967,-0.0167236
22,965,0.0131836,-0.0162354
22,966,0.010498,-0.0140381
22,967,-0.00378418,-0.00866699
22,968,-0.00866699,-0.00427246
22,969,-0.013916,-0.000244141
22,970,-0.013916,0.000732422
22,971,-0.0146484,0.00134277
22,972,-0.0118408,0.00170898
22,973,-0.0135498,0.00439453
22,974,-0.0144043,0.00915527
22,975,0.0126953,0.0179443
22,976,-0.017334,-0.0090332
22,977,-0.0090332,-0.00317383
22,978,-0.020874,-0.00427246
22,979,-0.0201416,-0.00500488
22,980,-0.019043,-0.00512695
22,981,-0.0203857,-0.0065918
22,982,-0.0202637,-0.00939941
22,983,-0.019043,-0.00842285
22,984,-0.0129395,0.00402832
22,985,-0.0045166,0.00866699
22,986,0.00341797,0.0140381
22,987,0.00488281,0.0137939
22,988,0.00610352,0.0145264
22,989,0.00610352,0.0115967
22,990,0.00866699,0.0124512
22,991,0.0123291,0.0134277
22,992,-0.0223389,0.0164795
22,993,-0.010376,0.00866699
22,994,-0.020752,0.020752
22,995,-0.0209961,0.0192871
22,996,-0.0202637,0.0179443
22,997,-0.0228271,0.0183105
22,998,-0.0249023,0.0158691
22,999,-0.0222168,0.0135498
22,1000,-0.00366211,0.0128174
22,1001,0.00732422,0.00878906
22,1002,0.0184326,0.0057373
22,1003,0.019165,0.00439453
22,1004,0.020874,0.00390625
22,1005,0.0175781,0.00231934
22,1006,0.0202637,-0.00012207
22,1007,0.0220947,-0.00366211
22,1008,0.0178223,-0.000244141
22,1009,0.0350342,-0.00415039
22,1010,0.0334473,-0.00268555
22,1011,0.0314941,-0.00231934
22,1012,0.0335693,-0.00134277
22,1013,0.0336914,0.00170898
22,1014,0.0303955,0.00256348
22,1015,0.0137939,-0.0125732
22,1016,0.000366211,-0.0181885
22,1017,-0.0126953,-0.0228271
22,1018,-0.0151367,-0.020752
22,1019,-0.0172119,-0.0212402
22,1020,-0.015625,-0.0159912
22,1021,-0.0218506,-0.0125732
22,1022,-0.0272217,-0.0065918
22,1023,0.0167236,-0.00146484
22,1024,0.0159912,-0.000732422
22,1025,0.0151367,-0.000488281
22,1026,0.0161133,0.00012207
22,1027,0.0159912,0.00170898
22,1028,0.0141602,0.00183105
22,1029,0.00585938,-0.00537109
22,1030,-0.000488281,-0.00793457
22,1031,-0.00634766,-0.010376
22,1032,-0.00720215,-0.00964355
22,1033,-0.00805664,-0.0098877
22,1034,-0.00708008,-0.00744629
22,1035,-0.00939941,-0.00610352
22,1036,-0.0113525,-0.00378418
22,1037,0.0343018,0.00146484
22,1038,0.0324707,0.00183105
22,1039,0.03479,0.00354004
22,1040,0.0340576,0.00708008
22,1041,0.0292969,0.00708008
22,1042,0.012085,-0.00769043
22,1043,-0.000244141,-0.0141602
22,1044,-0.0113525,-0.0211182
22,1045,-0.0129395,-0.0202637
22,1046,-0.0145264,-0.0211182
22,1047,-0.0126953,-0.0167236
22,1048,-0.0166016,-0.0157471
22,1049,-0.0206299,-0.0125732
22,1050,0.0317383,0.000488281
22,1051,0.0340576,0.0020752
22,1052,0.0335693,0.00549316
22,1053,0.0285645,0.00561523
22,1054,0.0109863,-0.00720215
22,1055,-0.000976562,-0.0128174
22,1056,-0.0117188,-0.0194092
22,1057,-0.0130615,-0.0186768
22,1058,-0.0146484,-0.0196533
22,1059,-0.0125732,-0.015625
22,1060,-0.0159912,-0.0148926
22,1061,-0.0197754,-0.0119629
22,1062,0.0325928,0.00146484
22,1063,0.0321045,0.00488281
22,1064,0.0272217,0.00512695
22,1065,0.0101318,-0.00646973
22,1066,-0.00109863,-0.0115967
22,1067,-0.0113525,-0.0178223
22,1068,-0.0125732,-0.017334
22,1069,-0.013916,-0.0181885
22,1070,-0.0119629,-0.0146484
22,1071,-0.0151367,-0.0142822
22,1072,-0.0186768,-0.0115967
22,1073,0.0352783,0.00354004
22,1074,0.0297852,0.00427246
22,1075,0.0107422,-0.00671387
22,1076,-0.00146484,-0.0117188
22,1077,-0.0126953,-0.0181885
22,1078,-0.0140381,-0.0178223
22,1079,-0.015625,-0.0187988
22,1080,-0.0134277,-0.0152588
22,1081,-0.0168457,-0.0151367
22,1082,-0.020752,-0.0123291
22,1083,0.0308838,0.00109863
22,1084,0.0113525,-0.00793457
22,1085,-0.00170898,-0.0114746
22,1086,-0.0141602,-0.0167236
22,1087,-0.0157471,-0.0163574
22,1088,-0.0174561,-0.0170898
22,1089,-0.0151367,-0.0137939
22,1090,-0.019043,-0.0134277
22,1091,-0.0234375,-0.0102539
22,1092,0.0130615,-0.00952148
22,1093,0.00012207,-0.0124512
22,1094,-0.0126953,-0.0159912
22,1095,-0.0148926,-0.0150146
22,1096,-0.0168457,-0.0153809
22,1097,-0.0151367,-0.0118408
22,1098,-0.0198975,-0.0100098
22,1099,-0.024292,-0.00646973
22,1100,0.0148926,-0.00683594
22,1101,0.00610352,-0.0131836
22,1102,0.00158691,-0.0134277
22,1103,-0.000366211,-0.0144043
22,1104,-0.00341797,-0.012085
22,1105,-0.0113525,-0.0129395
22,1106,-0.0174561,-0.012207
22,1107,0.0144043,-0.00634766
22,1108,0.0107422,-0.0078125
22,1109,0.00976562,-0.0090332
22,1110,0.00549316,-0.00854492
22,1111,-0.000610352,-0.0118408
22,1112,-0.00561523,-0.0134277
22,1113,0.0189209,-0.00244141
22,1114,0.0194092,-0.00366211
22,1115,0.0147705,-0.00463867
22,1116,0.0124512,-0.00952148
22,1117,0.00952148,-0.0133057
22,1118,0.0195312,-0.0012207
22,1119,0.015625,-0.00256348
22,1120,0.015625,-0.00744629
22,1121,0.0141602,-0.0117188
22,1122,0.0170898,-0.00158691
22,1123,0.0180664,-0.00671387
22,1124,0.0172119,-0.0113525
22,1125,0.0172119,-0.00427246
22,1126,0.0175781,-0.00830078
22,1127,0.0280762,-0.00500488
23,0,0.036499,0.0125732
23,1,-0.00378418,0.0202637
23,2,-0.0158691,0.0198975
23,3,0.0213623,-0.0206299
23,4,0.0136719,-0.00964355
23,5,-0.0297852,0.0141602
23,6,-0.0324707,0.00817871
23,7,-0.0311279,0.00109863
23,8,-0.00830078,0.00598145
23,9,0.015625,0.0170898
23,10,0.0252686,0.022583
23,11,0.0255127,0.0224609
23,12,0.0339355,0.0288086
23,13,0.0313721,0.0239258
23,14,0.0288086,0.0118408
23,15,0.00476074,-0.0222168
23,16,-0.0325928,-0.0170898
23,17,-0.0615234,-0.00463867
23,18,-0.0524902,0
23,19,-0.0600586,0.00268555
23,20,-0.0469971,0.0057373
23,21,-0.0357666,0.0167236
23,22,-0.0106201,0.0212402
23,23,-0.0212402,-0.00109863
23,24,-0.00305176,-0.0235596
23,25,0.0322266,-0.0239258
23,26,0.0441895,-0.0185547
23,27,0.0472412,-0.0137939
23,28,0.0477295,-0.00305176
23,29,0.024292,0.0197754
23,30,-0.0194092,0.019043
23,31,0.050415,-0.034668
23,32,0.0194092,-0.015625
23,33,0.0270996,-0.0292969
23,34,0.0238037,-0.0246582
23,35,0.020874,-0.0213623
23,36,0.0192871,-0.0189209
23,37,0.0124512,-0.0114746
23,38,0.00610352,-0.010376
23,39,-0.0280762,-0.00952148
23,40,-0.0441895,-0.00500488
23,41,-0.0515137,-0.00158691
23,42,-0.0441895,0.000610352
23,43,-0.0432129,0.00280762
23,44,-0.0290527,0.0045166
23,45,-0.0128174,0.0161133
23,46,0.00769043,0.0251465
23,47,0.00646973,0.0108643
23,48,0.000488281,0.0129395
23,49,0.00195312,-0.0145264
23,50,0.00280762,-0.00756836
23,51,-0.00927734,0.0126953
23,52,-0.0137939,0.010376
23,53,-0.0144043,0.00793457
23,54,-0.000244141,0.00695801
23,55,0.0140381,0.00695801
23,56,0.0195312,0.00695801
23,57,0.019165,0.00646973
23,58,0.0239258,0.00708008
23,59,0.0194092,0.00390625
23,60,0.0145264,-0.0020752
23,61,-0.00378418,-0.0112305
23,62,-0.0217285,-0.00341797
23,63,-0.0336914,0.00646973
23,64,-0.0274658,0.00732422
23,65,-0.0307617,0.00976562
23,66,-0.0229492,0.00964355
23,67,-0.0140381,0.0145264
23,68,0.000854492,0.0148926
23,69,-0.0100098,0.00695801
23,70,-0.00842285,-0.00927734
23,71,0.00830078,-0.0180664
23,72,0.0157471,-0.0181885
23,73,0.0185547,-0.0164795
23,74,0.0220947,-0.0113525
23,75,0.0179443,0.00512695
23,76,-0.00366211,0.0142822
23,77,0.0169678,-0.0240479
23,78,0.00561523,-0.010376
23,79,0.00415039,-0.0181885
23,80,0.00292969,-0.0155029
23,81,0.00195312,-0.0136719
23,82,0.000854492,-0.0124512
23,83,-0.00146484,-0.00817871
23,84,-0.00292969,-0.00708008
23,85,-0.017334,-0.000244141
23,86,-0.0227051,0.00537109
23,87,-0.0229492,0.00939941
23,88,-0.0183105,0.00976562
23,89,-0.0169678,0.0109863
23,90,-0.0100098,0.00952148
23,91,0.000854492,0.0144043
23,92,0.0123291,0.0170898
23,93,0.0162354,0.00378418
23,94,-0.017334,-0.00561523
23,95,-0.00842285,-0.00402832
23,96,0.0128174,0.00866699
23,97,0.00769043,0.0106201
23,98,0.00524902,0.0130615
23,99,0.00830078,0.0065918
23,100,0.0098877,-0.00427246
23,101,0.0101318,-0.00952148
23,102,0.00915527,-0.010376
23,103,0.0090332,-0.0153809
23,104,0.00354004,-0.0158691
23,105,-0.00244141,-0.0144043
23,106,-0.0108643,0.00183105
23,107,-0.00793457,0.00952148
23,108,-0.00256348,0.0137939
23,109,-0.00012207,0.0109863
23,110,0.00109863,0.0125732
23,111,0.00280762,0.00976562
23,112,0.00805664,0.00830078
23,113,0.0112305,0.00561523
23,114,0.00366211,0.0130615
23,115,-0.0109863,0.00585938
23,116,-0.0155029,-0.00866699
23,117,-0.013916,-0.0136719
23,118,-0.0117188,-0.0153809
23,119,-0.00598145,-0.0164795
23,120,0.00927734,-0.00964355
23,121,0.0130615,0.00634766
23,122,-0.0169678,-0.00744629
23,123,-0.00854492,-0.00268555
23,124,-0.0185547,-0.00305176
23,125,-0.0175781,-0.00280762
23,126,-0.0164795,-0.00280762
23,127,-0.0169678,-0.00305176
23,128,-0.0142822,-0.00292969
23,129,-0.0108643,-0.00231934
23,130,-0.00341797,0.00805664
23,131,0.00280762,0.0135498
23,132,0.0100098,0.0177002
23,133,0.0112305,0.0163574
23,134,0.0126953,0.0164795
23,135,0.0111084,0.0125732
23,136,0.0147705,0.010498
23,137,0.0152588,0.00756836
23,138,-0.0213623,-0.00158691
23,139,-0.0111084,-0.00219727
23,140,0.0186768,0.00598145
23,141,0.0140381,0.00915527
23,142,0.0115967,0.0129395
23,143,0.0107422,0.00537109
23,144,0.00756836,-0.00756836
23,145,0.0057373,-0.013916
23,146,0.00463867,-0.0147705
23,147,0.00268555,-0.020752
23,148,-0.00231934,-0.0201416
23,149,-0.0078125,-0.0162354
23,150,-0.0117188,0.00598145
23,151,-0.00280762,0.0126953
23,152,0.00720215,0.0145264
23,153,0.00817871,0.0108643
23,154,0.0106201,0.0118408
23,155,0.0102539,0.00842285
23,156,0.013916,0.00488281
23,157,0.0133057,0.00134277
23,158,0.00805664,0.0128174
23,159,-0.010376,0.0098877
23,160,-0.0213623,-0.00427246
23,161,-0.0217285,-0.0101318
23,162,-0.0201416,-0.0126953
23,163,-0.0144043,-0.0157471
23,164,0.00549316,-0.0131836
23,165,0.0170898,0.00280762
23,166,-0.0252686,-0.000976562
23,167,-0.0118408,0.000244141
23,168,-0.0234375,0.00244141
23,169,-0.0219727,0.00170898
23,170,-0.0202637,0.0012207
23,171,-0.0206299,0.000488281
23,172,-0.0167236,-0.000854492
23,173,-0.012207,-0.000366211
23,174,0.0012207,0.00964355
23,175,0.0106201,0.0142822
23,176,0.0196533,0.0178223
23,177,0.0196533,0.0162354
23,178,0.020874,0.0159912
23,179,0.0168457,0.0118408
23,180,0.0177002,0.00793457
23,181,0.0148926,0.0032959
23,182,0.0124512,0.00146484
23,183,-0.0218506,-0.00524902
23,184,-0.0174561,-0.00927734
23,185,-0.0148926,-0.0135498
23,186,-0.012207,-0.00524902
23,187,-0.00695801,0.00915527
23,188,-0.00427246,0.0161133
23,189,-0.00305176,0.0169678
23,190,-0.000366211,0.0235596
23,191,0.00476074,0.022583
23,192,0.0102539,0.0175781
23,193,0.0124512,-0.00805664
23,194,0.000732422,-0.0145264
23,195,-0.0114746,-0.0155029
23,196,-0.012085,-0.0112305
23,197,-0.0150146,-0.012085
23,198,-0.0137939,-0.00830078
23,199,-0.0169678,-0.00378418
23,200,-0.0148926,0.00012207
23,201,-0.0102539,-0.0135498
23,202,0.0102539,-0.012207
23,203,0.024292,0.00256348
23,204,0.0256348,0.00891113
23,205,0.0241699,0.0119629
23,206,0.0181885,0.0159912
23,207,-0.00439453,0.0150146
23,208,-0.0195312,-0.00146484
23,209,0.0296631,-0.00170898
23,210,0.0135498,-0.00146484
23,211,0.026123,-0.00500488
23,212,0.024292,-0.00390625
23,213,0.0223389,-0.00317383
23,214,0.022583,-0.00219727
23,215,0.0180664,-0.000244141
23,216,0.0129395,-0.000488281
23,217,-0.00317383,-0.0106201
23,218,-0.0144043,-0.0151367
23,219,-0.0244141,-0.0186768
23,220,-0.0239258,-0.0168457
23,221,-0.0251465,-0.0164795
23,222,-0.0198975,-0.012085
23,223,-0.0196533,-0.00720215
23,224,-0.0155029,-0.00183105
23,225,-0.0123291,-0.00146484
23,226,-0.0106201,-0.00390625
23,227,-0.00939941,-0.00622559
23,228,-0.00683594,-0.00183105
23,229,-0.00256348,0.00549316
23,230,-0.000610352,0.00915527
23,231,0.00012207,0.00952148
23,232,0.00195312,0.0129395
23,233,0.00427246,0.0118408
23,234,0.00671387,0.00878906
23,235,0.00610352,-0.00524902
23,236,-0.00109863,-0.00793457
23,237,-0.00817871,-0.00756836
23,238,-0.00805664,-0.00524902
23,239,-0.0098877,-0.00549316
23,240,-0.00866699,-0.00341797
23,241,-0.00976562,-0.000610352
23,242,-0.0078125,0.00170898
23,243,-0.0065918,-0.00610352
23,244,0.00439453,-0.00708008
23,245,0.0131836,-0.000366211
23,246,0.0144043,0.00292969
23,247,0.013916,0.00463867
23,248,0.0109863,0.00720215
23,249,-0.0012207,0.00842285
23,250,-0.0108643,0.000732422
23,251,0.0163574,-0.00305176
23,252,0.00732422,-0.00183105
23,253,0.0137939,-0.00439453
23,254,0.0126953,-0.00354004
23,255,0.0115967,-0.00305176
23,256,0.0117188,-0.00244141
23,257,0.00915527,-0.00109863
23,258,0.00646973,-0.00109863
23,259,-0.00280762,-0.00561523
23,260,-0.00927734,-0.00732422
23,261,-0.0147705,-0.00878906
23,262,-0.0141602,-0.0078125
23,263,-0.0147705,-0.00756836
23,264,-0.0114746,-0.00537109
23,265,-0.0106201,-0.00244141
23,266,-0.00769043,0.000610352
23,267,0.0222168,0.00500488
23,268,0.0201416,0.00854492
23,269,0.0123291,0.000488281
23,270,0.00146484,-0.012207
23,271,-0.0032959,-0.0184326
23,272,-0.0045166,-0.0186768
23,273,-0.00878906,-0.0245361
23,274,-0.0113525,-0.0214844
23,275,-0.0142822,-0.0144043
23,276,-0.00964355,0.0115967
23,277,0.00537109,0.0151367
23,278,0.019043,0.0124512
23,279,0.0177002,0.00793457
23,280,0.0211182,0.0078125
23,281,0.0178223,0.00402832
23,282,0.0180664,-0.00268555
23,283,0.0125732,-0.00720215
23,284,0.0136719,0.00769043
23,285,-0.00561523,0.0128174
23,286,-0.0239258,0.00366211
23,287,-0.0275879,-0.00195312
23,288,-0.0272217,-0.00537109
23,289,-0.0228271,-0.0106201
23,290,-0.000854492,-0.0161133
23,291,0.0200195,-0.0045166
23,292,-0.03125,0.00927734
23,293,-0.013916,0.00463867
23,294,-0.0247803,0.010376
23,295,-0.022583,0.00842285
23,296,-0.0203857,0.00720215
23,297,-0.0201416,0.00598145
23,298,-0.0151367,0.00292969
23,299,-0.0102539,0.00317383
23,300,0.00756836,0.0102539
23,301,0.0201416,0.0119629
23,302,0.0302734,0.0140381
23,303,0.0284424,0.0123291
23,304,0.0292969,0.0115967
23,305,0.0220947,0.00793457
23,306,0.0185547,0.00158691
23,307,0.0112305,-0.00524902
23,308,0.0216064,0.00280762
23,309,0.0100098,-0.00415039
23,310,-0.00390625,-0.0135498
23,311,-0.00976562,-0.0179443
23,312,-0.010498,-0.0177002
23,313,-0.0155029,-0.0217285
23,314,-0.0153809,-0.0174561
23,315,-0.0152588,-0.00952148
23,316,-0.00524902,0.0130615
23,317,0.010498,0.0147705
23,318,0.0229492,0.0107422
23,319,0.0200195,0.00610352
23,320,0.0231934,0.00561523
23,321,0.0184326,0.00183105
23,322,0.0159912,-0.00622559
23,323,0.00854492,-0.0118408
23,324,0.0140381,0.00109863
23,325,-0.00134277,0.0112305
23,326,-0.020752,0.0078125
23,327,-0.0258789,0.00354004
23,328,-0.0264893,0.000366211
23,329,-0.0241699,-0.00524902
23,330,-0.00585938,-0.0155029
23,331,0.0172119,-0.00939941
23,332,-0.0279541,0.0135498
23,333,-0.012085,0.00671387
23,334,-0.0198975,0.0137939
23,335,-0.0178223,0.0113525
23,336,-0.0158691,0.00976562
23,337,-0.0151367,0.00866699
23,338,-0.010376,0.00488281
23,339,-0.00622559,0.00500488
23,340,0.0111084,0.00915527
23,341,0.0228271,0.00793457
23,342,0.0314941,0.00756836
23,343,0.0289307,0.00585938
23,344,0.0292969,0.00476074
23,345,0.0213623,0.00231934
23,346,0.0157471,-0.0045166
23,347,0.00671387,-0.0117188
23,348,0.0137939,-0.00549316
23,349,-0.00170898,-0.0124512
23,350,-0.0090332,-0.0157471
23,351,-0.010498,-0.0153809
23,352,-0.0172119,-0.0181885
23,353,-0.0189209,-0.0135498
23,354,-0.019165,-0.00585938
23,355,-0.00476074,0.0142822
23,356,0.00964355,0.0117188
23,357,0.0213623,0.00415039
23,358,0.0187988,0.000366211
23,359,0.0218506,-0.0012207
23,360,0.0177002,-0.00366211
23,361,0.0162354,-0.0112305
23,362,0.0100098,-0.0147705
23,363,0.0178223,-0.000610352
23,364,0.00268555,0.0136719
23,365,-0.0180664,0.0141602
23,366,-0.0235596,0.0107422
23,367,-0.0247803,0.00756836
23,368,-0.0234375,0.0012207
23,369,-0.0065918,-0.0128174
23,370,0.0161133,-0.0112305
23,371,-0.0227051,0.0192871
23,372,-0.00976562,0.00891113
23,373,-0.015625,0.0169678
23,374,-0.0142822,0.0144043
23,375,-0.0128174,0.0125732
23,376,-0.0128174,0.0117188
23,377,-0.0100098,0.0078125
23,378,-0.00720215,0.00708008
23,379,0.00817871,0.00598145
23,380,0.0198975,0.00292969
23,381,0.0289307,0.00146484
23,382,0.0267334,0.000854492
23,383,0.0269775,-0.000244141
23,384,0.0198975,-0.00109863
23,385,0.0150146,-0.0065918
23,386,0.00817871,-0.0124512
23,387,0.0102539,-0.00671387
23,388,0.00634766,-0.0098877
23,389,0.00415039,-0.00976562
23,390,-0.00012207,-0.012085
23,391,-0.00720215,-0.00964355
23,392,-0.0124512,-0.0057373
23,393,-0.00866699,0.00817871
23,394,-0.0057373,0.0078125
23,395,-0.000976562,0.00390625
23,396,0.0012207,0.0012207
23,397,0.00244141,0.000488281
23,398,0.00390625,-0.0012207
23,399,0.00952148,-0.00476074
23,400,0.0130615,-0.00622559
23,401,0.0137939,0.00537109
23,402,-0.000488281,0.0107422
23,403,-0.0114746,0.0057373
23,404,-0.0123291,0.00195312
23,405,-0.0119629,-0.000244141
23,406,-0.00891113,-0.00390625
23,407,0.00439453,-0.00878906
23,408,0.0129395,-0.00231934
23,409,-0.0106201,0.0065918
23,410,-0.00561523,0.00305176
23,411,-0.0111084,0.00622559
23,412,-0.010498,0.00537109
23,413,-0.0098877,0.00476074
23,414,-0.0107422,0.00476074
23,415,-0.010498,0.00390625
23,416,-0.00976562,0.00378418
23,417,-0.00524902,0.0057373
23,418,0.00268555,0.00598145
23,419,0.0111084,0.00646973
23,420,0.0124512,0.00598145
23,421,0.0136719,0.0057373
23,422,0.0118408,0.00415039
23,423,0.0150146,0.00195312
23,424,0.0169678,-0.00146484
23,425,0.020874,-0.00292969
23,426,0.019165,-0.00341797
23,427,0.0200195,-0.00549316
23,428,0.0108643,-0.00598145
23,429,0.00146484,-0.00708008
23,430,-0.0115967,-0.00183105
23,431,-0.019165,0.00463867
23,432,-0.0203857,0.00952148
23,433,-0.0142822,0.0078125
23,434,-0.0147705,0.00915527
23,435,-0.00878906,0.00732422
23,436,0.00170898,0.00744629
23,437,0.012207,0.00537109
23,438,0.00292969,0.0108643
23,439,-0.00683594,0.00268555
23,440,-0.00354004,-0.00976562
23,441,0.000854492,-0.0134277
23,442,0.0032959,-0.0140381
23,443,0.00793457,-0.0133057
23,444,0.0150146,-0.00341797
23,445,0.00646973,0.010498
23,446,-0.000854492,-0.0153809
23,447,-0.00183105,-0.00683594
23,448,-0.00646973,-0.0119629
23,449,-0.00622559,-0.010498
23,450,-0.00598145,-0.00939941
23,451,-0.00683594,-0.00854492
23,452,-0.0078125,-0.00512695
23,453,-0.00915527,-0.00292969
23,454,-0.0164795,0.00708008
23,455,-0.0152588,0.0128174
23,456,-0.0109863,0.0168457
23,457,-0.00695801,0.0158691
23,458,-0.00524902,0.0163574
23,459,-0.00109863,0.0125732
23,460,0.00891113,0.0119629
23,461,0.0185547,0.00866699
23,462,0.0245361,-0.000854492
23,463,0.0281982,-0.00280762
23,464,0.0192871,-0.00476074
23,465,0.00891113,-0.00817871
23,466,-0.012207,-0.00708008
23,467,-0.0235596,0.00317383
23,468,-0.0269775,0.0124512
23,469,-0.0196533,0.0114746
23,470,-0.020874,0.0137939
23,471,-0.0134277,0.0118408
23,472,-0.00183105,0.0134277
23,473,0.0106201,0.0109863
23,474,-0.00317383,0.0130615
23,475,-0.0100098,-0.00170898
23,476,-0.00012207,-0.017334
23,477,0.0065918,-0.020874
23,478,0.0098877,-0.0206299
23,479,0.0151367,-0.0177002
23,480,0.019165,-0.000488281
23,481,0.00341797,0.0168457
23,482,0.00244141,-0.0258789
23,483,-0.000488281,-0.0115967
23,484,-0.00488281,-0.0205078
23,485,-0.0045166,-0.0180664
23,486,-0.00439453,-0.0161133
23,487,-0.00488281,-0.0150146
23,488,-0.00585938,-0.00964355
23,489,-0.00793457,-0.00634766
23,490,-0.0198975,0.00720215
23,491,-0.0218506,0.0159912
23,492,-0.0201416,0.0220947
23,493,-0.0155029,0.020752
23,494,-0.0136719,0.0216064
23,495,-0.00732422,0.0166016
23,496,0.00488281,0.0166016
23,497,0.0170898,0.0130615
23,498,0.0279541,-0.00195312
23,499,0.0201416,-0.00402832
23,500,0.0107422,-0.00769043
23,501,-0.0111084,-0.00805664
23,502,-0.0223389,0.00268555
23,503,-0.026123,0.0128174
23,504,-0.0192871,0.0119629
23,505,-0.0205078,0.0145264
23,506,-0.0134277,0.0125732
23,507,-0.00268555,0.0144043
23,508,0.00891113,0.0117188
23,509,-0.00500488,0.0123291
23,510,-0.0101318,-0.0032959
23,511,0.000976562,-0.0185547
23,512,0.00769043,-0.0216064
23,513,0.0108643,-0.0212402
23,514,0.0157471,-0.0177002
23,515,0.0183105,0.000244141
23,516,0.00195312,0.0170898
23,517,0.00317383,-0.0269775
23,518,0,-0.012085
23,519,-0.00378418,-0.0213623
23,520,-0.00341797,-0.0187988
23,521,-0.00341797,-0.0167236
23,522,-0.00366211,-0.015625
23,523,-0.0045166,-0.0102539
23,524,-0.00646973,-0.00695801
23,525,-0.0185547,0.00671387
23,526,-0.0214844,0.015625
23,527,-0.0209961,0.0216064
23,528,-0.0166016,0.0202637
23,529,-0.0151367,0.0212402
23,530,-0.00866699,0.0162354
23,531,0.00292969,0.0161133
23,532,0.0145264,0.0128174
23,533,0.0281982,-0.0032959
23,534,0.0184326,-0.0090332
23,535,-0.0114746,-0.0130615
23,536,-0.0257568,0.00195312
23,537,-0.0313721,0.0172119
23,538,-0.0236816,0.0166016
23,539,-0.0255127,0.0202637
23,540,-0.0174561,0.0179443
23,541,-0.00610352,0.020752
23,542,0.00683594,0.0167236
23,543,-0.0111084,0.013916
23,544,-0.0131836,-0.00793457
23,545,0.00415039,-0.0262451
23,546,0.0129395,-0.0291748
23,547,0.0169678,-0.0279541
23,548,0.0223389,-0.0223389
23,549,0.0219727,0.00244141
23,550,-0.000976562,0.022583
23,551,0.00561523,-0.0377197
23,552,0.00109863,-0.0167236
23,553,-0.00244141,-0.0296631
23,554,-0.00183105,-0.026123
23,555,-0.00183105,-0.0233154
23,556,-0.00170898,-0.0219727
23,557,-0.00219727,-0.0147705
23,558,-0.00476074,-0.0102539
23,559,-0.0209961,0.00732422
23,560,-0.0268555,0.019043
23,561,-0.0292969,0.0269775
23,562,-0.0244141,0.0252686
23,563,-0.0229492,0.0264893
23,564,-0.0145264,0.0202637
23,565,-0.00146484,0.0200195
23,566,0.0123291,0.0158691
23,567,0.0222168,-0.00610352
23,568,-0.00561523,-0.0150146
23,569,-0.0180664,-0.000488281
23,570,-0.0244141,0.0153809
23,571,-0.0194092,0.0157471
23,572,-0.0214844,0.0194092
23,573,-0.0157471,0.0174561
23,574,-0.00939941,0.0203857
23,575,-0.000610352,0.0159912
23,576,-0.0157471,0.00842285
23,577,-0.0113525,-0.0125732
23,578,0.0078125,-0.0256348
23,579,0.0155029,-0.0264893
23,580,0.0187988,-0.0245361
23,581,0.0220947,-0.0179443
23,582,0.0168457,0.00561523
23,583,-0.00524902,0.0203857
23,584,0.0078125,-0.0362549
23,585,0.00256348,-0.0161133
23,586,0.00170898,-0.0285645
23,587,0.00219727,-0.0252686
23,588,0.00219727,-0.0224609
23,589,0.00305176,-0.0213623
23,590,0.0032959,-0.0147705
23,591,0.00109863,-0.0106201
23,592,-0.0140381,0.00366211
23,593,-0.0219727,0.0141602
23,594,-0.0279541,0.0216064
23,595,-0.0249023,0.0202637
23,596,-0.0244141,0.0214844
23,597,-0.0172119,0.0163574
23,598,-0.00842285,0.0161133
23,599,0.00195312,0.0125732
23,600,0.00195312,-0.0152588
23,601,-0.0098877,-0.00512695
23,602,-0.0186768,0.00793457
23,603,-0.0163574,0.00952148
23,604,-0.019043,0.0124512
23,605,-0.0155029,0.0119629
23,606,-0.0142822,0.0158691
23,607,-0.00878906,0.0137939
23,608,-0.0181885,0.00109863
23,609,-0.00683594,-0.0161133
23,610,0.0128174,-0.0206299
23,611,0.0186768,-0.0185547
23,612,0.020752,-0.0157471
23,613,0.0213623,-0.00878906
23,614,0.0101318,0.00976562
23,615,-0.010376,0.0150146
23,616,0.0140381,-0.0281982
23,617,0.0057373,-0.0124512
23,618,0.00817871,-0.0227051
23,619,0.00793457,-0.0198975
23,620,0.00744629,-0.0177002
23,621,0.00830078,-0.0168457
23,622,0.00817871,-0.0119629
23,623,0.00646973,-0.00915527
23,624,-0.00671387,-0.00231934
23,625,-0.0163574,0.00476074
23,626,-0.0250244,0.0101318
23,627,-0.0238037,0.0098877
23,628,-0.0241699,0.0111084
23,629,-0.0183105,0.00866699
23,630,-0.0142822,0.0101318
23,631,-0.00769043,0.0100098
23,632,0.00952148,-0.00817871
23,633,0.000488281,-0.0131836
23,634,-0.00280762,-0.0111084
23,635,-0.00476074,-0.0125732
23,636,-0.00634766,-0.0098877
23,637,-0.0125732,-0.00817871
23,638,-0.0141602,-0.00402832
23,639,-0.00415039,-0.0135498
23,640,0.0102539,-0.00671387
23,641,0.0136719,0.00842285
23,642,0.0113525,0.0135498
23,643,0.00915527,0.0152588
23,644,0.00366211,0.0163574
23,645,-0.010376,0.00866699
23,646,-0.012085,-0.00769043
23,647,0.0183105,0.0117188
23,648,0.00830078,0.00500488
23,649,0.0152588,0.00769043
23,650,0.0131836,0.00732422
23,651,0.0118408,0.00683594
23,652,0.0113525,0.00683594
23,653,0.00915527,0.00585938
23,654,0.00878906,0.00366211
23,655,0.00817871,-0.00769043
23,656,0.00280762,-0.0147705
23,657,-0.00244141,-0.020752
23,658,-0.00390625,-0.0194092
23,659,-0.00512695,-0.0196533
23,660,-0.00512695,-0.0147705
23,661,-0.00964355,-0.0111084
23,662,-0.0129395,-0.0045166
23,663,0.03479,-0.00842285
23,664,0.0268555,-0.00830078
23,665,0.0292969,-0.010376
23,666,0.0206299,-0.00952148
23,667,0.00817871,-0.0129395
23,668,-0.00805664,-0.0119629
23,669,0.0032959,-0.0101318
23,670,0.00756836,0.0045166
23,671,-0.00512695,0.0168457
23,672,-0.0125732,0.019165
23,673,-0.0157471,0.0186768
23,674,-0.0202637,0.0152588
23,675,-0.020874,0.000244141
23,676,-0.00158691,-0.0129395
23,677,-0.0118408,0.0239258
23,678,-0.0032959,0.0102539
23,679,-0.0012207,0.0175781
23,680,-0.00109863,0.0150146
23,681,-0.000732422,0.0131836
23,682,-0.000244141,0.0118408
23,683,0.00170898,0.00744629
23,684,0.00463867,0.00561523
23,685,0.0213623,-0.00366211
23,686,0.0238037,-0.010376
23,687,0.0213623,-0.0151367
23,688,0.0161133,-0.0147705
23,689,0.0141602,-0.0159912
23,690,0.00720215,-0.0129395
23,691,-0.00561523,-0.0155029
23,692,-0.0192871,-0.0150146
23,693,0.0500488,-0.00195312
23,694,0.0567627,-0.00390625
23,695,0.0432129,-0.00524902
23,696,0.0285645,-0.0126953
23,697,0.00158691,-0.0157471
23,698,0.00964355,-0.00231934
23,699,0.00170898,0.0150146
23,700,-0.0235596,0.0195312
23,701,-0.0335693,0.0179443
23,702,-0.0366211,0.0152588
23,703,-0.0386963,0.00830078
23,704,-0.0247803,-0.00842285
23,705,0.0098877,-0.0133057
23,706,-0.0405273,0.0273438
23,707,-0.0147705,0.0117188
23,708,-0.0185547,0.020874
23,709,-0.0159912,0.0169678
23,710,-0.0136719,0.0144043
23,711,-0.012085,0.0119629
23,712,-0.00634766,0.0057373
23,713,-0.00109863,0.00512695
23,714,0.027832,0.00158691
23,715,0.0374756,-0.00170898
23,716,0.038208,-0.0032959
23,717,0.0303955,-0.00402832
23,718,0.0284424,-0.0057373
23,719,0.0167236,-0.00610352
23,720,-0.000854492,-0.0147705
23,721,-0.0203857,-0.0212402
23,722,0.0484619,-0.00146484
23,723,0.0375977,-0.00305176
23,724,0.0268555,-0.00939941
23,725,0.00463867,-0.0124512
23,726,0.00927734,0.000854492
23,727,-0.000366211,0.0140381
23,728,-0.0223389,0.0147705
23,729,-0.0302734,0.0124512
23,730,-0.0323486,0.0098877
23,731,-0.0330811,0.00390625
23,732,-0.0186768,-0.00854492
23,733,0.0106201,-0.00939941
23,734,-0.0375977,0.020752
23,735,-0.013916,0.00878906
23,736,-0.0183105,0.0158691
23,737,-0.0157471,0.0125732
23,738,-0.0135498,0.0106201
23,739,-0.012085,0.00842285
23,740,-0.00708008,0.00341797
23,741,-0.00280762,0.00341797
23,742,0.0211182,0.00256348
23,743,0.0302734,0.00134277
23,744,0.0318604,0.00134277
23,745,0.0256348,0.000488281
23,746,0.024292,-0.000854492
23,747,0.0146484,-0.0020752
23,748,0.00109863,-0.0100098
23,749,-0.0144043,-0.0166016
23,750,0.043457,-0.0020752
23,751,0.0319824,-0.00964355
23,752,0.00708008,-0.0136719
23,753,0.0111084,0.00268555
23,754,-0.00158691,0.0169678
23,755,-0.0269775,0.0161133
23,756,-0.0357666,0.0126953
23,757,-0.0379639,0.00964355
23,758,-0.0380859,0.00256348
23,759,-0.0201416,-0.0108643
23,760,0.0134277,-0.0100098
23,761,-0.0445557,0.0222168
23,762,-0.0167236,0.00952148
23,763,-0.0223389,0.017334
23,764,-0.019165,0.0137939
23,765,-0.0166016,0.0114746
23,766,-0.0150146,0.00915527
23,767,-0.0090332,0.00354004
23,768,-0.00427246,0.00354004
23,769,0.0229492,0.00390625
23,770,0.0338135,0.00305176
23,771,0.0362549,0.00354004
23,772,0.029541,0.00231934
23,773,0.0280762,0.000854492
23,774,0.0172119,-0.00109863
23,775,0.00256348,-0.010376
23,776,-0.0144043,-0.0185547
23,777,0.0272217,-0.00610352
23,778,0.00866699,-0.0098877
23,779,0.0098877,0.00463867
23,780,-0.00268555,0.0146484
23,781,-0.0231934,0.0112305
23,782,-0.0296631,0.00769043
23,783,-0.0308838,0.00500488
23,784,-0.0301514,-0.000854492
23,785,-0.013916,-0.0100098
23,786,0.0123291,-0.00634766
23,787,-0.0372314,0.0152588
23,788,-0.0141602,0.0065918
23,789,-0.0195312,0.0123291
23,790,-0.0168457,0.00964355
23,791,-0.0146484,0.00805664
23,792,-0.0133057,0.00622559
23,793,-0.00854492,0.00219727
23,794,-0.00500488,0.00231934
23,795,0.0159912,0.00427246
23,796,0.0252686,0.00476074
23,797,0.0279541,0.00598145
23,798,0.0230713,0.00476074
23,799,0.0222168,0.00354004
23,800,0.0140381,0.00134277
23,801,0.00390625,-0.0065918
23,802,-0.00805664,-0.0136719
23,803,0.0167236,-0.00598145
23,804,0.0124512,0.0107422
23,805,-0.00610352,0.0158691
23,806,-0.0245361,0.00488281
23,807,-0.0281982,-0.000976562
23,808,-0.0280762,-0.00427246
23,809,-0.0247803,-0.00976562
23,810,-0.00500488,-0.0135498
23,811,0.0155029,-0.00146484
23,812,-0.0352783,0.00488281
23,813,-0.0140381,0.00244141
23,814,-0.020874,0.00622559
23,815,-0.0178223,0.00476074
23,816,-0.0155029,0.00378418
23,817,-0.0145264,0.00292969
23,818,-0.0106201,0.000610352
23,819,-0.00878906,0.0012207
23,820,0.00585938,0.00805664
23,821,0.0155029,0.0114746
23,822,0.0206299,0.013916
23,823,0.0183105,0.0119629
23,824,0.0185547,0.0108643
23,825,0.0133057,0.00683594
23,826,0.0102539,-0.00134277
23,827,0.0057373,-0.00976562
23,828,0.012085,0.0131836
23,829,-0.00720215,0.0119629
23,830,-0.0175781,-0.00244141
23,831,-0.017334,-0.00842285
23,832,-0.0158691,-0.0112305
23,833,-0.0108643,-0.0146484
23,834,0.00610352,-0.0126953
23,835,0.013916,0.0032959
23,836,-0.0192871,-0.00646973
23,837,-0.00830078,-0.0020752
23,838,-0.0141602,-0.000366211
23,839,-0.0119629,0.00012207
23,840,-0.0107422,0.000244141
23,841,-0.010498,0.000732422
23,842,-0.00915527,0.000854492
23,843,-0.0100098,0.000854492
23,844,-0.00683594,0.00817871
23,845,0.00012207,0.0126953
23,846,0.00646973,0.0151367
23,847,0.00793457,0.0131836
23,848,0.00939941,0.0128174
23,849,0.0090332,0.00878906
23,850,0.0150146,0.00378418
23,851,0.020752,-0.0020752
23,852,0.00695801,0.0134277
23,853,-0.0111084,0.0136719
23,854,-0.0159912,0.0102539
23,855,-0.0172119,0.00732422
23,856,-0.0169678,0.00146484
23,857,-0.00537109,-0.0119629
23,858,0.0113525,-0.0106201
23,859,-0.0124512,0.0170898
23,860,-0.00537109,0.00805664
23,861,-0.00793457,0.0157471
23,862,-0.00708008,0.0140381
23,863,-0.00634766,0.0126953
23,864,-0.00671387,0.0126953
23,865,-0.00622559,0.010376
23,866,-0.00585938,0.00915527
23,867,0.0032959,0.00695801
23,868,0.0117188,0.00292969
23,869,0.0189209,-0.00109863
23,870,0.0183105,-0.00244141
23,871,0.0189209,-0.00366211
23,872,0.0148926,-0.00390625
23,873,0.0148926,-0.00854492
23,874,0.0136719,-0.0119629
23,875,0.0124512,0.0151367
23,876,0.00830078,0.0184326
23,877,0.00549316,0.0189209
23,878,-0.000366211,0.017334
23,879,-0.0107422,0.00366211
23,880,-0.00744629,-0.0118408
23,881,0.0141602,0.019043
23,882,0.00646973,0.00805664
23,883,0.0134277,0.0123291
23,884,0.0119629,0.0109863
23,885,0.0108643,0.0100098
23,886,0.010498,0.0102539
23,887,0.00793457,0.00927734
23,888,0.00634766,0.00805664
23,889,0.00561523,-0.00256348
23,890,0.00366211,-0.0109863
23,891,0.00109863,-0.0180664
23,892,0,-0.0175781
23,893,-0.000976562,-0.0183105
23,894,-0.00146484,-0.0142822
23,895,-0.00463867,-0.0135498
23,896,-0.00683594,-0.010376
23,897,0.0330811,0.00695801
23,898,0.0319824,0.0106201
23,899,0.0258789,0.0159912
23,900,0.000488281,0.0172119
23,901,-0.0206299,0.00012207
23,902,0.0379639,-0.00170898
23,903,0.0161133,-0.00158691
23,904,0.0275879,-0.00634766
23,905,0.0246582,-0.00512695
23,906,0.0223389,-0.00427246
23,907,0.0217285,-0.00317383
23,908,0.0166016,-0.000366211
23,909,0.012207,-0.000366211
23,910,-0.00622559,-0.0101318
23,911,-0.0183105,-0.0146484
23,912,-0.0275879,-0.0180664
23,913,-0.0258789,-0.0159912
23,914,-0.0269775,-0.0151367
23,915,-0.0205078,-0.0102539
23,916,-0.0185547,-0.00305176
23,917,-0.0131836,0.00488281
23,918,0.0388184,0.00427246
23,919,0.0343018,0.0117188
23,920,0.00769043,0.0195312
23,921,-0.0214844,0.00598145
23,922,0.0422363,-0.0113525
23,923,0.0174561,-0.00598145
23,924,0.0285645,-0.0141602
23,925,0.0256348,-0.0119629
23,926,0.0230713,-0.0102539
23,927,0.0223389,-0.00891113
23,928,0.0167236,-0.00463867
23,929,0.0115967,-0.00390625
23,930,-0.0128174,-0.0109863
23,931,-0.0268555,-0.0126953
23,932,-0.036499,-0.0134277
23,933,-0.0333252,-0.0109863
23,934,-0.0340576,-0.00964355
23,935,-0.0250244,-0.00561523
23,936,-0.0197754,0.00341797
23,937,-0.0106201,0.0117188
23,938,0.0362549,0.00793457
23,939,0.0112305,0.019165
23,940,-0.0200195,0.0090332
23,941,0.0411377,-0.0161133
23,942,0.0167236,-0.00793457
23,943,0.0264893,-0.017334
23,944,0.0236816,-0.0146484
23,945,0.0213623,-0.0126953
23,946,0.0206299,-0.0111084
23,947,0.0155029,-0.00622559
23,948,0.010376,-0.00537109
23,949,-0.0152588,-0.010376
23,950,-0.0291748,-0.0101318
23,951,-0.0384521,-0.00927734
23,952,-0.034668,-0.00695801
23,953,-0.0350342,-0.00537109
23,954,-0.0255127,-0.00219727
23,955,-0.0186768,0.00695801
23,956,-0.00817871,0.0147705
23,957,0.0170898,0.015625
23,958,-0.0142822,0.0129395
23,959,0.0343018,-0.022583
23,960,0.0133057,-0.0106201
23,961,0.0192871,-0.0209961
23,962,0.0170898,-0.0179443
23,963,0.0152588,-0.0157471
23,964,0.0146484,-0.0141602
23,965,0.0107422,-0.00878906
23,966,0.0065918,-0.00732422
23,967,-0.0184326,-0.00744629
23,968,-0.0301514,-0.00390625
23,969,-0.0367432,-0.000488281
23,970,-0.0322266,0.00146484
23,971,-0.0321045,0.00317383
23,972,-0.0224609,0.00439453
23,973,-0.0135498,0.0125732
23,974,-0.00183105,0.0183105
23,975,0.00756836,0.0142822
23,976,0.00256348,-0.0223389
23,977,-0.000976562,-0.00976562
23,978,-0.00708008,-0.0164795
23,979,-0.0065918,-0.0141602
23,980,-0.00622559,-0.0124512
23,981,-0.0065918,-0.0113525
23,982,-0.00561523,-0.00769043
23,983,-0.00598145,-0.00585938
23,984,-0.0169678,0.0032959
23,985,-0.0169678,0.0117188
23,986,-0.0134277,0.0192871
23,987,-0.00927734,0.0192871
23,988,-0.00769043,0.0206299
23,989,-0.0032959,0.0167236
23,990,0.00610352,0.0187988
23,991,0.0147705,0.0170898
23,992,-0.0267334,0.00170898
23,993,-0.0126953,0.00134277
23,994,-0.0240479,0.00524902
23,995,-0.0218506,0.00463867
23,996,-0.0197754,0.00427246
23,997,-0.0196533,0.00415039
23,998,-0.0146484,0.00292969
23,999,-0.0109863,0.00317383
23,1000,0.000610352,0.0106201
23,1001,0.0117188,0.0145264
23,1002,0.0218506,0.0180664
23,1003,0.0218506,0.0163574
23,1004,0.0231934,0.0158691
23,1005,0.0184326,0.0114746
23,1006,0.019043,0.00598145
23,1007,0.0158691,-0.000976562
23,1008,0.0244141,-0.000488281
23,1009,0.039917,-0.00317383
23,1010,0.03479,-0.000976562
23,1011,0.0307617,-0.00012207
23,1012,0.0286865,0.00195312
23,1013,0.0192871,0.00415039
23,1014,0.0131836,0.000610352
23,1015,-0.012085,-0.0186768
23,1016,-0.0274658,-0.0267334
23,1017,-0.0366211,-0.0330811
23,1018,-0.0328369,-0.0290527
23,1019,-0.0335693,-0.02771
23,1020,-0.0239258,-0.0187988
23,1021,-0.0174561,-0.00524902
23,1022,-0.00598145,0.0106201
23,1023,0.0183105,-0.00109863
23,1024,0.0162354,-0.00012207
23,1025,0.0144043,0.00012207
23,1026,0.0137939,0.000976562
23,1027,0.00952148,0.00170898
23,1028,0.00646973,0.000244141
23,1029,-0.00427246,-0.00854492
23,1030,-0.0112305,-0.0123291
23,1031,-0.0161133,-0.0155029
23,1032,-0.0147705,-0.0137939
23,1033,-0.0152588,-0.0133057
23,1034,-0.0112305,-0.00927734
23,1035,-0.0090332,-0.00390625
23,1036,-0.00427246,0.00268555
23,1037,0.0317383,0.00109863
23,1038,0.0288086,0.00146484
23,1039,0.0284424,0.00268555
23,1040,0.020874,0.00354004
23,1041,0.013916,0.000854492
23,1042,-0.00488281,-0.0155029
23,1043,-0.0174561,-0.0231934
23,1044,-0.02771,-0.0297852
23,1045,-0.0263672,-0.0270996
23,1046,-0.02771,-0.0266113
23,1047,-0.0209961,-0.0192871
23,1048,-0.0189209,-0.0113525
23,1049,-0.0111084,-0.0012207
23,1050,0.0270996,0.000366211
23,1051,0.0272217,0.00158691
23,1052,0.0206299,0.00256348
23,1053,0.0135498,0.000488281
23,1054,-0.00463867,-0.0134277
23,1055,-0.0162354,-0.0198975
23,1056,-0.026123,-0.0256348
23,1057,-0.0250244,-0.0235596
23,1058,-0.026123,-0.0231934
23,1059,-0.0200195,-0.0172119
23,1060,-0.0179443,-0.0109863
23,1061,-0.0102539,-0.00292969
23,1062,0.0252686,0.000976562
23,1063,0.0195312,0.00183105
23,1064,0.0129395,0.00012207
23,1065,-0.00402832,-0.0118408
23,1066,-0.0145264,-0.0174561
23,1067,-0.0238037,-0.022583
23,1068,-0.0229492,-0.020874
23,1069,-0.0241699,-0.0206299
23,1070,-0.0185547,-0.0153809
23,1071,-0.0168457,-0.0102539
23,1072,-0.00976562,-0.00341797
23,1073,0.020874,0.00109863
23,1074,0.013916,-0.00012207
23,1075,-0.0032959,-0.0106201
23,1076,-0.013916,-0.0157471
23,1077,-0.0239258,-0.0205078
23,1078,-0.0234375,-0.0192871
23,1079,-0.0245361,-0.019043
23,1080,-0.019043,-0.0145264
23,1081,-0.0177002,-0.0107422
23,1082,-0.0107422,-0.00537109
23,1083,0.0129395,-0.000366211
23,1084,0,-0.00671387
23,1085,-0.00842285,-0.00964355
23,1086,-0.017334,-0.0129395
23,1087,-0.0175781,-0.0125732
23,1088,-0.0186768,-0.0125732
23,1089,-0.0150146,-0.0101318
23,1090,-0.0151367,-0.00891113
23,1091,-0.0107422,-0.00671387
23,1092,0.00427246,-0.00512695
23,1093,-0.00158691,-0.0078125
23,1094,-0.00854492,-0.0102539
23,1095,-0.00964355,-0.0098877
23,1096,-0.0107422,-0.0100098
23,1097,-0.00939941,-0.00793457
23,1098,-0.0119629,-0.00720215
23,1099,-0.0119629,-0.00488281
23,1100,0.0253906,-0.00439453
23,1101,0.0233154,-0.00854492
23,1102,0.0179443,-0.00915527
23,1103,0.0163574,-0.010376
23,1104,0.00927734,-0.00915527
23,1105,-0.00195312,-0.0128174
23,1106,-0.0145264,-0.0124512
23,1107,0.0400391,-0.00341797
23,1108,0.0339355,-0.0045166
23,1109,0.032959,-0.00610352
23,1110,0.0219727,-0.00598145
23,1111,0.00878906,-0.012085
23,1112,-0.00769043,-0.0144043
23,1113,0.0474854,-0.00109863
23,1114,0.0477295,-0.00280762
23,1115,0.0343018,-0.00317383
23,1116,0.0220947,-0.00927734
23,1117,0.00341797,-0.0126953
23,1118,0.0446777,-0.00146484
23,1119,0.032959,-0.00195312
23,1120,0.0239258,-0.00708008
23,1121,0.00830078,-0.0101318
23,1122,0.0341797,-0.000854492
23,1123,0.0262451,-0.00610352
23,1124,0.0112305,-0.00952148
23,1125,0.022583,-0.00378418
23,1126,0.0131836,-0.00634766
23,1127,0.0266113,-0.00341797
24,0,0.00219727,0
24,1,0.00170898,0.000244141
24,2,0.00134277,0
24,3,-0.00146484,-0.00012207
24,4,-0.000488281,-0.00012207
24,5,0.000488281,0.000244141
24,6,0.000488281,0.000488281
24,7,0.000244141,-0.000732422
24,8,-0.00012207,-0.000976562
24,9,-0.000732422,-0.000854492
24,10,-0.000732422,-0.000732422
24,11,-0.000610352,-0.000488281
24,12,-0.000732422,-0.00012207
24,13,-0.000488281,0.00012207
24,14,0.000244141,0.000366211
24,15,0.000854492,0.000732422
24,16,0,0.0012207
24,17,-0.00146484,0.0012207
24,18,-0.00170898,0.0012207
24,19,-0.00170898,0.00134277
24,20,-0.00183105,0.000854492
24,21,-0.00158691,0.000488281
24,22,-0.00134277,-0.000366211
24,23,-0.000610352,-0.000854492
24,24,-0.00109863,-0.000732422
24,25,-0.000732422,-0.000488281
24,26,-0.000732422,-0.000244141
24,27,-0.000610352,-0.00012207
24,28,-0.000854492,0.000366211
24,29,-0.000854492,0.000732422
24,30,-0.000732422,0.00109863
24,31,0.0012207,-0.000854492
24,32,-0.00012207,-0.000610352
24,33,-0.000854492,-0.000976562
24,34,-0.00109863,-0.000732422
24,35,-0.000976562,-0.000366211
24,36,-0.00134277,-0.000488281
24,37,-0.00170898,0
24,38,-0.000488281,0.000488281
24,39,-0.000610352,0.000488281
24,40,-0.000732422,-0.000244141
24,41,0.000976562,-0.000610352
24,42,0.000976562,-0.000366211
24,43,0.000976562,-0.00012207
24,44,0.000854492,-0.00012207
24,45,0.00012207,0.000732422
24,46,-0.0012207,0.000488281
24,47,0.00244141,0.000244141
24,48,0.0020752,0
24,49,-0.00195312,-0.000244141
24,50,-0.000854492,-0.00012207
24,51,0.000610352,0.000366211
24,52,0.000244141,0.000854492
24,53,0.000244141,-0.000488281
24,54,0,-0.000976562
24,55,-0.000488281,-0.000854492
24,56,-0.000488281,-0.000732422
24,57,-0.000488281,-0.000488281
24,58,-0.000610352,-0.000244141
24,59,-0.000610352,0
24,60,0,0.000366211
24,61,0.000488281,0.0012207
24,62,-0.000244141,0.00183105
24,63,-0.00158691,0.00195312
24,64,-0.00158691,0.00158691
24,65,-0.00195312,0.00170898
24,66,-0.00195312,0.00109863
24,67,-0.00158691,0.000610352
24,68,-0.0012207,-0.000244141
24,69,-0.000244141,-0.000854492
24,70,-0.00109863,-0.000732422
24,71,-0.00109863,-0.000854492
24,72,-0.0012207,-0.000854492
24,73,-0.000976562,-0.000732422
24,74,-0.0012207,-0.000244141
24,75,-0.0012207,0.00012207
24,76,-0.000976562,0.000976562
24,77,0.00109863,-0.0012207
24,78,-0.00012207,-0.000732422
24,79,-0.000732422,-0.000854492
24,80,-0.000976562,-0.000854492
24,81,-0.0012207,-0.000488281
24,82,-0.00146484,-0.000488281
24,83,-0.00170898,0
24,84,-0.000488281,0.000610352
24,85,-0.000732422,0.000854492
24,86,-0.000854492,-0.00012207
24,87,0.000732422,-0.000244141
24,88,0.000976562,0
24,89,0.000976562,0.00012207
24,90,0.000732422,0.00012207
24,91,0,0.000976562
24,92,-0.00134277,0.000610352
24,93,0.00231934,-0.00012207
24,94,-0.00231934,-0.00012207
24,95,-0.000976562,0
24,96,0.000732422,0.000366211
24,97,0.000366211,0.00109863
24,98,0.000366211,-0.00012207
24,99,-0.00012207,-0.000854492
24,100,-0.000366211,-0.000732422
24,101,-0.000366211,-0.000610352
24,102,-0.000488281,-0.000244141
24,103,-0.000732422,-0.000366211
24,104,-0.000732422,0
24,105,-0.000244141,0.000488281
24,106,0.000366211,0.0012207
24,107,-0.00012207,0.00195312
24,108,-0.0012207,0.00231934
24,109,-0.0012207,0.00183105
24,110,-0.00170898,0.00195312
24,111,-0.00170898,0.00134277
24,112,-0.00146484,0.000610352
24,113,-0.000976562,0
24,114,-0.00012207,-0.000854492
24,115,-0.00109863,-0.000610352
24,116,-0.00146484,-0.000976562
24,117,-0.00158691,-0.000976562
24,118,-0.00146484,-0.000854492
24,119,-0.00146484,-0.000488281
24,120,-0.00134277,-0.00012207
24,121,-0.000976562,0.000854492
24,122,0.000488281,-0.00183105
24,123,0,-0.000732422
24,124,-0.000488281,-0.000488281
24,125,-0.000854492,-0.000732422
24,126,-0.000976562,-0.000244141
24,127,-0.00134277,-0.00012207
24,128,-0.00170898,0.000488281
24,129,-0.000488281,0.000732422
24,130,-0.000610352,0.000976562
24,131,-0.000732422,-0.000244141
24,132,0.000732422,-0.000488281
24,133,0.000976562,-0.00012207
24,134,0.000854492,-0.000244141
24,135,0.000610352,-0.00012207
24,136,0.00012207,0.000854492
24,137,-0.00134277,0.000854492
24,138,-0.00195312,-0.00012207
24,139,-0.000854492,0
24,140,0.000732422,0.000244141
24,141,0.000366211,0.000976562
24,142,0.000488281,-0.00012207
24,143,0,-0.000854492
24,144,-0.00012207,-0.000854492
24,145,-0.000244141,-0.000732422
24,146,-0.000366211,-0.000488281
24,147,-0.000488281,-0.000488281
24,148,-0.000610352,0
24,149,-0.00012207,0.000366211
24,150,0.00012207,0.0012207
24,151,-0.000244141,0.00170898
24,152,-0.00109863,0.00183105
24,153,-0.00109863,0.00146484
24,154,-0.00134277,0.00146484
24,155,-0.00158691,0.000976562
24,156,-0.0012207,0.000488281
24,157,-0.000732422,-0.00012207
24,158,0,-0.000854492
24,159,-0.000854492,-0.000610352
24,160,-0.0012207,-0.000854492
24,161,-0.00146484,-0.000732422
24,162,-0.0012207,-0.000610352
24,163,-0.00134277,-0.000488281
24,164,-0.0012207,-0.00012207
24,165,-0.000854492,0.000610352
24,166,0.000366211,-0.0012207
24,167,-0.00012207,-0.000488281
24,168,-0.000488281,-0.000488281
24,169,-0.000854492,-0.000732422
24,170,-0.000976562,-0.000366211
24,171,-0.0012207,-0.000244141
24,172,-0.00134277,0.000244141
24,173,-0.000488281,0.000732422
24,174,-0.000488281,0.000854492
24,175,-0.000488281,-0.00012207
24,176,0.000732422,-0.00012207
24,177,0.000976562,0.00012207
24,178,0.000854492,0
24,179,0.000610352,0.00012207
24,180,0.00012207,0.000854492
24,181,-0.00109863,0.000366211
24,182,0.000732422,-0.00012207
24,183,-0.000732422,-0.000610352
24,184,-0.000366211,-0.00109863
24,185,-0.000366211,-0.00012207
24,186,0,0.000610352
24,187,0,0.000488281
24,188,0,0.000366211
24,189,0,0.00012207
24,190,0.000244141,0.00012207
24,191,0.000366211,-0.000244141
24,192,-0.00012207,-0.000610352
24,193,-0.000244141,-0.00109863
24,194,0,-0.00158691
24,195,0.000732422,-0.00183105
24,196,0.000854492,-0.00146484
24,197,0.0012207,-0.00158691
24,198,0.00134277,-0.00109863
24,199,0.000976562,-0.000610352
24,200,0.000488281,-0.00012207
24,201,-0.00012207,0.000732422
24,202,0.000732422,0.000488281
24,203,0.00109863,0.000732422
24,204,0.00134277,0.000610352
24,205,0.0012207,0.000610352
24,206,0.0012207,0.000244141
24,207,0.0012207,-0.00012207
24,208,0.000854492,-0.000854492
24,209,-0.000366211,0.00134277
24,210,0,0.000488281
24,211,0.000244141,0.000488281
24,212,0.000610352,0.000854492
24,213,0.000610352,0.000244141
24,214,0.000854492,0.00012207
24,215,0.00109863,-0.000366211
24,216,0.000244141,-0.000610352
24,217,0.00012207,-0.000854492
24,218,0.000488281,-0.00012207
24,219,-0.000610352,-0.000244141
24,220,-0.000732422,-0.000244141
24,221,-0.000732422,-0.00012207
24,222,-0.000488281,-0.000244141
24,223,-0.00012207,-0.000976562
24,224,0.000610352,-0.000732422
24,225,-0.000366211,-0.000244141
24,226,-0.00012207,-0.000610352
24,227,-0.000244141,-0.000244141
24,228,-0.00012207,0.00012207
24,229,-0.00012207,0.00012207
24,230,0,0.00012207
24,231,0,0
24,232,0.00012207,0
24,233,0.00012207,-0.00012207
24,234,0,-0.000244141
24,235,-0.00012207,-0.000610352
24,236,0,-0.000854492
24,237,0.000366211,-0.000854492
24,238,0.000244141,-0.000610352
24,239,0.000488281,-0.000610352
24,240,0.000488281,-0.000488281
24,241,0.000244141,-0.000244141
24,242,0.00012207,0
24,243,-0.00012207,0.000244141
24,244,0.000244141,0.00012207
24,245,0.000366211,0.000244141
24,246,0.000488281,0.000244141
24,247,0.000488281,0.000244141
24,248,0.000488281,0.00012207
24,249,0.000366211,0
24,250,0.000244141,-0.000366211
24,251,-0.00012207,0.000488281
24,252,-0.00012207,0.00012207
24,253,0,0.00012207
24,254,0.00012207,0.000244141
24,255,0.000244141,0
24,256,0.000366211,0
24,257,0.000366211,-0.000244141
24,258,0.00012207,-0.000366211
24,259,0,-0.000488281
24,260,0,-0.00012207
24,261,-0.000244141,-0.00012207
24,262,-0.000366211,-0.000244141
24,263,-0.000366211,-0.00012207
24,264,-0.000244141,-0.00012207
24,265,0,-0.000366211
24,266,0.000366211,-0.000244141
24,267,0.000732422,0.000244141
24,268,0.000244141,-0.00012207
24,269,-0.000244141,-0.000488281
24,270,-0.000244141,-0.000366211
24,271,-0.000244141,-0.000366211
24,272,-0.000244141,-0.000244141
24,273,-0.000244141,0
24,274,-0.00012207,0.00012207
24,275,0.000366211,0.000244141
24,276,0.000244141,0.000366211
24,277,0.000244141,0.000610352
24,278,0,0.000732422
24,279,-0.00012207,0.000488281
24,280,-0.00012207,0.000732422
24,281,-0.000366211,0.000610352
24,282,-0.000366211,0.00012207
24,283,-0.000244141,-0.00012207
24,284,-0.000244141,-0.000488281
24,285,-0.000488281,-0.00012207
24,286,-0.000610352,0
24,287,-0.000732422,0.000244141
24,288,-0.000732422,0.000366211
24,289,-0.000610352,0.000366211
24,290,-0.000488281,0.000488281
24,291,0,0.000488281
24,292,-0.000366211,-0.000366211
24,293,-0.000366211,-0.000244141
24,294,-0.000366211,-0.000244141
24,295,-0.000610352,-0.00012207
24,296,-0.000488281,0.00012207
24,297,-0.000610352,0
24,298,-0.000488281,0.000244141
24,299,-0.00012207,0.000366211
24,300,0.000366211,0.000488281
24,301,0.00012207,0.000244141
24,302,0.000366211,-0.00012207
24,303,0.000366211,-0.00012207
24,304,0.000366211,-0.00012207
24,305,0.00012207,-0.00012207
24,306,0.00012207,0.000244141
24,307,-0.000244141,0.00012207
24,308,0.000488281,-0.000488281
24,309,-0.000244141,-0.000610352
24,310,-0.000610352,-0.000610352
24,311,-0.000732422,-0.000610352
24,312,-0.000610352,-0.000488281
24,313,-0.000610352,0
24,314,-0.000244141,0.000244141
24,315,0.000488281,0.000366211
24,316,0.000976562,0.000244141
24,317,0.000976562,0.000366211
24,318,0.000732422,0.000610352
24,319,0.000366211,0.000366211
24,320,0.000610352,0.000732422
24,321,0.00012207,0.000732422
24,322,-0.00012207,0.00012207
24,323,-0.000244141,-0.00012207
24,324,-0.000488281,-0.000488281
24,325,-0.000488281,0.000244141
24,326,-0.000610352,0.000732422
24,327,-0.000732422,0.0012207
24,328,-0.000732422,0.00109863
24,329,-0.000732422,0.00109863
24,330,-0.000366211,0.000976562
24,331,0.000610352,0.000610352
24,332,-0.000610352,0
24,333,-0.000488281,0
24,334,-0.000610352,0
24,335,-0.000732422,0.000366211
24,336,-0.000366211,0.000610352
24,337,-0.000732422,0.000610352
24,338,-0.000366211,0.000732422
24,339,0.00012207,0.000488281
24,340,0.000610352,0.000488281
24,341,0.000244141,0.00012207
24,342,0.000488281,-0.000610352
24,343,0.000732422,-0.000610352
24,344,0.000610352,-0.000488281
24,345,0.000488281,-0.000366211
24,346,0.000488281,0
24,347,-0.00012207,0.000488281
24,348,0.000488281,-0.000366211
24,349,0.000244141,-0.000732422
24,350,0.00012207,-0.000732422
24,351,0,-0.000732422
24,352,-0.000244141,-0.000610352
24,353,-0.000366211,-0.000244141
24,354,-0.000244141,0.00012207
24,355,0,0.000732422
24,356,-0.00012207,0.000488281
24,357,-0.000244141,0.00012207
24,358,-0.000488281,-0.000244141
24,359,-0.000366211,-0.00012207
24,360,-0.000488281,-0.000244141
24,361,-0.000366211,-0.000610352
24,362,-0.00012207,-0.000610352
24,363,0.000244141,-0.000488281
24,364,0,-0.000366211
24,365,-0.000366211,0
24,366,-0.000488281,0
24,367,-0.000610352,0.00012207
24,368,-0.000610352,-0.00012207
24,369,-0.000610352,-0.000244141
24,370,-0.000244141,0
24,371,0,0.000488281
24,372,-0.00012207,0
24,373,-0.00012207,-0.000366211
24,374,-0.000366211,-0.000244141
24,375,-0.000244141,-0.00012207
24,376,-0.000366211,-0.000366211
24,377,-0.000488281,-0.000366211
24,378,-0.000244141,0.00012207
24,379,-0.00012207,-0.00012207
24,380,0.000366211,-0.000366211
24,381,0.000854492,0.00012207
24,382,0.000732422,0.000366211
24,383,0.000488281,0.000488281
24,384,0.000366211,0.000366211
24,385,-0.00012207,0.00012207
24,386,-0.000488281,-0.000488281
24,387,0.000732422,-0.000610352
24,388,0.000610352,-0.000610352
24,389,0.000488281,-0.000854492
24,390,0,-0.000610352
24,391,-0.000366211,-0.000610352
24,392,-0.000488281,-0.00012207
24,393,-0.000488281,0.000610352
24,394,-0.000732422,0.00012207
24,395,-0.000732422,-0.000488281
24,396,-0.000610352,-0.000610352
24,397,-0.000610352,-0.000732422
24,398,-0.000366211,-0.000976562
24,399,-0.00012207,-0.000976562
24,400,0.000244141,-0.000732422
24,401,0.000610352,-0.000244141
24,402,0.000366211,-0.000366211
24,403,0.00012207,-0.000488281
24,404,-0.00012207,-0.000610352
24,405,-0.00012207,-0.000610352
24,406,-0.000244141,-0.000732422
24,407,-0.000244141,-0.000854492
24,408,-0.000244141,-0.000488281
24,409,0.000366211,0.000610352
24,410,0.00012207,0
24,411,0.00012207,-0.000366211
24,412,0,-0.000366211
24,413,-0.000244141,-0.000366211
24,414,-0.000244141,-0.000732422
24,415,-0.000366211,-0.000854492
24,416,-0.000488281,-0.00012207
24,417,-0.000488281,-0.000366211
24,418,0.000366211,-0.000244141
24,419,0.000488281,0.000732422
24,420,0.000366211,0.000976562
24,421,0.000366211,0.00109863
24,422,0,0.000610352
24,423,-0.000488281,0.00012207
24,424,-0.000366211,-0.000854492
24,425,0.0012207,-0.000244141
24,426,0.00109863,-0.000366211
24,427,0.000732422,-0.000488281
24,428,0.00012207,-0.000610352
24,429,-0.000244141,-0.000244141
24,430,-0.00109863,0.00012207
24,431,-0.000732422,-0.000244141
24,432,-0.000366211,-0.000610352
24,433,-0.00012207,-0.000732422
24,434,-0.000244141,-0.000732422
24,435,-0.00012207,-0.000854492
24,436,0.00012207,-0.000732422
24,437,0.000488281,-0.000610352
24,438,0.000732422,-0.00012207
24,439,0.000366211,-0.000366211
24,440,0.00012207,-0.000610352
24,441,-0.00012207,-0.000854492
24,442,0,-0.000854492
24,443,-0.00012207,-0.00109863
24,444,-0.000244141,-0.00109863
24,445,-0.000366211,-0.000610352
24,446,-0.000244141,0.000610352
24,447,0,0
24,448,0.000244141,-0.000488281
24,449,0.000244141,-0.000732422
24,450,0,-0.000732422
24,451,0.000244141,-0.00109863
24,452,0.000244141,-0.00109863
24,453,-0.000488281,-0.000488281
24,454,0,-0.000488281
24,455,0.000610352,0.000366211
24,456,-0.00012207,0.00146484
24,457,-0.000366211,0.00158691
24,458,-0.000488281,0.00146484
24,459,-0.000610352,0.000854492
24,460,-0.000732422,0
24,461,0.000244141,-0.00134277
24,462,0.00109863,-0.000244141
24,463,0.000732422,-0.000488281
24,464,0.000244141,-0.000610352
24,465,-0.000244141,-0.000366211
24,466,-0.00109863,0
24,467,-0.000854492,-0.000366211
24,468,-0.000366211,-0.000610352
24,469,-0.00012207,-0.000610352
24,470,-0.000244141,-0.000732422
24,471,0,-0.000732422
24,472,0.000244141,-0.000610352
24,473,0.000610352,-0.000488281
24,474,0.000732422,-0.00012207
24,475,0.000366211,-0.000366211
24,476,0.00012207,-0.000610352
24,477,0,-0.000854492
24,478,0,-0.000854492
24,479,0,-0.00109863
24,480,-0.00012207,-0.000976562
24,481,-0.000366211,-0.000610352
24,482,-0.000366211,0.000610352
24,483,0,0
24,484,0.000244141,-0.000366211
24,485,0.000244141,-0.000610352
24,486,0,-0.000732422
24,487,0.000366211,-0.000976562
24,488,0.000244141,-0.000976562
24,489,-0.000366211,-0.000488281
24,490,0,-0.000366211
24,491,0.000488281,0.000610352
24,492,-0.000244141,0.00146484
24,493,-0.000610352,0.00146484
24,494,-0.000610352,0.00146484
24,495,-0.000610352,0.000854492
24,496,-0.000610352,-0.00012207
24,497,0.000488281,-0.00134277
24,498,0.000732422,-0.000244141
24,499,0.000366211,-0.000488281
24,500,0,-0.000366211
24,501,-0.000854492,0
24,502,-0.000488281,-0.000366211
24,503,0,-0.000610352
24,504,0,-0.000610352
24,505,0.00012207,-0.000488281
24,506,0.000244141,-0.000610352
24,507,0.000488281,-0.000366211
24,508,0.000610352,-0.000366211
24,509,0.000488281,0.00012207
24,510,0.000244141,-0.00012207
24,511,0.00012207,-0.000244141
24,512,-0.00012207,-0.000488281
24,513,0.00012207,-0.000488281
24,514,0.00012207,-0.000610352
24,515,0.00012207,-0.000488281
24,516,0,-0.000244141
24,517,-0.000610352,0.000488281
24,518,-0.00012207,-0.00012207
24,519,0.00012207,-0.000488281
24,520,0,-0.000610352
24,521,-0.00012207,-0.000610352
24,522,0.000366211,-0.000854492
24,523,0.000366211,-0.000854492
24,524,-0.000244141,-0.000488281
24,525,0.00012207,-0.000488281
24,526,0.000366211,0.000610352
24,527,-0.000488281,0.00146484
24,528,-0.000732422,0.00134277
24,529,-0.000854492,0.00134277
24,530,-0.000732422,0.000732422
24,531,-0.000488281,0
24,532,0.000610352,-0.000854492
24,533,0.000488281,-0.000366211
24,534,0.000244141,-0.000610352
24,535,-0.000732422,-0.000488281
24,536,-0.000366211,-0.000732422
24,537,0.00012207,-0.000610352
24,538,0.000244141,-0.000366211
24,539,0.000244141,-0.000488281
24,540,0.000366211,-0.000366211
24,541,0.000366211,-0.00012207
24,542,0.000366211,-0.00012207
24,543,0.000244141,0.000244141
24,544,0.000244141,0
24,545,0.000244141,-0.000366211
24,546,0.000366211,-0.000488281
24,547,0.000488281,-0.000488281
24,548,0.000488281,-0.000610352
24,549,0.000488281,-0.000488281
24,550,0.00012207,-0.000488281
24,551,-0.000488281,0.000366211
24,552,-0.00012207,0.00012207
24,553,0,-0.000244141
24,554,0.000244141,-0.000366211
24,555,0.00012207,-0.000488281
24,556,0.000488281,-0.000610352
24,557,0.000610352,-0.000732422
24,558,-0.00012207,-0.000488281
24,559,0.000244141,-0.000488281
24,560,0.000366211,0.000488281
24,561,-0.000610352,0.00109863
24,562,-0.000854492,0.000976562
24,563,-0.000854492,0.000854492
24,564,-0.000732422,0.000488281
24,565,-0.000366211,-0.00012207
24,566,0.000732422,-0.000732422
24,567,0.000488281,-0.000366211
24,568,-0.000366211,-0.000610352
24,569,0,-0.000732422
24,570,0.000366211,-0.000610352
24,571,0.000366211,-0.000366211
24,572,0.000488281,-0.000366211
24,573,0.000488281,-0.00012207
24,574,0.000488281,0
24,575,0.000488281,0.00012207
24,576,0,0.000244141
24,577,0.00012207,0.000244141
24,578,0.000244141,0.00012207
24,579,0.000488281,0.00012207
24,580,0.000488281,0.00012207
24,581,0.000610352,0.00012207
24,582,0.000610352,0.00012207
24,583,0.000366211,-0.000244141
24,584,-0.000610352,0.000244141
24,585,-0.00012207,0.00012207
24,586,0,0
24,587,0.00012207,0
24,588,0.00012207,-0.000244141
24,589,0.000366211,-0.000244141
24,590,0.000610352,-0.000244141
24,591,0.00012207,-0.000366211
24,592,0.000488281,-0.000244141
24,593,0.00012207,0.000610352
24,594,-0.000854492,0.000610352
24,595,-0.000976562,0.000244141
24,596,-0.000976562,0.000244141
24,597,-0.000732422,0
24,598,-0.00012207,-0.000244141
24,599,0.000854492,-0.000366211
24,600,0.000244141,-0.000366211
24,601,0.000610352,-0.000366211
24,602,0.000488281,0
24,603,0.00012207,0.00012207
24,604,0.000488281,0.000244141
24,605,0.00012207,0.000366211
24,606,0,0.000244141
24,607,0,0.00012207
24,608,-0.000366211,0
24,609,-0.000244141,0.00012207
24,610,0,0.000366211
24,611,0.00012207,0.000610352
24,612,0.000244141,0.000732422
24,613,0.000244141,0.000610352
24,614,0.000366211,0.000854492
24,615,0.000488281,0.000244141
24,616,-0.000366211,0.00012207
24,617,-0.000366211,0
24,618,-0.000366211,-0.000244141
24,619,-0.000244141,0
24,620,-0.00012207,0
24,621,0,0
24,622,0.000366211,0.00012207
24,623,0.000244141,0
24,624,0.000610352,0.00012207
24,625,-0.00012207,0.000610352
24,626,-0.000732422,0.00012207
24,627,-0.000610352,-0.00012207
24,628,-0.000610352,-0.00012207
24,629,-0.000488281,-0.00012207
24,630,0,0
24,631,0.000610352,0.00012207
24,632,0.00134277,0.000366211
24,633,0.000610352,0.000854492
24,634,0.00012207,0.000854492
24,635,0.000244141,0.00109863
24,636,-0.00012207,0.000976562
24,637,-0.000488281,0.000488281
24,638,-0.000854492,0
24,639,-0.000732422,-0.000366211
24,640,-0.000488281,0.00012207
24,641,-0.000366211,0.000610352
24,642,-0.000488281,0.000976562
24,643,-0.000488281,0.000854492
24,644,-0.000366211,0.00109863
24,645,-0.000244141,0.000976562
24,646,0.000366211,0.000732422
24,647,0,-0.000610352
24,648,-0.000366211,-0.000244141
24,649,-0.000610352,0
24,650,-0.000610352,0.000366211
24,651,-0.000244141,0.000610352
24,652,-0.000488281,0.000732422
24,653,-0.000488281,0.000976562
24,654,0.000366211,0.000366211
24,655,0.000244141,0.000244141
24,656,-0.000366211,-0.000244141
24,657,0.000366211,-0.00109863
24,658,0.000610352,-0.00109863
24,659,0.000610352,-0.000976562
24,660,0.000610352,-0.000610352
24,661,0.000488281,0.00012207
24,662,-0.000244141,0.000976562
24,663,0.00170898,0.000732422
24,664,0.00109863,0.000732422
24,665,0.00134277,0.000976562
24,666,0.000732422,0.00109863
24,667,0.000244141,0.000610352
24,668,-0.00012207,0.000366211
24,669,-0.000610352,0
24,670,-0.000244141,0.000610352
24,671,-0.000366211,0.000976562
24,672,-0.000366211,0.00134277
24,673,-0.000366211,0.0012207
24,674,-0.00012207,0.0012207
24,675,0,0.00109863
24,676,0.000854492,0.000610352
24,677,-0.000976562,-0.000366211
24,678,-0.000610352,0
24,679,-0.000488281,0.000244141
24,680,-0.000488281,0.000610352
24,681,0,0.000854492
24,682,0,0.000976562
24,683,0.000244141,0.0012207
24,684,0.000732422,0.000244141
24,685,0.000854492,0.000488281
24,686,-0.000244141,0.000488281
24,687,-0.000366211,-0.000732422
24,688,-0.00012207,-0.000976562
24,689,-0.00012207,-0.000854492
24,690,0,-0.000610352
24,691,0.000610352,-0.000244141
24,692,0.000610352,0.00109863
24,693,0.00231934,0
24,694,0.00268555,0.000244141
24,695,0.0020752,0.000732422
24,696,0.00134277,0.000854492
24,697,0.000610352,0.000976562
24,698,-0.000488281,0.000488281
24,699,0,0.00134277
24,700,-0.000366211,0.00146484
24,701,-0.000244141,0.00158691
24,702,-0.00012207,0.00134277
24,703,0.00012207,0.0012207
24,704,0.000488281,0.000976562
24,705,0.00134277,0.000244141
24,706,-0.00195312,0.00012207
24,707,-0.000610352,0.000366211
24,708,-0.000366211,0.000732422
24,709,-0.00012207,0.000976562
24,710,0.000244141,0.000854492
24,711,0.000488281,0.0012207
24,712,0.0012207,0.00109863
24,713,0.000854492,0
24,714,0.00109863,0.00012207
24,715,0,0.000488281
24,716,-0.00109863,-0.000610352
24,717,-0.000732422,-0.000976562
24,718,-0.000732422,-0.000976562
24,719,-0.000488281,-0.000610352
24,720,0.000732422,-0.000610352
24,721,0.0012207,0.000976562
24,722,0.00244141,0.00012207
24,723,0.00195312,0.000488281
24,724,0.00158691,0.000732422
24,725,0.000732422,0.00109863
24,726,-0.000366211,0.000732422
24,727,0,0.0012207
24,728,-0.000244141,0.0012207
24,729,-0.000244141,0.0012207
24,730,-0.000244141,0.000976562
24,731,0.00012207,0.000732422
24,732,0.000610352,0.000488281
24,733,0.00109863,0.00012207
24,734,-0.00183105,0
24,735,-0.000488281,0.000366211
24,736,-0.000244141,0.000854492
24,737,-0.00012207,0.000976562
24,738,0.00012207,0.000732422
24,739,0.000488281,0.000976562
24,740,0.00109863,0.000854492
24,741,0.000610352,-0.00012207
24,742,0.000732422,0.00012207
24,743,0,0.000610352
24,744,-0.000976562,-0.000488281
24,745,-0.000854492,-0.000732422
24,746,-0.000854492,-0.000854492
24,747,-0.000488281,-0.000610352
24,748,0.000610352,-0.000610352
24,749,0.0012207,0.000610352
24,750,0.00231934,0.000366211
24,751,0.00183105,0.000610352
24,752,0.000854492,0.0012207
24,753,-0.000488281,0.000976562
24,754,0,0.00158691
24,755,0,0.00158691
24,756,0.00012207,0.00158691
24,757,0.000244141,0.00134277
24,758,0.000610352,0.00109863
24,759,0.0012207,0.000854492
24,760,0.00183105,0.00012207
24,761,-0.00195312,0.000244141
24,762,-0.000610352,0.000488281
24,763,-0.000488281,0.000976562
24,764,-0.000244141,0.0012207
24,765,0.000244141,0.000976562
24,766,0.000488281,0.0012207
24,767,0.0012207,0.000976562
24,768,0.000732422,-0.00012207
24,769,0.000854492,0
24,770,0.00012207,0.000488281
24,771,-0.00109863,-0.000610352
24,772,-0.000976562,-0.000854492
24,773,-0.000854492,-0.000854492
24,774,-0.000610352,-0.000610352
24,775,0.000732422,-0.000732422
24,776,0.00134277,0.000732422
24,777,0.00170898,0.000366211
24,778,0.000854492,0.000854492
24,779,-0.000366211,0.000976562
24,780,0.000244141,0.0012207
24,781,0.000244141,0.0012207
24,782,0.000366211,0.00109863
24,783,0.000366211,0.000976562
24,784,0.000732422,0.000732422
24,785,0.00109863,0.000488281
24,786,0.00134277,-0.00012207
24,787,-0.00158691,0.000366211
24,788,-0.000366211,0.000488281
24,789,-0.00012207,0.000732422
24,790,0.00012207,0.000854492
24,791,0.000366211,0.000732422
24,792,0.000732422,0.000854492
24,793,0.0012207,0.000488281
24,794,0.000610352,-0.000366211
24,795,0.000610352,-0.000366211
24,796,0.00012207,0.000244141
24,797,-0.000976562,-0.000366211
24,798,-0.000976562,-0.000610352
24,799,-0.000976562,-0.000610352
24,800,-0.000610352,-0.000488281
24,801,0.000488281,-0.000732422
24,802,0.00109863,0.000366211
24,803,0.00134277,0.000732422
24,804,0.00012207,0.00109863
24,805,0.000488281,0.00134277
24,806,0.000244141,0.000976562
24,807,0.000366211,0.000732422
24,808,0.000366211,0.000488281
24,809,0.000732422,0.000366211
24,810,0.00109863,0
24,811,0.0012207,-0.000244141
24,812,-0.00146484,0.000488281
24,813,-0.000244141,0.000366211
24,814,0,0.000732422
24,815,0,0.000732422
24,816,0.00012207,0.000488281
24,817,0.000610352,0.000488281
24,818,0.000976562,0.00012207
24,819,0.000244141,-0.000366211
24,820,0.000244141,0
24,821,-0.00012207,0.000732422
24,822,-0.0012207,0.000244141
24,823,-0.0012207,-0.00012207
24,824,-0.0012207,-0.000244141
24,825,-0.000732422,-0.000244141
24,826,0.000366211,-0.000732422
24,827,0.00134277,0.00012207
24,828,0.000976562,0.000610352
24,829,0.00109863,0.000732422
24,830,0.000488281,0.000366211
24,831,0.000488281,0.00012207
24,832,0.000366211,0
24,833,0.000488281,-0.000244141
24,834,0.000610352,-0.000732422
24,835,0.000610352,-0.000854492
24,836,-0.00109863,0.000732422
24,837,0,0.000244141
24,838,0.000488281,0.000488281
24,839,0.000366211,0.000366211
24,840,0.000244141,0.00012207
24,841,0.000854492,0
24,842,0.000976562,-0.000366211
24,843,0.00012207,-0.000366211
24,844,0.000488281,0.000244141
24,845,0,0.00109863
24,846,-0.00134277,0.00109863
24,847,-0.00134277,0.000732422
24,848,-0.00146484,0.000488281
24,849,-0.000976562,0.000244141
24,850,0,-0.000732422
24,851,0.00146484,-0.000610352
24,852,0.00109863,-0.000244141
24,853,0.000488281,-0.000610352
24,854,0.000244141,-0.000854492
24,855,0.00012207,-0.000854492
24,856,0,-0.00109863
24,857,-0.000244141,-0.00146484
24,858,-0.000366211,-0.0012207
24,859,-0.00012207,0.000488281
24,860,0.000244141,0
24,861,0.000610352,0
24,862,0.000488281,-0.000244141
24,863,0.000244141,-0.000244141
24,864,0.000488281,-0.000488281
24,865,0.000244141,-0.000732422
24,866,-0.000366211,-0.000244141
24,867,0,0.000366211
24,868,0.00012207,0.000732422
24,869,-0.000488281,0.0012207
24,870,-0.000610352,0.0012207
24,871,-0.000732422,0.000976562
24,872,-0.000488281,0.000488281
24,873,-0.000488281,-0.000366211
24,874,0.000732422,-0.000976562
24,875,0.000976562,-0.00012207
24,876,0.000854492,-0.000244141
24,877,0.000610352,-0.000366211
24,878,0.000610352,-0.000610352
24,879,0.000366211,-0.0012207
24,880,0.00012207,-0.00134277
24,881,0,0.000976562
24,882,0.000244141,0.000244141
24,883,0.000732422,0.000244141
24,884,0.000854492,0.000244141
24,885,0.000610352,0
24,886,0.000854492,-0.000244141
24,887,0.000610352,-0.000610352
24,888,0,-0.000488281
24,889,0.000244141,-0.00012207
24,890,0.000244141,0.000610352
24,891,-0.000610352,0.000976562
24,892,-0.000854492,0.000732422
24,893,-0.000854492,0.000610352
24,894,-0.000488281,0.000244141
24,895,-0.000366211,-0.000854492
24,896,0.000976562,-0.000976562
24,897,0.00146484,-0.000244141
24,898,0.00134277,-0.00012207
24,899,0.0012207,-0.000366211
24,900,0.000976562,-0.000732422
24,901,0.000366211,-0.0012207
24,902,0.000366211,0.000854492
24,903,0.000244141,0.000244141
24,904,0.000488281,0.00012207
24,905,0.000854492,0.000244141
24,906,0.000732422,-0.00012207
24,907,0.000854492,-0.000244141
24,908,0.000732422,-0.000610352
24,909,0,-0.000610352
24,910,0,-0.000610352
24,911,0.00012207,0
24,912,-0.000732422,0.000366211
24,913,-0.000976562,0.000244141
24,914,-0.000854492,0.000244141
24,915,-0.000610352,0
24,916,-0.000610352,-0.000610352
24,917,0.000610352,-0.000732422
24,918,0.00170898,0
24,919,0.00158691,-0.00012207
24,920,0.00146484,-0.000610352
24,921,0.000488281,-0.0012207
24,922,0.000366211,0.000976562
24,923,0.000244141,0.000366211
24,924,0.000366211,0.000366211
24,925,0.000854492,0.000488281
24,926,0.000854492,0
24,927,0.000854492,-0.00012207
24,928,0.000854492,-0.000610352
24,929,0.00012207,-0.000610352
24,930,0,-0.000732422
24,931,0,0
24,932,-0.000976562,0.00012207
24,933,-0.0012207,-0.00012207
24,934,-0.00109863,-0.00012207
24,935,-0.000610352,-0.000244141
24,936,-0.000366211,-0.000854492
24,937,0.000732422,-0.000732422
24,938,0.00158691,-0.00012207
24,939,0.00146484,-0.000488281
24,940,0.000610352,-0.00109863
24,941,0.000488281,0.000854492
24,942,0.00012207,0.000366211
24,943,0.00012207,0.000244141
24,944,0.000610352,0.000366211
24,945,0.000488281,-0.00012207
24,946,0.000732422,-0.00012207
24,947,0.000732422,-0.000610352
24,948,0.00012207,-0.000610352
24,949,0,-0.000732422
24,950,0,0
24,951,-0.00109863,0.000244141
24,952,-0.0012207,0.00012207
24,953,-0.00109863,0.00012207
24,954,-0.000732422,0
24,955,-0.000488281,-0.000610352
24,956,0.000610352,-0.000610352
24,957,0.00170898,-0.000366211
24,958,0.000854492,-0.000976562
24,959,0,0.000610352
24,960,0,0.000366211
24,961,0.00012207,0.000488281
24,962,0.000610352,0.000488281
24,963,0.000610352,0.00012207
24,964,0.000854492,0.00012207
24,965,0.000854492,-0.000244141
24,966,0.000244141,-0.000610352
24,967,0,-0.000610352
24,968,-0.00012207,0.000244141
24,969,-0.0012207,0.00012207
24,970,-0.00146484,-0.00012207
24,971,-0.0012207,-0.00012207
24,972,-0.000854492,-0.000244141
24,973,-0.000244141,-0.000732422
24,974,0.000976562,-0.000244141
24,975,0.00146484,-0.000732422
24,976,-0.000366211,0.000488281
24,977,-0.00012207,0.000488281
24,978,-0.000366211,0.000732422
24,979,0.00012207,0.000732422
24,980,0.000366211,0.000488281
24,981,0.000488281,0.000366211
24,982,0.000732422,0
24,983,0.000244141,-0.000488281
24,984,0,-0.000488281
24,985,-0.00012207,0.00012207
24,986,-0.0012207,-0.00012207
24,987,-0.00134277,-0.000366211
24,988,-0.00109863,-0.000366211
24,989,-0.000732422,-0.000244141
24,990,0.000244141,-0.000610352
24,991,0.00109863,0.00012207
24,992,-0.000976562,0.000244141
24,993,-0.000488281,0.000366211
24,994,-0.000610352,0.000610352
24,995,-0.000366211,0.000976562
24,996,0,0.000854492
24,997,0.00012207,0.000854492
24,998,0.000610352,0.000610352
24,999,0.000366211,-0.00012207
24,1000,0.000366211,0.00012207
24,1001,-0.00012207,0.000366211
24,1002,-0.000976562,-0.000488281
24,1003,-0.000854492,-0.000732422
24,1004,-0.000732422,-0.000610352
24,1005,-0.000366211,-0.000488281
24,1006,0.000488281,-0.000488281
24,1007,0.00109863,0.000610352
24,1008,0.000488281,-0.00012207
24,1009,-0.000244141,-0.000488281
24,1010,0.00012207,-0.000488281
24,1011,-0.000366211,-0.000488281
24,1012,-0.000732422,-0.000610352
24,1013,-0.0012207,-0.000732422
24,1014,-0.000488281,0.00012207
24,1015,-0.000854492,-0.000488281
24,1016,0.00012207,-0.00109863
24,1017,0.000976562,-0.00012207
24,1018,0.000976562,0.000244141
24,1019,0.00109863,0.000366211
24,1020,0.000610352,0.000244141
24,1021,-0.000732422,0.000366211
24,1022,-0.00170898,-0.000488281
24,1023,0.000244141,0
24,1024,0.000366211,-0.00012207
24,1025,0.00012207,-0.000244141
24,1026,0.00012207,-0.000244141
24,1027,-0.00012207,-0.000366211
24,1028,-0.000244141,-0.00012207
24,1029,-0.000366211,-0.000244141
24,1030,-0.00012207,-0.000488281
24,1031,0,-0.00012207
24,1032,0,0
24,1033,0,0
24,1034,0,0
24,1035,-0.000366211,-0.00012207
24,1036,-0.000366211,-0.000244141
24,1037,0.000854492,-0.00012207
24,1038,0.000732422,-0.000366211
24,1039,0.000854492,-0.000244141
24,1040,0.000610352,-0.000488281
24,1041,0,-0.000366211
24,1042,0,-0.000244141
24,1043,-0.00012207,-0.00012207
24,1044,-0.000610352,0.000244141
24,1045,-0.000732422,0.00012207
24,1046,-0.000854492,0
24,1047,-0.000488281,0
24,1048,-0.000488281,-0.000488281
24,1049,0.000366211,-0.000610352
24,1050,0.000976562,-0.000244141
24,1051,0.000976562,-0.00012207
24,1052,0.000854492,-0.000488281
24,1053,0.00012207,-0.000488281
24,1054,0.00012207,-0.000366211
24,1055,0,-0.00012207
24,1056,-0.000854492,0.000244141
24,1057,-0.000854492,0.00012207
24,1058,-0.000976562,0
24,1059,-0.000732422,-0.00012207
24,1060,-0.000732422,-0.000488281
24,1061,0.000366211,-0.000488281
24,1062,0.00109863,0.00012207
24,1063,0.000976562,-0.00012207
24,1064,0.000244141,-0.000488281
24,1065,0.000244141,-0.000366211
24,1066,-0.00012207,-0.000244141
24,1067,-0.000854492,-0.00012207
24,1068,-0.000854492,-0.000244141
24,1069,-0.000854492,-0.000366211
24,1070,-0.000610352,-0.000366211
24,1071,-0.000366211,-0.000610352
24,1072,0.000610352,-0.000244141
24,1073,0.00134277,-0.000244141
24,1074,0.000366211,-0.000732422
24,1075,0.000366211,-0.000366211
24,1076,-0.000244141,0.000366211
24,1077,-0.00134277,0.000366211
24,1078,-0.00158691,0
24,1079,-0.00158691,-0.00012207
24,1080,-0.00109863,-0.000244141
24,1081,-0.000366211,-0.000732422
24,1082,0.00134277,-0.000366211
24,1083,0.000488281,-0.000610352
24,1084,0.000610352,-0.000366211
24,1085,-0.000244141,0.000488281
24,1086,-0.00170898,0.000244141
24,1087,-0.00158691,-0.00012207
24,1088,-0.00158691,-0.000244141
24,1089,-0.00109863,-0.000244141
24,1090,-0.00012207,-0.000732422
24,1091,0.00158691,-0.000244141
24,1092,0.000366211,-0.00012207
24,1093,-0.000244141,0
24,1094,-0.000610352,-0.000366211
24,1095,-0.000366211,-0.000610352
24,1096,-0.000366211,-0.000610352
24,1097,-0.000244141,-0.000488281
24,1098,0.00012207,-0.000244141
24,1099,0.000488281,0.000488281
24,1100,0.000976562,0.000976562
24,1101,-0.000366211,0.000732422
24,1102,-0.000488281,0.000366211
24,1103,-0.000610352,0.000244141
24,1104,-0.000488281,0
24,1105,-0.000244141,-0.000488281
24,1106,0.000732422,-0.000610352
24,1107,0.00158691,0.00109863
24,1108,0.000976562,0.00134277
24,1109,0.000732422,0.00134277
24,1110,0.000244141,0.000854492
24,1111,-0.000610352,-0.00012207
24,1112,-0.000610352,-0.00183105
24,1113,0.00268555,0.000488281
24,1114,0.00244141,0.000732422
24,1115,0.00146484,0.000610352
24,1116,0,0.000610352
24,1117,-0.0020752,-0.00109863
24,1118,0.00256348,0.00012207
24,1119,0.00158691,0.000366211
24,1120,0.00012207,0.000732422
24,1121,-0.00219727,-0.000244141
24,1122,0.00158691,0.00012207
24,1123,0.00012207,0.000854492
24,1124,-0.00219727,-0.00012207
24,1125,0.000244141,0.000366211
24,1126,-0.00134277,0.00012207
24,1127,0.000366211,0.000854492
25,0,0.00317383,0.00195312
25,1,0.000488281,0.00244141
25,2,-0.000366211,0.00219727
25,3,0.000732422,-0.00244141
25,4,0.000732422,-0.000854492
25,5,-0.00195312,-0.00012207
25,6,-0.00183105,-0.00244141
25,7,-0.00195312,-0.00109863
25,8,-0.00244141,0.00195312
25,9,-0.00244141,0.00402832
25,10,-0.00146484,0.00415039
25,11,-0.0012207,0.00402832
25,12,-0.00012207,0.00378418
25,13,0.00195312,0.000732422
25,14,0.0045166,-0.00231934
25,15,0.000976562,-0.00549316
25,16,-0.000366211,-0.0045166
25,17,-0.00170898,-0.00256348
25,18,-0.0012207,-0.000976562
25,19,-0.00195312,-0.000976562
25,20,-0.00183105,0.00012207
25,21,-0.00256348,0.00305176
25,22,-0.00183105,0.00512695
25,23,-0.00439453,0.00109863
25,24,-0.00280762,-0.00341797
25,25,0.000244141,-0.00280762
25,26,0.00158691,-0.00183105
25,27,0.00158691,-0.000488281
25,28,0.00170898,0.000854492
25,29,0.000366211,0.00390625
25,30,-0.00244141,0.00195312
25,31,0.00268555,-0.00170898
25,32,0.000732422,-0.000488281
25,33,-0.000244141,-0.00109863
25,34,-0.000732422,-0.00195312
25,35,-0.000610352,-0.00183105
25,36,-0.000732422,-0.00219727
25,37,-0.000732422,-0.00341797
25,38,0.000366211,-0.00415039
25,39,0.000488281,-0.00634766
25,40,-0.000610352,-0.00500488
25,41,-0.00146484,-0.00256348
25,42,-0.00146484,-0.00134277
25,43,-0.00195312,-0.000976562
25,44,-0.0020752,0.000244141
25,45,-0.00268555,0.00231934
25,46,-0.00268555,0.00500488
25,47,0.00183105,0.00146484
25,48,0.0012207,0.00170898
25,49,-0.000976562,-0.00219727
25,50,-0.00012207,-0.00109863
25,51,-0.000976562,0.0012207
25,52,-0.0020752,-0.000244141
25,53,-0.00170898,0.000732422
25,54,-0.000732422,0.00268555
25,55,0,0.00366211
25,56,0.000732422,0.00317383
25,57,0.000732422,0.00292969
25,58,0.0012207,0.0020752
25,59,0.00134277,-0.000854492
25,60,0.00183105,-0.00390625
25,61,-0.00146484,-0.00390625
25,62,-0.0020752,-0.00280762
25,63,-0.00219727,-0.00109863
25,64,-0.0012207,-0.000244141
25,65,-0.00170898,0.000244141
25,66,-0.00109863,0.000854492
25,67,-0.000366211,0.0032959
25,68,0.000732422,0.0045166
25,69,-0.00219727,0.00317383
25,70,-0.00268555,-0.000854492
25,71,-0.000854492,-0.00219727
25,72,0.000244141,-0.00231934
25,73,0.000854492,-0.00158691
25,74,0.0012207,-0.000732422
25,75,0.00183105,0.0020752
25,76,-0.000854492,0.00256348
25,77,0.000610352,-0.00195312
25,78,0,-0.000610352
25,79,-0.000732422,-0.000976562
25,80,-0.00146484,-0.00134277
25,81,-0.0012207,-0.00146484
25,82,-0.00146484,-0.00183105
25,83,-0.00195312,-0.00256348
25,84,-0.00146484,-0.0032959
25,85,-0.00195312,-0.00378418
25,86,-0.00219727,-0.00268555
25,87,-0.00195312,-0.000854492
25,88,-0.00158691,0
25,89,-0.00170898,0.000366211
25,90,-0.00134277,0.00109863
25,91,-0.00109863,0.00280762
25,92,0,0.00463867
25,93,0.00256348,0.000488281
25,94,-0.00256348,-0.000976562
25,95,-0.00109863,-0.000854492
25,96,0.000732422,0.00158691
25,97,-0.000854492,0.00170898
25,98,0.00012207,0.00231934
25,99,0.00170898,0.00244141
25,100,0.0020752,0.00183105
25,101,0.0020752,0.000976562
25,102,0.00183105,0.000610352
25,103,0.00146484,-0.000366211
25,104,-0.000244141,-0.0020752
25,105,-0.00158691,-0.00390625
25,106,-0.00268555,-0.000732422
25,107,-0.00256348,-0.000244141
25,108,-0.00183105,0.000610352
25,109,-0.000854492,0.000488281
25,110,-0.000854492,0.00109863
25,111,-0.00012207,0.00109863
25,112,0.00170898,0.00219727
25,113,0.00292969,0.00256348
25,114,0.0012207,0.00378418
25,115,-0.00109863,0.00158691
25,116,-0.00170898,-0.00109863
25,117,-0.00134277,-0.00219727
25,118,-0.000610352,-0.00231934
25,119,-0.000244141,-0.00219727
25,120,0.00183105,-0.000366211
25,121,0.00109863,0.00219727
25,122,-0.00109863,-0.000610352
25,123,-0.000488281,-0.00012207
25,124,-0.00146484,-0.00012207
25,125,-0.00195312,-0.000244141
25,126,-0.00170898,-0.000488281
25,127,-0.0020752,-0.000732422
25,128,-0.00268555,-0.000976562
25,129,-0.00244141,-0.00158691
25,130,-0.00244141,-0.000366211
25,131,-0.00195312,0.000244141
25,132,-0.00109863,0.0012207
25,133,-0.000488281,0.00146484
25,134,-0.000610352,0.00146484
25,135,-0.000244141,0.00170898
25,136,0.000610352,0.00268555
25,137,0.0020752,0.00317383
25,138,-0.00305176,-0.000366211
25,139,-0.00146484,-0.000610352
25,140,0.00134277,0.00158691
25,141,0,0.00219727
25,142,0.000854492,0.00268555
25,143,0.00244141,0.0020752
25,144,0.00231934,0.000854492
25,145,0.00219727,-0.00012207
25,146,0.00183105,-0.000366211
25,147,0.0012207,-0.00134277
25,148,-0.000854492,-0.00219727
25,149,-0.00256348,-0.0032959
25,150,-0.00244141,0.000366211
25,151,-0.00219727,0.000732422
25,152,-0.00146484,0.0012207
25,153,-0.000610352,0.000854492
25,154,-0.000488281,0.00134277
25,155,0,0.0012207
25,156,0.0020752,0.00158691
25,157,0.0032959,0.00158691
25,158,0.00231934,0.0032959
25,159,-0.000366211,0.00195312
25,160,-0.00183105,-0.000854492
25,161,-0.00195312,-0.00183105
25,162,-0.00134277,-0.00231934
25,163,-0.0012207,-0.00244141
25,164,0.00134277,-0.00109863
25,165,0.00158691,0.00183105
25,166,-0.00146484,-0.00012207
25,167,-0.000610352,0
25,168,-0.00170898,0.00012207
25,169,-0.00195312,-0.00012207
25,170,-0.00170898,-0.000366211
25,171,-0.00231934,-0.000488281
25,172,-0.00256348,-0.000488281
25,173,-0.00244141,-0.000854492
25,174,-0.00183105,0.000854492
25,175,-0.0012207,0.0012207
25,176,-0.000366211,0.00170898
25,177,0.00012207,0.00183105
25,178,0.00012207,0.00170898
25,179,0.000244141,0.00170898
25,180,0.00109863,0.00219727
25,181,0.00244141,0.00219727
25,182,0.00146484,0.000244141
25,183,-0.00170898,-0.00170898
25,184,-0.000366211,-0.00256348
25,185,-0.00134277,-0.00280762
25,186,-0.00280762,-0.00183105
25,187,-0.00280762,-0.000366211
25,188,-0.00256348,0.000488281
25,189,-0.0020752,0.000732422
25,190,-0.00134277,0.00170898
25,191,0.000854492,0.0020752
25,192,0.00305176,0.00268555
25,193,0.00244141,-0.0012207
25,194,0.0020752,-0.00146484
25,195,0.00109863,-0.00183105
25,196,0.000366211,-0.0012207
25,197,0.00012207,-0.00170898
25,198,-0.000366211,-0.00134277
25,199,-0.00244141,-0.00134277
25,200,-0.00354004,-0.000854492
25,201,-0.00292969,-0.00305176
25,202,0,-0.00231934
25,203,0.00183105,0.000366211
25,204,0.0020752,0.00146484
25,205,0.00146484,0.0020752
25,206,0.0012207,0.00231934
25,207,-0.00134277,0.00146484
25,208,-0.0020752,-0.00158691
25,209,0.00158691,0
25,210,0.000610352,0
25,211,0.00146484,-0.000244141
25,212,0.00170898,-0.000244141
25,213,0.00146484,0.00012207
25,214,0.00195312,0.00012207
25,215,0.00244141,0
25,216,0.00231934,0.00012207
25,217,0.00170898,-0.00170898
25,218,0.000976562,-0.00195312
25,219,0.00012207,-0.00219727
25,220,-0.000488281,-0.0020752
25,221,-0.000366211,-0.00195312
25,222,-0.000610352,-0.00183105
25,223,-0.00158691,-0.00195312
25,224,-0.00292969,-0.00158691
25,225,-0.0012207,-0.000732422
25,226,-0.000732422,-0.00146484
25,227,-0.00109863,-0.00146484
25,228,-0.00158691,-0.000610352
25,229,-0.00146484,0.000366211
25,230,-0.0012207,0.000732422
25,231,-0.000854492,0.000732422
25,232,-0.000366211,0.00109863
25,233,0.000732422,0.000854492
25,234,0.00183105,0.000732422
25,235,0.000854492,-0.0012207
25,236,0.000732422,-0.00109863
25,237,0.000366211,-0.00109863
25,238,0.00012207,-0.000732422
25,239,0,-0.000854492
25,240,-0.000244141,-0.000610352
25,241,-0.00134277,-0.000244141
25,242,-0.00170898,0.00012207
25,243,-0.0020752,-0.00109863
25,244,-0.000732422,-0.0012207
25,245,0.000732422,0
25,246,0.00109863,0.000488281
25,247,0.000854492,0.000854492
25,248,0.000976562,0.00109863
25,249,-0.000244141,0.000976562
25,250,-0.0012207,-0.000488281
25,251,0.000732422,-0.000488281
25,252,0.000244141,-0.00012207
25,253,0.000732422,-0.000244141
25,254,0.000732422,-0.00012207
25,255,0.000610352,0
25,256,0.000854492,-0.00012207
25,257,0.000854492,-0.000244141
25,258,0.000854492,-0.000366211
25,259,0.000244141,-0.00146484
25,260,-0.00012207,-0.00146484
25,261,-0.000366211,-0.00134277
25,262,-0.000488281,-0.0012207
25,263,-0.000488281,-0.00109863
25,264,-0.000488281,-0.000976562
25,265,-0.000976562,-0.000732422
25,266,-0.00146484,-0.000244141
25,267,0.00231934,0.00146484
25,268,0.00256348,0.0012207
25,269,0.00231934,-0.000610352
25,270,0.00109863,-0.00195312
25,271,0.000366211,-0.00231934
25,272,-0.00012207,-0.00219727
25,273,-0.00109863,-0.00231934
25,274,-0.0020752,-0.000732422
25,275,-0.00317383,0.000610352
25,276,0.000244141,0.00244141
25,277,0.000244141,0.00231934
25,278,0.000488281,0.00183105
25,279,0.000366211,0.000976562
25,280,0.000732422,0.0012207
25,281,0.000732422,0.000488281
25,282,0.00146484,-0.000976562
25,283,0.00134277,-0.00170898
25,284,0.00341797,-0.000610352
25,285,0.00219727,0.000732422
25,286,-0.000854492,0.000366211
25,287,-0.0020752,0.00012207
25,288,-0.0020752,-0.000732422
25,289,-0.00256348,-0.000976562
25,290,-0.0012207,-0.00183105
25,291,0.00170898,-0.000488281
25,292,-0.000976562,0.00158691
25,293,-0.000610352,0.000488281
25,294,-0.000976562,0.000610352
25,295,-0.000976562,0.000366211
25,296,-0.000976562,0.00012207
25,297,-0.0012207,0.000244141
25,298,-0.000976562,0.000488281
25,299,-0.000732422,0.000976562
25,300,0.00158691,0.00244141
25,301,0.00183105,0.0020752
25,302,0.00183105,0.00146484
25,303,0.00170898,0.0012207
25,304,0.00158691,0.000976562
25,305,0.0012207,0.000610352
25,306,0.00134277,-0.000244141
25,307,0.0012207,-0.0012207
25,308,0.00378418,-0.000732422
25,309,0.0012207,-0.00268555
25,310,-0.00146484,-0.00354004
25,311,-0.00219727,-0.00317383
25,312,-0.00256348,-0.00280762
25,313,-0.00354004,-0.0020752
25,314,-0.00244141,0.000610352
25,315,-0.00170898,0.00341797
25,316,0.00354004,0.00219727
25,317,0.00305176,0.00183105
25,318,0.00231934,0.0012207
25,319,0.00109863,0.000610352
25,320,0.00146484,0.000488281
25,321,0.000610352,-0.00012207
25,322,-0.00012207,-0.00219727
25,323,-0.0012207,-0.00292969
25,324,0.00280762,-0.00378418
25,325,0.00366211,-0.00158691
25,326,0,0.000488281
25,327,-0.00195312,0.00158691
25,328,-0.00256348,0.000854492
25,329,-0.00378418,0.000854492
25,330,-0.00378418,-0.0012207
25,331,0.000854492,-0.00231934
25,332,0.000366211,0.00256348
25,333,0,0.000732422
25,334,-0.000366211,0.000610352
25,335,0,0.00012207
25,336,-0.00012207,-0.00012207
25,337,-0.00012207,0.000244141
25,338,0.000488281,0.000366211
25,339,0.00146484,0.0012207
25,340,0.00524902,0.00146484
25,341,0.00500488,0.000854492
25,342,0.00366211,0.000244141
25,343,0.00292969,-0.00012207
25,344,0.00268555,-0.000366211
25,345,0.00158691,-0.000488281
25,346,0.000610352,-0.00195312
25,347,-0.000976562,-0.00268555
25,348,0.00280762,-0.00195312
25,349,0.000366211,-0.00305176
25,350,-0.000732422,-0.00292969
25,351,-0.0012207,-0.00256348
25,352,-0.00268555,-0.00231934
25,353,-0.00280762,0
25,354,-0.00317383,0.0020752
25,355,0.00195312,0.00256348
25,356,0.00158691,0.00244141
25,357,0.00146484,0.00183105
25,358,0.000976562,0.000976562
25,359,0.00134277,0.000854492
25,360,0.000976562,0.000488281
25,361,0.0012207,-0.00170898
25,362,0.00109863,-0.00231934
25,363,0.00390625,-0.00231934
25,364,0.00317383,-0.000610352
25,365,-0.000976562,0.000488281
25,366,-0.00256348,0.000854492
25,367,-0.00305176,0
25,368,-0.00378418,0
25,369,-0.00256348,-0.00146484
25,370,0.00183105,-0.00134277
25,371,0,0.00256348
25,372,-0.00012207,0.000976562
25,373,-0.00109863,0.00170898
25,374,-0.000976562,0.0012207
25,375,-0.00109863,0.000976562
25,376,-0.00146484,0.00134277
25,377,-0.000976562,0.000976562
25,378,-0.000244141,0.000976562
25,379,0.00354004,0.0012207
25,380,0.00378418,0.000732422
25,381,0.00341797,0.000610352
25,382,0.00317383,0.000488281
25,383,0.00280762,0.000366211
25,384,0.00195312,0.000366211
25,385,0.00170898,-0.000366211
25,386,0.000854492,-0.00146484
25,387,0.00415039,-0.00146484
25,388,0.00292969,-0.00195312
25,389,0.00244141,-0.00195312
25,390,0.000976562,-0.00231934
25,391,-0.00244141,-0.00134277
25,392,-0.00585938,-0.00109863
25,393,-0.00256348,0.00341797
25,394,-0.00219727,0.00354004
25,395,-0.000976562,0.00292969
25,396,-0.00012207,0.00146484
25,397,0.000366211,0.00183105
25,398,0.0012207,0.000976562
25,399,0.00378418,-0.000732422
25,400,0.00524902,-0.00170898
25,401,0.00549316,0.00134277
25,402,0.00146484,0.00231934
25,403,-0.00219727,0.000488281
25,404,-0.00280762,-0.000854492
25,405,-0.00268555,-0.00195312
25,406,-0.00231934,-0.00231934
25,407,0.00109863,-0.00244141
25,408,0.00341797,0.000854492
25,409,-0.00134277,0.0012207
25,410,-0.000610352,0.000610352
25,411,-0.00146484,0.00195312
25,412,-0.00183105,0.0020752
25,413,-0.00183105,0.00170898
25,414,-0.00244141,0.00195312
25,415,-0.00305176,0.00183105
25,416,-0.00366211,0.00146484
25,417,-0.00231934,0.00305176
25,418,-0.000976562,0.00268555
25,419,0.000854492,0.00231934
25,420,0.00158691,0.0020752
25,421,0.00158691,0.0020752
25,422,0.00195312,0.00170898
25,423,0.00354004,0.00146484
25,424,0.00488281,-0.00012207
25,425,0.00537109,-0.000854492
25,426,0.00512695,-0.0012207
25,427,0.00415039,-0.00195312
25,428,-0.000732422,-0.00195312
25,429,-0.00585938,-0.00280762
25,430,-0.0057373,0.0032959
25,431,-0.00488281,0.00366211
25,432,-0.00280762,0.0032959
25,433,-0.00109863,0.00170898
25,434,-0.000732422,0.0020752
25,435,0.000610352,0.00109863
25,436,0.00439453,-0.00012207
25,437,0.00671387,-0.00146484
25,438,0.00476074,0.00317383
25,439,-0.000610352,0.00402832
25,440,-0.00231934,0.000488281
25,441,-0.0020752,-0.00170898
25,442,-0.0012207,-0.00244141
25,443,-0.00012207,-0.00317383
25,444,0.00366211,-0.00280762
25,445,0.00366211,0.00183105
25,446,-0.00231934,-0.000854492
25,447,-0.000732422,-0.00012207
25,448,-0.00134277,0.00109863
25,449,-0.00158691,0.0020752
25,450,-0.00158691,0.00183105
25,451,-0.00231934,0.00183105
25,452,-0.00317383,0.00231934
25,453,-0.00488281,0.00183105
25,454,-0.00634766,0.00402832
25,455,-0.00439453,0.00402832
25,456,-0.00158691,0.00341797
25,457,-0.000366211,0.00292969
25,458,0.00012207,0.00292969
25,459,0.00134277,0.00231934
25,460,0.00415039,0.0020752
25,461,0.0065918,0
25,462,0.00476074,-0.000488281
25,463,0.00439453,-0.00146484
25,464,0.00012207,-0.0020752
25,465,-0.00415039,-0.00341797
25,466,-0.00549316,0.00195312
25,467,-0.00463867,0.00244141
25,468,-0.00280762,0.00256348
25,469,-0.00109863,0.00146484
25,470,-0.000976562,0.00183105
25,471,0.000244141,0.00109863
25,472,0.00354004,0.000854492
25,473,0.00561523,-0.000366211
25,474,0.00292969,0.00378418
25,475,-0.00170898,0.00378418
25,476,-0.00219727,0.00012207
25,477,-0.00158691,-0.00195312
25,478,-0.000610352,-0.00231934
25,479,0.000732422,-0.00292969
25,480,0.00390625,-0.0020752
25,481,0.00280762,0.0020752
25,482,-0.00219727,-0.00158691
25,483,-0.000732422,-0.000488281
25,484,-0.00109863,0.000488281
25,485,-0.00134277,0.00134277
25,486,-0.00134277,0.0012207
25,487,-0.00195312,0.0012207
25,488,-0.00280762,0.00158691
25,489,-0.00427246,0.0012207
25,490,-0.00634766,0.00292969
25,491,-0.00476074,0.00305176
25,492,-0.00219727,0.00280762
25,493,-0.000976562,0.00244141
25,494,-0.000610352,0.00256348
25,495,0.000610352,0.0020752
25,496,0.00317383,0.0020752
25,497,0.00549316,0.000732422
25,498,0.0045166,-0.000976562
25,499,0.000488281,-0.00195312
25,500,-0.00341797,-0.00341797
25,501,-0.00549316,0.00134277
25,502,-0.00463867,0.00195312
25,503,-0.00280762,0.00219727
25,504,-0.0012207,0.0012207
25,505,-0.000976562,0.00158691
25,506,0.00012207,0.00109863
25,507,0.00317383,0.000854492
25,508,0.00524902,-0.00012207
25,509,0.00219727,0.00366211
25,510,-0.0020752,0.00341797
25,511,-0.00195312,0
25,512,-0.00109863,-0.00183105
25,513,-0.00012207,-0.00219727
25,514,0.0012207,-0.00268555
25,515,0.00402832,-0.00170898
25,516,0.00231934,0.0020752
25,517,-0.0020752,-0.00195312
25,518,-0.000610352,-0.000488281
25,519,-0.000854492,0.000244141
25,520,-0.0012207,0.00109863
25,521,-0.0012207,0.00109863
25,522,-0.00158691,0.000976562
25,523,-0.00256348,0.00134277
25,524,-0.00402832,0.000854492
25,525,-0.00646973,0.00231934
25,526,-0.00500488,0.00256348
25,527,-0.00244141,0.00256348
25,528,-0.00134277,0.00219727
25,529,-0.000854492,0.00231934
25,530,0.000366211,0.00195312
25,531,0.00280762,0.00195312
25,532,0.00512695,0.000732422
25,533,0.00170898,-0.00146484
25,534,-0.00158691,-0.0032959
25,535,-0.00512695,0.000244141
25,536,-0.00439453,0.000732422
25,537,-0.00292969,0.00109863
25,538,-0.00146484,0.000732422
25,539,-0.00146484,0.000854492
25,540,-0.000488281,0.000610352
25,541,0.00195312,0.0012207
25,542,0.00390625,0.000610352
25,543,0.000244141,0.00366211
25,544,-0.00305176,0.00292969
25,545,-0.00146484,-0.000244141
25,546,-0.00012207,-0.0020752
25,547,0.000732422,-0.00183105
25,548,0.00219727,-0.00231934
25,549,0.00439453,-0.000976562
25,550,0.00134277,0.00219727
25,551,-0.00158691,-0.00268555
25,552,-0.000366211,-0.000854492
25,553,-0.000366211,-0.000366211
25,554,-0.000488281,0.000610352
25,555,-0.000488281,0.000732422
25,556,-0.000976562,0.000488281
25,557,-0.00170898,0.00109863
25,558,-0.00317383,0.000610352
25,559,-0.00646973,0.00146484
25,560,-0.00537109,0.00195312
25,561,-0.0032959,0.00195312
25,562,-0.00219727,0.00170898
25,563,-0.00170898,0.00183105
25,564,-0.000488281,0.00146484
25,565,0.00183105,0.00195312
25,566,0.00415039,0.00109863
25,567,0.00341797,-0.0012207
25,568,-0.000732422,-0.00268555
25,569,-0.000732422,-0.0020752
25,570,-0.000854492,-0.00109863
25,571,-0.000610352,-0.000244141
25,572,-0.00109863,-0.000366211
25,573,-0.00109863,0
25,574,-0.00170898,0.00158691
25,575,-0.00158691,0.00183105
25,576,-0.00390625,0.000976562
25,577,-0.00292969,-0.000610352
25,578,0.000366211,-0.000976562
25,579,0.00158691,-0.000854492
25,580,0.00183105,0
25,581,0.00244141,0.000244141
25,582,0.00134277,0.00146484
25,583,-0.00158691,0.000610352
25,584,0.00012207,-0.00244141
25,585,0.000244141,-0.000976562
25,586,0.000366211,-0.00146484
25,587,0.000488281,-0.00146484
25,588,0.000488281,-0.00109863
25,589,0.000732422,-0.0012207
25,590,0.000732422,-0.00109863
25,591,0.000854492,-0.0012207
25,592,-0.00134277,-0.0020752
25,593,-0.00170898,-0.00134277
25,594,-0.00195312,-0.000732422
25,595,-0.00183105,-0.000488281
25,596,-0.00183105,-0.000244141
25,597,-0.00146484,-0.00012207
25,598,-0.00158691,0.000244141
25,599,-0.00146484,0.000976562
25,600,0.00378418,-0.00610352
25,601,0.00280762,-0.0057373
25,602,0.000610352,-0.00439453
25,603,-0.00012207,-0.00183105
25,604,-0.00109863,-0.00231934
25,605,-0.00219727,-0.000854492
25,606,-0.00549316,0.00231934
25,607,-0.00695801,0.00427246
25,608,-0.00805664,-0.000610352
25,609,-0.00268555,-0.00390625
25,610,0.00231934,-0.00195312
25,611,0.00341797,-0.00012207
25,612,0.00317383,0.00134277
25,613,0.00280762,0.00231934
25,614,-0.00146484,0.00390625
25,615,-0.00476074,-0.000244141
25,616,0.00219727,-0.00195312
25,617,0.000854492,-0.000854492
25,618,0.000976562,-0.00256348
25,619,0.00134277,-0.0032959
25,620,0.00134277,-0.00268555
25,621,0.00195312,-0.00305176
25,622,0.00305176,-0.00354004
25,623,0.00463867,-0.00366211
25,624,0.00390625,-0.00634766
25,625,0.00183105,-0.00537109
25,626,-0.000976562,-0.00366211
25,627,-0.00195312,-0.00268555
25,628,-0.00219727,-0.00244141
25,629,-0.00292969,-0.00158691
25,630,-0.00537109,-0.000488281
25,631,-0.00708008,0.00231934
25,632,0.00683594,-0.000854492
25,633,0.00354004,-0.00183105
25,634,0.0012207,-0.00109863
25,635,0.000854492,-0.00170898
25,636,-0.000854492,-0.00170898
25,637,-0.00476074,-0.00244141
25,638,-0.00683594,-0.00170898
25,639,-0.0020752,-0.00585938
25,640,0.00354004,-0.00476074
25,641,0.00244141,-0.000366211
25,642,0.000610352,0.00134277
25,643,-0.000854492,0.00183105
25,644,-0.00256348,0.0020752
25,645,-0.00537109,0.000366211
25,646,-0.0020752,-0.0032959
25,647,0.00305176,0.00231934
25,648,0.000976562,0.000854492
25,649,0.00170898,-0.000244141
25,650,0.00231934,-0.000976562
25,651,0.00219727,-0.000854492
25,652,0.00244141,-0.000610352
25,653,0.00354004,-0.000976562
25,654,0.00524902,0.000488281
25,655,0.00964355,-0.000488281
25,656,0.00732422,-0.00146484
25,657,0.00390625,-0.00231934
25,658,0.00231934,-0.00219727
25,659,0.00170898,-0.00256348
25,660,-0.00012207,-0.00244141
25,661,-0.00268555,-0.00317383
25,662,-0.00634766,-0.00244141
25,663,0.0045166,-0.00146484
25,664,0.0020752,-0.00109863
25,665,0.00195312,-0.00170898
25,666,0.000244141,-0.00183105
25,667,-0.00354004,-0.00268555
25,668,-0.00610352,-0.00244141
25,669,-0.00219727,-0.00500488
25,670,0.00231934,-0.00292969
25,671,0.00158691,0.000732422
25,672,0.000244141,0.0020752
25,673,-0.000976562,0.00195312
25,674,-0.0020752,0.00183105
25,675,-0.00402832,-0.000488281
25,676,-0.00134277,-0.00354004
25,677,0.00183105,0.00195312
25,678,0.000732422,0.000854492
25,679,0.00183105,0.000244141
25,680,0.0020752,-0.00012207
25,681,0.00195312,0.00012207
25,682,0.00231934,0.000488281
25,683,0.00280762,0.000610352
25,684,0.00415039,0.00158691
25,685,0.00756836,0.000488281
25,686,0.00585938,-0.000610352
25,687,0.0032959,-0.00219727
25,688,0.0020752,-0.00256348
25,689,0.00170898,-0.00268555
25,690,0.000366211,-0.00280762
25,691,-0.00219727,-0.00378418
25,692,-0.00524902,-0.0032959
25,693,0.00244141,-0.000488281
25,694,0.00280762,-0.000732422
25,695,0.00146484,-0.00109863
25,696,-0.00134277,-0.00244141
25,697,-0.00366211,-0.00305176
25,698,-0.0012207,-0.00378418
25,699,0.00109863,-0.000976562
25,700,0.000366211,0.00158691
25,701,-0.000244141,0.00231934
25,702,-0.000976562,0.00170898
25,703,-0.0012207,0.00146484
25,704,-0.00195312,-0.000854492
25,705,-0.000244141,-0.00292969
25,706,0.00012207,0.00158691
25,707,0,0.000610352
25,708,0.00109863,0.000976562
25,709,0.00109863,0.000732422
25,710,0.000854492,0.000976562
25,711,0.00109863,0.0012207
25,712,0.0012207,0.00158691
25,713,0.00195312,0.0020752
25,714,0.00390625,0.00146484
25,715,0.00317383,0.000244141
25,716,0.00244141,-0.00146484
25,717,0.00183105,-0.00195312
25,718,0.00170898,-0.0020752
25,719,0.000976562,-0.00231934
25,720,-0.000854492,-0.00354004
25,721,-0.00280762,-0.00366211
25,722,0.00183105,-0.00012207
25,723,0.0012207,-0.000244141
25,724,-0.00012207,-0.0012207
25,725,-0.00146484,-0.00158691
25,726,-0.000488281,-0.00170898
25,727,0.00012207,-0.000244141
25,728,-0.000244141,0.000854492
25,729,-0.000366211,0.0012207
25,730,-0.000610352,0.000732422
25,731,-0.000488281,0.000610352
25,732,-0.000488281,-0.000488281
25,733,0.00012207,-0.00134277
25,734,-0.000366211,0.000854492
25,735,-0.00012207,0.000366211
25,736,0.00012207,0.000976562
25,737,0,0.000732422
25,738,0,0.000854492
25,739,0,0.000976562
25,740,0,0.000976562
25,741,0.000366211,0.000976562
25,742,0.0012207,0.000610352
25,743,0.0012207,-0.00012207
25,744,0.00134277,-0.000854492
25,745,0.0012207,-0.00109863
25,746,0.0012207,-0.000976562
25,747,0.000976562,-0.0012207
25,748,-0.00012207,-0.00170898
25,749,-0.00109863,-0.00183105
25,750,0.00158691,-0.000366211
25,751,0.000488281,-0.00170898
25,752,-0.000854492,-0.00244141
25,753,0.00012207,-0.0020752
25,754,0.000366211,0.00012207
25,755,-0.000610352,0.00146484
25,756,-0.000732422,0.00170898
25,757,-0.00109863,0.000976562
25,758,-0.000976562,0.000854492
25,759,-0.000610352,-0.000732422
25,760,0.000610352,-0.00170898
25,761,-0.000610352,0.00109863
25,762,-0.000244141,0.000488281
25,763,0,0.0012207
25,764,-0.00012207,0.00109863
25,765,-0.000244141,0.0012207
25,766,-0.000244141,0.00134277
25,767,-0.000366211,0.00170898
25,768,-0.00012207,0.00158691
25,769,0.000976562,0.0012207
25,770,0.0012207,0.000366211
25,771,0.00146484,-0.000610352
25,772,0.00146484,-0.00109863
25,773,0.00146484,-0.000976562
25,774,0.0012207,-0.0012207
25,775,0.000366211,-0.00195312
25,776,-0.000366211,-0.00244141
25,777,0.00146484,-0.00109863
25,778,0.000854492,-0.00183105
25,779,0.00109863,-0.000732422
25,780,0,0.000854492
25,781,-0.000976562,0.00109863
25,782,-0.000854492,0.000976562
25,783,-0.000854492,0.000366211
25,784,-0.000488281,0.00012207
25,785,0.000488281,-0.000854492
25,786,0.00109863,-0.000732422
25,787,-0.000854492,0.000732422
25,788,-0.000366211,0.000366211
25,789,-0.00012207,0.00134277
25,790,-0.000488281,0.00134277
25,791,-0.000488281,0.00134277
25,792,-0.000610352,0.00146484
25,793,-0.00109863,0.00158691
25,794,-0.00134277,0.00134277
25,795,-0.0012207,0.00134277
25,796,-0.000732422,0.000610352
25,797,0.000488281,-0.00012207
25,798,0.000854492,-0.000488281
25,799,0.000854492,-0.000366211
25,800,0.00109863,-0.000488281
25,801,0.00109863,-0.000976562
25,802,0.0012207,-0.00146484
25,803,0.00585938,-0.0012207
25,804,0.00463867,0.00244141
25,805,-0.00012207,0.00317383
25,806,-0.00231934,0.000976562
25,807,-0.00231934,-0.000366211
25,808,-0.00170898,-0.00134277
25,809,-0.000976562,-0.00170898
25,810,0.00231934,-0.00195312
25,811,0.00292969,0.00109863
25,812,-0.00219727,0.00012207
25,813,-0.000732422,0.00012207
25,814,-0.0012207,0.00146484
25,815,-0.00183105,0.00195312
25,816,-0.00183105,0.00158691
25,817,-0.00219727,0.00158691
25,818,-0.00317383,0.00195312
25,819,-0.00427246,0.00109863
25,820,-0.00500488,0.00219727
25,821,-0.0032959,0.00231934
25,822,-0.000732422,0.00219727
25,823,0.000244141,0.00170898
25,824,0.000610352,0.00195312
25,825,0.00146484,0.00158691
25,826,0.00354004,0.00158691
25,827,0.00561523,0.00012207
25,828,0.00610352,0.00427246
25,829,-0.00109863,0.00390625
25,830,-0.00354004,0.000366211
25,831,-0.00317383,-0.00158691
25,832,-0.00244141,-0.00231934
25,833,-0.00109863,-0.00256348
25,834,0.00378418,-0.00183105
25,835,0.00415039,0.00268555
25,836,-0.00170898,-0.00109863
25,837,-0.000488281,-0.00012207
25,838,-0.00146484,0.00170898
25,839,-0.00231934,0.00268555
25,840,-0.00231934,0.00219727
25,841,-0.00317383,0.00231934
25,842,-0.00476074,0.00244141
25,843,-0.00646973,0.000854492
25,844,-0.0078125,0.00134277
25,845,-0.00561523,0.0020752
25,846,-0.0020752,0.00268555
25,847,-0.000366211,0.00256348
25,848,0,0.00280762
25,849,0.00146484,0.00292969
25,850,0.00512695,0.00366211
25,851,0.00878906,0.00219727
25,852,0.0045166,0.00305176
25,853,-0.00146484,0.00134277
25,854,-0.00366211,-0.00012207
25,855,-0.00378418,-0.00134277
25,856,-0.00427246,-0.00244141
25,857,-0.000732422,-0.0045166
25,858,0.00427246,-0.000366211
25,859,-0.00170898,0.00244141
25,860,-0.000610352,0.000732422
25,861,-0.000732422,0.00158691
25,862,-0.000610352,0.00219727
25,863,-0.000488281,0.00146484
25,864,-0.00109863,0.00195312
25,865,-0.00146484,0.00268555
25,866,-0.00280762,0.00305176
25,867,-0.0012207,0.00610352
25,868,0.00012207,0.00549316
25,869,0.00170898,0.00402832
25,870,0.00219727,0.00305176
25,871,0.00231934,0.00280762
25,872,0.00244141,0.00170898
25,873,0.00500488,0.000488281
25,874,0.00610352,-0.00256348
25,875,0.00183105,0.000854492
25,876,-0.000732422,0.000732422
25,877,-0.00170898,0.00012207
25,878,-0.0032959,-0.000610352
25,879,-0.00415039,-0.00280762
25,880,0.000610352,-0.00219727
25,881,-0.00012207,0.00366211
25,882,-0.000366211,0.000976562
25,883,0.000244141,0.00012207
25,884,0.0012207,0
25,885,0.0012207,-0.000366211
25,886,0.00134277,-0.00012207
25,887,0.00256348,0.000244141
25,888,0.00244141,0.00195312
25,889,0.00524902,0.00476074
25,890,0.00488281,0.00366211
25,891,0.0032959,0.00195312
25,892,0.00231934,0.0012207
25,893,0.0020752,0.000610352
25,894,0.000976562,-0.000244141
25,895,0.000610352,-0.00195312
25,896,-0.00109863,-0.00390625
25,897,0.0020752,0.000488281
25,898,0.00158691,0.000854492
25,899,0.000732422,0.000610352
25,900,-0.00195312,0.00012207
25,901,-0.0020752,-0.00109863
25,902,0.000488281,0.000976562
25,903,0,0
25,904,0.000854492,-0.0012207
25,905,0.00158691,-0.00134277
25,906,0.00158691,-0.0012207
25,907,0.00219727,-0.0012207
25,908,0.00317383,-0.0012207
25,909,0.00317383,-0.00012207
25,910,0.00280762,0.000610352
25,911,0.00183105,0.000244141
25,912,0.000244141,-0.000366211
25,913,-0.000610352,-0.000366211
25,914,-0.000732422,-0.000732422
25,915,-0.00109863,-0.000976562
25,916,-0.00219727,-0.00146484
25,917,-0.00354004,-0.00158691
25,918,0.00292969,0.000488281
25,919,0.00280762,0.000732422
25,920,0,0.00183105
25,921,-0.00280762,0.000244141
25,922,0.000610352,-0.000244141
25,923,0,-0.000366211
25,924,0.000488281,-0.00109863
25,925,0.000732422,-0.00134277
25,926,0.000854492,-0.000976562
25,927,0.00134277,-0.00146484
25,928,0.0020752,-0.00170898
25,929,0.00195312,-0.00158691
25,930,0,-0.00158691
25,931,-0.000610352,-0.00158691
25,932,-0.00134277,-0.0012207
25,933,-0.00183105,-0.000976562
25,934,-0.00183105,-0.000976562
25,935,-0.00183105,-0.000854492
25,936,-0.00280762,-0.000244141
25,937,-0.00354004,0.000366211
25,938,0.00341797,0.000244141
25,939,0.000854492,0.00183105
25,940,-0.00256348,0.000976562
25,941,-0.00012207,-0.000854492
25,942,-0.000366211,-0.000610352
25,943,-0.00012207,-0.00146484
25,944,0.00012207,-0.00170898
25,945,0.00012207,-0.00134277
25,946,0.000732422,-0.00183105
25,947,0.0012207,-0.00219727
25,948,0.0012207,-0.0020752
25,949,-0.00134277,-0.00170898
25,950,-0.00158691,-0.00134277
25,951,-0.00195312,-0.000732422
25,952,-0.00219727,-0.000366211
25,953,-0.00219727,-0.000488281
25,954,-0.00183105,-0.000366211
25,955,-0.00268555,0.000244141
25,956,-0.00280762,0.00109863
25,957,0.00280762,0.00183105
25,958,-0.0020752,0.00158691
25,959,-0.000488281,-0.00195312
25,960,-0.000366211,-0.000732422
25,961,-0.00012207,-0.000976562
25,962,-0.000244141,-0.000976562
25,963,-0.00012207,-0.000488281
25,964,0.000244141,-0.00109863
25,965,0.000244141,-0.00134277
25,966,-0.000244141,-0.00183105
25,967,-0.00378418,-0.00183105
25,968,-0.00378418,-0.00146484
25,969,-0.00305176,-0.000854492
25,970,-0.00280762,-0.000488281
25,971,-0.00256348,-0.000244141
25,972,-0.00170898,-0.00012207
25,973,-0.0020752,0.000732422
25,974,-0.00146484,0.00158691
25,975,0.00134277,0.00268555
25,976,-0.00146484,-0.00244141
25,977,-0.000488281,-0.000488281
25,978,-0.000610352,0.000732422
25,979,-0.00146484,0.0012207
25,980,-0.00134277,0.00146484
25,981,-0.00183105,0.00109863
25,982,-0.00317383,0.000976562
25,983,-0.00427246,-0.00012207
25,984,-0.00732422,0.00012207
25,985,-0.00622559,0.000244141
25,986,-0.00341797,0.000610352
25,987,-0.0020752,0.000732422
25,988,-0.00170898,0.00109863
25,989,-0.000244141,0.00109863
25,990,0.00146484,0.00231934
25,991,0.00366211,0.00244141
25,992,-0.00109863,0.000244141
25,993,-0.000244141,0.000244141
25,994,-0.000366211,0.00146484
25,995,-0.000732422,0.0020752
25,996,-0.000732422,0.00183105
25,997,-0.00134277,0.00219727
25,998,-0.00219727,0.00268555
25,999,-0.00305176,0.00256348
25,1000,-0.00231934,0.00354004
25,1001,-0.00134277,0.00305176
25,1002,0.000366211,0.00195312
25,1003,0.0012207,0.00134277
25,1004,0.00134277,0.00146484
25,1005,0.00183105,0.000854492
25,1006,0.00366211,0.00012207
25,1007,0.00463867,-0.00134277
25,1008,0.00109863,0.000366211
25,1009,0.000976562,0.000244141
25,1010,0.000488281,0.00012207
25,1011,0.000366211,0
25,1012,0.000244141,0
25,1013,0,-0.000732422
25,1014,0.000732422,-0.00109863
25,1015,0.00244141,-0.00354004
25,1016,0.00146484,-0.00341797
25,1017,0.000488281,-0.00256348
25,1018,0.000244141,-0.00195312
25,1019,-0.00012207,-0.00170898
25,1020,-0.000488281,-0.000854492
25,1021,-0.000976562,0.00012207
25,1022,-0.00170898,0.00146484
25,1023,0.000732422,0.00012207
25,1024,0.000732422,0.000244141
25,1025,0.000610352,0.000244141
25,1026,0.000610352,0.000488281
25,1027,0.000244141,0.000488281
25,1028,0.000244141,0.00012207
25,1029,0.000488281,-0.00134277
25,1030,0.00012207,-0.0012207
25,1031,-0.000244141,-0.00109863
25,1032,-0.00012207,-0.000854492
25,1033,-0.000244141,-0.000854492
25,1034,-0.000244141,-0.000488281
25,1035,-0.00012207,-0.00012207
25,1036,-0.00012207,0.00012207
25,1037,0.00244141,0.000610352
25,1038,0.00244141,0.000610352
25,1039,0.00268555,0.000976562
25,1040,0.00195312,0.00170898
25,1041,0.0012207,0.00195312
25,1042,0.000488281,0.000976562
25,1043,-0.000244141,0.000488281
25,1044,-0.000610352,-0.000976562
25,1045,-0.000610352,-0.00146484
25,1046,-0.000488281,-0.00134277
25,1047,-0.000366211,-0.00158691
25,1048,0,-0.00195312
25,1049,-0.000366211,-0.00195312
25,1050,0.00317383,0.00012207
25,1051,0.00354004,0.000488281
25,1052,0.00341797,0.00158691
25,1053,0.00256348,0.00244141
25,1054,0.00158691,0.0020752
25,1055,0.000732422,0.00134277
25,1056,-0.000244141,-0.000244141
25,1057,-0.000488281,-0.000976562
25,1058,-0.000488281,-0.00109863
25,1059,-0.000488281,-0.00170898
25,1060,-0.000244141,-0.00268555
25,1061,-0.00109863,-0.00341797
25,1062,0.00354004,0.000366211
25,1063,0.00354004,0.0012207
25,1064,0.00268555,0.0020752
25,1065,0.00134277,0.0020752
25,1066,0.000488281,0.00146484
25,1067,-0.000488281,-0.00012207
25,1068,-0.000610352,-0.000732422
25,1069,-0.000610352,-0.000976562
25,1070,-0.000610352,-0.00158691
25,1071,-0.000488281,-0.00231934
25,1072,-0.0012207,-0.00292969
25,1073,0.00427246,0.000854492
25,1074,0.00341797,0.00195312
25,1075,0.00170898,0.00183105
25,1076,0.000732422,0.0012207
25,1077,-0.000488281,-0.000366211
25,1078,-0.000854492,-0.000976562
25,1079,-0.000854492,-0.0012207
25,1080,-0.000854492,-0.00183105
25,1081,-0.000976562,-0.00280762
25,1082,-0.00195312,-0.00341797
25,1083,0.00524902,0.00146484
25,1084,0.00402832,0.00195312
25,1085,0.00268555,0.00146484
25,1086,0.000488281,0.00012207
25,1087,-0.000488281,-0.000488281
25,1088,-0.000488281,-0.000976562
25,1089,-0.00109863,-0.00170898
25,1090,-0.0020752,-0.00317383
25,1091,-0.00390625,-0.00415039
25,1092,0.00683594,0
25,1093,0.00500488,-0.00012207
25,1094,0.00158691,-0.000854492
25,1095,0.00012207,-0.000976562
25,1096,-0.00012207,-0.00146484
25,1097,-0.00134277,-0.00183105
25,1098,-0.00354004,-0.00292969
25,1099,-0.00610352,-0.00292969
25,1100,0.010498,-0.000610352
25,1101,0.00549316,-0.00134277
25,1102,0.0032959,-0.00134277
25,1103,0.00244141,-0.00183105
25,1104,-0.00012207,-0.00195312
25,1105,-0.00366211,-0.0032959
25,1106,-0.0078125,-0.00280762
25,1107,0.00537109,-0.000610352
25,1108,0.00341797,-0.000732422
25,1109,0.00292969,-0.00109863
25,1110,0.000610352,-0.0012207
25,1111,-0.00219727,-0.00268555
25,1112,-0.00561523,-0.00292969
25,1113,0.00317383,-0.000244141
25,1114,0.00292969,-0.000488281
25,1115,0.00170898,-0.000610352
25,1116,0.000244141,-0.00195312
25,1117,-0.00195312,-0.00268555
25,1118,0.00268555,-0.00012207
25,1119,0.00183105,-0.000244141
25,1120,0.0012207,-0.00134277
25,1121,-0.00012207,-0.0020752
25,1122,0.00195312,-0.000244141
25,1123,0.00158691,-0.00146484
25,1124,0.000366211,-0.00231934
25,1125,0.00231934,-0.00109863
25,1126,0.00195312,-0.0020752
25,1127,0.00598145,-0.0020752
26,0,0.000488281,0.000366211
26,1,0.00012207,0.000366211
26,2,0,0.000488281
26,3,-0.000244141,-0.000610352
26,4,0,-0.000244141
26,5,-0.000366211,0.00012207
26,6,-0.000488281,-0.00012207
26,7,-0.000488281,-0.000244141
26,8,-0.000366211,-0.00012207
26,9,-0.00012207,0.000244141
26,10,0,0.000244141
26,11,0.00012207,0
26,12,0,0.000244141
26,13,0.000244141,0
26,14,0.000244141,-0.000366211
26,15,0.00012207,-0.000244141
26,16,-0.000366211,0
26,17,-0.000732422,0.00012207
26,18,-0.000732422,0
26,19,-0.00109863,0.00012207
26,20,-0.000732422,0.00012207
26,21,-0.000732422,0.00012207
26,22,-0.000488281,0
26,23,-0.000244141,-0.00012207
26,24,-0.000244141,-0.000366211
26,25,0.00012207,-0.000366211
26,26,0.000244141,-0.000366211
26,27,0.000244141,-0.000244141
26,28,0.000244141,-0.00012207
26,29,-0.00012207,0.000366211
26,30,-0.000610352,0.000244141
26,31,0.000244141,-0.000488281
26,32,0,-0.000244141
26,33,0.00012207,-0.000366211
26,34,0.00012207,-0.000366211
26,35,0.00012207,-0.000488281
26,36,0.00012207,-0.000366211
26,37,-0.00012207,-0.000244141
26,38,0,-0.000366211
26,39,-0.000488281,-0.00012207
26,40,-0.000366211,-0.000244141
26,41,0,-0.000488281
26,42,0,-0.00012207
26,43,0,0
26,44,-0.00012207,-0.00012207
26,45,-0.00012207,0.000244141
26,46,-0.000244141,0.000244141
26,47,0.000244141,0
26,48,0.000244141,0.00012207
26,49,-0.000366211,-0.000366211
26,50,-0.00012207,-0.00012207
26,51,-0.00012207,0.000244141
26,52,-0.000488281,0.00012207
26,53,-0.000366211,0
26,54,-0.000244141,0.00012207
26,55,0.00012207,0.00012207
26,56,0.00012207,0.00012207
26,57,0,0
26,58,0,0
26,59,0,-0.00012207
26,60,0,-0.000244141
26,61,-0.00012207,-0.000244141
26,62,-0.000244141,0.00012207
26,63,-0.000366211,0.000244141
26,64,-0.000366211,0.00012207
26,65,-0.000488281,0.000488281
26,66,-0.000366211,0.000244141
26,67,-0.000366211,0.000244141
26,68,-0.000244141,0
26,69,-0.00012207,0
26,70,-0.000366211,-0.00012207
26,71,-0.00012207,-0.000244141
26,72,-0.00012207,-0.000244141
26,73,0,-0.000244141
26,74,0,-0.000244141
26,75,0,0.000244141
26,76,-0.000244141,0.000366211
26,77,-0.00012207,-0.000488281
26,78,-0.00012207,-0.000244141
26,79,0,-0.000366211
26,80,0,-0.000366211
26,81,-0.00012207,-0.000366211
26,82,-0.00012207,-0.000244141
26,83,-0.00012207,-0.000244141
26,84,-0.00012207,-0.000244141
26,85,-0.000366211,-0.00012207
26,86,-0.000366211,-0.00012207
26,87,-0.000244141,-0.000244141
26,88,-0.00012207,-0.00012207
26,89,0,-0.00012207
26,90,-0.00012207,0
26,91,0,0.00012207
26,92,0,0.00012207
26,93,0.000244141,0
26,94,-0.000366211,-0.000244141
26,95,-0.00012207,-0.000244141
26,96,-0.00012207,0.00012207
26,97,-0.000366211,0.00012207
26,98,-0.000366211,0.00012207
26,99,-0.00012207,0.00012207
26,100,0.00012207,0
26,101,0.00012207,0
26,102,0,0
26,103,0,-0.00012207
26,104,-0.00012207,-0.00012207
26,105,-0.00012207,-0.000244141
26,106,-0.00012207,-0.00012207
26,107,-0.00012207,0.00012207
26,108,-0.00012207,0.000244141
26,109,-0.00012207,0.000244141
26,110,-0.000366211,0.000366211
26,111,-0.000244141,0.000244141
26,112,-0.00012207,0.000244141
26,113,-0.00012207,0.00012207
26,114,-0.00012207,0
26,115,-0.000244141,-0.00012207
26,116,-0.00012207,-0.00012207
26,117,-0.000244141,-0.000244141
26,118,-0.00012207,-0.000244141
26,119,0,-0.000244141
26,120,0.00012207,0
26,121,0,0.000244141
26,122,-0.000244141,-0.000244141
26,123,-0.00012207,-0.00012207
26,124,-0.00012207,-0.000244141
26,125,-0.00012207,-0.000244141
26,126,-0.000244141,-0.000244141
26,127,-0.000244141,-0.000244141
26,128,-0.00012207,-0.00012207
26,129,-0.000244141,-0.000244141
26,130,-0.00012207,0
26,131,-0.00012207,0
26,132,-0.00012207,-0.00012207
26,133,-0.00012207,-0.00012207
26,134,0,-0.00012207
26,135,-0.00012207,0
26,136,0,0
26,137,0,0
26,138,-0.000366211,-0.00012207
26,139,-0.00012207,-0.00012207
26,140,0,0.000244141
26,141,-0.000244141,0.000244141
26,142,-0.000244141,0.000244141
26,143,0,0.00012207
26,144,0.00012207,0
26,145,0.00012207,0
26,146,0,0
26,147,0,-0.00012207
26,148,-0.00012207,-0.00012207
26,149,-0.000244141,-0.00012207
26,150,-0.000244141,-0.00012207
26,151,-0.00012207,0.00012207
26,152,0,0.000244141
26,153,-0.00012207,0.000244141
26,154,0,0.000488281
26,155,0,0.000244141
26,156,0,0.000244141
26,157,0,0.00012207
26,158,0,0.00012207
26,159,-0.000244141,0
26,160,-0.000244141,-0.00012207
26,161,-0.000244141,-0.000244141
26,162,-0.000244141,-0.000244141
26,163,-0.00012207,-0.000244141
26,164,0.00012207,0
26,165,0.00012207,0.000244141
26,166,-0.000244141,-0.000244141
26,167,-0.00012207,-0.00012207
26,168,-0.00012207,-0.00012207
26,169,-0.00012207,-0.000244141
26,170,-0.000244141,-0.00012207
26,171,-0.000244141,-0.00012207
26,172,-0.00012207,-0.00012207
26,173,-0.000244141,-0.00012207
26,174,-0.00012207,0.00012207
26,175,-0.000244141,0
26,176,-0.000244141,-0.00012207
26,177,-0.00012207,-0.00012207
26,178,-0.00012207,-0.00012207
26,179,-0.00012207,0
26,180,0,0
26,181,0.00012207,0
26,182,0.00012207,0
26,183,-0.00012207,-0.000244141
26,184,0,-0.000366211
26,185,0,-0.000244141
26,186,0,-0.000244141
26,187,-0.000244141,-0.00012207
26,188,-0.000244141,0
26,189,-0.00012207,0
26,190,-0.00012207,0
26,191,-0.00012207,0
26,192,0,0.00012207
26,193,0,0.00012207
26,194,-0.00012207,-0.000244141
26,195,-0.00012207,-0.000488281
26,196,-0.00012207,-0.000366211
26,197,-0.00012207,-0.000732422
26,198,0,-0.000366211
26,199,-0.00012207,-0.000366211
26,200,0,-0.000244141
26,201,0,-0.00012207
26,202,0.00012207,0
26,203,0.00012207,0
26,204,0.00012207,0
26,205,0.00012207,0
26,206,0,0.00012207
26,207,-0.000244141,-0.000244141
26,208,-0.000244141,-0.000366211
26,209,0.00012207,0.000244141
26,210,0.00012207,0.00012207
26,211,0.00012207,0.00012207
26,212,0.00012207,0.000244141
26,213,0.00012207,0
26,214,0.00012207,0
26,215,0,0
26,216,0.00012207,0
26,217,0.00012207,-0.00012207
26,218,0.00012207,-0.000244141
26,219,0.00012207,-0.00012207
26,220,0,-0.00012207
26,221,0,-0.00012207
26,222,0,-0.000244141
26,223,-0.00012207,-0.000244141
26,224,-0.000244141,-0.00012207
26,225,-0.00012207,-0.00012207
26,226,-0.00012207,-0.00012207
26,227,-0.00012207,-0.000244141
26,228,-0.00012207,-0.00012207
26,229,-0.00012207,0
26,230,-0.00012207,0
26,231,-0.00012207,0
26,232,0,-0.00012207
26,233,0,0
26,234,0,0
26,235,0,0
26,236,-0.00012207,-0.00012207
26,237,-0.00012207,-0.000244141
26,238,-0.00012207,-0.00012207
26,239,-0.000244141,-0.000366211
26,240,-0.00012207,-0.000244141
26,241,-0.00012207,-0.00012207
26,242,-0.00012207,-0.00012207
26,243,-0.00012207,0
26,244,0,-0.00012207
26,245,0,0
26,246,0,-0.00012207
26,247,0,0
26,248,0,0
26,249,-0.00012207,-0.00012207
26,250,-0.000244141,-0.00012207
26,251,0,0
26,252,0,0
26,253,0,0
26,254,0,0
26,255,0,-0.00012207
26,256,0,0
26,257,0,-0.00012207
26,258,0,-0.00012207
26,259,-0.00012207,-0.00012207
26,260,0,-0.00012207
26,261,0,-0.00012207
26,262,0,-0.00012207
26,263,-0.00012207,-0.00012207
26,264,0,-0.00012207
26,265,-0.00012207,0
26,266,-0.00012207,0
26,267,0.00012207,0.00012207
26,268,0.00012207,0.00012207
26,269,0.00012207,0
26,270,0.00012207,-0.00012207
26,271,0,-0.000244141
26,272,0,-0.00012207
26,273,0,-0.00012207
26,274,-0.00012207,-0.00012207
26,275,-0.00012207,0
26,276,-0.00012207,0
26,277,0,0
26,278,0.00012207,0
26,279,0.00012207,0.00012207
26,280,0.000244141,0.00012207
26,281,0.000244141,0
26,282,0.00012207,-0.00012207
26,283,0.00012207,-0.00012207
26,284,0.00012207,-0.00012207
26,285,0,0
26,286,-0.00012207,-0.00012207
26,287,-0.00012207,0
26,288,-0.000244141,0
26,289,-0.000244141,-0.00012207
26,290,0,-0.00012207
26,291,0.00012207,-0.00012207
26,292,-0.00012207,0
26,293,-0.00012207,0
26,294,-0.00012207,0
26,295,-0.00012207,-0.00012207
26,296,-0.00012207,0
26,297,-0.00012207,0
26,298,-0.00012207,-0.00012207
26,299,-0.00012207,0
26,300,0.00012207,0
26,301,0,0.00012207
26,302,-0.00012207,0
26,303,-0.00012207,0
26,304,0,0
26,305,-0.00012207,0
26,306,0,-0.00012207
26,307,0,-0.00012207
26,308,0.000244141,0.00012207
26,309,0.00012207,-0.00012207
26,310,0,-0.000244141
26,311,-0.00012207,-0.000366211
26,312,0,-0.000244141
26,313,-0.00012207,-0.000244141
26,314,-0.00012207,-0.00012207
26,315,-0.00012207,0
26,316,0,0.00012207
26,317,0.00012207,0
26,318,0.000244141,-0.00012207
26,319,0.000244141,-0.000244141
26,320,0.000366211,-0.00012207
26,321,0.000244141,-0.000244141
26,322,0.000244141,-0.00012207
26,323,0.00012207,-0.00012207
26,324,0,-0.00012207
26,325,0.00012207,0
26,326,0,0
26,327,-0.00012207,0.00012207
26,328,-0.00012207,0
26,329,-0.000244141,0
26,330,-0.00012207,-0.000244141
26,331,0.000244141,-0.000244141
26,332,-0.00012207,0.000244141
26,333,0,0.00012207
26,334,-0.00012207,0.00012207
26,335,-0.000244141,0.000244141
26,336,-0.00012207,0.00012207
26,337,-0.00012207,0.000244141
26,338,-0.00012207,-0.00012207
26,339,0.00012207,0.00012207
26,340,0.00012207,0
26,341,0.00012207,0.00012207
26,342,0,0.00012207
26,343,0,0
26,344,0,0
26,345,0,-0.00012207
26,346,0,-0.00012207
26,347,0,-0.000244141
26,348,0.00012207,-0.000244141
26,349,-0.00012207,-0.000244141
26,350,-0.00012207,-0.000366211
26,351,-0.00012207,-0.00012207
26,352,-0.000244141,-0.00012207
26,353,-0.00012207,0
26,354,0,0.00012207
26,355,0,0
26,356,0.00012207,-0.00012207
26,357,0.000244141,-0.000244141
26,358,0.000244141,-0.000244141
26,359,0.000366211,-0.000366211
26,360,0.000244141,-0.000366211
26,361,0.00012207,-0.000366211
26,362,0.00012207,-0.000244141
26,363,0.00012207,-0.00012207
26,364,0.00012207,-0.00012207
26,365,-0.00012207,0.00012207
26,366,-0.00012207,0.00012207
26,367,-0.000244141,0.00012207
26,368,-0.000244141,0
26,369,-0.00012207,-0.00012207
26,370,0.00012207,-0.000366211
26,371,0,0.00012207
26,372,0,0
26,373,0,0.00012207
26,374,-0.00012207,0.00012207
26,375,0,0.000244141
26,376,0,0.00012207
26,377,-0.00012207,0
26,378,0,0.00012207
26,379,0,-0.00012207
26,380,0,-0.00012207
26,381,-0.00012207,0.00012207
26,382,0,0
26,383,-0.00012207,0
26,384,0,0
26,385,-0.00012207,-0.00012207
26,386,-0.00012207,-0.000244141
26,387,0,-0.00012207
26,388,0,-0.000244141
26,389,0,-0.00012207
26,390,-0.00012207,-0.00012207
26,391,-0.00012207,0
26,392,-0.00012207,0
26,393,-0.00012207,0.00012207
26,394,0,0
26,395,0.00012207,-0.000244141
26,396,0.00012207,-0.00012207
26,397,0.000244141,-0.000244141
26,398,0.000244141,-0.00012207
26,399,0.000244141,-0.00012207
26,400,0.00012207,-0.00012207
26,401,0.00012207,0
26,402,0,0
26,403,-0.00012207,0
26,404,-0.00012207,0
26,405,-0.000244141,0
26,406,-0.000244141,0
26,407,-0.00012207,-0.000244141
26,408,0.00012207,-0.00012207
26,409,-0.00012207,0.00012207
26,410,-0.00012207,0.00012207
26,411,-0.00012207,0.00012207
26,412,-0.00012207,0
26,413,-0.00012207,0.00012207
26,414,-0.00012207,0.00012207
26,415,0,-0.00012207
26,416,0,0
26,417,0,0
26,418,0,0
26,419,-0.00012207,0
26,420,0,0
26,421,0,0
26,422,0,0
26,423,0,-0.00012207
26,424,0,-0.00012207
26,425,0,-0.00012207
26,426,0,0
26,427,0,-0.000244141
26,428,-0.00012207,-0.00012207
26,429,-0.000244141,-0.00012207
26,430,-0.00012207,0
26,431,0,0
26,432,0,0.00012207
26,433,0,0.00012207
26,434,0,0.00012207
26,435,0,0
26,436,0,0
26,437,0,0
26,438,0,0
26,439,-0.00012207,0
26,440,-0.00012207,0
26,441,-0.000244141,-0.00012207
26,442,-0.00012207,-0.00012207
26,443,-0.00012207,-0.00012207
26,444,0,0
26,445,0,0.00012207
26,446,-0.000244141,-0.00012207
26,447,-0.00012207,0
26,448,0,-0.00012207
26,449,-0.00012207,-0.00012207
26,450,-0.00012207,-0.00012207
26,451,-0.00012207,-0.00012207
26,452,-0.00012207,-0.00012207
26,453,-0.00012207,-0.00012207
26,454,0,0.00012207
26,455,-0.00012207,0.00012207
26,456,-0.00012207,0
26,457,-0.00012207,0
26,458,0,-0.00012207
26,459,0,0
26,460,0,-0.00012207
26,461,0.00012207,-0.00012207
26,462,0,0
26,463,0,-0.00012207
26,464,0,-0.00012207
26,465,0,-0.00012207
26,466,-0.00012207,-0.00012207
26,467,0,0.00012207
26,468,0,0
26,469,0,0.00012207
26,470,-0.00012207,0.000244141
26,471,0,0.000244141
26,472,0,0.00012207
26,473,0,0.00012207
26,474,0,0
26,475,-0.00012207,0
26,476,-0.00012207,-0.00012207
26,477,-0.00012207,-0.00012207
26,478,-0.00012207,-0.000244141
26,479,0,-0.000244141
26,480,0,0
26,481,0,0.00012207
26,482,-0.000244141,-0.00012207
26,483,-0.00012207,-0.00012207
26,484,-0.00012207,-0.00012207
26,485,-0.00012207,-0.000244141
26,486,-0.00012207,-0.00012207
26,487,-0.00012207,0
26,488,-0.00012207,-0.00012207
26,489,-0.00012207,0
26,490,0,0
26,491,-0.000244141,0
26,492,-0.000244141,-0.00012207
26,493,-0.00012207,0
26,494,-0.00012207,0
26,495,-0.00012207,0
26,496,0,0
26,497,0.00012207,0
26,498,-0.00012207,0
26,499,0,0
26,500,0,-0.00012207
26,501,0,0
26,502,-0.00012207,0
26,503,-0.00012207,0
26,504,-0.00012207,0
26,505,-0.00012207,0.00012207
26,506,-0.00012207,0
26,507,-0.00012207,0
26,508,0,-0.00012207
26,509,0,-0.00012207
26,510,0,-0.00012207
26,511,0,-0.00012207
26,512,0,0
26,513,-0.00012207,-0.00012207
26,514,0,-0.00012207
26,515,-0.00012207,0
26,516,0,0
26,517,-0.00012207,-0.00012207
26,518,-0.00012207,-0.00012207
26,519,-0.00012207,-0.00012207
26,520,-0.00012207,-0.00012207
26,521,0,-0.00012207
26,522,-0.00012207,-0.00012207
26,523,-0.00012207,-0.00012207
26,524,-0.00012207,0
26,525,-0.00012207,0
26,526,-0.00012207,0
26,527,0,-0.00012207
26,528,-0.00012207,0
26,529,-0.00012207,0
26,530,-0.00012207,0
26,531,-0.00012207,0
26,532,0,0
26,533,0,-0.00012207
26,534,-0.00012207,-0.000244141
26,535,-0.00012207,0
26,536,-0.00012207,0
26,537,-0.00012207,0
26,538,-0.00012207,0.00012207
26,539,-0.00012207,0
26,540,0,0.00012207
26,541,0,0.00012207
26,542,0,0.00012207
26,543,-0.00012207,0
26,544,-0.00012207,0
26,545,-0.00012207,-0.00012207
26,546,0,-0.00012207
26,547,0,-0.00012207
26,548,0,-0.00012207
26,549,0,0
26,550,-0.00012207,0.00012207
26,551,-0.00012207,-0.00012207
26,552,-0.00012207,0
26,553,-0.00012207,0
26,554,0,-0.00012207
26,555,-0.00012207,-0.00012207
26,556,-0.00012207,-0.00012207
26,557,0,0
26,558,-0.00012207,0
26,559,-0.00012207,0.00012207
26,560,-0.00012207,0
26,561,-0.000244141,-0.00012207
26,562,-0.00012207,-0.00012207
26,563,0,0
26,564,-0.00012207,0
26,565,0.00012207,0
26,566,0,0
26,567,0.00012207,-0.00012207
26,568,0.00012207,-0.00012207
26,569,-0.00012207,0
26,570,-0.000244141,0
26,571,-0.000244141,-0.00012207
26,572,-0.000366211,0
26,573,-0.000244141,0
26,574,-0.000244141,0
26,575,-0.00012207,0
26,576,0,-0.00012207
26,577,-0.00012207,-0.00012207
26,578,0.00012207,-0.00012207
26,579,0.00012207,-0.00012207
26,580,0,0
26,581,0.00012207,-0.00012207
26,582,-0.00012207,0.00012207
26,583,-0.000244141,0
26,584,0,-0.000244141
26,585,0,-0.00012207
26,586,-0.00012207,-0.00012207
26,587,0,-0.00012207
26,588,0.00012207,-0.000244141
26,589,0,-0.00012207
26,590,0,-0.00012207
26,591,0,-0.00012207
26,592,-0.00012207,0
26,593,-0.000244141,0
26,594,-0.00012207,-0.00012207
26,595,-0.00012207,-0.00012207
26,596,-0.00012207,0.00012207
26,597,-0.00012207,-0.00012207
26,598,0,0.00012207
26,599,-0.00012207,0
26,600,0.00012207,-0.00012207
26,601,-0.00012207,-0.00012207
26,602,-0.000244141,-0.00012207
26,603,-0.00012207,-0.00012207
26,604,-0.000366211,-0.00012207
26,605,-0.000244141,-0.00012207
26,606,-0.000244141,-0.00012207
26,607,-0.00012207,-0.00012207
26,608,-0.00012207,-0.000244141
26,609,0,-0.000244141
26,610,0,-0.00012207
26,611,0,-0.00012207
26,612,0,0
26,613,0,0
26,614,-0.000244141,0
26,615,-0.000244141,-0.00012207
26,616,0.00012207,-0.000244141
26,617,0,-0.00012207
26,618,0,-0.00012207
26,619,0,-0.00012207
26,620,0.00012207,-0.00012207
26,621,0,-0.00012207
26,622,0,-0.00012207
26,623,0,-0.00012207
26,624,-0.00012207,-0.000244141
26,625,-0.00012207,-0.00012207
26,626,0,-0.00012207
26,627,-0.00012207,-0.00012207
26,628,-0.00012207,0
26,629,-0.00012207,0
26,630,-0.000244141,0.00012207
26,631,-0.00012207,0
26,632,0,0
26,633,-0.000244141,-0.00012207
26,634,0,-0.00012207
26,635,-0.000366211,-0.00012207
26,636,-0.000244141,-0.000244141
26,637,-0.000244141,-0.00012207
26,638,-0.00012207,-0.00012207
26,639,0,-0.000244141
26,640,0,-0.000244141
26,641,0,0
26,642,0,-0.00012207
26,643,0,0
26,644,0,0
26,645,-0.000244141,0
26,646,-0.000244141,-0.00012207
26,647,0.00012207,-0.00012207
26,648,0,-0.00012207
26,649,0,-0.000244141
26,650,0,-0.00012207
26,651,0.00012207,-0.00012207
26,652,0,-0.00012207
26,653,0,-0.00012207
26,654,0.00012207,0
26,655,0.00012207,-0.00012207
26,656,0,-0.00012207
26,657,0,-0.00012207
26,658,0,-0.00012207
26,659,-0.00012207,-0.00012207
26,660,-0.00012207,-0.00012207
26,661,-0.000244141,0
26,662,-0.00012207,-0.00012207
26,663,0.00012207,0
26,664,0.00012207,0
26,665,0.000244141,0.00012207
26,666,0,0
26,667,0.00012207,0
26,668,0,-0.00012207
26,669,0,-0.00012207
26,670,-0.00012207,0
26,671,-0.00012207,0
26,672,-0.00012207,0
26,673,-0.00012207,0
26,674,-0.00012207,-0.00012207
26,675,0,-0.00012207
26,676,0.00012207,-0.00012207
26,677,-0.00012207,0
26,678,-0.00012207,0
26,679,-0.00012207,0
26,680,-0.00012207,0
26,681,-0.00012207,0
26,682,-0.00012207,0
26,683,-0.00012207,0
26,684,0,0
26,685,0,0
26,686,0,0
26,687,-0.00012207,0
26,688,-0.00012207,0
26,689,-0.00012207,0
26,690,-0.00012207,0
26,691,0,-0.00012207
26,692,0,-0.00012207
26,693,0.000366211,0
26,694,0.000732422,0
26,695,0.000366211,0
26,696,0.000366211,0.00012207
26,697,0.00012207,0.00012207
26,698,0,0.00012207
26,699,-0.00012207,0.000244141
26,700,-0.000244141,0.00012207
26,701,-0.000244141,0.00012207
26,702,-0.000244141,0.00012207
26,703,-0.000244141,0
26,704,0.00012207,-0.000366211
26,705,0.000366211,-0.00012207
26,706,-0.000366211,0
26,707,-0.000244141,0.00012207
26,708,-0.000366211,0.00012207
26,709,-0.000244141,0.00012207
26,710,-0.000244141,0.000244141
26,711,-0.000366211,0.00012207
26,712,-0.00012207,0.00012207
26,713,-0.00012207,0.00012207
26,714,0,0
26,715,0.00012207,0
26,716,-0.000244141,0.00012207
26,717,-0.00012207,0
26,718,-0.000244141,-0.00012207
26,719,0,0
26,720,0,-0.00012207
26,721,0,-0.00012207
26,722,0.000488281,-0.00012207
26,723,0.000366211,-0.00012207
26,724,0.000244141,0
26,725,0.00012207,0
26,726,0,0
26,727,0,0.00012207
26,728,-0.000244141,0.00012207
26,729,-0.000244141,0.00012207
26,730,-0.000244141,0.00012207
26,731,-0.000244141,0
26,732,0,-0.000244141
26,733,0.000244141,-0.00012207
26,734,-0.000244141,0.00012207
26,735,-0.000244141,0.00012207
26,736,-0.000244141,0
26,737,-0.000244141,0.00012207
26,738,-0.00012207,0.00012207
26,739,-0.000244141,0.00012207
26,740,-0.00012207,0
26,741,-0.00012207,0.000244141
26,742,0.00012207,-0.00012207
26,743,0,0
26,744,-0.00012207,0.00012207
26,745,-0.00012207,0
26,746,-0.000244141,0
26,747,0,0
26,748,-0.00012207,-0.00012207
26,749,-0.00012207,-0.000244141
26,750,0.000732422,0
26,751,0.000488281,-0.00012207
26,752,0.000244141,0
26,753,0.00012207,0.00012207
26,754,-0.00012207,0.000366211
26,755,-0.000244141,0.00012207
26,756,-0.000244141,0.000244141
26,757,-0.000366211,0.00012207
26,758,-0.000366211,-0.00012207
26,759,0.000244141,-0.000488281
26,760,0.000610352,-0.000366211
26,761,-0.000488281,0.000244141
26,762,-0.000244141,0.00012207
26,763,-0.000488281,0.000244141
26,764,-0.000366211,0.000366211
26,765,-0.000244141,0.000244141
26,766,-0.000244141,0.000244141
26,767,-0.00012207,0.00012207
26,768,-0.00012207,0.00012207
26,769,0,0
26,770,0.00012207,0.000244141
26,771,-0.00012207,0.000244141
26,772,0,0.00012207
26,773,-0.00012207,0
26,774,0.00012207,0
26,775,0.00012207,-0.000244141
26,776,0,-0.000366211
26,777,0.000366211,-0.00012207
26,778,0.000244141,0
26,779,0.00012207,0.00012207
26,780,0.00012207,0.00012207
26,781,-0.000244141,0
26,782,-0.00012207,0
26,783,-0.000366211,0
26,784,-0.000244141,-0.00012207
26,785,0,-0.000366211
26,786,0.000366211,-0.000244141
26,787,-0.000244141,0.000244141
26,788,-0.00012207,0.00012207
26,789,-0.000244141,0.000244141
26,790,-0.000244141,0.000244141
26,791,-0.000244141,0.000244141
26,792,-0.000244141,0.00012207
26,793,0,0
26,794,-0.00012207,0.00012207
26,795,0,0
26,796,0.00012207,0.00012207
26,797,-0.00012207,0.00012207
26,798,-0.00012207,0
26,799,-0.00012207,0
26,800,0,0
26,801,0,-0.000244141
26,802,0.00012207,-0.000244141
26,803,0.000244141,0
26,804,0.00012207,0.00012207
26,805,0,0.000244141
26,806,-0.00012207,0
26,807,-0.000244141,0.00012207
26,808,-0.000244141,-0.00012207
26,809,-0.00012207,-0.00012207
26,810,0,-0.000244141
26,811,0.000366211,-0.00012207
26,812,-0.000366211,0.00012207
26,813,-0.00012207,0.00012207
26,814,-0.000244141,0.000244141
26,815,-0.00012207,0.00012207
26,816,-0.000244141,0.00012207
26,817,-0.00012207,0.000244141
26,818,0,0
26,819,-0.00012207,0.00012207
26,820,0,0.00012207
26,821,0.00012207,0.00012207
26,822,-0.00012207,0.00012207
26,823,-0.00012207,0
26,824,-0.00012207,0.00012207
26,825,0,0
26,826,0.00012207,-0.000244141
26,827,0.00012207,-0.00012207
26,828,0.00012207,0
26,829,0.00012207,0
26,830,-0.00012207,0
26,831,-0.00012207,0
26,832,-0.00012207,-0.00012207
26,833,-0.00012207,-0.00012207
26,834,-0.00012207,-0.000244141
26,835,0.000244141,-0.00012207
26,836,-0.00012207,0.00012207
26,837,-0.00012207,0
26,838,-0.00012207,0.00012207
26,839,-0.00012207,0
26,840,-0.00012207,0.00012207
26,841,-0.00012207,0.00012207
26,842,0,-0.00012207
26,843,0,0.00012207
26,844,0,0
26,845,0,0
26,846,-0.00012207,0.00012207
26,847,-0.00012207,0
26,848,-0.00012207,0.00012207
26,849,0,0
26,850,0,-0.00012207
26,851,0.00012207,-0.00012207
26,852,0.00012207,0
26,853,0,-0.00012207
26,854,0,0
26,855,-0.000244141,0
26,856,-0.00012207,-0.00012207
26,857,-0.000244141,-0.000244141
26,858,0.00012207,-0.00012207
26,859,-0.00012207,0
26,860,0,0
26,861,0,0
26,862,0,-0.00012207
26,863,0,0
26,864,0,0.00012207
26,865,0.00012207,-0.00012207
26,866,0,0
26,867,0,0.00012207
26,868,0,0
26,869,-0.00012207,0
26,870,-0.00012207,0
26,871,-0.00012207,0.00012207
26,872,-0.00012207,0
26,873,0,-0.00012207
26,874,0.00012207,-0.00012207
26,875,0.00012207,0
26,876,0.00012207,0
26,877,0,-0.00012207
26,878,0,0
26,879,-0.000244141,-0.000244141
26,880,-0.00012207,-0.000244141
26,881,0.00012207,0.00012207
26,882,0.00012207,0
26,883,0.00012207,0.00012207
26,884,0.00012207,0
26,885,0.00012207,0.00012207
26,886,0,0.00012207
26,887,0.00012207,-0.00012207
26,888,0.00012207,0.00012207
26,889,0.00012207,-0.00012207
26,890,0,-0.00012207
26,891,0,0
26,892,0,0
26,893,-0.00012207,0
26,894,-0.00012207,-0.00012207
26,895,-0.00012207,-0.00012207
26,896,0,-0.00012207
26,897,0.00012207,0
26,898,0.00012207,-0.00012207
26,899,0.00012207,0
26,900,-0.00012207,-0.00012207
26,901,-0.000244141,-0.00012207
26,902,0,0
26,903,0,-0.00012207
26,904,0,-0.00012207
26,905,0,0
26,906,0.00012207,-0.00012207
26,907,0,0
26,908,0,0
26,909,0.00012207,0
26,910,0,0
26,911,-0.00012207,-0.00012207
26,912,0,-0.00012207
26,913,-0.00012207,-0.00012207
26,914,-0.00012207,0
26,915,-0.00012207,-0.00012207
26,916,-0.00012207,0
26,917,-0.00012207,0
26,918,0.00012207,-0.00012207
26,919,0.00012207,0
26,920,-0.000244141,0
26,921,-0.000244141,-0.00012207
26,922,0.00012207,0
26,923,0,0
26,924,0,0
26,925,0.00012207,0
26,926,0.00012207,-0.00012207
26,927,0.00012207,-0.00012207
26,928,0,0
26,929,0.00012207,-0.00012207
26,930,-0.00012207,0
26,931,0,-0.00012207
26,932,0,-0.000244141
26,933,0,-0.00012207
26,934,0,0
26,935,-0.00012207,-0.00012207
26,936,-0.00012207,0
26,937,-0.00012207,0
26,938,0.00012207,0
26,939,-0.00012207,0
26,940,-0.000366211,0
26,941,0,-0.00012207
26,942,0,0
26,943,0,0
26,944,0,0
26,945,0,-0.00012207
26,946,0,0
26,947,0,0
26,948,0,-0.00012207
26,949,-0.00012207,-0.00012207
26,950,-0.00012207,-0.00012207
26,951,0,-0.00012207
26,952,0,-0.00012207
26,953,0,0
26,954,0,-0.00012207
26,955,-0.00012207,0
26,956,-0.000244141,0.00012207
26,957,-0.00012207,0
26,958,-0.000244141,0
26,959,0,-0.000244141
26,960,0,-0.00012207
26,961,0,-0.00012207
26,962,0.00012207,-0.00012207
26,963,0,-0.00012207
26,964,0,-0.00012207
26,965,0,0
26,966,0,-0.00012207
26,967,-0.00012207,0
26,968,-0.00012207,-0.00012207
26,969,-0.00012207,-0.00012207
26,970,-0.00012207,-0.00012207
26,971,-0.00012207,0
26,972,-0.00012207,-0.00012207
26,973,-0.00012207,0
26,974,-0.00012207,0.00012207
26,975,0.00012207,0.00012207
26,976,-0.000244141,-0.00012207
26,977,-0.00012207,0
26,978,-0.000244141,-0.00012207
26,979,-0.000244141,0
26,980,-0.000244141,-0.00012207
26,981,-0.000244141,-0.00012207
26,982,-0.00012207,0
26,983,-0.000244141,-0.00012207
26,984,-0.00012207,0
26,985,0,0.00012207
26,986,-0.00012207,0
26,987,-0.00012207,0
26,988,0,-0.00012207
26,989,0,0
26,990,0.00012207,0
26,991,0,0
26,992,-0.000366211,0.00012207
26,993,-0.00012207,0
26,994,-0.000366211,0.00012207
26,995,-0.000366211,0.00012207
26,996,-0.000366211,0.00012207
26,997,-0.000244141,0.00012207
26,998,-0.00012207,0
26,999,-0.00012207,0.00012207
26,1000,0,0.00012207
26,1001,0.00012207,0.00012207
26,1002,-0.00012207,0.00012207
26,1003,0,0
26,1004,-0.00012207,0
26,1005,0,0
26,1006,0.00012207,-0.00012207
26,1007,0.00012207,-0.00012207
26,1008,0.00012207,-0.00012207
26,1009,0.00012207,0
26,1010,0.00012207,0
26,1011,0.00012207,0
26,1012,0.00012207,-0.00012207
26,1013,0,-0.00012207
26,1014,0.00012207,-0.00012207
26,1015,0,-0.000244141
26,1016,0,-0.000244141
26,1017,0,-0.000244141
26,1018,0,-0.00012207
26,1019,0,-0.00012207
26,1020,-0.00012207,-0.00012207
26,1021,-0.000244141,0
26,1022,-0.000244141,0
26,1023,0.00012207,0
26,1024,0.00012207,0
26,1025,0,0
26,1026,0.00012207,0
26,1027,0,-0.00012207
26,1028,0,-0.00012207
26,1029,0,-0.00012207
26,1030,0,-0.00012207
26,1031,0,-0.00012207
26,1032,0,-0.00012207
26,1033,0,-0.00012207
26,1034,-0.00012207,-0.00012207
26,1035,-0.00012207,-0.00012207
26,1036,-0.00012207,0
26,1037,0.000244141,-0.00012207
26,1038,0.00012207,-0.00012207
26,1039,0.00012207,-0.00012207
26,1040,0,-0.00012207
26,1041,0,-0.00012207
26,1042,0,-0.00012207
26,1043,-0.00012207,-0.000244141
26,1044,0,-0.00012207
26,1045,-0.00012207,-0.00012207
26,1046,0,-0.00012207
26,1047,-0.00012207,-0.00012207
26,1048,-0.00012207,-0.00012207
26,1049,-0.00012207,-0.00012207
26,1050,0.00012207,-0.00012207
26,1051,0.00012207,0
26,1052,0.00012207,-0.00012207
26,1053,0.00012207,-0.00012207
26,1054,-0.00012207,-0.00012207
26,1055,-0.00012207,-0.000244141
26,1056,-0.00012207,-0.00012207
26,1057,-0.00012207,-0.00012207
26,1058,-0.00012207,-0.00012207
26,1059,-0.00012207,-0.00012207
26,1060,-0.00012207,0
26,1061,-0.00012207,0
26,1062,0.00012207,0
26,1063,0,-0.00012207
26,1064,0.00012207,0
26,1065,-0.00012207,-0.00012207
26,1066,-0.00012207,-0.00012207
26,1067,0,-0.00012207
26,1068,-0.00012207,0
26,1069,-0.00012207,0
26,1070,-0.00012207,-0.00012207
26,1071,-0.00012207,0
26,1072,-0.00012207,0
26,1073,0,-0.00012207
26,1074,0.00012207,-0.00012207
26,1075,-0.00012207,-0.00012207
26,1076,0,-0.00012207
26,1077,0.00012207,0
26,1078,0,-0.00012207
26,1079,0.00012207,0
26,1080,-0.00012207,-0.00012207
26,1081,-0.00012207,-0.00012207
26,1082,-0.00012207,-0.00012207
26,1083,0,0
26,1084,0,0
26,1085,-0.00012207,-0.00012207
26,1086,-0.00012207,0
26,1087,-0.00012207,0
26,1088,-0.00012207,0
26,1089,-0.00012207,0
26,1090,-0.00012207,-0.00012207
26,1091,0,0
26,1092,0,-0.00012207
26,1093,0,0
26,1094,0,0
26,1095,0,0
26,1096,0,0.00012207
26,1097,-0.00012207,-0.00012207
26,1098,-0.00012207,0
26,1099,-0.00012207,0
26,1100,0.00012207,0
26,1101,0,0
26,1102,0,0
26,1103,0,-0.00012207
26,1104,0,-0.00012207
26,1105,-0.00012207,-0.000244141
26,1106,-0.00012207,-0.000244141
26,1107,0.00012207,0
26,1108,0,-0.00012207
26,1109,0,-0.00012207
26,1110,0,-0.00012207
26,1111,-0.00012207,-0.000244141
26,1112,-0.00012207,-0.000244141
26,1113,0.00012207,0
26,1114,0,0
26,1115,0,-0.00012207
26,1116,-0.00012207,-0.00012207
26,1117,-0.00012207,-0.00012207
26,1118,0,-0.00012207
26,1119,0,-0.00012207
26,1120,-0.00012207,-0.00012207
26,1121,-0.00012207,-0.00012207
26,1122,0,-0.00012207
26,1123,0,-0.00012207
26,1124,0,-0.00012207
26,1125,0,-0.00012207
26,1126,-0.00012207,-0.00012207
26,1127,0.00012207,0
27,0,0.00305176,0.00317383
27,1,-0.00195312,0.00354004
27,2,-0.00256348,0.00354004
27,3,0.00341797,-0.00317383
27,4,0.00195312,-0.000976562
27,5,-0.00378418,-0.000244141
27,6,-0.00280762,-0.00378418
27,7,-0.0032959,-0.00488281
27,8,-0.00390625,-0.000854492
27,9,-0.00317383,0.00280762
27,10,-0.00280762,0.00317383
27,11,-0.00244141,0.0032959
27,12,-0.00158691,0.0032959
27,13,0.0012207,0.000610352
27,14,0.00256348,-0.00341797
27,15,0.00012207,-0.00463867
27,16,-0.00317383,-0.00390625
27,17,-0.00622559,-0.00170898
27,18,-0.00549316,-0.000854492
27,19,-0.00646973,-0.000244141
27,20,-0.00537109,0.000366211
27,21,-0.00439453,0.000854492
27,22,-0.00195312,0.000854492
27,23,-0.00134277,-0.00170898
27,24,0.000976562,-0.00354004
27,25,0.00427246,-0.00146484
27,26,0.00463867,-0.000244141
27,27,0.00463867,0.000244141
27,28,0.00390625,0.00183105
27,29,-0.000488281,0.00341797
27,30,-0.00439453,0.000244141
27,31,0.00378418,-0.0032959
27,32,0.00134277,-0.00134277
27,33,0.00268555,-0.00256348
27,34,0.00280762,-0.00195312
27,35,0.00268555,-0.00195312
27,36,0.00366211,-0.00268555
27,37,0.00366211,-0.0032959
27,38,0.00268555,-0.00488281
27,39,-0.00427246,-0.00402832
27,40,-0.00415039,-0.00292969
27,41,-0.0020752,-0.00183105
27,42,-0.00146484,-0.000732422
27,43,-0.00109863,-0.000488281
27,44,-0.000244141,0.000244141
27,45,0.000732422,0.00146484
27,46,0.000732422,0.00158691
27,47,0.00134277,0.00244141
27,48,0.00109863,0.00268555
27,49,-0.000488281,-0.00305176
27,50,0.00012207,-0.00146484
27,51,-0.00170898,0.00170898
27,52,-0.00292969,-0.00012207
27,53,-0.00366211,-0.000488281
27,54,-0.0020752,0.00134277
27,55,-0.00012207,0.00231934
27,56,0.000244141,0.00244141
27,57,0.000488281,0.00231934
27,58,0.000854492,0.00195312
27,59,0.000854492,-0.000366211
27,60,-0.000610352,-0.00268555
27,61,-0.00195312,-0.00195312
27,62,-0.0032959,-0.00012207
27,63,-0.00390625,0.0020752
27,64,-0.00305176,0.00219727
27,65,-0.00341797,0.00292969
27,66,-0.00231934,0.00268555
27,67,-0.00146484,0.00268555
27,68,-0.00012207,0.00158691
27,69,-0.0012207,0.000366211
27,70,-0.00109863,-0.00158691
27,71,0.00134277,-0.00280762
27,72,0.0020752,-0.00256348
27,73,0.00219727,-0.00256348
27,74,0.00256348,-0.00158691
27,75,0.0012207,0.000976562
27,76,-0.0020752,0.00183105
27,77,0.000244141,-0.0032959
27,78,0.00012207,-0.0012207
27,79,0.000244141,-0.00231934
27,80,0.000610352,-0.00195312
27,81,0.000488281,-0.0020752
27,82,0.000610352,-0.00280762
27,83,0.000244141,-0.00317383
27,84,-0.000732422,-0.0032959
27,85,-0.00354004,0.000488281
27,86,-0.00341797,0.000732422
27,87,-0.00195312,0
27,88,-0.00109863,0.000244141
27,89,-0.000976562,0.00012207
27,90,0,0.000244141
27,91,0.000976562,0.000488281
27,92,0.00109863,0.000732422
27,93,0.00305176,0.000244141
27,94,-0.00317383,-0.000976562
27,95,-0.00134277,-0.000854492
27,96,0.000976562,0.0020752
27,97,-0.00134277,0.00280762
27,98,-0.00158691,0.00317383
27,99,0.000732422,0.00219727
27,100,0.00231934,0.000488281
27,101,0.00244141,0.000244141
27,102,0.00256348,0
27,103,0.00219727,-0.000488281
27,104,0,-0.000976562
27,105,-0.00256348,-0.000366211
27,106,-0.00256348,0.00134277
27,107,-0.00134277,0.00280762
27,108,0.000488281,0.00354004
27,109,0.000854492,0.00317383
27,110,0.00134277,0.00354004
27,111,0.00158691,0.00268555
27,112,0.00170898,0.00231934
27,113,0.0012207,0.00109863
27,114,-0.000610352,0.00170898
27,115,-0.00231934,0.000976562
27,116,-0.00195312,-0.00195312
27,117,-0.00146484,-0.00268555
27,118,-0.0012207,-0.00305176
27,119,0,-0.00317383
27,120,0.00183105,-0.00158691
27,121,0.0012207,0.00183105
27,122,-0.00268555,-0.0012207
27,123,-0.000976562,-0.000366211
27,124,-0.00195312,-0.000488281
27,125,-0.00170898,-0.000610352
27,126,-0.00170898,-0.000732422
27,127,-0.00231934,-0.000976562
27,128,-0.00280762,-0.000732422
27,129,-0.00317383,0.00012207
27,130,-0.000854492,0.00354004
27,131,-0.000488281,0.00292969
27,132,-0.000610352,0.0012207
27,133,-0.00012207,0.000732422
27,134,-0.00012207,0.000366211
27,135,0.00012207,-0.00012207
27,136,0.000488281,-0.000732422
27,137,0.000488281,-0.000488281
27,138,-0.00354004,-0.000732422
27,139,-0.00146484,-0.000854492
27,140,0.00134277,0.00195312
27,141,-0.000854492,0.00292969
27,142,-0.00134277,0.00341797
27,143,0.00109863,0.00219727
27,144,0.00268555,0.000244141
27,145,0.00280762,0.00012207
27,146,0.00268555,-0.000244141
27,147,0.00231934,-0.000732422
27,148,0,-0.00109863
27,149,-0.00292969,-0.00012207
27,150,-0.00244141,0.00183105
27,151,-0.00109863,0.00305176
27,152,0.000976562,0.00378418
27,153,0.00134277,0.00317383
27,154,0.00183105,0.00341797
27,155,0.00195312,0.00268555
27,156,0.00195312,0.00231934
27,157,0.00134277,0.00109863
27,158,-0.000488281,0.00195312
27,159,-0.00244141,0.0012207
27,160,-0.00244141,-0.00183105
27,161,-0.00195312,-0.00268555
27,162,-0.00170898,-0.00305176
27,163,-0.000488281,-0.0032959
27,164,0.00183105,-0.00183105
27,165,0.00146484,0.00183105
27,166,-0.00305176,-0.000976562
27,167,-0.00109863,-0.000244141
27,168,-0.00219727,-0.000244141
27,169,-0.00195312,-0.000488281
27,170,-0.0020752,-0.000488281
27,171,-0.00280762,-0.000854492
27,172,-0.00317383,-0.000488281
27,173,-0.00341797,0.000488281
27,174,-0.000488281,0.00378418
27,175,-0.000244141,0.00305176
27,176,-0.000366211,0.00134277
27,177,0.00012207,0.000732422
27,178,0,0.000488281
27,179,0.00012207,-0.000244141
27,180,0.000488281,-0.000732422
27,181,0.000488281,-0.000488281
27,182,0.00158691,0.000366211
27,183,-0.00195312,-0.00183105
27,184,0.000244141,-0.0032959
27,185,0.000366211,-0.00415039
27,186,-0.00195312,-0.00231934
27,187,-0.00305176,0.00012207
27,188,-0.00305176,0.000488281
27,189,-0.00292969,0.000732422
27,190,-0.00256348,0.0012207
27,191,0.00012207,0.000854492
27,192,0.00280762,-0.000732422
27,193,0.00219727,-0.00244141
27,194,0.000244141,-0.00341797
27,195,-0.00219727,-0.00354004
27,196,-0.00231934,-0.00292969
27,197,-0.00305176,-0.00305176
27,198,-0.00280762,-0.00219727
27,199,-0.00268555,-0.00195312
27,200,-0.00158691,-0.000976562
27,201,0.000244141,-0.00219727
27,202,0.00244141,-0.00183105
27,203,0.00305176,0.00109863
27,204,0.00244141,0.00219727
27,205,0.00219727,0.00256348
27,206,0.000976562,0.00317383
27,207,-0.00195312,0.00219727
27,208,-0.00231934,-0.00158691
27,209,0.00317383,0
27,210,0.00109863,-0.000244141
27,211,0.00244141,-0.000488281
27,212,0.00231934,-0.000244141
27,213,0.00231934,-0.000244141
27,214,0.00317383,0
27,215,0.00354004,-0.000366211
27,216,0.00354004,-0.00158691
27,217,-0.000488281,-0.00402832
27,218,-0.000854492,-0.0032959
27,219,-0.000244141,-0.00146484
27,220,-0.000488281,-0.000854492
27,221,-0.000366211,-0.000610352
27,222,-0.000244141,0
27,223,-0.000366211,0.000854492
27,224,-0.000244141,0.000488281
27,225,-0.0012207,-0.000610352
27,226,-0.000488281,-0.00158691
27,227,-0.000366211,-0.00195312
27,228,-0.0012207,-0.000854492
27,229,-0.00134277,0.000488281
27,230,-0.00134277,0.000610352
27,231,-0.0012207,0.000732422
27,232,-0.000976562,0.000732422
27,233,0.00012207,0.000366211
27,234,0.00109863,-0.000732422
27,235,0.000610352,-0.00134277
27,236,-0.000366211,-0.00170898
27,237,-0.00146484,-0.00134277
27,238,-0.00146484,-0.000976562
27,239,-0.00183105,-0.00109863
27,240,-0.00158691,-0.000610352
27,241,-0.00158691,-0.000488281
27,242,-0.000854492,-0.000244141
27,243,-0.000244141,-0.000976562
27,244,0.000732422,-0.00109863
27,245,0.00146484,0.00012207
27,246,0.00134277,0.000610352
27,247,0.00134277,0.000854492
27,248,0.000854492,0.0012207
27,249,-0.000610352,0.00109863
27,250,-0.00134277,-0.000488281
27,251,0.00146484,-0.000488281
27,252,0.000488281,-0.000244141
27,253,0.000976562,-0.000488281
27,254,0.000976562,-0.000366211
27,255,0.00109863,-0.000366211
27,256,0.00134277,-0.000366211
27,257,0.00146484,-0.000610352
27,258,0.00134277,-0.00109863
27,259,-0.000854492,-0.00183105
27,260,-0.000854492,-0.00146484
27,261,-0.000366211,-0.000732422
27,262,-0.000366211,-0.000366211
27,263,-0.000244141,-0.000366211
27,264,-0.00012207,0
27,265,-0.00012207,0.000366211
27,266,0,0.000244141
27,267,0.00183105,0.00195312
27,268,0.0020752,0.00244141
27,269,0.00219727,0.000366211
27,270,0.00158691,-0.00158691
27,271,0.00134277,-0.00195312
27,272,0.00109863,-0.0020752
27,273,0.000610352,-0.0020752
27,274,-0.000732422,-0.000488281
27,275,-0.00134277,0.00195312
27,276,0.00012207,0.00244141
27,277,0.00183105,0.00195312
27,278,0.0032959,0.000732422
27,279,0.00292969,0.000244141
27,280,0.00341797,0
27,281,0.00280762,-0.000488281
27,282,0.00231934,-0.000610352
27,283,0.000976562,-0.000488281
27,284,0.000732422,0.000976562
27,285,-0.000488281,0.00195312
27,286,-0.00244141,0.000732422
27,287,-0.00280762,0
27,288,-0.00280762,-0.000244141
27,289,-0.00231934,-0.00109863
27,290,0,-0.00195312
27,291,0.00231934,-0.000366211
27,292,-0.00195312,0.00183105
27,293,-0.000854492,0.000610352
27,294,-0.00158691,0.00146484
27,295,-0.00170898,0.00109863
27,296,-0.00170898,0.00109863
27,297,-0.0020752,0.00146484
27,298,-0.0020752,0.00183105
27,299,-0.00134277,0.00256348
27,300,0.00268555,0.00183105
27,301,0.00244141,0.00134277
27,302,0.0012207,0.000976562
27,303,0.000854492,0.000366211
27,304,0.000610352,0.000244141
27,305,0,-0.00012207
27,306,-0.000488281,-0.000610352
27,307,-0.000610352,-0.000610352
27,308,0.00415039,-0.00012207
27,309,0.00195312,-0.00183105
27,310,-0.000610352,-0.00280762
27,311,-0.000976562,-0.00280762
27,312,-0.00134277,-0.00280762
27,313,-0.00158691,-0.00231934
27,314,-0.000976562,0.000244141
27,315,0.000732422,0.00280762
27,316,0.00280762,0.00183105
27,317,0.00354004,-0.00012207
27,318,0.0032959,-0.00244141
27,319,0.00268555,-0.00268555
27,320,0.00268555,-0.0032959
27,321,0.00195312,-0.00317383
27,322,0.00134277,-0.00292969
27,323,0.000366211,-0.00170898
27,324,0.00170898,-0.000244141
27,325,0.00195312,0.00158691
27,326,-0.0012207,0.00244141
27,327,-0.00219727,0.00244141
27,328,-0.00268555,0.00231934
27,329,-0.0032959,0.00134277
27,330,-0.00231934,-0.00134277
27,331,0.00134277,-0.00231934
27,332,0.00012207,0.00341797
27,333,0,0.0012207
27,334,0.000244141,0.00231934
27,335,-0.00012207,0.00195312
27,336,-0.000244141,0.00195312
27,337,-0.00012207,0.00256348
27,338,0.000366211,0.00292969
27,339,0.00170898,0.00305176
27,340,0.00427246,-0.00109863
27,341,0.00341797,-0.00109863
27,342,0.00183105,-0.00012207
27,343,0.00109863,-0.000366211
27,344,0.000610352,-0.00012207
27,345,-0.00012207,0
27,346,-0.00109863,-0.00012207
27,347,-0.00109863,0
27,348,0.00268555,-0.00231934
27,349,-0.000488281,-0.00366211
27,350,-0.00109863,-0.00366211
27,351,-0.00134277,-0.00366211
27,352,-0.00183105,-0.00292969
27,353,-0.00109863,0.000366211
27,354,0.0012207,0.00341797
27,355,0.00317383,0.00244141
27,356,0.00427246,-0.000366211
27,357,0.00390625,-0.00366211
27,358,0.00305176,-0.00354004
27,359,0.00305176,-0.0045166
27,360,0.0020752,-0.00402832
27,361,0.00134277,-0.00354004
27,362,0.000488281,-0.00183105
27,363,0.0020752,0
27,364,0.00219727,0.00256348
27,365,-0.00109863,0.00378418
27,366,-0.00244141,0.0032959
27,367,-0.00268555,0.00305176
27,368,-0.00354004,0.00158691
27,369,-0.00244141,-0.00219727
27,370,0.00183105,-0.0032959
27,371,0.000610352,0.00427246
27,372,0.000244141,0.00158691
27,373,0.000488281,0.0032959
27,374,0,0.00317383
27,375,0,0.00292969
27,376,0.00012207,0.00390625
27,377,0.000610352,0.0045166
27,378,0.00231934,0.00439453
27,379,0.00500488,-0.00134277
27,380,0.00402832,-0.00170898
27,381,0.00231934,-0.000488281
27,382,0.0012207,-0.000488281
27,383,0.000854492,-0.000366211
27,384,-0.00012207,0
27,385,-0.00146484,0
27,386,-0.00134277,0
27,387,0.00170898,-0.00219727
27,388,0.00134277,-0.00231934
27,389,0.00109863,-0.00244141
27,390,0.000488281,-0.00231934
27,391,-0.000732422,-0.000610352
27,392,-0.000976562,0.0020752
27,393,0.00012207,0.00268555
27,394,0.0020752,0.00170898
27,395,0.00341797,-0.000244141
27,396,0.00317383,-0.000488281
27,397,0.00354004,-0.000976562
27,398,0.00268555,-0.00109863
27,399,0.00231934,-0.000854492
27,400,0.00109863,-0.000488281
27,401,0.000732422,0.00134277
27,402,-0.000610352,0.00268555
27,403,-0.00256348,0.00158691
27,404,-0.00292969,0.000732422
27,405,-0.00292969,0.000366211
27,406,-0.00244141,-0.000854492
27,407,0,-0.00256348
27,408,0.00256348,-0.000976562
27,409,-0.00158691,0.00231934
27,410,-0.000610352,0.000854492
27,411,-0.00134277,0.00231934
27,412,-0.00158691,0.00195312
27,413,-0.00158691,0.00195312
27,414,-0.0020752,0.00244141
27,415,-0.00195312,0.00292969
27,416,-0.0012207,0.00341797
27,417,0.00280762,0.00134277
27,418,0.00256348,0.000610352
27,419,0.00146484,0.000488281
27,420,0.000976562,0.00012207
27,421,0.000732422,0.00012207
27,422,0,-0.00012207
27,423,-0.000488281,-0.000488281
27,424,-0.000610352,-0.000244141
27,425,0.00292969,-0.000488281
27,426,0.00280762,-0.000610352
27,427,0.00244141,-0.00109863
27,428,-0.00012207,-0.000976562
27,429,-0.00256348,0.000488281
27,430,-0.00231934,0.0020752
27,431,-0.000366211,0.00280762
27,432,0.0020752,0.00280762
27,433,0.0020752,0.00244141
27,434,0.00280762,0.00231934
27,435,0.00244141,0.00183105
27,436,0.0020752,0.00158691
27,437,0.00109863,0.000732422
27,438,-0.000610352,0.00170898
27,439,-0.00268555,0.00158691
27,440,-0.00280762,-0.000854492
27,441,-0.00231934,-0.00183105
27,442,-0.00183105,-0.0020752
27,443,-0.000610352,-0.00256348
27,444,0.00219727,-0.00183105
27,445,0.00231934,0.00134277
27,446,-0.00292969,-0.00012207
27,447,-0.0012207,0
27,448,-0.00268555,0.000488281
27,449,-0.00244141,0.00012207
27,450,-0.00244141,0.00012207
27,451,-0.00317383,0.00012207
27,452,-0.00341797,0.000488281
27,453,-0.00366211,0.00134277
27,454,0.00012207,0.00341797
27,455,0.000610352,0.00256348
27,456,0.000366211,0.0012207
27,457,0.000366211,0.000732422
27,458,0.000366211,0.000488281
27,459,0.00012207,-0.00012207
27,460,0.00012207,-0.000854492
27,461,0,-0.000732422
27,462,0.00292969,-0.000244141
27,463,0.00256348,-0.000610352
27,464,-0.00012207,-0.000976562
27,465,-0.00280762,0.000366211
27,466,-0.00256348,0.00170898
27,467,-0.000732422,0.00280762
27,468,0.00183105,0.00317383
27,469,0.00183105,0.00280762
27,470,0.00256348,0.00305176
27,471,0.00231934,0.00219727
27,472,0.00183105,0.00195312
27,473,0.000854492,0.000854492
27,474,-0.000976562,0.00158691
27,475,-0.00292969,0.00109863
27,476,-0.00268555,-0.0012207
27,477,-0.00219727,-0.0020752
27,478,-0.00170898,-0.00231934
27,479,-0.000366211,-0.00268555
27,480,0.00244141,-0.00146484
27,481,0.00219727,0.00170898
27,482,-0.00305176,-0.000488281
27,483,-0.0012207,-0.000244141
27,484,-0.00280762,0
27,485,-0.00256348,-0.000244141
27,486,-0.00256348,-0.000244141
27,487,-0.0032959,-0.000244141
27,488,-0.00366211,0
27,489,-0.00390625,0.000976562
27,490,-0.000366211,0.00354004
27,491,0.000244141,0.00280762
27,492,0.00012207,0.00134277
27,493,0.000244141,0.000610352
27,494,0.000244141,0.000488281
27,495,0,-0.000366211
27,496,0.00012207,-0.000976562
27,497,0,-0.000854492
27,498,0.00256348,-0.000488281
27,499,0,-0.000976562
27,500,-0.00268555,0
27,501,-0.00280762,0.00158691
27,502,-0.000976562,0.00280762
27,503,0.00146484,0.0032959
27,504,0.00146484,0.00292969
27,505,0.00231934,0.00305176
27,506,0.0020752,0.00231934
27,507,0.00170898,0.0020752
27,508,0.000854492,0.000976562
27,509,-0.000976562,0.00146484
27,510,-0.00292969,0.00109863
27,511,-0.00244141,-0.00146484
27,512,-0.00183105,-0.00231934
27,513,-0.00134277,-0.00256348
27,514,-0.00012207,-0.00280762
27,515,0.00244141,-0.00146484
27,516,0.00195312,0.00183105
27,517,-0.00292969,-0.000732422
27,518,-0.0012207,-0.000244141
27,519,-0.00256348,-0.000244141
27,520,-0.00231934,-0.000488281
27,521,-0.00231934,-0.000488281
27,522,-0.00305176,-0.000488281
27,523,-0.00341797,-0.000366211
27,524,-0.00378418,0.000610352
27,525,-0.000610352,0.00366211
27,526,0,0.00280762
27,527,-0.00012207,0.00134277
27,528,0,0.000732422
27,529,0,0.000488281
27,530,0,-0.000244141
27,531,0.000244141,-0.000854492
27,532,0,-0.000854492
27,533,0.000244141,-0.000854492
27,534,-0.00231934,-0.000488281
27,535,-0.00268555,0.000976562
27,536,-0.00146484,0.00231934
27,537,0.000610352,0.00317383
27,538,0.000732422,0.00280762
27,539,0.00134277,0.00305176
27,540,0.00134277,0.00244141
27,541,0.0012207,0.00219727
27,542,0.000610352,0.00109863
27,543,-0.00109863,0.0012207
27,544,-0.00268555,0.000488281
27,545,-0.00183105,-0.00170898
27,546,-0.0012207,-0.00244141
27,547,-0.000732422,-0.00256348
27,548,0.000366211,-0.00256348
27,549,0.00231934,-0.000854492
27,550,0.00134277,0.00183105
27,551,-0.00244141,-0.00109863
27,552,-0.00109863,-0.000366211
27,553,-0.00231934,-0.000610352
27,554,-0.00195312,-0.000732422
27,555,-0.00195312,-0.000732422
27,556,-0.00256348,-0.000976562
27,557,-0.00280762,-0.000854492
27,558,-0.00341797,0
27,559,-0.0012207,0.00305176
27,560,-0.000610352,0.00244141
27,561,-0.000488281,0.0012207
27,562,-0.00012207,0.000610352
27,563,-0.00012207,0.000488281
27,564,0,-0.00012207
27,565,0.000244141,-0.000732422
27,566,0.00012207,-0.000610352
27,567,0.00012207,-0.000976562
27,568,-0.000610352,-0.000854492
27,569,-0.000976562,-0.000366211
27,570,-0.00134277,0.000244141
27,571,-0.00109863,0.000366211
27,572,-0.00109863,0.000610352
27,573,-0.000854492,0.000610352
27,574,-0.000732422,0.000610352
27,575,-0.000244141,0.000488281
27,576,-0.000610352,-0.00012207
27,577,-0.000610352,-0.000732422
27,578,0.000366211,-0.000854492
27,579,0.000732422,-0.000732422
27,580,0.000854492,-0.000610352
27,581,0.000854492,-0.000244141
27,582,0.000366211,0.000488281
27,583,-0.000732422,0.000488281
27,584,0.000244141,-0.000976562
27,585,0,-0.000366211
27,586,0,-0.000732422
27,587,0.00012207,-0.000732422
27,588,0.00012207,-0.000610352
27,589,0.00012207,-0.000976562
27,590,0,-0.000976562
27,591,-0.000244141,-0.0012207
27,592,-0.00109863,-0.000244141
27,593,-0.000976562,-0.00012207
27,594,-0.000610352,-0.00012207
27,595,-0.000366211,0
27,596,-0.000366211,0
27,597,-0.00012207,0.00012207
27,598,0.00012207,0.000244141
27,599,0.00012207,0.000366211
27,600,0.00231934,-0.00170898
27,601,0.000732422,-0.00305176
27,602,-0.00158691,-0.00378418
27,603,-0.00158691,-0.00317383
27,604,-0.0020752,-0.00341797
27,605,-0.00219727,-0.00256348
27,606,-0.00183105,-0.00183105
27,607,-0.000976562,-0.000488281
27,608,0.000488281,-0.00109863
27,609,0.0020752,-0.000732422
27,610,0.00219727,0.00170898
27,611,0.00183105,0.00219727
27,612,0.00158691,0.00244141
27,613,0.000366211,0.00256348
27,614,-0.0020752,0.000976562
27,615,-0.00183105,-0.0020752
27,616,0.00292969,0.000610352
27,617,0.00109863,0.000244141
27,618,0.00231934,0.000488281
27,619,0.0020752,0.000732422
27,620,0.0020752,0.000854492
27,621,0.00280762,0.000976562
27,622,0.00317383,0.000732422
27,623,0.00341797,-0.000488281
27,624,0.000366211,-0.00378418
27,625,-0.00012207,-0.00317383
27,626,-0.00012207,-0.00170898
27,627,-0.000366211,-0.00109863
27,628,-0.000366211,-0.000732422
27,629,-0.000366211,0.00012207
27,630,-0.000488281,0.000976562
27,631,-0.000366211,0.0012207
27,632,0.00256348,-0.00219727
27,633,0.000732422,-0.00402832
27,634,0.000366211,-0.00366211
27,635,-0.000244141,-0.00415039
27,636,-0.000488281,-0.00354004
27,637,-0.000610352,-0.00292969
27,638,-0.000610352,-0.00146484
27,639,0.00146484,-0.00109863
27,640,0.00292969,0.000244141
27,641,0.00109863,0.00244141
27,642,0.00012207,0.00305176
27,643,-0.000366211,0.00292969
27,644,-0.00158691,0.00256348
27,645,-0.00305176,0
27,646,-0.000854492,-0.00280762
27,647,0.00219727,0.00231934
27,648,0.000854492,0.000854492
27,649,0.00195312,0.00158691
27,650,0.00170898,0.00158691
27,651,0.00158691,0.00146484
27,652,0.0020752,0.00195312
27,653,0.00268555,0.0020752
27,654,0.00366211,0.00134277
27,655,0.00280762,-0.00305176
27,656,0.00170898,-0.00268555
27,657,0.000976562,-0.00134277
27,658,0.000366211,-0.000854492
27,659,0.000244141,-0.000610352
27,660,-0.000244141,0
27,661,-0.000976562,0.000610352
27,662,-0.000854492,0.000488281
27,663,0.00366211,-0.00256348
27,664,0.00292969,-0.00280762
27,665,0.00305176,-0.00354004
27,666,0.0020752,-0.0032959
27,667,0.00146484,-0.00305176
27,668,0.000366211,-0.00170898
27,669,0.00170898,-0.000244141
27,670,0.00170898,0.00183105
27,671,-0.00134277,0.00280762
27,672,-0.00219727,0.00256348
27,673,-0.00256348,0.00244141
27,674,-0.00317383,0.00134277
27,675,-0.0020752,-0.00158691
27,676,0.00170898,-0.00244141
27,677,0,0.00354004
27,678,-0.00012207,0.0012207
27,679,0.00012207,0.00244141
27,680,-0.000366211,0.00219727
27,681,-0.000244141,0.00219727
27,682,-0.000244141,0.00292969
27,683,0.00012207,0.0032959
27,684,0.00146484,0.00341797
27,685,0.00427246,-0.000854492
27,686,0.00354004,-0.000976562
27,687,0.00183105,-0.00012207
27,688,0.000976562,-0.000366211
27,689,0.000610352,-0.000244141
27,690,-0.00012207,-0.00012207
27,691,-0.0012207,-0.000244141
27,692,-0.0012207,-0.000366211
27,693,0.00524902,-0.000610352
27,694,0.00610352,-0.00134277
27,695,0.00463867,-0.00183105
27,696,0.00341797,-0.00195312
27,697,0.000976562,-0.00146484
27,698,0.0012207,0.000732422
27,699,-0.000488281,0.00292969
27,700,-0.00378418,0.00219727
27,701,-0.00439453,0.0012207
27,702,-0.00439453,0.000976562
27,703,-0.00402832,-0.000488281
27,704,-0.000244141,-0.00268555
27,705,0.00390625,-0.00109863
27,706,-0.00280762,0.00390625
27,707,-0.0012207,0.00134277
27,708,-0.00244141,0.00268555
27,709,-0.00256348,0.00219727
27,710,-0.00256348,0.00219727
27,711,-0.00317383,0.00292969
27,712,-0.00305176,0.00366211
27,713,-0.00170898,0.00463867
27,714,0.00463867,0.00231934
27,715,0.0045166,0.00146484
27,716,0.00231934,0.0012207
27,717,0.00134277,0.000366211
27,718,0.00109863,0.000244141
27,719,-0.00012207,-0.000366211
27,720,-0.0012207,-0.0012207
27,721,-0.00146484,-0.00146484
27,722,0.00549316,-0.000732422
27,723,0.00427246,-0.0012207
27,724,0.00354004,-0.00134277
27,725,0.0012207,-0.000854492
27,726,0.00109863,0.0012207
27,727,-0.000610352,0.00292969
27,728,-0.00354004,0.00146484
27,729,-0.00390625,0.000610352
27,730,-0.00402832,0.000244141
27,731,-0.00354004,-0.00109863
27,732,-0.000244141,-0.00268555
27,733,0.00341797,-0.000610352
27,734,-0.00292969,0.00292969
27,735,-0.00109863,0.00109863
27,736,-0.00219727,0.00231934
27,737,-0.00231934,0.00170898
27,738,-0.00231934,0.00183105
27,739,-0.00292969,0.00244141
27,740,-0.00280762,0.00305176
27,741,-0.00183105,0.00402832
27,742,0.00390625,0.00244141
27,743,0.00366211,0.00170898
27,744,0.00170898,0.0012207
27,745,0.00109863,0.000366211
27,746,0.000732422,0.000244141
27,747,-0.000244141,-0.000366211
27,748,-0.000854492,-0.00109863
27,749,-0.00109863,-0.00109863
27,750,0.00512695,-0.000732422
27,751,0.00415039,-0.00109863
27,752,0.00146484,-0.000976562
27,753,0.000854492,0.00146484
27,754,-0.00134277,0.00317383
27,755,-0.00439453,0.00134277
27,756,-0.00463867,0.000244141
27,757,-0.00463867,0
27,758,-0.00378418,-0.00158691
27,759,0.000366211,-0.00305176
27,760,0.00427246,-0.000366211
27,761,-0.00378418,0.00317383
27,762,-0.00158691,0.0012207
27,763,-0.00292969,0.00231934
27,764,-0.00305176,0.00170898
27,765,-0.00305176,0.00183105
27,766,-0.00378418,0.00244141
27,767,-0.00390625,0.00317383
27,768,-0.00280762,0.00439453
27,769,0.00415039,0.0032959
27,770,0.00427246,0.00244141
27,771,0.00195312,0.00158691
27,772,0.0012207,0.000610352
27,773,0.000854492,0.000488281
27,774,-0.00012207,-0.000366211
27,775,-0.000976562,-0.00134277
27,776,-0.0012207,-0.00146484
27,777,0.00341797,-0.000488281
27,778,0.00134277,-0.000732422
27,779,0.000732422,0.0012207
27,780,-0.00109863,0.00244141
27,781,-0.00354004,0.000488281
27,782,-0.00378418,-0.000244141
27,783,-0.00378418,-0.000610352
27,784,-0.00305176,-0.00183105
27,785,0.000366211,-0.00256348
27,786,0.0032959,0.00012207
27,787,-0.0032959,0.00219727
27,788,-0.00134277,0.000732422
27,789,-0.00244141,0.00158691
27,790,-0.00244141,0.000976562
27,791,-0.00244141,0.00109863
27,792,-0.00317383,0.00158691
27,793,-0.0032959,0.0020752
27,794,-0.00256348,0.0032959
27,795,0.00317383,0.0032959
27,796,0.00305176,0.00256348
27,797,0.00134277,0.00158691
27,798,0.000854492,0.000610352
27,799,0.000610352,0.000488281
27,800,-0.00012207,-0.000366211
27,801,-0.000610352,-0.0012207
27,802,-0.000732422,-0.00134277
27,803,0.00183105,-0.000366211
27,804,0.00109863,0.00146484
27,805,-0.000732422,0.00244141
27,806,-0.00305176,0.000366211
27,807,-0.00317383,-0.000610352
27,808,-0.0032959,-0.000976562
27,809,-0.00256348,-0.0020752
27,810,0.00012207,-0.00244141
27,811,0.00256348,0.000244141
27,812,-0.00305176,0.00134277
27,813,-0.00109863,0.000488281
27,814,-0.00183105,0.0012207
27,815,-0.00183105,0.000732422
27,816,-0.00170898,0.000976562
27,817,-0.00244141,0.0012207
27,818,-0.00256348,0.00170898
27,819,-0.00219727,0.00268555
27,820,0.00231934,0.00292969
27,821,0.0020752,0.00244141
27,822,0.000488281,0.00134277
27,823,0.000488281,0.000488281
27,824,0.000366211,0.000488281
27,825,-0.00012207,-0.00012207
27,826,-0.00012207,-0.000976562
27,827,0,-0.000976562
27,828,0.00109863,0.00109863
27,829,-0.00012207,0.00146484
27,830,-0.00134277,0
27,831,-0.00146484,-0.000732422
27,832,-0.00158691,-0.000976562
27,833,-0.00134277,-0.00146484
27,834,-0.000244141,-0.00146484
27,835,0.000854492,0.000366211
27,836,-0.00158691,0.000244141
27,837,-0.000366211,0
27,838,-0.000610352,0.000366211
27,839,-0.000488281,0.000244141
27,840,-0.000488281,0.000366211
27,841,-0.000732422,0.000488281
27,842,-0.000976562,0.000610352
27,843,-0.000854492,0.00109863
27,844,0.000854492,0.00158691
27,845,0.000488281,0.00134277
27,846,-0.000244141,0.000732422
27,847,0,0.000366211
27,848,-0.00012207,0.000366211
27,849,-0.00012207,0.000244141
27,850,0.000244141,-0.000366211
27,851,0.000732422,-0.000244141
27,852,0.00195312,0.0012207
27,853,-0.00012207,0.00146484
27,854,-0.000976562,0.0012207
27,855,-0.00134277,0.00109863
27,856,-0.00195312,0.000366211
27,857,-0.0020752,-0.000854492
27,858,0.00012207,-0.00109863
27,859,0,0.00134277
27,860,0.000244141,0.000366211
27,861,0.000854492,0.000854492
27,862,0.000732422,0.000732422
27,863,0.000854492,0.000854492
27,864,0.000854492,0.00134277
27,865,0.000976562,0.00146484
27,866,0.00146484,0.00146484
27,867,0.00195312,-0.000366211
27,868,0.00109863,-0.000244141
27,869,0.000244141,0.00012207
27,870,0.00012207,-0.00012207
27,871,0,-0.00012207
27,872,-0.00012207,0.00012207
27,873,-0.00012207,-0.000244141
27,874,0.000488281,-0.000244141
27,875,0.0020752,0.00183105
27,876,0.000854492,0.00231934
27,877,0.000244141,0.00231934
27,878,-0.0012207,0.0020752
27,879,-0.0032959,0.000366211
27,880,-0.00158691,-0.00219727
27,881,0.0020752,0.0012207
27,882,0.000854492,0.000244141
27,883,0.00256348,0.000488281
27,884,0.00231934,0.000610352
27,885,0.00244141,0.000610352
27,886,0.00305176,0.000976562
27,887,0.00341797,0.000976562
27,888,0.00390625,0.000366211
27,889,0.00158691,-0.00268555
27,890,0.000488281,-0.0020752
27,891,0.00012207,-0.000976562
27,892,-0.00012207,-0.000610352
27,893,-0.000244141,-0.000488281
27,894,-0.000244141,0.00012207
27,895,-0.000366211,0.000366211
27,896,0,0.000244141
27,897,0.0032959,0.000854492
27,898,0.00317383,0.000976562
27,899,0.0020752,0.00183105
27,900,-0.00134277,0.00183105
27,901,-0.00317383,-0.000854492
27,902,0.00305176,-0.00146484
27,903,0.00109863,-0.000610352
27,904,0.00268555,-0.0012207
27,905,0.00280762,-0.000732422
27,906,0.00268555,-0.000854492
27,907,0.00366211,-0.000976562
27,908,0.00378418,-0.00146484
27,909,0.00317383,-0.00256348
27,910,-0.0020752,-0.00305176
27,911,-0.00244141,-0.00231934
27,912,-0.0012207,-0.00158691
27,913,-0.000976562,-0.000732422
27,914,-0.000732422,-0.000732422
27,915,-0.00012207,0.00012207
27,916,0.00012207,0.000854492
27,917,0.000366211,0.000732422
27,918,0.00354004,0.00012207
27,919,0.00280762,0.0012207
27,920,-0.000366211,0.00219727
27,921,-0.00317383,-0.00012207
27,922,0.00256348,-0.00231934
27,923,0.000854492,-0.000854492
27,924,0.0020752,-0.00183105
27,925,0.00219727,-0.00134277
27,926,0.00219727,-0.00134277
27,927,0.00292969,-0.00183105
27,928,0.00292969,-0.00231934
27,929,0.0020752,-0.0032959
27,930,-0.00317383,-0.00256348
27,931,-0.00305176,-0.00195312
27,932,-0.00158691,-0.00146484
27,933,-0.00109863,-0.000610352
27,934,-0.000976562,-0.000610352
27,935,-0.000244141,0.00012207
27,936,0.000366211,0.000854492
27,937,0.000366211,0.000854492
27,938,0.0032959,0.00109863
27,939,0.000244141,0.0020752
27,940,-0.00292969,0.00012207
27,941,0.00244141,-0.00256348
27,942,0.000854492,-0.000854492
27,943,0.00170898,-0.00183105
27,944,0.00183105,-0.00134277
27,945,0.00183105,-0.00134277
27,946,0.00256348,-0.00183105
27,947,0.00244141,-0.00244141
27,948,0.00158691,-0.0032959
27,949,-0.00354004,-0.00231934
27,950,-0.0032959,-0.00183105
27,951,-0.00146484,-0.00146484
27,952,-0.00109863,-0.000610352
27,953,-0.000854492,-0.000610352
27,954,-0.00012207,0
27,955,0.000366211,0.000854492
27,956,0.000366211,0.000854492
27,957,0.00158691,0.00170898
27,958,-0.0020752,0.00109863
27,959,0.00134277,-0.00292969
27,960,0.000366211,-0.000976562
27,961,0.000610352,-0.00195312
27,962,0.000732422,-0.00158691
27,963,0.000732422,-0.00158691
27,964,0.000976562,-0.00219727
27,965,0.000732422,-0.00268555
27,966,-0.000244141,-0.0032959
27,967,-0.00402832,-0.000976562
27,968,-0.0032959,-0.000732422
27,969,-0.00146484,-0.000854492
27,970,-0.000976562,-0.000244141
27,971,-0.000732422,-0.000244141
27,972,0,0
27,973,0.000610352,0.000610352
27,974,0.000366211,0.000610352
27,975,0.000976562,0.00195312
27,976,-0.00170898,-0.00158691
27,977,-0.000976562,-0.000488281
27,978,-0.00219727,-0.000854492
27,979,-0.0020752,-0.000976562
27,980,-0.0020752,-0.000976562
27,981,-0.00256348,-0.00134277
27,982,-0.00292969,-0.00146484
27,983,-0.00354004,-0.000854492
27,984,-0.00219727,0.00219727
27,985,-0.00109863,0.00170898
27,986,-0.000244141,0.000732422
27,987,0,0.000488281
27,988,0.00012207,0.000366211
27,989,0.000244141,-0.00012207
27,990,0.000366211,-0.000488281
27,991,0,-0.000488281
27,992,-0.00268555,0.0020752
27,993,-0.00109863,0.000732422
27,994,-0.00231934,0.00158691
27,995,-0.00256348,0.00109863
27,996,-0.00256348,0.0012207
27,997,-0.00305176,0.00170898
27,998,-0.00317383,0.0020752
27,999,-0.00256348,0.00305176
27,1000,0.00231934,0.00231934
27,1001,0.00256348,0.00170898
27,1002,0.00146484,0.0012207
27,1003,0.000976562,0.000488281
27,1004,0.000732422,0.000366211
27,1005,0,-0.000244141
27,1006,-0.000488281,-0.000976562
27,1007,-0.000854492,-0.000976562
27,1008,0.00134277,0
27,1009,0.00280762,0.00012207
27,1010,0.00256348,0.000610352
27,1011,0.00244141,0.000488281
27,1012,0.00317383,0.000488281
27,1013,0.00366211,0.000244141
27,1014,0.00378418,-0.00134277
27,1015,-0.000610352,-0.00439453
27,1016,-0.00109863,-0.00378418
27,1017,-0.00012207,-0.00219727
27,1018,-0.000366211,-0.0012207
27,1019,-0.000244141,-0.000976562
27,1020,-0.00012207,0
27,1021,-0.000366211,0.0012207
27,1022,-0.000244141,0.00134277
27,1023,0.0012207,0
27,1024,0.00109863,0.00012207
27,1025,0.00109863,0.00012207
27,1026,0.0012207,0.000244141
27,1027,0.00146484,0.00012207
27,1028,0.00146484,-0.000488281
27,1029,-0.000244141,-0.00158691
27,1030,-0.000488281,-0.00146484
27,1031,-0.000244141,-0.000854492
27,1032,-0.000244141,-0.000488281
27,1033,-0.000244141,-0.000366211
27,1034,-0.00012207,0
27,1035,-0.00012207,0.000488281
27,1036,0,0.000488281
27,1037,0.00268555,0.000244141
27,1038,0.00256348,0.000244141
27,1039,0.0032959,0.000366211
27,1040,0.00354004,0.00012207
27,1041,0.00354004,-0.000854492
27,1042,-0.000366211,-0.00305176
27,1043,-0.00109863,-0.00256348
27,1044,-0.000610352,-0.00170898
27,1045,-0.000488281,-0.000976562
27,1046,-0.000488281,-0.000854492
27,1047,-0.00012207,0
27,1048,0,0.000732422
27,1049,0.000366211,0.000854492
27,1050,0.00256348,0
27,1051,0.00317383,0
27,1052,0.00354004,-0.000244141
27,1053,0.0032959,-0.0012207
27,1054,-0.000732422,-0.00256348
27,1055,-0.00146484,-0.00219727
27,1056,-0.000976562,-0.00158691
27,1057,-0.000732422,-0.000854492
27,1058,-0.000610352,-0.000732422
27,1059,-0.000244141,0
27,1060,0,0.000732422
27,1061,0.000488281,0.000732422
27,1062,0.00317383,0
27,1063,0.00354004,-0.000366211
27,1064,0.0032959,-0.0012207
27,1065,-0.000732422,-0.00256348
27,1066,-0.00146484,-0.0020752
27,1067,-0.000976562,-0.00134277
27,1068,-0.000854492,-0.000732422
27,1069,-0.000610352,-0.000610352
27,1070,-0.000244141,0.00012207
27,1071,0,0.000732422
27,1072,0.000488281,0.000732422
27,1073,0.0045166,-0.000488281
27,1074,0.00427246,-0.00158691
27,1075,-0.000854492,-0.00341797
27,1076,-0.00158691,-0.00268555
27,1077,-0.000976562,-0.00170898
27,1078,-0.000854492,-0.000854492
27,1079,-0.000732422,-0.000854492
27,1080,-0.000244141,0.000244141
27,1081,0,0.000854492
27,1082,0.000366211,0.000854492
27,1083,0.00476074,-0.00134277
27,1084,-0.000488281,-0.00402832
27,1085,-0.00146484,-0.0032959
27,1086,-0.000854492,-0.00195312
27,1087,-0.000732422,-0.00109863
27,1088,-0.000732422,-0.000854492
27,1089,-0.000366211,0.000244141
27,1090,-0.00012207,0.000976562
27,1091,0.000244141,0.00109863
27,1092,0.0012207,-0.00439453
27,1093,0,-0.00378418
27,1094,0,-0.0020752
27,1095,-0.000244141,-0.0012207
27,1096,-0.000366211,-0.000976562
27,1097,-0.000366211,0.00012207
27,1098,-0.000732422,0.00109863
27,1099,-0.000244141,0.00109863
27,1100,0.0045166,-0.000366211
27,1101,0.0020752,0.000366211
27,1102,0.0012207,0
27,1103,0.000732422,0
27,1104,-0.000366211,0
27,1105,-0.00146484,-0.000244141
27,1106,-0.00146484,-0.000244141
27,1107,0.00219727,0.000610352
27,1108,0.0012207,0.00012207
27,1109,0.000854492,0.00012207
27,1110,-0.00012207,-0.00012207
27,1111,-0.00134277,-0.000610352
27,1112,-0.00158691,-0.000610352
27,1113,0.000976562,-0.00012207
27,1114,0.000854492,-0.00012207
27,1115,0.000244141,-0.00012207
27,1116,-0.000732422,-0.000244141
27,1117,-0.000976562,-0.000244141
27,1118,0.000488281,0
27,1119,0.000244141,-0.00012207
27,1120,-0.000366211,-0.000244141
27,1121,-0.000488281,-0.000244141
27,1122,0.000244141,-0.00012207
27,1123,-0.000244141,-0.00012207
27,1124,-0.000244141,-0.000244141
27,1125,0.00012207,-0.00012207
27,1126,0.000244141,-0.000366211
27,1127,0.000854492,-0.00012207
28,0,0.0438232,0.0245361
28,1,-0.00012207,0.0355225
28,2,-0.0167236,0.0322266
28,3,0.0230713,-0.0301514
28,4,0.0166016,-0.0118408
28,5,-0.0358887,0
28,6,-0.0306396,-0.026001
28,7,-0.0386963,-0.0288086
28,8,-0.0380859,0.00366211
28,9,-0.0262451,0.0333252
28,10,-0.0185547,0.0411377
28,11,-0.0130615,0.0389404
28,12,-0.00378418,0.0410156
28,13,0.0155029,0.0134277
28,14,0.0299072,-0.0202637
28,15,0.0107422,-0.0447998
28,16,-0.0228271,-0.0350342
28,17,-0.0561523,-0.0151367
28,18,-0.0515137,-0.0057373
28,19,-0.0601807,-0.00256348
28,20,-0.0511475,0.00415039
28,21,-0.0500488,0.0177002
28,22,-0.0297852,0.0240479
28,23,-0.0314941,-0.00598145
28,24,-0.00805664,-0.0335693
28,25,0.0333252,-0.0255127
28,26,0.0438232,-0.0155029
28,27,0.0444336,-0.00671387
28,28,0.0427246,0.00634766
28,29,0.0057373,0.0256348
28,30,-0.0354004,0.00146484
28,31,0.0437012,-0.0343018
28,32,0.017334,-0.0108643
28,33,0.0275879,-0.0214844
28,34,0.0241699,-0.0202637
28,35,0.0220947,-0.019165
28,36,0.0222168,-0.0214844
28,37,0.0185547,-0.0279541
28,38,0.012207,-0.0344238
28,39,-0.0371094,-0.0262451
28,40,-0.0408936,-0.0267334
28,41,-0.034668,-0.0288086
28,42,-0.0236816,-0.0235596
28,43,-0.0228271,-0.0230713
28,44,-0.0140381,-0.0137939
28,45,-0.00549316,0.00378418
28,46,-0.00195312,0.0194092
28,47,0.0184326,0.0198975
28,48,0.00744629,0.0230713
28,49,-0.00268555,-0.0241699
28,50,0.00305176,-0.0118408
28,51,-0.0187988,0.010498
28,52,-0.026123,-0.00476074
28,53,-0.0314941,-0.00195312
28,54,-0.0201416,0.0161133
28,55,-0.00439453,0.0284424
28,56,0.00195312,0.0296631
28,57,0.00390625,0.0266113
28,58,0.00915527,0.0240479
28,59,0.010376,0.00109863
28,60,0.00842285,-0.022583
28,61,-0.00708008,-0.0283203
28,62,-0.0250244,-0.0101318
28,63,-0.0406494,0.012085
28,64,-0.03479,0.0152588
28,65,-0.0396729,0.0202637
28,66,-0.0313721,0.020874
28,67,-0.0252686,0.0286865
28,68,-0.00854492,0.026001
28,69,-0.0194092,0.00805664
28,70,-0.017334,-0.0164795
28,71,0.00817871,-0.0273438
28,72,0.0179443,-0.0263672
28,73,0.0214844,-0.0218506
28,74,0.0252686,-0.0145264
28,75,0.0119629,0.0090332
28,76,-0.0198975,0.0111084
28,77,0.0140381,-0.0336914
28,78,0.00646973,-0.0107422
28,79,0.0078125,-0.0185547
28,80,0.00549316,-0.0169678
28,81,0.0045166,-0.0159912
28,82,0.00305176,-0.0178223
28,83,-0.00170898,-0.0218506
28,84,-0.00585938,-0.0238037
28,85,-0.0289307,-0.00134277
28,86,-0.0306396,-0.00317383
28,87,-0.0253906,-0.00854492
28,88,-0.0168457,-0.00927734
28,89,-0.0155029,-0.00915527
28,90,-0.0078125,-0.00549316
28,91,0.00317383,0.00354004
28,92,0.0090332,0.0137939
28,93,0.0255127,0.00756836
28,94,-0.0241699,-0.0108643
28,95,-0.0101318,-0.00793457
28,96,0.00439453,0.0163574
28,97,-0.0113525,0.0164795
28,98,-0.012085,0.0224609
28,99,0.00427246,0.0202637
28,100,0.017334,0.0114746
28,101,0.0200195,0.00646973
28,102,0.0179443,0.00390625
28,103,0.0175781,-0.00170898
28,104,0.00219727,-0.0107422
28,105,-0.0136719,-0.0148926
28,106,-0.0197754,-0.0012207
28,107,-0.0172119,0.0161133
28,108,-0.0109863,0.0300293
28,109,-0.00634766,0.0264893
28,110,-0.00585938,0.0307617
28,111,-0.00158691,0.0257568
28,112,0.00646973,0.0256348
28,113,0.0130615,0.0168457
28,114,-0.00109863,0.0170898
28,115,-0.0183105,0.00500488
28,116,-0.0167236,-0.0183105
28,117,-0.0112305,-0.0256348
28,118,-0.0065918,-0.0264893
28,119,0.000854492,-0.0273438
28,120,0.0136719,-0.00952148
28,121,0.00268555,0.0150146
28,122,-0.0174561,-0.019165
28,123,-0.00598145,-0.00610352
28,124,-0.0136719,-0.00842285
28,125,-0.013916,-0.00732422
28,126,-0.0134277,-0.00683594
28,127,-0.0155029,-0.00769043
28,128,-0.0189209,-0.00793457
28,129,-0.0194092,-0.00463867
28,130,-0.010376,0.0214844
28,131,-0.00878906,0.0192871
28,132,-0.00610352,0.013916
28,133,-0.00305176,0.00854492
28,134,-0.0020752,0.00842285
28,135,0.00109863,0.00549316
28,136,0.00939941,0.00341797
28,137,0.0142822,0.00427246
28,138,-0.0285645,-0.0032959
28,139,-0.0136719,-0.0045166
28,140,0.0131836,0.0148926
28,141,-0.00256348,0.0212402
28,142,-0.00158691,0.0272217
28,143,0.0129395,0.017334
28,144,0.0216064,0.0020752
28,145,0.0223389,-0.0045166
28,146,0.019043,-0.00622559
28,147,0.0164795,-0.0118408
28,148,-0.00195312,-0.0134277
28,149,-0.0194092,-0.00891113
28,150,-0.0196533,0.00952148
28,151,-0.0101318,0.0230713
28,152,0.00244141,0.0308838
28,153,0.00549316,0.0252686
28,154,0.00769043,0.0284424
28,155,0.00964355,0.0222168
28,156,0.0168457,0.019043
28,157,0.0187988,0.0100098
28,158,0.0065918,0.0168457
28,159,-0.0147705,0.0118408
28,160,-0.0231934,-0.0113525
28,161,-0.020752,-0.0205078
28,162,-0.0166016,-0.0234375
28,163,-0.00939941,-0.0272217
28,164,0.0112305,-0.0153809
28,165,0.0111084,0.0129395
28,166,-0.0256348,-0.00939941
28,167,-0.00952148,-0.00280762
28,168,-0.019165,-0.00231934
28,169,-0.0187988,-0.00170898
28,170,-0.0179443,-0.00158691
28,171,-0.0198975,-0.00195312
28,172,-0.0219727,-0.000854492
28,173,-0.0205078,0.00390625
28,174,-0.000244141,0.0258789
28,175,0.00219727,0.0236816
28,176,0.00366211,0.0194092
28,177,0.00390625,0.0131836
28,178,0.00463867,0.0131836
28,179,0.00524902,0.00842285
28,180,0.0106201,0.00268555
28,181,0.0140381,0.000244141
28,182,0.0144043,0.00292969
28,183,-0.0163574,-0.0141602
28,184,-0.00109863,-0.0229492
28,185,-0.00280762,-0.0286865
28,186,-0.0161133,-0.0158691
28,187,-0.0228271,0.00170898
28,188,-0.0227051,0.00866699
28,189,-0.019165,0.0101318
28,190,-0.015625,0.0155029
28,191,0.00341797,0.0140381
28,192,0.0209961,0.00610352
28,193,0.019043,-0.013916
28,194,0.00695801,-0.0256348
28,195,-0.00805664,-0.0307617
28,196,-0.010376,-0.0244141
28,197,-0.0133057,-0.0270996
28,198,-0.0142822,-0.0205078
28,199,-0.020874,-0.0159912
28,200,-0.0206299,-0.00671387
28,201,-0.0100098,-0.0163574
28,202,0.012207,-0.0144043
28,203,0.0246582,0.00817871
28,204,0.0236816,0.0177002
28,205,0.0198975,0.0213623
28,206,0.0131836,0.0263672
28,207,-0.00964355,0.0169678
28,208,-0.013916,-0.0123291
28,209,0.0285645,0.00488281
28,210,0.0106201,0.0012207
28,211,0.0206299,-0.000244141
28,212,0.0198975,-0.000610352
28,213,0.0189209,-0.000488281
28,214,0.0206299,-0.000244141
28,215,0.0220947,-0.00183105
28,216,0.0200195,-0.00708008
28,217,-0.00390625,-0.0273438
28,218,-0.0065918,-0.0253906
28,219,-0.00732422,-0.0216064
28,220,-0.00646973,-0.0153809
28,221,-0.00695801,-0.0153809
28,222,-0.0065918,-0.00976562
28,223,-0.0107422,-0.00244141
28,224,-0.0133057,0.00158691
28,225,-0.0106201,-0.0057373
28,226,-0.00402832,-0.012085
28,227,-0.00549316,-0.0145264
28,228,-0.0106201,-0.0057373
28,229,-0.0118408,0.00463867
28,230,-0.0109863,0.00817871
28,231,-0.00891113,0.00842285
28,232,-0.00646973,0.0107422
28,233,0.00317383,0.00695801
28,234,0.0114746,-0.00012207
28,235,0.00805664,-0.0106201
28,236,0.00012207,-0.0142822
28,237,-0.00878906,-0.0141602
28,238,-0.00915527,-0.010498
28,239,-0.0112305,-0.0112305
28,240,-0.0106201,-0.00769043
28,241,-0.0131836,-0.00439453
28,242,-0.0112305,0
28,243,-0.00744629,-0.00695801
28,244,0.00378418,-0.00915527
28,245,0.0133057,0.000610352
28,246,0.0140381,0.00561523
28,247,0.0125732,0.00805664
28,248,0.00976562,0.0114746
28,249,-0.00317383,0.00976562
28,250,-0.00939941,-0.00463867
28,251,0.015625,-0.00170898
28,252,0.00585938,-0.000854492
28,253,0.0109863,-0.00256348
28,254,0.010376,-0.00256348
28,255,0.00976562,-0.00231934
28,256,0.010498,-0.00244141
28,257,0.0108643,-0.00366211
28,258,0.00915527,-0.0065918
28,259,-0.00561523,-0.0140381
28,260,-0.00708008,-0.0129395
28,261,-0.00683594,-0.0113525
28,262,-0.00549316,-0.00842285
28,263,-0.00561523,-0.00830078
28,264,-0.0045166,-0.00524902
28,265,-0.00524902,-0.000610352
28,266,-0.0057373,0.00256348
28,267,0.0180664,0.0142822
28,268,0.0213623,0.0153809
28,269,0.0198975,-0.00244141
28,270,0.0124512,-0.019165
28,271,0.00830078,-0.0235596
28,272,0.00524902,-0.0223389
28,273,0.00012207,-0.0233154
28,274,-0.00964355,-0.00854492
28,275,-0.0157471,0.0106201
28,276,-0.00219727,0.0241699
28,277,0.0125732,0.0202637
28,278,0.0266113,0.00952148
28,279,0.0238037,0.00390625
28,280,0.0275879,0.00231934
28,281,0.0230713,-0.00170898
28,282,0.0228271,-0.00915527
28,283,0.0142822,-0.012085
28,284,0.0170898,0.00170898
28,285,0.00439453,0.0145264
28,286,-0.0179443,0.0100098
28,287,-0.0234375,0.0045166
28,288,-0.0238037,0
28,289,-0.0229492,-0.00683594
28,290,-0.00305176,-0.0153809
28,291,0.019165,-0.0012207
28,292,-0.0214844,0.0180664
28,293,-0.0090332,0.00646973
28,294,-0.0153809,0.0123291
28,295,-0.0140381,0.0111084
28,296,-0.0131836,0.0102539
28,297,-0.0135498,0.0106201
28,298,-0.0115967,0.0126953
28,299,-0.0065918,0.0168457
28,300,0.020752,0.0150146
28,301,0.0236816,0.0137939
28,302,0.0222168,0.0145264
28,303,0.0168457,0.0118408
28,304,0.0166016,0.012085
28,305,0.0111084,0.00756836
28,306,0.00622559,-0.000732422
28,307,0.00256348,-0.0078125
28,308,0.0299072,-0.00317383
28,309,0.0147705,-0.0179443
28,310,-0.00378418,-0.0268555
28,311,-0.0101318,-0.0270996
28,312,-0.0114746,-0.0236816
28,313,-0.0163574,-0.0202637
28,314,-0.0133057,0.000366211
28,315,-0.00500488,0.0212402
28,316,0.0163574,0.022583
28,317,0.026123,0.00854492
28,318,0.0306396,-0.010376
28,319,0.0239258,-0.0134277
28,320,0.0263672,-0.0175781
28,321,0.0192871,-0.0183105
28,322,0.0131836,-0.026001
28,323,0.00256348,-0.0235596
28,324,0.0172119,-0.0130615
28,325,0.017334,0.00756836
28,326,-0.00537109,0.0212402
28,327,-0.0151367,0.0212402
28,328,-0.0189209,0.0178223
28,329,-0.024292,0.0117188
28,330,-0.0151367,-0.00891113
28,331,0.0147705,-0.0133057
28,332,-0.00537109,0.0307617
28,333,-0.00292969,0.0112305
28,334,-0.00317383,0.0192871
28,335,-0.00244141,0.0170898
28,336,-0.00231934,0.0158691
28,337,-0.00183105,0.0163574
28,338,0.00183105,0.0172119
28,339,0.00817871,0.0180664
28,340,0.0286865,-0.00158691
28,341,0.0296631,-0.0032959
28,342,0.02771,-0.000732422
28,343,0.0209961,0.000610352
28,344,0.0205078,0.000854492
28,345,0.0128174,0
28,346,0.00256348,-0.00512695
28,347,-0.00537109,-0.010498
28,348,0.0220947,-0.0192871
28,349,0.00158691,-0.0314941
28,350,-0.00671387,-0.0322266
28,351,-0.0090332,-0.0283203
28,352,-0.0161133,-0.0246582
28,353,-0.0163574,0.000244141
28,354,-0.00952148,0.026001
28,355,0.0162354,0.0290527
28,356,0.029541,0.012207
28,357,0.0367432,-0.010498
28,358,0.029541,-0.0145264
28,359,0.0328369,-0.019165
28,360,0.0247803,-0.0205078
28,361,0.0192871,-0.0289307
28,362,0.00756836,-0.0262451
28,363,0.0211182,-0.0115967
28,364,0.0181885,0.0140381
28,365,-0.0098877,0.0273438
28,366,-0.020752,0.0256348
28,367,-0.0247803,0.020752
28,368,-0.0297852,0.012207
28,369,-0.0162354,-0.0135498
28,370,0.0192871,-0.0155029
28,371,-0.00830078,0.0366211
28,372,-0.00402832,0.0135498
28,373,-0.00512695,0.0250244
28,374,-0.00439453,0.0229492
28,375,-0.00415039,0.0214844
28,376,-0.00378418,0.022583
28,377,-0.000366211,0.024292
28,378,0.00671387,0.0247803
28,379,0.0332031,-0.000488281
28,380,0.0344238,-0.00341797
28,381,0.0318604,-0.00158691
28,382,0.0238037,-0.000366211
28,383,0.0231934,-0.000366211
28,384,0.0147705,-0.0012207
28,385,0.00366211,-0.00720215
28,386,-0.00402832,-0.0128174
28,387,0.0203857,-0.0180664
28,388,0.0155029,-0.0224609
28,389,0.0118408,-0.0214844
28,390,0.00537109,-0.022583
28,391,-0.00915527,-0.00769043
28,392,-0.0194092,0.0117188
28,393,-0.0065918,0.0253906
28,394,0.0106201,0.0218506
28,395,0.0275879,0.012085
28,396,0.0257568,0.00610352
28,397,0.0301514,0.00512695
28,398,0.026123,0.000610352
28,399,0.0275879,-0.00610352
28,400,0.0196533,-0.0098877
28,401,0.0169678,0.00634766
28,402,0.000732422,0.0206299
28,403,-0.0217285,0.0129395
28,404,-0.0263672,0.00561523
28,405,-0.0257568,0.000488281
28,406,-0.0233154,-0.0078125
28,407,-0.000854492,-0.0175781
28,408,0.0205078,0
28,409,-0.0233154,0.0168457
28,410,-0.00915527,0.00598145
28,411,-0.0159912,0.0135498
28,412,-0.0146484,0.0130615
28,413,-0.0137939,0.0125732
28,414,-0.0145264,0.0140381
28,415,-0.0141602,0.017334
28,416,-0.010498,0.0205078
28,417,0.0184326,0.0159912
28,418,0.0206299,0.0142822
28,419,0.0179443,0.0134277
28,420,0.0126953,0.010376
28,421,0.012085,0.0098877
28,422,0.00830078,0.00561523
28,423,0.00500488,-0.00292969
28,424,0.00476074,-0.00927734
28,425,0.0321045,-0.00671387
28,426,0.0281982,-0.00854492
28,427,0.0245361,-0.013916
28,428,0.000732422,-0.0124512
28,429,-0.0230713,-0.00488281
28,430,-0.0264893,0.0144043
28,431,-0.010376,0.0244141
28,432,0.0111084,0.0299072
28,433,0.0148926,0.0240479
28,434,0.0192871,0.0267334
28,435,0.0200195,0.0203857
28,436,0.0273438,0.0168457
28,437,0.0245361,0.00744629
28,438,0.00793457,0.0205078
28,439,-0.0152588,0.0197754
28,440,-0.0256348,-0.00488281
28,441,-0.0233154,-0.0147705
28,442,-0.0185547,-0.0185547
28,443,-0.0100098,-0.0239258
28,444,0.0137939,-0.0150146
28,445,0.015625,0.0152588
28,446,-0.0307617,-0.00695801
28,447,-0.0114746,-0.00341797
28,448,-0.0214844,-0.00231934
28,449,-0.0200195,-0.00109863
28,450,-0.0187988,-0.000610352
28,451,-0.0198975,0.000610352
28,452,-0.0223389,0.00476074
28,453,-0.0233154,0.0100098
28,454,-0.00109863,0.0269775
28,455,0.00146484,0.0274658
28,456,-0.000976562,0.0249023
28,457,-0.00219727,0.0184326
28,458,-0.00268555,0.0178223
28,459,-0.00109863,0.0111084
28,460,0.00390625,0.00195312
28,461,0.0106201,-0.00378418
28,462,0.0310059,-0.00292969
28,463,0.0290527,-0.0090332
28,464,0.00500488,-0.0129395
28,465,-0.0209961,-0.0109863
28,466,-0.0308838,0.00805664
28,467,-0.0170898,0.0223389
28,468,0.00366211,0.0333252
28,469,0.0090332,0.0281982
28,470,0.0129395,0.0319824
28,471,0.0153809,0.0256348
28,472,0.0240479,0.0236816
28,473,0.0233154,0.0131836
28,474,0.00354004,0.0234375
28,475,-0.0192871,0.0167236
28,476,-0.0238037,-0.0115967
28,477,-0.019043,-0.0212402
28,478,-0.0133057,-0.0240479
28,479,-0.00366211,-0.0273438
28,480,0.0177002,-0.012085
28,481,0.0117188,0.0195312
28,482,-0.0301514,-0.0157471
28,483,-0.0111084,-0.00683594
28,484,-0.0209961,-0.00878906
28,485,-0.0195312,-0.00695801
28,486,-0.0181885,-0.00610352
28,487,-0.0194092,-0.00524902
28,488,-0.0223389,-0.0012207
28,489,-0.0251465,0.00439453
28,490,-0.00842285,0.0281982
28,491,-0.00622559,0.0297852
28,492,-0.00842285,0.0270996
28,493,-0.00805664,0.0201416
28,494,-0.00854492,0.0195312
28,495,-0.00500488,0.0124512
28,496,0.00256348,0.00402832
28,497,0.0113525,-0.0012207
28,498,0.0273438,-0.0057373
28,499,0.00634766,-0.0111084
28,500,-0.0172119,-0.0115967
28,501,-0.0286865,0.00427246
28,502,-0.017334,0.0183105
28,503,0.000854492,0.0302734
28,504,0.00610352,0.0262451
28,505,0.00939941,0.0299072
28,506,0.0119629,0.0245361
28,507,0.0197754,0.0233154
28,508,0.0196533,0.0137939
28,509,0.000854492,0.0214844
28,510,-0.0187988,0.0134277
28,511,-0.0200195,-0.0124512
28,512,-0.0148926,-0.0206299
28,513,-0.00952148,-0.0227051
28,514,-0.000610352,-0.0247803
28,515,0.0169678,-0.00891113
28,516,0.00866699,0.019043
28,517,-0.0258789,-0.0172119
28,518,-0.00939941,-0.00744629
28,519,-0.0178223,-0.010376
28,520,-0.0166016,-0.00866699
28,521,-0.0155029,-0.00769043
28,522,-0.0166016,-0.00695801
28,523,-0.0196533,-0.0032959
28,524,-0.0228271,0.00158691
28,525,-0.010376,0.0246582
28,526,-0.00878906,0.0267334
28,527,-0.0111084,0.024292
28,528,-0.0101318,0.0180664
28,529,-0.0106201,0.0174561
28,530,-0.0065918,0.0111084
28,531,0.00109863,0.00402832
28,532,0.00952148,-0.000366211
28,533,0.0101318,-0.0098877
28,534,-0.012085,-0.0158691
28,535,-0.0291748,-0.00317383
28,536,-0.0214844,0.0126953
28,537,-0.00610352,0.0283203
28,538,0,0.0258789
28,539,0.00244141,0.0300293
28,540,0.00610352,0.0257568
28,541,0.013916,0.0267334
28,542,0.015625,0.0178223
28,543,-0.00439453,0.0218506
28,544,-0.020752,0.00915527
28,545,-0.0153809,-0.0166016
28,546,-0.00842285,-0.0233154
28,547,-0.00280762,-0.0241699
28,548,0.00610352,-0.0240479
28,549,0.0187988,-0.00439453
28,550,0.00378418,0.0203857
28,551,-0.0213623,-0.0235596
28,552,-0.00744629,-0.00976562
28,553,-0.0146484,-0.0152588
28,554,-0.0135498,-0.0131836
28,555,-0.0125732,-0.0118408
28,556,-0.0135498,-0.0113525
28,557,-0.0170898,-0.00805664
28,558,-0.0214844,-0.00366211
28,559,-0.0166016,0.0216064
28,560,-0.015625,0.0246582
28,561,-0.0177002,0.0227051
28,562,-0.0152588,0.0169678
28,563,-0.0157471,0.0166016
28,564,-0.0101318,0.0108643
28,565,-0.0012207,0.0057373
28,566,0.00830078,0.00244141
28,567,0.00732422,-0.0107422
28,568,-0.00854492,-0.0140381
28,569,-0.0126953,-0.0078125
28,570,-0.0130615,0.00219727
28,571,-0.0100098,0.00463867
28,572,-0.0108643,0.00634766
28,573,-0.00805664,0.0078125
28,574,-0.00634766,0.0123291
28,575,-0.00305176,0.012207
28,576,-0.0112305,0.00708008
28,577,-0.00915527,-0.00402832
28,578,0.0045166,-0.0107422
28,579,0.0098877,-0.0100098
28,580,0.0119629,-0.00805664
28,581,0.0144043,-0.00439453
28,582,0.00866699,0.00683594
28,583,-0.00732422,0.00744629
28,584,0.00305176,-0.0172119
28,585,0.00146484,-0.00695801
28,586,0.00231934,-0.0125732
28,587,0.00231934,-0.0113525
28,588,0.00231934,-0.0102539
28,589,0.00231934,-0.010376
28,590,0.000610352,-0.00964355
28,591,-0.00317383,-0.00952148
28,592,-0.0158691,-0.000610352
28,593,-0.0170898,0.00231934
28,594,-0.0179443,0.00317383
28,595,-0.0147705,0.00280762
28,596,-0.0151367,0.00317383
28,597,-0.0106201,0.00256348
28,598,-0.00610352,0.00488281
28,599,-0.00134277,0.00598145
28,600,0.0170898,-0.0203857
28,601,0.00231934,-0.0268555
28,602,-0.0147705,-0.0266113
28,603,-0.0162354,-0.0197754
28,604,-0.0201416,-0.0211182
28,605,-0.0195312,-0.0140381
28,606,-0.0245361,-0.0065918
28,607,-0.0201416,0.00317383
28,608,-0.0150146,-0.00915527
28,609,0.00476074,-0.013916
28,610,0.0222168,0.000976562
28,611,0.024292,0.00854492
28,612,0.0219727,0.012085
28,613,0.0170898,0.0174561
28,614,-0.00476074,0.0141602
28,615,-0.0155029,-0.0102539
28,616,0.0283203,-0.00415039
28,617,0.0108643,-0.000854492
28,618,0.0198975,-0.00317383
28,619,0.0184326,-0.00305176
28,620,0.0172119,-0.00256348
28,621,0.0179443,-0.00280762
28,622,0.0178223,-0.00476074
28,623,0.0164795,-0.0098877
28,624,-0.0090332,-0.0244141
28,625,-0.0126953,-0.0235596
28,626,-0.0125732,-0.020874
28,627,-0.00964355,-0.0151367
28,628,-0.00976562,-0.0141602
28,629,-0.00756836,-0.00854492
28,630,-0.00915527,0.00170898
28,631,-0.010498,0.00817871
28,632,0.0252686,-0.0166016
28,633,0.0057373,-0.0316162
28,634,-0.00170898,-0.0283203
28,635,-0.00500488,-0.0325928
28,636,-0.00964355,-0.0275879
28,637,-0.0194092,-0.0275879
28,638,-0.0211182,-0.0167236
28,639,-0.000732422,-0.0251465
28,640,0.0195312,-0.0133057
28,641,0.0181885,0.0159912
28,642,0.0119629,0.0244141
28,643,0.00622559,0.0258789
28,644,-0.00341797,0.0266113
28,645,-0.0192871,0.00695801
28,646,-0.00549316,-0.0214844
28,647,0.0285645,0.0234375
28,648,0.0100098,0.0101318
28,649,0.0184326,0.0158691
28,650,0.0166016,0.0135498
28,651,0.0150146,0.0123291
28,652,0.015625,0.0114746
28,653,0.0178223,0.00744629
28,654,0.0227051,0.00256348
28,655,0.0164795,-0.0266113
28,656,0.0140381,-0.0306396
28,657,0.0151367,-0.0292969
28,658,0.0129395,-0.0224609
28,659,0.0126953,-0.0219727
28,660,0.00793457,-0.0145264
28,661,-0.00231934,-0.00720215
28,662,-0.012085,-0.00158691
28,663,0.0322266,-0.0183105
28,664,0.0234375,-0.019165
28,665,0.0247803,-0.0236816
28,666,0.0159912,-0.0224609
28,667,0.00598145,-0.0281982
28,668,-0.00585938,-0.0228271
28,669,0.00976562,-0.019043
28,670,0.0163574,0.00244141
28,671,-0.000976562,0.0239258
28,672,-0.010376,0.0272217
28,673,-0.0150146,0.0250244
28,674,-0.0219727,0.020752
28,675,-0.0183105,-0.00317383
28,676,0.0108643,-0.0170898
28,677,0.00500488,0.0330811
28,678,0.00134277,0.0125732
28,679,0.00390625,0.0212402
28,680,0.00366211,0.019165
28,681,0.00280762,0.0178223
28,682,0.00268555,0.0184326
28,683,0.00476074,0.0180664
28,684,0.0117188,0.0163574
28,685,0.0300293,-0.012207
28,686,0.0281982,-0.0148926
28,687,0.0249023,-0.0137939
28,688,0.0180664,-0.010498
28,689,0.0172119,-0.010498
28,690,0.0101318,-0.00805664
28,691,-0.00195312,-0.00976562
28,692,-0.0107422,-0.0109863
28,693,0.0467529,-0.00524902
28,694,0.0534668,-0.00915527
28,695,0.0421143,-0.012085
28,696,0.0340576,-0.022583
28,697,0.0128174,-0.0238037
28,698,0.0189209,-0.0065918
28,699,0.00878906,0.0198975
28,700,-0.0219727,0.0266113
28,701,-0.0322266,0.0234375
28,702,-0.0345459,0.0174561
28,703,-0.0362549,0.00866699
28,704,-0.0111084,-0.0133057
28,705,0.02771,-0.00708008
28,706,-0.0239258,0.0358887
28,707,-0.00964355,0.0117188
28,708,-0.0148926,0.0212402
28,709,-0.0130615,0.0195312
28,710,-0.0125732,0.0186768
28,711,-0.0133057,0.0206299
28,712,-0.0112305,0.0249023
28,713,-0.00415039,0.027832
28,714,0.0371094,0.00756836
28,715,0.0373535,0.00805664
28,716,0.0297852,0.0101318
28,717,0.019165,0.00866699
28,718,0.0178223,0.00817871
28,719,0.00964355,0.00366211
28,720,-0.00231934,-0.00817871
28,721,-0.00805664,-0.0179443
28,722,0.0476074,-0.00280762
28,723,0.0385742,-0.00634766
28,724,0.0336914,-0.0155029
28,725,0.0153809,-0.0183105
28,726,0.017334,-0.000976562
28,727,0.00476074,0.0203857
28,728,-0.0223389,0.020874
28,729,-0.0302734,0.0164795
28,730,-0.03125,0.0108643
28,731,-0.0310059,0.00280762
28,732,-0.00622559,-0.0133057
28,733,0.0252686,-0.00268555
28,734,-0.0262451,0.0275879
28,735,-0.010376,0.00854492
28,736,-0.0164795,0.0161133
28,737,-0.0144043,0.0150146
28,738,-0.0136719,0.0144043
28,739,-0.0141602,0.0163574
28,740,-0.0125732,0.0209961
28,741,-0.00732422,0.0244141
28,742,0.029541,0.0114746
28,743,0.0303955,0.0126953
28,744,0.0235596,0.0145264
28,745,0.0146484,0.012085
28,746,0.0134277,0.0115967
28,747,0.00708008,0.00610352
28,748,-0.00146484,-0.00561523
28,749,-0.00476074,-0.0153809
28,750,0.0452881,-0.00463867
28,751,0.0404053,-0.0155029
28,752,0.0195312,-0.0200195
28,753,0.0202637,0.000610352
28,754,0.00415039,0.0244141
28,755,-0.0270996,0.022583
28,756,-0.0357666,0.0168457
28,757,-0.036499,0.010376
28,758,-0.0356445,0.00109863
28,759,-0.00585938,-0.0157471
28,760,0.029541,-0.000976562
28,761,-0.0325928,0.029541
28,762,-0.0126953,0.00891113
28,763,-0.0202637,0.0169678
28,764,-0.0178223,0.0158691
28,765,-0.0167236,0.0153809
28,766,-0.0174561,0.0175781
28,767,-0.0157471,0.0233154
28,768,-0.0102539,0.027832
28,769,0.0325928,0.015625
28,770,0.0336914,0.0174561
28,771,0.0256348,0.0194092
28,772,0.015625,0.0159912
28,773,0.0142822,0.0152588
28,774,0.00732422,0.00830078
28,775,-0.00158691,-0.00598145
28,776,-0.00439453,-0.0180664
28,777,0.036377,-0.0090332
28,778,0.0202637,-0.0142822
28,779,0.0180664,0.00500488
28,780,0.00158691,0.0230713
28,781,-0.0246582,0.0167236
28,782,-0.0311279,0.0102539
28,783,-0.0310059,0.0045166
28,784,-0.0289307,-0.00366211
28,785,-0.00244141,-0.0150146
28,786,0.0247803,0.00183105
28,787,-0.0311279,0.0209961
28,788,-0.0119629,0.00598145
28,789,-0.019165,0.012085
28,790,-0.0168457,0.0115967
28,791,-0.015625,0.0112305
28,792,-0.0161133,0.0134277
28,793,-0.0148926,0.0186768
28,794,-0.0112305,0.0230713
28,795,0.0241699,0.017334
28,796,0.0253906,0.019043
28,797,0.0187988,0.0205078
28,798,0.0109863,0.0166016
28,799,0.0100098,0.0159912
28,800,0.00512695,0.0090332
28,801,-0.000244141,-0.00366211
28,802,-0.000976562,-0.0144043
28,803,0.0285645,-0.00927734
28,804,0.020874,0.013916
28,805,-0.00158691,0.0279541
28,806,-0.0279541,0.0115967
28,807,-0.032959,0.00158691
28,808,-0.0313721,-0.00476074
28,809,-0.0270996,-0.0140381
28,810,0.00170898,-0.0196533
28,811,0.0235596,0.00695801
28,812,-0.0375977,0.0119629
28,813,-0.0137939,0.00256348
28,814,-0.0220947,0.0078125
28,815,-0.019165,0.00842285
28,816,-0.0175781,0.00830078
28,817,-0.0179443,0.0106201
28,818,-0.017334,0.0168457
28,819,-0.0157471,0.0222168
28,820,0.0172119,0.026123
28,821,0.0185547,0.02771
28,822,0.0124512,0.02771
28,823,0.0065918,0.0216064
28,824,0.00598145,0.020874
28,825,0.0032959,0.012207
28,826,0.00292969,-0.00158691
28,827,0.00646973,-0.0131836
28,828,0.0161133,0.0183105
28,829,-0.00463867,0.0234375
28,830,-0.0217285,0.00305176
28,831,-0.0233154,-0.00732422
28,832,-0.020874,-0.012085
28,833,-0.0159912,-0.0194092
28,834,0.00476074,-0.0181885
28,835,0.0135498,0.00830078
28,836,-0.0288086,-0.0012207
28,837,-0.0100098,-0.0012207
28,838,-0.0159912,0.0020752
28,839,-0.0141602,0.00366211
28,840,-0.0125732,0.00378418
28,841,-0.0130615,0.00561523
28,842,-0.0136719,0.010376
28,843,-0.0144043,0.0140381
28,844,0.00390625,0.0241699
28,845,0.00463867,0.0244141
28,846,0.00195312,0.0224609
28,847,0.000244141,0.0167236
28,848,0.000366211,0.0163574
28,849,0.000976562,0.00964355
28,850,0.00610352,0.000854492
28,851,0.0126953,-0.00622559
28,852,0.0159912,0.0152588
28,853,-0.0090332,0.0136719
28,854,-0.017334,0.00817871
28,855,-0.0194092,0.00378418
28,856,-0.0219727,-0.00378418
28,857,-0.0102539,-0.0150146
28,858,0.012085,-0.00378418
28,859,-0.0178223,0.0184326
28,860,-0.00683594,0.00598145
28,861,-0.00842285,0.0112305
28,862,-0.00610352,0.0106201
28,863,-0.00500488,0.00939941
28,864,-0.00366211,0.0102539
28,865,-0.00012207,0.0128174
28,866,0.00219727,0.0161133
28,867,0.0186768,0.0136719
28,868,0.0197754,0.0131836
28,869,0.0179443,0.0140381
28,870,0.0136719,0.0114746
28,871,0.0137939,0.0112305
28,872,0.00927734,0.0065918
28,873,0.00708008,-0.00195312
28,874,0.00524902,-0.010498
28,875,0.0140381,0.0179443
28,876,0.00476074,0.020752
28,877,-0.000610352,0.0196533
28,878,-0.00964355,0.0167236
28,879,-0.019165,-0.00134277
28,880,-0.0012207,-0.0152588
28,881,0.00866699,0.0229492
28,882,0.00280762,0.0078125
28,883,0.00964355,0.0117188
28,884,0.0108643,0.0101318
28,885,0.0109863,0.00866699
28,886,0.0136719,0.00891113
28,887,0.019043,0.00878906
28,888,0.020874,0.00805664
28,889,0.0163574,-0.00915527
28,890,0.0152588,-0.00927734
28,891,0.0144043,-0.00561523
28,892,0.0114746,-0.00256348
28,893,0.0113525,-0.00231934
28,894,0.00646973,-0.00170898
28,895,0.000244141,-0.00268555
28,896,-0.00610352,-0.00671387
28,897,0.0296631,0.00842285
28,898,0.0262451,0.0126953
28,899,0.0192871,0.0184326
28,900,-0.00830078,0.0155029
28,901,-0.0196533,-0.0102539
28,902,0.0300293,-0.00231934
28,903,0.0111084,-0.000732422
28,904,0.0216064,-0.00463867
28,905,0.020752,-0.00512695
28,906,0.0198975,-0.00537109
28,907,0.0222168,-0.00634766
28,908,0.0244141,-0.00927734
28,909,0.0217285,-0.0131836
28,910,-0.0100098,-0.0227051
28,911,-0.0123291,-0.0217285
28,912,-0.0102539,-0.0185547
28,913,-0.00671387,-0.0129395
28,914,-0.00671387,-0.0123291
28,915,-0.00537109,-0.00720215
28,916,-0.00646973,0.00170898
28,917,-0.00939941,0.00622559
28,918,0.0327148,0.00537109
28,919,0.0286865,0.0134277
28,920,-0.000488281,0.0184326
28,921,-0.0231934,-0.00537109
28,922,0.0316162,-0.0134277
28,923,0.0117188,-0.0045166
28,924,0.0209961,-0.0109863
28,925,0.0196533,-0.0108643
28,926,0.0187988,-0.010498
28,927,0.0205078,-0.0118408
28,928,0.0211182,-0.0153809
28,929,0.0167236,-0.0195312
28,930,-0.0205078,-0.0223389
28,931,-0.0222168,-0.0211182
28,932,-0.0186768,-0.0185547
28,933,-0.0129395,-0.0130615
28,934,-0.0128174,-0.0123291
28,935,-0.0090332,-0.0065918
28,936,-0.00744629,0.00463867
28,937,-0.00817871,0.0117188
28,938,0.0306396,0.00817871
28,939,0.00402832,0.0175781
28,940,-0.022583,-0.00134277
28,941,0.0280762,-0.0187988
28,942,0.010498,-0.0065918
28,943,0.0179443,-0.0141602
28,944,0.0166016,-0.0136719
28,945,0.0158691,-0.0129395
28,946,0.0170898,-0.0142822
28,947,0.0168457,-0.0174561
28,948,0.0118408,-0.020752
28,949,-0.0244141,-0.0181885
28,950,-0.0257568,-0.0167236
28,951,-0.0222168,-0.0150146
28,952,-0.015625,-0.0107422
28,953,-0.015625,-0.0101318
28,954,-0.0106201,-0.00512695
28,955,-0.00708008,0.0057373
28,956,-0.00610352,0.0128174
28,957,0.0117188,0.015625
28,958,-0.0198975,0.00476074
28,959,0.0209961,-0.0256348
28,960,0.00769043,-0.0090332
28,961,0.0118408,-0.0175781
28,962,0.010498,-0.0167236
28,963,0.0098877,-0.015625
28,964,0.010498,-0.0169678
28,965,0.00891113,-0.0196533
28,966,0.00305176,-0.0217285
28,967,-0.0294189,-0.0114746
28,968,-0.0292969,-0.0098877
28,969,-0.0252686,-0.0090332
28,970,-0.0180664,-0.00622559
28,971,-0.0180664,-0.00561523
28,972,-0.0118408,-0.00195312
28,973,-0.00610352,0.00793457
28,974,-0.00292969,0.0150146
28,975,0.00158691,0.0128174
28,976,-0.00878906,-0.0183105
28,977,-0.00390625,-0.00683594
28,978,-0.0102539,-0.0113525
28,979,-0.010498,-0.010498
28,980,-0.0100098,-0.00939941
28,981,-0.0111084,-0.00976562
28,982,-0.0135498,-0.00927734
28,983,-0.0158691,-0.00671387
28,984,-0.0159912,0.010376
28,985,-0.0126953,0.0117188
28,986,-0.0108643,0.0114746
28,987,-0.00793457,0.00915527
28,988,-0.00805664,0.00927734
28,989,-0.00476074,0.00744629
28,990,0,0.00769043
28,991,0.00402832,0.00842285
28,992,-0.020752,0.0166016
28,993,-0.00891113,0.00561523
28,994,-0.0167236,0.0112305
28,995,-0.0157471,0.0102539
28,996,-0.0150146,0.0098877
28,997,-0.0157471,0.0108643
28,998,-0.0146484,0.0135498
28,999,-0.0102539,0.0170898
28,1000,0.0179443,0.0126953
28,1001,0.0216064,0.0123291
28,1002,0.0198975,0.0136719
28,1003,0.0145264,0.0114746
28,1004,0.013916,0.0114746
28,1005,0.00891113,0.00756836
28,1006,0.00354004,0
28,1007,0.000610352,-0.00610352
28,1008,0.0162354,0.00170898
28,1009,0.0274658,0.00134277
28,1010,0.0244141,0.000854492
28,1011,0.0224609,0.000854492
28,1012,0.0231934,0
28,1013,0.0229492,-0.00512695
28,1014,0.022583,-0.0129395
28,1015,-0.0090332,-0.0351562
28,1016,-0.0119629,-0.0375977
28,1017,-0.00830078,-0.036377
28,1018,-0.00439453,-0.0279541
28,1019,-0.00427246,-0.0273438
28,1020,-0.00292969,-0.0169678
28,1021,-0.00622559,-0.0020752
28,1022,-0.0102539,0.0101318
28,1023,0.0114746,-0.000488281
28,1024,0.0102539,-0.000366211
28,1025,0.00939941,-0.00012207
28,1026,0.00952148,-0.000366211
28,1027,0.00891113,-0.00195312
28,1028,0.00817871,-0.00512695
28,1029,-0.0045166,-0.0128174
28,1030,-0.00671387,-0.0137939
28,1031,-0.00585938,-0.0141602
28,1032,-0.00402832,-0.0113525
28,1033,-0.00390625,-0.0112305
28,1034,-0.00256348,-0.00744629
28,1035,-0.00268555,-0.00170898
28,1036,-0.00305176,0.00305176
28,1037,0.020874,0.000366211
28,1038,0.0196533,0.000488281
28,1039,0.0205078,0.000488281
28,1040,0.0200195,-0.00183105
28,1041,0.0180664,-0.00744629
28,1042,-0.0065918,-0.0222168
28,1043,-0.0115967,-0.0235596
28,1044,-0.0112305,-0.0240479
28,1045,-0.00842285,-0.019043
28,1046,-0.00817871,-0.0189209
28,1047,-0.0057373,-0.0128174
28,1048,-0.0057373,-0.00402832
28,1049,-0.00561523,0.00256348
28,1050,0.0189209,-0.00012207
28,1051,0.0201416,0
28,1052,0.0201416,-0.00183105
28,1053,0.0178223,-0.00671387
28,1054,-0.00585938,-0.0200195
28,1055,-0.0106201,-0.0206299
28,1056,-0.0107422,-0.0206299
28,1057,-0.00842285,-0.0161133
28,1058,-0.00817871,-0.0159912
28,1059,-0.00598145,-0.0109863
28,1060,-0.00585938,-0.00366211
28,1061,-0.00561523,0.0012207
28,1062,0.0194092,0.00012207
28,1063,0.0197754,-0.0012207
28,1064,0.017334,-0.00585938
28,1065,-0.00585938,-0.0183105
28,1066,-0.0102539,-0.0187988
28,1067,-0.010376,-0.0185547
28,1068,-0.00817871,-0.0144043
28,1069,-0.00793457,-0.0142822
28,1070,-0.00585938,-0.00976562
28,1071,-0.00549316,-0.00305176
28,1072,-0.00500488,0.000976562
28,1073,0.0224609,-0.00134277
28,1074,0.0196533,-0.00585938
28,1075,-0.0057373,-0.019043
28,1076,-0.0100098,-0.0189209
28,1077,-0.0101318,-0.0178223
28,1078,-0.00793457,-0.0134277
28,1079,-0.0078125,-0.0131836
28,1080,-0.00598145,-0.0090332
28,1081,-0.00585938,-0.00244141
28,1082,-0.00561523,0.000732422
28,1083,0.0233154,-0.00427246
28,1084,-0.00231934,-0.0196533
28,1085,-0.00524902,-0.019165
28,1086,-0.00500488,-0.0161133
28,1087,-0.00378418,-0.0113525
28,1088,-0.00366211,-0.0108643
28,1089,-0.00354004,-0.00708008
28,1090,-0.00537109,-0.00134277
28,1091,-0.00708008,0.00012207
28,1092,0.00549316,-0.0206299
28,1093,0.0032959,-0.0212402
28,1094,0.00366211,-0.0180664
28,1095,0.00341797,-0.0126953
28,1096,0.00341797,-0.012085
28,1097,0.00134277,-0.0078125
28,1098,-0.00354004,-0.00231934
28,1099,-0.00830078,-0.000732422
28,1100,0.0352783,-0.0020752
28,1101,0.0321045,-0.000610352
28,1102,0.0240479,-0.00012207
28,1103,0.0235596,-0.000244141
28,1104,0.0146484,-0.0012207
28,1105,0.00341797,-0.0078125
28,1106,-0.00549316,-0.0128174
28,1107,0.0385742,0.00305176
28,1108,0.0299072,0.00366211
28,1109,0.0294189,0.00378418
28,1110,0.0187988,0.00231934
28,1111,0.00585938,-0.00488281
28,1112,-0.00512695,-0.0109863
28,1113,0.0339355,0.00146484
28,1114,0.0338135,0.00183105
28,1115,0.022583,0.00195312
28,1116,0.00939941,-0.00292969
28,1117,-0.00341797,-0.00720215
28,1118,0.0288086,0.000366211
28,1119,0.0197754,0.00109863
28,1120,0.00952148,-0.00146484
28,1121,-0.00146484,-0.00378418
28,1122,0.0202637,0.000976562
28,1123,0.010376,-0.00146484
28,1124,-0.000488281,-0.00341797
28,1125,0.00866699,-0.00109863
28,1126,0.00158691,-0.00183105
28,1127,0.00817871,0
29,0,0.00134277,0.000366211
29,1,0.00012207,0.000732422
29,2,-0.00012207,0.000854492
29,3,0.000366211,-0.000976562
29,4,0.000366211,-0.000488281
29,5,-0.000976562,0.00012207
29,6,-0.000854492,-0.00012207
29,7,-0.000854492,-0.000244141
29,8,-0.000488281,0.000610352
29,9,-0.00012207,0.000732422
29,10,0.000244141,0.000976562
29,11,0.000244141,0.000854492
29,12,0.00012207,0.000732422
29,13,0.000488281,0.00012207
29,14,0.000366211,-0.000854492
29,15,0.000244141,-0.00195312
29,16,-0.000854492,-0.00134277
29,17,-0.00183105,-0.000732422
29,18,-0.00170898,-0.000244141
29,19,-0.0020752,0.00012207
29,20,-0.00183105,0.000244141
29,21,-0.00183105,0.000854492
29,22,-0.000854492,0.000732422
29,23,-0.00109863,0.00012207
29,24,-0.000854492,-0.000610352
29,25,0.000366211,-0.00109863
29,26,0.000854492,-0.000976562
29,27,0.000732422,-0.000610352
29,28,0.000976562,-0.000366211
29,29,0.000244141,0.000366211
29,30,-0.000488281,0.000244141
29,31,0.00134277,-0.00109863
29,32,0.000366211,-0.000366211
29,33,0.000732422,-0.000244141
29,34,0.000610352,-0.000244141
29,35,0.000366211,-0.000244141
29,36,0.000610352,-0.000244141
29,37,0.000366211,-0.000610352
29,38,0,-0.000976562
29,39,-0.00134277,-0.00109863
29,40,-0.00146484,-0.0012207
29,41,-0.00146484,-0.000976562
29,42,-0.000976562,-0.000366211
29,43,-0.0012207,-0.000488281
29,44,-0.000732422,0.00012207
29,45,-0.000488281,0.000366211
29,46,0.000244141,0.000976562
29,47,0.000366211,0.000488281
29,48,0.000366211,0.000488281
29,49,-0.00012207,-0.000854492
29,50,0,-0.000488281
29,51,-0.000488281,0.000244141
29,52,-0.000488281,0.00012207
29,53,-0.000610352,0
29,54,-0.00012207,0.000610352
29,55,0.00012207,0.000488281
29,56,0.000244141,0.000610352
29,57,0.000244141,0.000366211
29,58,0.00012207,0.000244141
29,59,0.000244141,-0.00012207
29,60,0,-0.000610352
29,61,-0.000244141,-0.0012207
29,62,-0.000854492,-0.000854492
29,63,-0.00134277,-0.000244141
29,64,-0.0012207,0
29,65,-0.00146484,0.000366211
29,66,-0.00134277,0.000366211
29,67,-0.000976562,0.000854492
29,68,-0.000366211,0.000732422
29,69,-0.000610352,0.000488281
29,70,-0.000610352,-0.000244141
29,71,0,-0.000854492
29,72,0.000366211,-0.000976562
29,73,0.000366211,-0.000610352
29,74,0.000488281,-0.000488281
29,75,0.000244141,0.00012207
29,76,-0.00012207,0.00012207
29,77,0.000610352,-0.000854492
29,78,0.00012207,-0.000366211
29,79,0.000366211,-0.000366211
29,80,0.000244141,-0.000244141
29,81,0.00012207,-0.000244141
29,82,0.000244141,-0.000244141
29,83,0.00012207,-0.000366211
29,84,-0.000244141,-0.000610352
29,85,-0.000976562,-0.000488281
29,86,-0.00109863,-0.000488281
29,87,-0.000854492,-0.000488281
29,88,-0.000610352,0
29,89,-0.000732422,0
29,90,-0.000366211,0.00012207
29,91,-0.000244141,0.000366211
29,92,0.000244141,0.000610352
29,93,0.000732422,0
29,94,-0.000854492,-0.000244141
29,95,-0.000366211,-0.000244141
29,96,0.00012207,0.000244141
29,97,-0.00012207,0.000244141
29,98,-0.000244141,0.000244141
29,99,0.000244141,0.00012207
29,100,0.00012207,-0.00012207
29,101,0.00012207,0
29,102,0.00012207,-0.00012207
29,103,-0.00012207,-0.000244141
29,104,-0.00012207,-0.000366211
29,105,-0.000488281,-0.000366211
29,106,-0.000854492,-0.00012207
29,107,-0.000732422,0.000244141
29,108,-0.000610352,0.000610352
29,109,-0.000366211,0.000488281
29,110,-0.000488281,0.000854492
29,111,-0.000244141,0.000732422
29,112,0,0.000732422
29,113,0.00012207,0.000244141
29,114,0,0.000488281
29,115,-0.00012207,0.00012207
29,116,-0.000366211,-0.000366211
29,117,-0.000366211,-0.000732422
29,118,-0.000244141,-0.000366211
29,119,-0.000244141,-0.000610352
29,120,0,-0.000366211
29,121,0,-0.00012207
29,122,-0.000488281,-0.000610352
29,123,-0.000244141,-0.000244141
29,124,-0.00012207,-0.000366211
29,125,-0.00012207,-0.000244141
29,126,-0.00012207,-0.000244141
29,127,-0.00012207,-0.000244141
29,128,-0.000366211,-0.000366211
29,129,-0.000610352,-0.00012207
29,130,-0.000488281,0.000488281
29,131,-0.000610352,0.000488281
29,132,-0.000366211,0.000244141
29,133,0,0.000244141
29,134,0,0.000244141
29,135,0.000244141,0.00012207
29,136,0.000244141,0.00012207
29,137,0.000366211,0.00012207
29,138,-0.000976562,-0.000244141
29,139,-0.000488281,-0.000244141
29,140,0.000366211,0.000244141
29,141,0,0.000366211
29,142,0,0.000366211
29,143,0.000366211,0.000244141
29,144,0.000244141,-0.00012207
29,145,0.00012207,-0.00012207
29,146,0.00012207,-0.000244141
29,147,0,-0.000366211
29,148,-0.00012207,-0.000488281
29,149,-0.000488281,-0.000244141
29,150,-0.00109863,0.00012207
29,151,-0.000732422,0.000366211
29,152,-0.000366211,0.000854492
29,153,-0.00012207,0.000488281
29,154,-0.00012207,0.000854492
29,155,0,0.000732422
29,156,0.000366211,0.000732422
29,157,0.000366211,0.000244141
29,158,0,0.000610352
29,159,-0.00012207,0.000366211
29,160,-0.000610352,-0.000244141
29,161,-0.000488281,-0.000610352
29,162,-0.000366211,-0.000366211
29,163,-0.000366211,-0.000610352
29,164,0.00012207,-0.000488281
29,165,0.00012207,-0.00012207
29,166,-0.000854492,-0.000488281
29,167,-0.000366211,-0.000244141
29,168,-0.000366211,-0.000366211
29,169,-0.000366211,-0.000366211
29,170,-0.000244141,-0.000366211
29,171,-0.000244141,-0.000366211
29,172,-0.000366211,-0.000244141
29,173,-0.000610352,0
29,174,-0.000244141,0.000610352
29,175,-0.000366211,0.000732422
29,176,-0.00012207,0.000488281
29,177,0.00012207,0.000488281
29,178,0.00012207,0.000488281
29,179,0.000244141,0.000366211
29,180,0.000244141,0.000244141
29,181,0.000366211,0
29,182,0.000366211,0
29,183,-0.000732422,-0.000366211
29,184,-0.000244141,-0.000366211
29,185,-0.000244141,-0.000488281
29,186,-0.000610352,-0.000244141
29,187,-0.000366211,0.000244141
29,188,-0.000244141,0.00012207
29,189,-0.00012207,0.000244141
29,190,0,0.000366211
29,191,0.00012207,0.000366211
29,192,0.000488281,0
29,193,0.000976562,-0.000488281
29,194,0.000610352,-0.000732422
29,195,0,-0.000854492
29,196,-0.000244141,-0.000732422
29,197,-0.000244141,-0.000976562
29,198,-0.000366211,-0.000854492
29,199,-0.000732422,-0.000610352
29,200,-0.000610352,-0.000244141
29,201,-0.000366211,-0.000610352
29,202,-0.00012207,-0.000488281
29,203,0.000488281,-0.00012207
29,204,0.000610352,0.000366211
29,205,0.000366211,0.00012207
29,206,0.000366211,0.000366211
29,207,-0.00012207,0.000366211
29,208,-0.000244141,0.00012207
29,209,0.000854492,0.000244141
29,210,0.000366211,0
29,211,0.000366211,0.000244141
29,212,0.000366211,0.000244141
29,213,0.000244141,0.000244141
29,214,0.000366211,0.000244141
29,215,0.000366211,0.00012207
29,216,0.000488281,-0.00012207
29,217,0,-0.000854492
29,218,0,-0.000976562
29,219,-0.00012207,-0.000732422
29,220,-0.000366211,-0.000610352
29,221,-0.000488281,-0.000610352
29,222,-0.000488281,-0.000488281
29,223,-0.000488281,-0.000244141
29,224,-0.000366211,0
29,225,-0.000366211,-0.00012207
29,226,-0.00012207,-0.000244141
29,227,-0.00012207,-0.000244141
29,228,-0.000366211,0
29,229,-0.000244141,0.00012207
29,230,-0.00012207,0.00012207
29,231,-0.00012207,0.000244141
29,232,0,0.000244141
29,233,0.00012207,0.00012207
29,234,0.000244141,-0.00012207
29,235,0.000488281,-0.000366211
29,236,0.00012207,-0.000488281
29,237,-0.00012207,-0.000610352
29,238,-0.000244141,-0.000366211
29,239,-0.000366211,-0.000488281
29,240,-0.000366211,-0.000366211
29,241,-0.000488281,-0.000244141
29,242,-0.000366211,0
29,243,-0.000366211,-0.000244141
29,244,-0.00012207,-0.000244141
29,245,0.00012207,-0.00012207
29,246,0.000244141,0
29,247,0.000244141,0
29,248,0.000244141,0.00012207
29,249,-0.00012207,0.000244141
29,250,-0.00012207,0.00012207
29,251,0.000488281,0
29,252,0.00012207,0
29,253,0.000244141,0.00012207
29,254,0.00012207,0.00012207
29,255,0.00012207,0
29,256,0.00012207,0
29,257,0.00012207,-0.00012207
29,258,0.00012207,-0.000244141
29,259,-0.00012207,-0.000488281
29,260,-0.00012207,-0.000610352
29,261,-0.000244141,-0.000488281
29,262,-0.000244141,-0.000366211
29,263,-0.000366211,-0.000366211
29,264,-0.000366211,-0.000244141
29,265,-0.000244141,-0.00012207
29,266,-0.000244141,0.00012207
29,267,0.000366211,0
29,268,0.000488281,0.00012207
29,269,0.000366211,-0.000244141
29,270,0,-0.000488281
29,271,-0.00012207,-0.000488281
29,272,-0.00012207,-0.000488281
29,273,-0.000244141,-0.000488281
29,274,-0.000366211,-0.000366211
29,275,-0.000366211,0.000244141
29,276,-0.000488281,0.000732422
29,277,-0.00012207,0.000610352
29,278,0.000610352,0.000366211
29,279,0.000610352,0.00012207
29,280,0.000732422,0
29,281,0.000732422,0
29,282,0.000854492,-0.000244141
29,283,0.000488281,-0.000366211
29,284,0.000488281,0
29,285,0.000366211,0.000244141
29,286,-0.000366211,0.000366211
29,287,-0.000610352,0.00012207
29,288,-0.000488281,0.00012207
29,289,-0.000610352,-0.00012207
29,290,-0.00012207,-0.000366211
29,291,0.000244141,-0.000244141
29,292,-0.000976562,0.000244141
29,293,-0.000366211,0
29,294,-0.000488281,0
29,295,-0.000488281,-0.00012207
29,296,-0.000366211,-0.00012207
29,297,-0.000366211,-0.00012207
29,298,-0.000366211,0
29,299,-0.000244141,0.000244141
29,300,0.000488281,0.000488281
29,301,0.000488281,0.000732422
29,302,0.000488281,0.000488281
29,303,0.000366211,0.000244141
29,304,0.000610352,0.000488281
29,305,0.000366211,0.000244141
29,306,0.000244141,0
29,307,0,-0.000366211
29,308,0.000488281,0.00012207
29,309,0.000244141,-0.000366211
29,310,-0.00012207,-0.000488281
29,311,-0.000244141,-0.000366211
29,312,-0.000244141,-0.000488281
29,313,-0.000244141,-0.000366211
29,314,-0.000244141,-0.000244141
29,315,-0.000244141,0.000244141
29,316,-0.000244141,0.000732422
29,317,0.00012207,0.000488281
29,318,0.000610352,0.000244141
29,319,0.000488281,0
29,320,0.000610352,-0.00012207
29,321,0.000610352,-0.00012207
29,322,0.000610352,-0.000488281
29,323,0.000366211,-0.000488281
29,324,0.000366211,-0.000244141
29,325,0.000244141,0.00012207
29,326,-0.000244141,0.000244141
29,327,-0.000488281,0.000244141
29,328,-0.000366211,0.00012207
29,329,-0.000488281,0
29,330,-0.00012207,-0.000244141
29,331,0.00012207,-0.00012207
29,332,-0.000610352,0.000366211
29,333,-0.000244141,0
29,334,-0.000366211,0.00012207
29,335,-0.000244141,0
29,336,-0.000244141,0
29,337,-0.000244141,-0.00012207
29,338,-0.00012207,0.00012207
29,339,0,0.000244141
29,340,0.000488281,0.000366211
29,341,0.000488281,0.000366211
29,342,0.000488281,0.000244141
29,343,0.000366211,0
29,344,0.000366211,0.00012207
29,345,0.000244141,-0.00012207
29,346,0.00012207,-0.00012207
29,347,0,-0.000366211
29,348,0.000244141,-0.000366211
29,349,-0.00012207,-0.000610352
29,350,-0.000366211,-0.000488281
29,351,-0.000244141,-0.000488281
29,352,-0.000244141,-0.000366211
29,353,-0.000244141,-0.000244141
29,354,0,0.000244141
29,355,0,0.000854492
29,356,0.000244141,0.000488281
29,357,0.000854492,0
29,358,0.000610352,-0.00012207
29,359,0.000732422,-0.000244141
29,360,0.000610352,-0.000488281
29,361,0.000610352,-0.000732422
29,362,0.000366211,-0.000732422
29,363,0.000366211,-0.000366211
29,364,0.000366211,0
29,365,-0.00012207,0.000488281
29,366,-0.000366211,0.000488281
29,367,-0.000366211,0.000244141
29,368,-0.000610352,0.00012207
29,369,-0.00012207,-0.000244141
29,370,0.000244141,-0.000244141
29,371,-0.000488281,0.000488281
29,372,-0.000244141,0.00012207
29,373,-0.000366211,0.00012207
29,374,-0.000244141,0
29,375,-0.000244141,0
29,376,-0.00012207,-0.00012207
29,377,-0.00012207,0.00012207
29,378,0.000244141,0.000244141
29,379,0.000610352,0.000244141
29,380,0.000732422,0.000244141
29,381,0.000610352,0.000366211
29,382,0.000366211,0.00012207
29,383,0.000488281,0.000244141
29,384,0.000244141,0
29,385,0.00012207,-0.00012207
29,386,0,-0.000488281
29,387,0.000488281,-0.000488281
29,388,0.000366211,-0.000366211
29,389,0.000366211,-0.000366211
29,390,0.00012207,-0.000366211
29,391,-0.00012207,-0.000366211
29,392,-0.000366211,0
29,393,-0.000732422,0.000366211
29,394,-0.000488281,0.000610352
29,395,0,0.000488281
29,396,0,0.000366211
29,397,0.000366211,0.000488281
29,398,0.000244141,0.000488281
29,399,0.000732422,0.00012207
29,400,0.000732422,-0.00012207
29,401,0.000488281,0.000366211
29,402,0.00012207,0.000366211
29,403,-0.000488281,0.000244141
29,404,-0.000610352,-0.00012207
29,405,-0.000366211,-0.00012207
29,406,-0.000366211,-0.000366211
29,407,0.00012207,-0.000366211
29,408,0.000244141,0
29,409,-0.000610352,-0.000244141
29,410,-0.00012207,-0.00012207
29,411,-0.000366211,-0.00012207
29,412,-0.000244141,-0.00012207
29,413,-0.000244141,-0.00012207
29,414,-0.000244141,-0.00012207
29,415,-0.000244141,0
29,416,-0.000366211,0.000244141
29,417,-0.00012207,0.000488281
29,418,-0.00012207,0.000732422
29,419,-0.00012207,0.000610352
29,420,0.00012207,0.000366211
29,421,0.00012207,0.000488281
29,422,0.000244141,0.000366211
29,423,0.000244141,0.00012207
29,424,0.000488281,-0.000244141
29,425,0.000488281,-0.000244141
29,426,0.000610352,-0.000244141
29,427,0.000366211,-0.000244141
29,428,0.00012207,-0.000366211
29,429,-0.000366211,-0.000244141
29,430,-0.000854492,-0.000244141
29,431,-0.000610352,0.00012207
29,432,-0.000366211,0.000488281
29,433,-0.00012207,0.000366211
29,434,0,0.000488281
29,435,-0.00012207,0.000488281
29,436,0.000488281,0.000488281
29,437,0.000488281,0.000244141
29,438,0.000244141,0.000488281
29,439,-0.000244141,0.000366211
29,440,-0.000488281,0
29,441,-0.000366211,-0.000366211
29,442,-0.000244141,-0.000366211
29,443,-0.00012207,-0.000488281
29,444,0.000244141,-0.00012207
29,445,0.000244141,0.00012207
29,446,-0.000488281,-0.000610352
29,447,-0.00012207,-0.000244141
29,448,-0.00012207,-0.000366211
29,449,0,-0.000244141
29,450,-0.00012207,-0.000244141
29,451,0,-0.00012207
29,452,-0.000244141,0
29,453,-0.000488281,0
29,454,-0.000610352,0.000366211
29,455,-0.000610352,0.000610352
29,456,-0.000488281,0.000488281
29,457,-0.000244141,0.000366211
29,458,-0.000244141,0.000610352
29,459,-0.00012207,0.000366211
29,460,0,0.000244141
29,461,0.000488281,0
29,462,0.000610352,0
29,463,0.000366211,0
29,464,0.00012207,-0.000244141
29,465,-0.000366211,-0.000244141
29,466,-0.000854492,-0.000366211
29,467,-0.000732422,0.000244141
29,468,-0.000610352,0.000488281
29,469,-0.000366211,0.000610352
29,470,-0.00012207,0.000854492
29,471,-0.00012207,0.000732422
29,472,0.000244141,0.000732422
29,473,0.000366211,0.000366211
29,474,0.00012207,0.000488281
29,475,-0.000366211,0.000366211
29,476,-0.000488281,-0.000244141
29,477,-0.000488281,-0.000488281
29,478,-0.00012207,-0.000488281
29,479,0,-0.000488281
29,480,0.000244141,-0.00012207
29,481,0,0.000244141
29,482,-0.000244141,-0.000732422
29,483,-0.00012207,-0.000244141
29,484,0,-0.000366211
29,485,0,-0.000244141
29,486,0,-0.000244141
29,487,0,-0.00012207
29,488,-0.000244141,-0.00012207
29,489,-0.000488281,0
29,490,-0.000854492,0.000244141
29,491,-0.000854492,0.000366211
29,492,-0.000732422,0.000366211
29,493,-0.000366211,0.000244141
29,494,-0.000488281,0.000244141
29,495,-0.00012207,0.000244141
29,496,0.00012207,0.00012207
29,497,0.000610352,0
29,498,0.000488281,0
29,499,0.000244141,-0.000244141
29,500,-0.000244141,-0.000244141
29,501,-0.000854492,-0.000488281
29,502,-0.000610352,0.00012207
29,503,-0.000610352,0.000488281
29,504,-0.000366211,0.000488281
29,505,-0.00012207,0.000732422
29,506,-0.000244141,0.000610352
29,507,0.000244141,0.000732422
29,508,0.000488281,0.000366211
29,509,0,0.000488281
29,510,-0.000366211,0.000366211
29,511,-0.000488281,-0.000244141
29,512,-0.000244141,-0.000366211
29,513,-0.00012207,-0.000366211
29,514,0,-0.000488281
29,515,0.000366211,-0.00012207
29,516,0.00012207,0.000366211
29,517,-0.00012207,-0.000732422
29,518,0,-0.000244141
29,519,0,-0.000366211
29,520,0.00012207,-0.000244141
29,521,0,-0.000244141
29,522,0.00012207,-0.000244141
29,523,-0.000244141,-0.00012207
29,524,-0.000366211,-0.00012207
29,525,-0.000732422,0.000244141
29,526,-0.000854492,0.000488281
29,527,-0.000854492,0.000488281
29,528,-0.000488281,0.000366211
29,529,-0.000610352,0.000488281
29,530,-0.000244141,0.000366211
29,531,0,0.000244141
29,532,0.000610352,0.00012207
29,533,0.000244141,-0.00012207
29,534,-0.00012207,-0.000244141
29,535,-0.000610352,-0.000488281
29,536,-0.000488281,-0.00012207
29,537,-0.000488281,0.000366211
29,538,-0.000244141,0.000366211
29,539,-0.00012207,0.000488281
29,540,-0.000244141,0.000488281
29,541,0.00012207,0.000488281
29,542,0.000244141,0.000366211
29,543,-0.00012207,0.000366211
29,544,-0.000366211,0.000244141
29,545,-0.000366211,-0.000244141
29,546,-0.00012207,-0.000366211
29,547,-0.00012207,-0.000366211
29,548,0.00012207,-0.000366211
29,549,0.000244141,0
29,550,0.00012207,0.000244141
29,551,0,-0.000854492
29,552,0,-0.000244141
29,553,0,-0.000366211
29,554,0.00012207,-0.000244141
29,555,0,-0.00012207
29,556,0.00012207,-0.000244141
29,557,-0.00012207,-0.00012207
29,558,-0.000244141,-0.000244141
29,559,-0.000732422,0.00012207
29,560,-0.000732422,0.000244141
29,561,-0.000610352,0.000366211
29,562,-0.000488281,0.000244141
29,563,-0.000610352,0.000488281
29,564,-0.000244141,0.000244141
29,565,-0.00012207,0.00012207
29,566,0.000244141,0
29,567,0.00012207,-0.000244141
29,568,-0.000244141,-0.000732422
29,569,-0.000366211,-0.000488281
29,570,-0.000488281,-0.00012207
29,571,-0.000366211,0
29,572,-0.000366211,0.00012207
29,573,-0.000488281,0.00012207
29,574,-0.000366211,0.000366211
29,575,-0.00012207,0.000244141
29,576,-0.000366211,0.00012207
29,577,-0.000366211,-0.00012207
29,578,-0.00012207,-0.000366211
29,579,0.00012207,-0.000366211
29,580,0.00012207,-0.000366211
29,581,0.000244141,-0.000244141
29,582,0.00012207,0.00012207
29,583,-0.00012207,0.000244141
29,584,0.000244141,-0.000610352
29,585,0.00012207,-0.000244141
29,586,0.00012207,-0.000244141
29,587,0.00012207,-0.00012207
29,588,0.00012207,-0.00012207
29,589,0.00012207,-0.000244141
29,590,0.00012207,-0.000244141
29,591,0,-0.000366211
29,592,-0.000488281,-0.000244141
29,593,-0.000610352,-0.000244141
29,594,-0.000610352,-0.00012207
29,595,-0.000488281,0
29,596,-0.000610352,0.00012207
29,597,-0.000366211,0.00012207
29,598,-0.000244141,0.00012207
29,599,0,0.000244141
29,600,0.000610352,-0.000366211
29,601,0.000244141,-0.000610352
29,602,-0.00012207,-0.000854492
29,603,-0.000366211,-0.000610352
29,604,-0.000488281,-0.000732422
29,605,-0.000610352,-0.000610352
29,606,-0.000732422,-0.000488281
29,607,-0.000488281,-0.000244141
29,608,-0.000366211,-0.000488281
29,609,-0.00012207,-0.000488281
29,610,0.000366211,-0.00012207
29,611,0.000488281,0.00012207
29,612,0.000244141,0.00012207
29,613,0.000244141,0.000244141
29,614,-0.00012207,0.000244141
29,615,-0.000244141,-0.00012207
29,616,0.000610352,0.00012207
29,617,0.00012207,0
29,618,0.00012207,0.00012207
29,619,0.00012207,0.00012207
29,620,0.00012207,0.00012207
29,621,0.00012207,0.00012207
29,622,0.000366211,0
29,623,0.000366211,-0.000366211
29,624,0,-0.000732422
29,625,0.00012207,-0.000854492
29,626,-0.00012207,-0.000732422
29,627,-0.00012207,-0.000366211
29,628,-0.000244141,-0.000488281
29,629,-0.000244141,-0.000244141
29,630,-0.000366211,0
29,631,-0.000366211,0.00012207
29,632,0.00109863,-0.000854492
29,633,0.000488281,-0.00158691
29,634,0,-0.00134277
29,635,-0.000366211,-0.00158691
29,636,-0.000366211,-0.00158691
29,637,-0.00109863,-0.00134277
29,638,-0.000976562,-0.000610352
29,639,-0.000488281,-0.00109863
29,640,0.000244141,-0.000854492
29,641,0.000854492,0.00012207
29,642,0.000854492,0.000732422
29,643,0.000488281,0.000610352
29,644,0.000244141,0.000854492
29,645,-0.000488281,0.000366211
29,646,-0.000488281,-0.000366211
29,647,0.00109863,0.00109863
29,648,0.000244141,0.000244141
29,649,0.000244141,0.000488281
29,650,0.00012207,0.000488281
29,651,0.00012207,0.000366211
29,652,0.00012207,0.000366211
29,653,0.000366211,0.00012207
29,654,0.000732422,-0.00012207
29,655,0.000732422,-0.0012207
29,656,0.000854492,-0.00146484
29,657,0.000610352,-0.0012207
29,658,-0.00012207,-0.000976562
29,659,0,-0.0012207
29,660,-0.000244141,-0.000732422
29,661,-0.000488281,-0.000488281
29,662,-0.000976562,0
29,663,0.00109863,-0.000732422
29,664,0.000732422,-0.000854492
29,665,0.000610352,-0.0012207
29,666,0.000488281,-0.0012207
29,667,-0.00012207,-0.00134277
29,668,-0.000488281,-0.000854492
29,669,0.00012207,-0.000854492
29,670,0.000488281,-0.000366211
29,671,0.000488281,0.000488281
29,672,0.000244141,0.000976562
29,673,0,0.000610352
29,674,-0.000244141,0.000732422
29,675,-0.000488281,0.00012207
29,676,-0.000244141,-0.000366211
29,677,0.00012207,0.00109863
29,678,0,0.000366211
29,679,0,0.000488281
29,680,-0.00012207,0.000366211
29,681,0,0.000244141
29,682,-0.00012207,0.000366211
29,683,0.00012207,0.000366211
29,684,0.000488281,0.000244141
29,685,0.000976562,-0.000366211
29,686,0.00109863,-0.000488281
29,687,0.000854492,-0.000488281
29,688,0.000244141,-0.000610352
29,689,0.000366211,-0.000732422
29,690,0,-0.000732422
29,691,-0.000244141,-0.000610352
29,692,-0.000732422,-0.000488281
29,693,0.00134277,-0.000366211
29,694,0.00158691,-0.000854492
29,695,0.00134277,-0.000854492
29,696,0.00109863,-0.0012207
29,697,0.000244141,-0.000854492
29,698,0.000610352,-0.000610352
29,699,0.000610352,0.00012207
29,700,-0.00012207,0.000854492
29,701,-0.000488281,0.000976562
29,702,-0.000488281,0.000610352
29,703,-0.000732422,0.000610352
29,704,-0.000488281,-0.000244141
29,705,0.00012207,-0.000244141
29,706,-0.000854492,0.0012207
29,707,-0.000244141,0.000366211
29,708,-0.000610352,0.000366211
29,709,-0.000488281,0.00012207
29,710,-0.000366211,0.00012207
29,711,-0.000488281,0.00012207
29,712,-0.000244141,0.000488281
29,713,0.000244141,0.000610352
29,714,0.00134277,0.000366211
29,715,0.00146484,0.000366211
29,716,0.0012207,0.000244141
29,717,0.000732422,-0.000244141
29,718,0.000854492,-0.00012207
29,719,0.000244141,-0.000366211
29,720,0.00012207,-0.000488281
29,721,-0.000610352,-0.000854492
29,722,0.00146484,-0.000488281
29,723,0.0012207,-0.000488281
29,724,0.00109863,-0.000854492
29,725,0.000366211,-0.000732422
29,726,0.000610352,-0.000366211
29,727,0.000488281,0.000244141
29,728,-0.000366211,0.000732422
29,729,-0.000610352,0.000732422
29,730,-0.000610352,0.000488281
29,731,-0.000732422,0.000244141
29,732,-0.000366211,-0.000244141
29,733,0.000244141,-0.000244141
29,734,-0.000976562,0.000732422
29,735,-0.000366211,0.000244141
29,736,-0.000610352,0.00012207
29,737,-0.000488281,0
29,738,-0.000366211,0
29,739,-0.000488281,0
29,740,-0.000366211,0.000244141
29,741,0,0.000488281
29,742,0.000976562,0.000488281
29,743,0.000976562,0.000610352
29,744,0.000976562,0.000488281
29,745,0.000488281,0
29,746,0.000732422,0.00012207
29,747,0.000366211,-0.000244141
29,748,0.00012207,-0.000488281
29,749,-0.000366211,-0.000854492
29,750,0.00170898,-0.00012207
29,751,0.00158691,-0.000732422
29,752,0.000732422,-0.000732422
29,753,0.000854492,-0.000244141
29,754,0.000488281,0.000488281
29,755,-0.000610352,0.000854492
29,756,-0.000976562,0.000732422
29,757,-0.000732422,0.000366211
29,758,-0.000854492,0.000244141
29,759,-0.000244141,-0.000488281
29,760,0.000244141,-0.00012207
29,761,-0.00134277,0.000610352
29,762,-0.000366211,0.000244141
29,763,-0.000854492,0.00012207
29,764,-0.000610352,0
29,765,-0.000488281,0
29,766,-0.000610352,-0.00012207
29,767,-0.000488281,0.000366211
29,768,0,0.000732422
29,769,0.000976562,0.000976562
29,770,0.000976562,0.000976562
29,771,0.00109863,0.000976562
29,772,0.000732422,0.000244141
29,773,0.000732422,0.000366211
29,774,0.000366211,-0.00012207
29,775,0.000244141,-0.000488281
29,776,-0.00012207,-0.000976562
29,777,0.00134277,-0.000610352
29,778,0.000610352,-0.000610352
29,779,0.000732422,-0.000244141
29,780,0.000488281,0.000366211
29,781,-0.000488281,0.000732422
29,782,-0.000976562,0.000610352
29,783,-0.000854492,0.000244141
29,784,-0.000854492,0.00012207
29,785,-0.000366211,-0.000488281
29,786,0.000244141,-0.00012207
29,787,-0.00134277,0.000610352
29,788,-0.000366211,0.00012207
29,789,-0.000732422,0.00012207
29,790,-0.000488281,0
29,791,-0.000366211,0
29,792,-0.000488281,0
29,793,-0.000488281,0.000244141
29,794,-0.00012207,0.000732422
29,795,0.000854492,0.000976562
29,796,0.000854492,0.00109863
29,797,0.000732422,0.000854492
29,798,0.000610352,0.00012207
29,799,0.000610352,0.000244141
29,800,0.000366211,-0.00012207
29,801,0.000244141,-0.000488281
29,802,-0.00012207,-0.000854492
29,803,0.00109863,-0.000366211
29,804,0.000976562,0.000366211
29,805,0.000366211,0.000732422
29,806,-0.000854492,0.000610352
29,807,-0.0012207,0.000244141
29,808,-0.000854492,0.00012207
29,809,-0.000976562,-0.000244141
29,810,-0.00012207,-0.000610352
29,811,0.000488281,0
29,812,-0.00158691,0.000244141
29,813,-0.000488281,0
29,814,-0.000732422,-0.00012207
29,815,-0.000610352,-0.000244141
29,816,-0.000488281,-0.00012207
29,817,-0.000488281,-0.00012207
29,818,-0.000610352,0.000244141
29,819,-0.000366211,0.000732422
29,820,0.000488281,0.0012207
29,821,0.000488281,0.00146484
29,822,0.000488281,0.0012207
29,823,0.000488281,0.000488281
29,824,0.000488281,0.000854492
29,825,0.000488281,0.000244141
29,826,0.000488281,-0.00012207
29,827,0.000366211,-0.000732422
29,828,0.000610352,0.000488281
29,829,0.00012207,0.000488281
29,830,-0.000732422,0.000244141
29,831,-0.000854492,-0.00012207
29,832,-0.000488281,-0.000244141
29,833,-0.000488281,-0.000366211
29,834,0.00012207,-0.000366211
29,835,0.000366211,0.00012207
29,836,-0.000854492,-0.000244141
29,837,-0.000244141,-0.00012207
29,838,-0.000488281,-0.000244141
29,839,-0.000366211,-0.000244141
29,840,-0.000366211,-0.000244141
29,841,-0.000244141,-0.000244141
29,842,-0.000366211,0.00012207
29,843,-0.000366211,0.000366211
29,844,0,0.000732422
29,845,-0.00012207,0.000976562
29,846,0,0.000854492
29,847,0.00012207,0.000488281
29,848,0.00012207,0.000732422
29,849,0.000244141,0.000366211
29,850,0.000244141,0.00012207
29,851,0.000488281,-0.000244141
29,852,0.000366211,0.000244141
29,853,-0.000366211,0.000488281
29,854,-0.000732422,0.000244141
29,855,-0.000488281,0
29,856,-0.000610352,0
29,857,-0.000244141,-0.000366211
29,858,0.000244141,-0.000244141
29,859,-0.000732422,0.000366211
29,860,-0.000244141,0
29,861,-0.000366211,0
29,862,-0.000366211,0
29,863,-0.000366211,0
29,864,-0.000244141,0
29,865,-0.000244141,0.000366211
29,866,-0.00012207,0.000610352
29,867,0.000366211,0.000610352
29,868,0.000610352,0.000732422
29,869,0.000488281,0.000488281
29,870,0.000366211,0.00012207
29,871,0.000488281,0.000244141
29,872,0.000366211,-0.00012207
29,873,0.000244141,-0.000244141
29,874,0.000244141,-0.000610352
29,875,0.00012207,0.000488281
29,876,-0.00012207,0.000488281
29,877,-0.00012207,0.000244141
29,878,-0.000366211,0.000244141
29,879,-0.000366211,-0.000244141
29,880,0.00012207,-0.000244141
29,881,-0.000366211,0.000610352
29,882,-0.00012207,0.00012207
29,883,-0.000244141,0.000244141
29,884,-0.000244141,0.00012207
29,885,-0.000244141,0.00012207
29,886,-0.000244141,0.00012207
29,887,-0.00012207,0.000244141
29,888,0.00012207,0.000366211
29,889,0.000732422,0.00012207
29,890,0.000732422,0.000244141
29,891,0.000732422,0.00012207
29,892,0.000366211,-0.00012207
29,893,0.000488281,-0.00012207
29,894,0.000244141,-0.00012207
29,895,0,-0.000244141
29,896,-0.000244141,-0.000366211
29,897,0.000610352,0.000244141
29,898,0.000366211,0.00012207
29,899,0.000244141,0.000366211
29,900,-0.000244141,0.00012207
29,901,-0.000244141,-0.000244141
29,902,0.000732422,0.000366211
29,903,0.000244141,0
29,904,0.000244141,0.000244141
29,905,0.00012207,0.00012207
29,906,0.00012207,0.00012207
29,907,0.00012207,0.000244141
29,908,0.000366211,0
29,909,0.000366211,-0.000244141
29,910,0.00012207,-0.000732422
29,911,0.000244141,-0.000854492
29,912,0.00012207,-0.000854492
29,913,-0.00012207,-0.000488281
29,914,0,-0.000610352
29,915,-0.000244141,-0.000366211
29,916,-0.000366211,-0.000244141
29,917,-0.000488281,0
29,918,0.000610352,0
29,919,0.000610352,0.000244141
29,920,0,0.000244141
29,921,-0.000366211,-0.00012207
29,922,0.000976562,0
29,923,0.000244141,0
29,924,0.000366211,0
29,925,0.000244141,0.00012207
29,926,0.000244141,0
29,927,0.000244141,0
29,928,0.000366211,-0.00012207
29,929,0.000366211,-0.000488281
29,930,-0.000244141,-0.000976562
29,931,-0.000244141,-0.00109863
29,932,-0.00012207,-0.000854492
29,933,-0.000488281,-0.000366211
29,934,-0.000366211,-0.000610352
29,935,-0.000488281,-0.000244141
29,936,-0.000488281,0
29,937,-0.000610352,0.000366211
29,938,0.000366211,0.00012207
29,939,0,0.000244141
29,940,-0.000244141,0
29,941,0.000732422,0
29,942,0.000244141,0
29,943,0.000244141,0
29,944,0.000244141,0.00012207
29,945,0.00012207,0
29,946,0.000244141,0.00012207
29,947,0.000244141,-0.00012207
29,948,0.00012207,-0.000366211
29,949,-0.000244141,-0.000732422
29,950,-0.000366211,-0.000732422
29,951,-0.000244141,-0.000732422
29,952,-0.000366211,-0.000366211
29,953,-0.000366211,-0.000488281
29,954,-0.000366211,-0.000244141
29,955,-0.000366211,0
29,956,-0.000244141,0.000366211
29,957,0.00012207,0.000244141
29,958,-0.000244141,0.00012207
29,959,0.000732422,-0.000366211
29,960,0.000244141,-0.00012207
29,961,0.000366211,-0.00012207
29,962,0.000244141,0
29,963,0.000244141,0
29,964,0.000244141,0
29,965,0.000244141,-0.000244141
29,966,0,-0.000488281
29,967,-0.000610352,-0.000610352
29,968,-0.000732422,-0.000732422
29,969,-0.000610352,-0.000610352
29,970,-0.000488281,-0.000244141
29,971,-0.000610352,-0.000366211
29,972,-0.000488281,-0.00012207
29,973,-0.000366211,0.00012207
29,974,-0.00012207,0.000488281
29,975,0.00012207,0.00012207
29,976,-0.00012207,-0.000610352
29,977,0,-0.000244141
29,978,0,-0.000244141
29,979,0,-0.000244141
29,980,0,-0.000244141
29,981,0,-0.000244141
29,982,-0.00012207,-0.000244141
29,983,-0.000244141,-0.000244141
29,984,-0.000610352,0.00012207
29,985,-0.000732422,0
29,986,-0.000488281,0.000244141
29,987,-0.000244141,0.000244141
29,988,-0.000366211,0.000366211
29,989,-0.000244141,0.000244141
29,990,0,0.000244141
29,991,0.00012207,0.00012207
29,992,-0.000488281,-0.00012207
29,993,-0.00012207,-0.000244141
29,994,-0.00012207,-0.00012207
29,995,-0.000244141,-0.000244141
29,996,-0.00012207,-0.00012207
29,997,-0.00012207,-0.00012207
29,998,-0.00012207,0
29,999,-0.00012207,0
29,1000,0,0.000244141
29,1001,0,0.000488281
29,1002,0.00012207,0.000488281
29,1003,0,0.000244141
29,1004,0.00012207,0.000488281
29,1005,0.000244141,0.000244141
29,1006,0.00012207,0.00012207
29,1007,0.00012207,-0.000244141
29,1008,0.000488281,-0.00012207
29,1009,0.000610352,0.00012207
29,1010,0.000366211,0.000244141
29,1011,0.000366211,0.00012207
29,1012,0.000488281,0.00012207
29,1013,0.000488281,-0.00012207
29,1014,0.000488281,-0.000488281
29,1015,-0.000488281,-0.00134277
29,1016,-0.000366211,-0.00146484
29,1017,-0.000610352,-0.0012207
29,1018,-0.000732422,-0.000732422
29,1019,-0.000854492,-0.000854492
29,1020,-0.000610352,-0.000366211
29,1021,-0.000610352,-0.00012207
29,1022,-0.000366211,0.000488281
29,1023,0.00012207,0
29,1024,0.00012207,0
29,1025,0.00012207,0
29,1026,0.00012207,0
29,1027,0.00012207,0
29,1028,0.00012207,-0.00012207
29,1029,-0.000244141,-0.000366211
29,1030,-0.000244141,-0.000366211
29,1031,-0.000244141,-0.000366211
29,1032,-0.000244141,-0.000244141
29,1033,-0.000366211,-0.000244141
29,1034,-0.000244141,-0.00012207
29,1035,-0.000244141,-0.00012207
29,1036,-0.00012207,0.00012207
29,1037,0.000244141,0
29,1038,0.000244141,0
29,1039,0.000244141,0
29,1040,0.00012207,-0.00012207
29,1041,0,-0.000244141
29,1042,-0.000488281,-0.000610352
29,1043,-0.000488281,-0.000488281
29,1044,-0.000488281,-0.000488281
29,1045,-0.000488281,-0.000366211
29,1046,-0.000488281,-0.000366211
29,1047,-0.000244141,-0.00012207
29,1048,-0.000244141,0
29,1049,0,0.000244141
29,1050,0.000244141,0
29,1051,0.000244141,0
29,1052,0.00012207,-0.00012207
29,1053,0,-0.000244141
29,1054,-0.000488281,-0.000366211
29,1055,-0.000488281,-0.000488281
29,1056,-0.000610352,-0.000366211
29,1057,-0.000366211,-0.000244141
29,1058,-0.000488281,-0.000244141
29,1059,-0.000366211,-0.00012207
29,1060,-0.000244141,0
29,1061,0,0.00012207
29,1062,0.000244141,0
29,1063,0.00012207,-0.00012207
29,1064,0,-0.000244141
29,1065,-0.000366211,-0.000244141
29,1066,-0.000366211,-0.000366211
29,1067,-0.000366211,-0.000244141
29,1068,-0.000366211,-0.000244141
29,1069,-0.000366211,-0.000244141
29,1070,-0.000244141,-0.00012207
29,1071,-0.000244141,0
29,1072,-0.00012207,0.00012207
29,1073,0.000244141,-0.00012207
29,1074,0.00012207,-0.000244141
29,1075,-0.000366211,-0.000366211
29,1076,-0.000366211,-0.000366211
29,1077,-0.000488281,-0.000244141
29,1078,-0.000366211,-0.00012207
29,1079,-0.000488281,-0.000244141
29,1080,-0.000366211,-0.00012207
29,1081,-0.000244141,0
29,1082,0,0.00012207
29,1083,0.000366211,-0.000244141
29,1084,-0.00012207,-0.000488281
29,1085,0,-0.000610352
29,1086,-0.00012207,-0.000610352
29,1087,-0.00012207,-0.000244141
29,1088,-0.000244141,-0.000366211
29,1089,-0.000244141,-0.000244141
29,1090,-0.000244141,0
29,1091,-0.000244141,0
29,1092,0.000366211,-0.000610352
29,1093,0.000488281,-0.000732422
29,1094,0.000244141,-0.000610352
29,1095,0,-0.000366211
29,1096,0,-0.000488281
29,1097,-0.000244141,-0.000366211
29,1098,-0.000366211,-0.000244141
29,1099,-0.000488281,-0.00012207
29,1100,0.00146484,0
29,1101,0.0012207,-0.00012207
29,1102,0.000610352,-0.000366211
29,1103,0.000732422,-0.000366211
29,1104,0.000244141,-0.000366211
29,1105,0,-0.000488281
29,1106,-0.000732422,-0.000488281
29,1107,0.00146484,-0.000244141
29,1108,0.000732422,-0.000366211
29,1109,0.000976562,-0.000366211
29,1110,0.000366211,-0.000488281
29,1111,0,-0.000488281
29,1112,-0.000732422,-0.000732422
29,1113,0.000732422,-0.00012207
29,1114,0.00109863,-0.00012207
29,1115,0.000488281,-0.000366211
29,1116,0.00012207,-0.000488281
29,1117,-0.000732422,-0.000610352
29,1118,0.000854492,-0.00012207
29,1119,0.000488281,-0.000244141
29,1120,0.000244141,-0.000244141
29,1121,-0.000244141,-0.000488281
29,1122,0.000610352,-0.000244141
29,1123,0.000366211,-0.000244141
29,1124,-0.000244141,-0.000488281
29,1125,0.000366211,-0.00012207
29,1126,0.00012207,-0.000488281
29,1127,0.000244141,-0.000244141
30,0,-0.00012207,0
30,1,-0.00012207,-0.00012207
30,2,-0.00012207,0
30,3,-0.00012207,0
30,4,0,0
30,5,0,0
30,6,0,0
30,7,0,0
30,8,-0.00012207,0
30,9,0,0
30,10,-0.00012207,-0.00012207
30,11,0,0
30,12,-0.00012207,-0.00012207
30,13,0,-0.00012207
30,14,-0.00012207,-0.00012207
30,15,0,-0.00012207
30,16,-0.00012207,0
30,17,-0.00012207,0
30,18,-0.00012207,0
30,19,0,-0.00012207
30,20,-0.00012207,0
30,21,-0.00012207,0
30,22,-0.00012207,0
30,23,-0.000244141,0
30,24,-0.00012207,0
30,25,0,-0.00012207
30,26,0,0
30,27,-0.00012207,-0.00012207
30,28,-0.00012207,-0.00012207
30,29,0,0
30,30,-0.00012207,-0.00012207
30,31,-0.00012207,-0.00012207
30,32,-0.00012207,-0.00012207
30,33,0,0
30,34,-0.00012207,0
30,35,-0.00012207,-0.00012207
30,36,-0.00012207,-0.00012207
30,37,0,-0.00012207
30,38,0,0
30,39,-0.00012207,-0.00012207
30,40,-0.00012207,-0.00012207
30,41,0,0
30,42,0,0
30,43,0,-0.00012207
30,44,-0.00012207,0
30,45,0,-0.00012207
30,46,0,0
30,47,0,0
30,48,0,-0.00012207
30,49,0,0
30,50,0,-0.00012207
30,51,0,-0.00012207
30,52,0,-0.00012207
30,53,0,-0.00012207
30,54,0,0
30,55,-0.00012207,-0.00012207
30,56,-0.00012207,0
30,57,-0.00012207,-0.00012207
30,58,-0.00012207,-0.00012207
30,59,-0.00012207,-0.00012207
30,60,-0.00012207,0
30,61,-0.00012207,-0.00012207
30,62,0,-0.00012207
30,63,0,-0.00012207
30,64,0,-0.00012207
30,65,-0.00012207,-0.00012207
30,66,0,0
30,67,-0.00012207,0
30,68,0,0
30,69,0,0
30,70,0,0
30,71,-0.00012207,0
30,72,-0.00012207,0
30,73,0,0
30,74,-0.00012207,0
30,75,0,-0.00012207
30,76,0,0
30,77,-0.00012207,0
30,78,-0.00012207,0
30,79,0,-0.00012207
30,80,0,0
30,81,0,0
30,82,-0.00012207,0
30,83,-0.00012207,-0.00012207
30,84,-0.00012207,0
30,85,0,-0.00012207
30,86,0,-0.00012207
30,87,0,-0.00012207
30,88,0,-0.00012207
30,89,-0.00012207,0
30,90,0,0
30,91,-0.00012207,0
30,92,0,-0.00012207
30,93,0,-0.00012207
30,94,-0.00012207,-0.00012207
30,95,-0.00012207,-0.00012207
30,96,0,-0.00012207
30,97,-0.00012207,-0.00012207
30,98,-0.00012207,-0.00012207
30,99,0,-0.00012207
30,100,0,-0.00012207
30,101,0,-0.00012207
30,102,-0.00012207,0
30,103,0,0
30,104,-0.00012207,0
30,105,0,0
30,106,-0.00012207,-0.00012207
30,107,0,-0.00012207
30,108,0,0
30,109,0,-0.00012207
30,110,-0.00012207,0
30,111,0,-0.00012207
30,112,-0.00012207,-0.00012207
30,113,0,-0.00012207
30,114,0,-0.00012207
30,115,-0.00012207,0
30,116,0,-0.00012207
30,117,-0.00012207,0
30,118,-0.00012207,0
30,119,0,-0.00012207
30,120,0,-0.00012207
30,121,0,-0.00012207
30,122,0,-0.00012207
30,123,0,-0.00012207
30,124,-0.00012207,0
30,125,0,-0.00012207
30,126,0,0
30,127,0,0
30,128,-0.00012207,0
30,129,-0.00012207,0
30,130,0,-0.00012207
30,131,0,0
30,132,-0.00012207,-0.00012207
30,133,0,-0.00012207
30,134,0,0
30,135,0,-0.00012207
30,136,-0.00012207,-0.00012207
30,137,0,-0.00012207
30,138,0,0
30,139,0,-0.00012207
30,140,0,0
30,141,0,-0.00012207
30,142,0,-0.00012207
30,143,0,0
30,144,-0.00012207,0
30,145,0,-0.00012207
30,146,-0.00012207,0
30,147,-0.00012207,0
30,148,-0.00012207,-0.00012207
30,149,-0.00012207,0
30,150,0,-0.00012207
30,151,0,-0.00012207
30,152,0,0
30,153,0,0
30,154,-0.00012207,-0.00012207
30,155,0,0
30,156,0,0
30,157,0,0
30,158,0,0
30,159,0,-0.00012207
30,160,-0.00012207,0
30,161,-0.00012207,-0.00012207
30,162,0,0
30,163,0,-0.00012207
30,164,0,-0.00012207
30,165,0,-0.00012207
30,166,-0.00012207,0
30,167,-0.00012207,0
30,168,0,0
30,169,0,-0.00012207
30,170,-0.00012207,-0.00012207
30,171,-0.00012207,0
30,172,-0.00012207,-0.00012207
30,173,0,-0.00012207
30,174,0,0
30,175,-0.00012207,-0.00012207
30,176,0,-0.00012207
30,177,0,-0.00012207
30,178,-0.00012207,0
30,179,0,0
30,180,-0.00012207,0
30,181,0,-0.00012207
30,182,0,-0.00012207
30,183,-0.00012207,0
30,184,-0.00012207,-0.00012207
30,185,-0.00012207,-0.00012207
30,186,-0.00012207,-0.00012207
30,187,-0.00012207,0
30,188,0,-0.00012207
30,189,-0.00012207,-0.00012207
30,190,0,0
30,191,-0.00012207,0
30,192,0,0
30,193,0,-0.00012207
30,194,0,-0.00012207
30,195,0,0
30,196,0,-0.00012207
30,197,-0.00012207,0
30,198,0,0
30,199,-0.00012207,0
30,200,-0.00012207,-0.00012207
30,201,-0.00012207,0
30,202,-0.00012207,-0.00012207
30,203,-0.00012207,0
30,204,-0.00012207,-0.00012207
30,205,0,-0.00012207
30,206,-0.00012207,0
30,207,-0.00012207,0
30,208,0,-0.00012207
30,209,-0.00012207,0
30,210,0,0
30,211,0,-0.00012207
30,212,0,0
30,213,-0.00012207,0
30,214,0,0
30,215,-0.00012207,-0.00012207
30,216,-0.00012207,-0.00012207
30,217,0,-0.00012207
30,218,0,-0.00012207
30,219,0,0
30,220,0,-0.00012207
30,221,0,0
30,222,0,0
30,223,0,0
30,224,0,0
30,225,-0.00012207,0
30,226,0,0
30,227,0,0
30,228,0,0
30,229,-0.00012207,0
30,230,-0.00012207,0
30,231,-0.00012207,0
30,232,-0.00012207,-0.00012207
30,233,-0.00012207,-0.00012207
30,234,-0.00012207,0
30,235,-0.00012207,-0.00012207
30,236,0,-0.00012207
30,237,0,0
30,238,0,-0.00012207
30,239,-0.00012207,-0.00012207
30,240,0,0
30,241,0,0
30,242,0,0
30,243,-0.00012207,0
30,244,0,0
30,245,0,-0.00012207
30,246,0,-0.00012207
30,247,0,0
30,248,-0.00012207,0
30,249,0,0
30,250,-0.00012207,-0.00012207
30,251,-0.00012207,0
30,252,-0.00012207,-0.00012207
30,253,0,0
30,254,-0.00012207,0
30,255,-0.00012207,-0.00012207
30,256,0,-0.00012207
30,257,-0.00012207,0
30,258,0,0
30,259,-0.00012207,0
30,260,-0.00012207,-0.00012207
30,261,0,-0.00012207
30,262,0,-0.00012207
30,263,-0.00012207,-0.00012207
30,264,0,0
30,265,-0.00012207,-0.00012207
30,266,0,-0.00012207
30,267,0,0
30,268,0,-0.00012207
30,269,0,0
30,270,0,-0.00012207
30,271,-0.00012207,-0.00012207
30,272,0,-0.00012207
30,273,-0.00012207,-0.00012207
30,274,-0.00012207,-0.00012207
30,275,-0.00012207,0
30,276,-0.00012207,-0.00012207
30,277,-0.00012207,0
30,278,0,0
30,279,0,0
30,280,0,-0.00012207
30,281,-0.00012207,0
30,282,0,-0.00012207
30,283,0,0
30,284,-0.00012207,-0.00012207
30,285,0,0
30,286,0,-0.00012207
30,287,-0.00012207,0
30,288,-0.00012207,0
30,289,-0.00012207,-0.00012207
30,290,0,-0.00012207
30,291,-0.00012207,-0.00012207
30,292,-0.00012207,0
30,293,0,0
30,294,0,-0.00012207
30,295,0,-0.00012207
30,296,0,0
30,297,-0.00012207,0
30,298,0,-0.00012207
30,299,-0.00012207,0
30,300,0,0
30,301,-0.00012207,0
30,302,0,-0.00012207
30,303,0,-0.00012207
30,304,0,0
30,305,0,0
30,306,-0.00012207,0
30,307,0,-0.00012207
30,308,0,0
30,309,0,0
30,310,-0.00012207,-0.00012207
30,311,0,0
30,312,-0.00012207,-0.00012207
30,313,-0.00012207,0
30,314,-0.00012207,-0.00012207
30,315,-0.00012207,0
30,316,0,0
30,317,0,0
30,318,0,0
30,319,0,0
30,320,0,-0.00012207
30,321,0,0
30,322,0,0
30,323,0,0
30,324,-0.00012207,0
30,325,0,-0.00012207
30,326,-0.00012207,0
30,327,0,-0.00012207
30,328,0,0
30,329,-0.00012207,0
30,330,0,-0.00012207
30,331,-0.00012207,0
30,332,-0.00012207,0
30,333,0,0
30,334,-0.00012207,0
30,335,0,0
30,336,0,0
30,337,-0.00012207,0
30,338,0,0
30,339,0,-0.00012207
30,340,-0.00012207,0
30,341,0,0
30,342,-0.00012207,0
30,343,0,-0.00012207
30,344,-0.00012207,0
30,345,-0.00012207,0
30,346,-0.00012207,-0.00012207
30,347,-0.00012207,0
30,348,0,0
30,349,-0.00012207,-0.00012207
30,350,0,-0.00012207
30,351,-0.00012207,0
30,352,-0.00012207,0
30,353,-0.00012207,-0.00012207
30,354,-0.00012207,0
30,355,-0.00012207,0
30,356,-0.00012207,0
30,357,0,0
30,358,-0.00012207,0
30,359,0,0
30,360,0,0
30,361,0,0
30,362,-0.00012207,-0.00012207
30,363,0,0
30,364,0,0
30,365,-0.00012207,-0.00012207
30,366,-0.00012207,-0.00012207
30,367,0,0
30,368,0,-0.00012207
30,369,0,-0.00012207
30,370,0,-0.00012207
30,371,0,-0.00012207
30,372,-0.00012207,0
30,373,0,0
30,374,0,-0.00012207
30,375,0,-0.00012207
30,376,-0.00012207,-0.00012207
30,377,0,-0.00012207
30,378,0,-0.00012207
30,379,0,0
30,380,-0.00012207,-0.00012207
30,381,0,0
30,382,-0.00012207,0
30,383,-0.00012207,0
30,384,-0.00012207,0
30,385,-0.00012207,0
30,386,0,-0.00012207
30,387,0,0
30,388,-0.00012207,0
30,389,-0.00012207,-0.00012207
30,390,-0.00012207,0
30,391,-0.00012207,0
30,392,0,0
30,393,-0.00012207,0
30,394,-0.00012207,0
30,395,0,-0.00012207
30,396,0,-0.00012207
30,397,-0.00012207,-0.00012207
30,398,0,-0.00012207
30,399,0,-0.00012207
30,400,0,-0.00012207
30,401,0,0
30,402,0,-0.00012207
30,403,0,-0.00012207
30,404,-0.00012207,-0.00012207
30,405,0,0
30,406,0,0
30,407,0,-0.00012207
30,408,0,0
30,409,0,0
30,410,-0.00012207,-0.00012207
30,411,0,-0.00012207
30,412,0,0
30,413,0,-0.00012207
30,414,-0.00012207,-0.00012207
30,415,-0.00012207,-0.00012207
30,416,0,-0.00012207
30,417,0,0
30,418,-0.00012207,0
30,419,0,-0.00012207
30,420,-0.00012207,-0.00012207
30,421,-0.00012207,0
30,422,-0.00012207,-0.00012207
30,423,-0.00012207,0
30,424,-0.00012207,-0.00012207
30,425,-0.00012207,0
30,426,0,-0.00012207
30,427,0,0
30,428,0,-0.00012207
30,429,0,0
30,430,-0.00012207,-0.00012207
30,431,-0.00012207,0
30,432,-0.00012207,-0.00012207
30,433,-0.00012207,0
30,434,0,-0.00012207
30,435,-0.00012207,-0.00012207
30,436,0,-0.00012207
30,437,0,0
30,438,-0.00012207,0
30,439,-0.00012207,0
30,440,0,0
30,441,-0.00012207,0
30,442,-0.00012207,-0.00012207
30,443,-0.00012207,-0.00012207
30,444,-0.00012207,-0.00012207
30,445,-0.00012207,0
30,446,0,-0.00012207
30,447,0,-0.00012207
30,448,-0.00012207,-0.00012207
30,449,-0.00012207,0
30,450,-0.00012207,0
30,451,0,-0.00012207
30,452,0,0
30,453,-0.00012207,0
30,454,0,0
30,455,0,0
30,456,-0.00012207,-0.00012207
30,457,0,-0.00012207
30,458,0,-0.00012207
30,459,0,0
30,460,0,-0.00012207
30,461,-0.00012207,0
30,462,-0.00012207,-0.00012207
30,463,0,0
30,464,0,0
30,465,0,0
30,466,0,0
30,467,-0.00012207,-0.00012207
30,468,-0.00012207,0
30,469,0,-0.00012207
30,470,-0.00012207,0
30,471,0,0
30,472,0,-0.00012207
30,473,-0.00012207,-0.00012207
30,474,0,0
30,475,-0.00012207,-0.00012207
30,476,-0.00012207,0
30,477,0,-0.00012207
30,478,0,0
30,479,0,0
30,480,0,0
30,481,0,-0.00012207
30,482,0,0
30,483,0,-0.00012207
30,484,-0.00012207,0
30,485,0,-0.00012207
30,486,0,-0.00012207
30,487,0,-0.00012207
30,488,0,-0.00012207
30,489,0,-0.00012207
30,490,-0.00012207,0
30,491,-0.00012207,-0.00012207
30,492,0,0
30,493,-0.00012207,0
30,494,-0.00012207,0
30,495,0,0
30,496,-0.00012207,-0.00012207
30,497,0,0
30,498,-0.00012207,-0.00012207
30,499,0,0
30,500,0,-0.00012207
30,501,-0.00012207,0
30,502,-0.00012207,0
30,503,-0.00012207,-0.00012207
30,504,0,0
30,505,0,0
30,506,-0.00012207,-0.00012207
30,507,0,0
30,508,0,0
30,509,-0.00012207,0
30,510,-0.00012207,-0.00012207
30,511,-0.00012207,0
30,512,0,0
30,513,0,-0.00012207
30,514,-0.00012207,-0.00012207
30,515,-0.00012207,0
30,516,-0.00012207,0
30,517,-0.00012207,0
30,518,0,0
30,519,0,0
30,520,-0.00012207,0
30,521,-0.00012207,-0.00012207
30,522,0,-0.00012207
30,523,0,0
30,524,0,-0.00012207
30,525,-0.00012207,0
30,526,-0.00012207,0
30,527,-0.00012207,0
30,528,0,0
30,529,-0.00012207,-0.00012207
30,530,-0.00012207,0
30,531,0,0
30,532,-0.00012207,0
30,533,0,0
30,534,0,-0.00012207
30,535,0,-0.00012207
30,536,0,-0.00012207
30,537,-0.00012207,-0.00012207
30,538,0,-0.00012207
30,539,0,-0.00012207
30,540,-0.00012207,0
30,541,-0.00012207,-0.00012207
30,542,-0.00012207,-0.00012207
30,543,-0.00012207,-0.00012207
30,544,-0.00012207,0
30,545,0,-0.00012207
30,546,0,0
30,547,-0.00012207,0
30,548,-0.00012207,-0.00012207
30,549,-0.00012207,0
30,550,0,0
30,551,-0.00012207,0
30,552,0,-0.00012207
30,553,-0.00012207,0
30,554,-0.00012207,-0.00012207
30,555,0,0
30,556,0,-0.00012207
30,557,0,-0.00012207
30,558,-0.00012207,0
30,559,-0.00012207,-0.00012207
30,560,0,-0.00012207
30,561,0,0
30,562,0,0
30,563,0,0
30,564,0,-0.00012207
30,565,-0.00012207,-0.00012207
30,566,0,0
30,567,0,-0.00012207
30,568,0,0
30,569,-0.00012207,0
30,570,-0.00012207,0
30,571,-0.00012207,-0.00012207
30,572,0,0
30,573,-0.00012207,0
30,574,0,-0.00012207
30,575,-0.00012207,0
30,576,-0.00012207,-0.00012207
30,577,-0.00012207,0
30,578,0,0
30,579,0,0
30,580,-0.00012207,-0.00012207
30,581,-0.00012207,-0.00012207
30,582,0,0
30,583,0,0
30,584,0,-0.00012207
30,585,0,-0.00012207
30,586,-0.00012207,0
30,587,-0.00012207,-0.00012207
30,588,0,0
30,589,0,-0.00012207
30,590,0,-0.00012207
30,591,-0.00012207,0
30,592,-0.00012207,0
30,593,-0.00012207,0
30,594,0,0
30,595,-0.00012207,0
30,596,-0.00012207,0
30,597,-0.00012207,0
30,598,0,-0.00012207
30,599,0,0
30,600,-0.00012207,0
30,601,-0.00012207,0
30,602,0,-0.00012207
30,603,-0.00012207,-0.00012207
30,604,-0.00012207,0
30,605,0,-0.00012207
30,606,-0.00012207,-0.00012207
30,607,-0.00012207,-0.00012207
30,608,0,-0.00012207
30,609,0,0
30,610,0,-0.00012207
30,611,-0.00012207,0
30,612,0,-0.00012207
30,613,-0.00012207,-0.00012207
30,614,-0.00012207,-0.00012207
30,615,-0.00012207,-0.00012207
30,616,0,-0.00012207
30,617,0,-0.00012207
30,618,-0.00012207,-0.00012207
30,619,0,-0.00012207
30,620,-0.00012207,-0.00012207
30,621,-0.00012207,-0.00012207
30,622,0,-0.00012207
30,623,-0.00012207,-0.00012207
30,624,0,-0.00012207
30,625,0,0
30,626,-0.00012207,-0.00012207
30,627,-0.00012207,0
30,628,0,-0.00012207
30,629,-0.00012207,-0.00012207
30,630,0,0
30,631,-0.00012207,-0.00012207
30,632,0,-0.00012207
30,633,-0.00012207,-0.00012207
30,634,0,0
30,635,0,-0.00012207
30,636,-0.00012207,0
30,637,0,-0.00012207
30,638,-0.00012207,0
30,639,-0.00012207,-0.00012207
30,640,-0.00012207,-0.00012207
30,641,0,0
30,642,0,-0.00012207
30,643,0,-0.00012207
30,644,-0.00012207,-0.00012207
30,645,-0.00012207,0
30,646,0,-0.00012207
30,647,-0.00012207,-0.00012207
30,648,0,0
30,649,-0.00012207,-0.00012207
30,650,-0.00012207,-0.00012207
30,651,-0.00012207,-0.00012207
30,652,-0.00012207,0
30,653,0,0
30,654,-0.00012207,-0.00012207
30,655,0,0
30,656,0,-0.00012207
30,657,0,0
30,658,-0.00012207,0
30,659,0,0
30,660,-0.00012207,0
30,661,0,-0.00012207
30,662,-0.00012207,0
30,663,0,0
30,664,0,-0.00012207
30,665,-0.00012207,-0.00012207
30,666,0,0
30,667,-0.00012207,0
30,668,0,0
30,669,-0.00012207,0
30,670,0,0
30,671,-0.00012207,0
30,672,0,0
30,673,0,0
30,674,-0.00012207,0
30,675,0,-0.00012207
30,676,0,0
30,677,-0.00012207,-0.00012207
30,678,-0.00012207,0
30,679,0,0
30,680,-0.00012207,0
30,681,-0.00012207,-0.00012207
30,682,0,0
30,683,-0.00012207,-0.00012207
30,684,0,-0.00012207
30,685,0,-0.00012207
30,686,0,-0.00012207
30,687,-0.00012207,0
30,688,0,-0.00012207
30,689,0,0
30,690,0,0
30,691,0,-0.00012207
30,692,0,0
30,693,0,-0.00012207
30,694,0,0
30,695,0,0
30,696,0,-0.00012207
30,697,-0.00012207,-0.00012207
30,698,0,0
30,699,0,-0.00012207
30,700,0,0
30,701,-0.00012207,0
30,702,0,-0.00012207
30,703,-0.00012207,-0.00012207
30,704,-0.00012207,-0.00012207
30,705,-0.00012207,-0.00012207
30,706,0,0
30,707,0,0
30,708,0,0
30,709,0,-0.00012207
30,710,0,0
30,711,0,0
30,712,-0.00012207,-0.00012207
30,713,-0.00012207,0
30,714,0,-0.00012207
30,715,-0.00012207,-0.00012207
30,716,0,-0.00012207
30,717,-0.00012207,-0.00012207
30,718,0,0
30,719,0,-0.00012207
30,720,-0.00012207,0
30,721,0,-0.00012207
30,722,0,-0.00012207
30,723,0,0
30,724,0,-0.00012207
30,725,0,-0.00012207
30,726,-0.00012207,0
30,727,-0.00012207,-0.00012207
30,728,0,0
30,729,0,0
30,730,-0.00012207,0
30,731,-0.00012207,-0.00012207
30,732,0,-0.00012207
30,733,0,0
30,734,-0.00012207,0
30,735,0,-0.00012207
30,736,0,0
30,737,-0.00012207,0
30,738,0,0
30,739,-0.00012207,0
30,740,0,-0.00012207
30,741,-0.00012207,-0.00012207
30,742,0,0
30,743,0,0
30,744,0,0
30,745,0,-0.00012207
30,746,0,0
30,747,0,0
30,748,-0.00012207,0
30,749,0,0
30,750,-0.00012207,0
30,751,0,0
30,752,-0.00012207,0
30,753,-0.00012207,-0.00012207
30,754,0,-0.00012207
30,755,0,0
30,756,-0.00012207,0
30,757,0,-0.00012207
30,758,-0.00012207,-0.00012207
30,759,-0.00012207,0
30,760,-0.00012207,-0.00012207
30,761,-0.00012207,-0.00012207
30,762,0,0
30,763,-0.00012207,0
30,764,-0.00012207,-0.00012207
30,765,0,0
30,766,-0.00012207,0
30,767,-0.00012207,0
30,768,-0.00012207,0
30,769,0,0
30,770,-0.00012207,0
30,771,0,-0.00012207
30,772,0,0
30,773,0,0
30,774,-0.00012207,0
30,775,-0.00012207,-0.00012207
30,776,-0.00012207,0
30,777,0,-0.00012207
30,778,0,-0.00012207
30,779,0,0
30,780,0,0
30,781,0,-0.00012207
30,782,0,-0.00012207
30,783,0,0
30,784,0,-0.00012207
30,785,0,-0.00012207
30,786,0,-0.00012207
30,787,0,0
30,788,0,-0.00012207
30,789,0,-0.00012207
30,790,-0.00012207,0
30,791,0,-0.00012207
30,792,0,0
30,793,-0.00012207,-0.00012207
30,794,0,0
30,795,0,-0.00012207
30,796,-0.00012207,0
30,797,0,-0.00012207
30,798,-0.00012207,-0.00012207
30,799,0,-0.00012207
30,800,0,-0.00012207
30,801,0,0
30,802,0,-0.00012207
30,803,0,-0.00012207
30,804,0,0
30,805,0,-0.00012207
30,806,0,0
30,807,-0.00012207,-0.00012207
30,808,-0.00012207,-0.00012207
30,809,0,-0.00012207
30,810,0,-0.00012207
30,811,0,0
30,812,0,0
30,813,0,0
30,814,0,-0.00012207
30,815,0,0
30,816,0,0
30,817,-0.00012207,-0.00012207
30,818,0,0
30,819,-0.00012207,-0.00012207
30,820,0,0
30,821,-0.00012207,0
30,822,0,0
30,823,-0.00012207,-0.00012207
30,824,-0.00012207,0
30,825,0,-0.00012207
30,826,0,-0.00012207
30,827,0,-0.00012207
30,828,0,0.00012207
30,829,-0.00012207,0
30,830,-0.00012207,0
30,831,-0.00012207,0
30,832,-0.00012207,-0.00012207
30,833,0,0
30,834,0,-0.00012207
30,835,-0.00012207,0
30,836,-0.00012207,0
30,837,0,0
30,838,-0.00012207,-0.00012207
30,839,0,0
30,840,0,0
30,841,0,-0.00012207
30,842,0,0
30,843,0,0
30,844,0,0
30,845,0,0
30,846,-0.00012207,-0.00012207
30,847,0,-0.00012207
30,848,-0.00012207,0
30,849,0,0
30,850,-0.00012207,0
30,851,0,-0.00012207
30,852,0,0
30,853,0,0
30,854,-0.00012207,-0.00012207
30,855,-0.00012207,0
30,856,0,0
30,857,0,-0.00012207
30,858,0,0
30,859,0,-0.00012207
30,860,-0.00012207,0
30,861,0,-0.00012207
30,862,0,-0.00012207
30,863,0,0
30,864,-0.00012207,-0.00012207
30,865,-0.00012207,-0.00012207
30,866,-0.00012207,-0.00012207
30,867,0,0
30,868,-0.00012207,0
30,869,0,0
30,870,-0.00012207,-0.00012207
30,871,-0.00012207,0
30,872,0,-0.00012207
30,873,-0.00012207,-0.00012207
30,874,0,-0.00012207
30,875,-0.00012207,-0.00012207
30,876,0,-0.00012207
30,877,0,0
30,878,-0.00012207,-0.00012207
30,879,0,-0.00012207
30,880,0,-0.00012207
30,881,0,-0.00012207
30,882,-0.00012207,0
30,883,0,-0.00012207
30,884,0,0
30,885,0,0
30,886,-0.00012207,0
30,887,-0.00012207,-0.00012207
30,888,0,-0.00012207
30,889,-0.00012207,-0.00012207
30,890,-0.00012207,0
30,891,-0.00012207,-0.00012207
30,892,-0.00012207,0
30,893,-0.00012207,-0.00012207
30,894,-0.00012207,-0.00012207
30,895,0,-0.00012207
30,896,-0.00012207,-0.00012207
30,897,-0.00012207,0
30,898,-0.00012207,-0.00012207
30,899,-0.00012207,-0.00012207
30,900,0,0
30,901,0,-0.00012207
30,902,0,-0.00012207
30,903,0,-0.00012207
30,904,-0.00012207,-0.00012207
30,905,-0.00012207,-0.00012207
30,906,0,0
30,907,0,-0.00012207
30,908,-0.00012207,0
30,909,-0.00012207,0
30,910,0,-0.00012207
30,911,-0.00012207,0
30,912,0,-0.00012207
30,913,-0.00012207,-0.00012207
30,914,0,0
30,915,0,-0.00012207
30,916,-0.00012207,-0.00012207
30,917,0,-0.00012207
30,918,-0.00012207,0
30,919,-0.00012207,0
30,920,0,0
30,921,0,0
30,922,0,-0.00012207
30,923,-0.00012207,-0.00012207
30,924,0,0
30,925,-0.00012207,0
30,926,0,-0.00012207
30,927,0,-0.00012207
30,928,0,-0.00012207
30,929,0,-0.00012207
30,930,-0.00012207,-0.00012207
30,931,0,-0.00012207
30,932,0,0
30,933,-0.00012207,0
30,934,0,-0.00012207
30,935,-0.00012207,0
30,936,0,-0.00012207
30,937,0,-0.00012207
30,938,-0.00012207,-0.00012207
30,939,-0.00012207,-0.00012207
30,940,-0.00012207,-0.00012207
30,941,-0.00012207,0
30,942,-0.00012207,0
30,943,0,-0.00012207
30,944,0,0
30,945,-0.00012207,-0.00012207
30,946,-0.00012207,0
30,947,-0.00012207,-0.00012207
30,948,0,-0.00012207
30,949,-0.00012207,0
30,950,-0.00012207,-0.00012207
30,951,-0.00012207,-0.00012207
30,952,0,-0.00012207
30,953,-0.00012207,-0.00012207
30,954,0,0
30,955,0,0
30,956,-0.00012207,0
30,957,0,-0.00012207
30,958,0,-0.00012207
30,959,0,0
30,960,0,0
30,961,-0.00012207,-0.00012207
30,962,0,-0.00012207
30,963,0,0
30,964,0,-0.00012207
30,965,0,-0.00012207
30,966,0,0
30,967,-0.00012207,0
30,968,-0.00012207,-0.00012207
30,969,0,0
30,970,-0.00012207,0
30,971,-0.00012207,0
30,972,0,-0.00012207
30,973,-0.00012207,0
30,974,0,-0.00012207
30,975,0,-0.00012207
30,976,0,0
30,977,-0.00012207,0
30,978,0,0
30,979,0,-0.00012207
30,980,0,0
30,981,-0.00012207,-0.00012207
30,982,-0.00012207,-0.00012207
30,983,0,0
30,984,-0.00012207,0
30,985,-0.00012207,0
30,986,0,-0.00012207
30,987,0,-0.00012207
30,988,-0.00012207,0
30,989,0,0
30,990,-0.00012207,0
30,991,0,-0.00012207
30,992,0,0
30,993,-0.00012207,0
30,994,0,-0.00012207
30,995,0,-0.00012207
30,996,0,0
30,997,-0.00012207,-0.00012207
30,998,-0.00012207,-0.00012207
30,999,-0.00012207,0
30,1000,0,0
30,1001,-0.00012207,-0.00012207
30,1002,0,0
30,1003,-0.00012207,-0.00012207
30,1004,-0.00012207,0
30,1005,0,0
30,1006,-0.00012207,-0.00012207
30,1007,0,-0.00012207
30,1008,-0.00012207,-0.00012207
30,1009,0,-0.00012207
30,1010,0,-0.00012207
30,1011,0,-0.00012207
30,1012,0,-0.00012207
30,1013,-0.00012207,-0.00012207
30,1014,0,-0.00012207
30,1015,0,0
30,1016,-0.00012207,0
30,1017,0,-0.00012207
30,1018,-0.00012207,-0.00012207
30,1019,0,-0.00012207
30,1020,0,-0.00012207
30,1021,0,0
30,1022,0,-0.00012207
30,1023,-0.00012207,-0.00012207
30,1024,-0.00012207,-0.00012207
30,1025,0,0
30,1026,0,0
30,1027,0,0
30,1028,-0.00012207,0
30,1029,0,0
30,1030,-0.00012207,0
30,1031,-0.00012207,0
30,1032,-0.00012207,-0.00012207
30,1033,0,0
30,1034,0,-0.00012207
30,1035,0,0
30,1036,0,0
30,1037,0,-0.00012207
30,1038,0,-0.00012207
30,1039,-0.00012207,-0.00012207
30,1040,-0.00012207,-0.00012207
30,1041,-0.00012207,-0.00012207
30,1042,0,0
30,1043,-0.00012207,-0.00012207
30,1044,0,0
30,1045,0,-0.00012207
30,1046,-0.00012207,0
30,1047,0,0
30,1048,0,0
30,1049,0,-0.00012207
30,1050,-0.00012207,0
30,1051,-0.00012207,0
30,1052,-0.00012207,-0.00012207
30,1053,-0.00012207,-0.00012207
30,1054,-0.00012207,0
30,1055,-0.00012207,-0.00012207
30,1056,0,0
30,1057,0,-0.00012207
30,1058,-0.00012207,0
30,1059,0,-0.00012207
30,1060,-0.00012207,-0.00012207
30,1061,0,0
30,1062,0,-0.00012207
30,1063,-0.00012207,-0.00012207
30,1064,0,0
30,1065,-0.00012207,0
30,1066,-0.00012207,0
30,1067,-0.00012207,-0.00012207
30,1068,-0.00012207,-0.00012207
30,1069,0,0
30,1070,-0.00012207,-0.00012207
30,1071,-0.00012207,0
30,1072,0,-0.00012207
30,1073,-0.00012207,0
30,1074,0,0
30,1075,-0.00012207,-0.00012207
30,1076,-0.00012207,-0.00012207
30,1077,-0.00012207,0
30,1078,-0.00012207,-0.00012207
30,1079,0,-0.00012207
30,1080,0,-0.00012207
30,1081,0,-0.00012207
30,1082,0,0
30,1083,0,-0.00012207
30,1084,0,0
30,1085,0,-0.00012207
30,1086,-0.00012207,0
30,1087,-0.00012207,-0.00012207
30,1088,-0.00012207,-0.00012207
30,1089,-0.00012207,0
30,1090,-0.00012207,0
30,1091,0,0
30,1092,-0.00012207,0
30,1093,-0.00012207,-0.00012207
30,1094,-0.00012207,0
30,1095,-0.00012207,0
30,1096,-0.00012207,-0.00012207
30,1097,-0.00012207,-0.00012207
30,1098,-0.00012207,0
30,1099,-0.00012207,-0.00012207
30,1100,0,0
30,1101,0,-0.00012207
30,1102,-0.00012207,-0.00012207
30,1103,0,0
30,1104,0,0
30,1105,0,0
30,1106,0,-0.00012207
30,1107,-0.00012207,-0.00012207
30,1108,0,-0.00012207
30,1109,0,-0.00012207
30,1110,-0.00012207,0
30,1111,0,-0.00012207
30,1112,-0.00012207,0
30,1113,0,0
30,1114,0,0
30,1115,0,0
30,1116,0,-0.00012207
30,1117,0,-0.00012207
30,1118,0,0
30,1119,0,0
30,1120,-0.00012207,-0.00012207
30,1121,-0.00012207,0
30,1122,0,-0.00012207
30,1123,0,0
30,1124,-0.00012207,-0.00012207
30,1125,0,-0.00012207
30,1126,0,-0.00012207
30,1127,-0.00012207,-0.00012207
