frame,pixel,value
0,0,0
0,1,0
0,2,0
0,3,0
0,4,0
0,5,0
0,6,0
0,7,0
0,8,0
0,9,0
0,10,0
0,11,0
0,12,0
0,13,0
0,14,0
0,15,0
0,16,0
0,17,0
0,18,0
0,19,0
0,20,0
0,21,0
0,22,0
0,23,0
0,24,0
0,25,0
0,26,0
0,27,0
0,28,0
0,29,0
0,30,0
0,31,0
0,32,0
0,33,0
0,34,0
0,35,0
0,36,0
0,37,0
0,38,0
0,39,0
0,40,0
0,41,0
0,42,0
0,43,0
0,44,0
0,45,0
0,46,0
0,47,0
0,48,0
0,49,0
0,50,0
0,51,0
0,52,0
0,53,0
0,54,0
0,55,0
0,56,0
0,57,0
0,58,0
0,59,0
0,60,0
0,61,0
0,62,0
0,63,0
0,64,0
0,65,0
0,66,0
0,67,0
0,68,0
0,69,0
0,70,0
0,71,0
0,72,0
0,73,0
0,74,0
0,75,0
0,76,0
0,77,0
0,78,0
0,79,0
0,80,0
0,81,0
0,82,0
0,83,0
0,84,0
0,85,0
0,86,0
0,87,0
0,88,0
0,89,0
0,90,0
0,91,0
0,92,0
0,93,0
0,94,0
0,95,0
0,96,0
0,97,0
0,98,0
0,99,0
0,100,0
0,101,0
0,102,0
0,103,0
0,104,0
0,105,0
0,106,0
0,107,0
0,108,0
0,109,0
0,110,0
0,111,0
0,112,0
0,113,0
0,114,0
0,115,0
0,116,0
0,117,0
0,118,0
0,119,0
0,120,0
0,121,0
0,122,0
0,123,0
0,124,0
0,125,0
0,126,0
0,127,0
0,128,0
0,129,0
0,130,0
0,131,0
0,132,0
0,133,0
0,134,0
0,135,0
0,136,0
0,137,0
0,138,0
0,139,0
0,140,0
0,141,0
0,142,0
0,143,0
0,144,0
0,145,0
0,146,0
0,147,0
0,148,0
0,149,0
0,150,0
0,151,0
0,152,0
0,153,0
0,154,0
0,155,0
0,156,0
0,157,0
0,158,0
0,159,0
0,160,0
0,161,0
0,162,0
0,163,0
0,164,0
0,165,0
0,166,0
0,167,0
0,168,0
0,169,0
0,170,0
0,171,0
0,172,0
0,173,0
0,174,0
0,175,0
0,176,0
0,177,0
0,178,0
0,179,0
0,180,0
0,181,0
0,182,0
0,183,0
0,184,0
0,185,0
0,186,0
0,187,0
0,188,0
0,189,0
0,190,0
0,191,0
0,192,0
0,193,0
0,194,0
0,195,0
0,196,0
0,197,0
0,198,0
0,199,0
0,200,0
0,201,0
0,202,0
0,203,0
0,204,0
0,205,0
0,206,0
0,207,0
0,208,0
0,209,0
0,210,0
0,211,0
0,212,0
0,213,0
0,214,0
0,215,0
0,216,0
0,217,0
0,218,0
0,219,0
0,220,0
0,221,0
0,222,0
0,223,0
0,224,0
0,225,0
0,226,0
0,227,0
0,228,0
0,229,0
0,230,0
0,231,0
0,232,0
0,233,0
0,234,0
0,235,0
0,236,0
0,237,0
0,238,0
0,239,0
0,240,0
0,241,0
0,242,0
0,243,0
0,244,0
0,245,0
0,246,0
0,247,0
0,248,0
0,249,0
0,250,0
0,251,0
0,252,0
0,253,0
0,254,0
0,255,0
0,256,0
0,257,0
0,258,0
0,259,0
0,260,0
0,261,0
0,262,0
0,263,0
0,264,0
0,265,0
0,266,0
0,267,0
0,268,0
0,269,0
0,270,0
0,271,0
0,272,0
0,273,0
0,274,0
0,275,0
0,276,0
0,277,0
0,278,0
0,279,0
0,280,0
0,281,0
0,282,0
0,283,0
0,284,0
0,285,0
0,286,0
0,287,0
0,288,0
0,289,0
0,290,0
0,291,0
0,292,0
0,293,0
0,294,0
0,295,0
0,296,0
0,297,0
0,298,0
0,299,0
0,300,0
0,301,0
0,302,0
0,303,0
0,304,0
0,305,0
0,306,0
0,307,0
0,308,0
0,309,0
0,310,0
0,311,0
0,312,0
0,313,0
0,314,0
0,315,0
0,316,0
0,317,0
0,318,0
0,319,0
0,320,0
0,321,0
0,322,0
0,323,0
0,324,0
0,325,0
0,326,0
0,327,0
0,328,0
0,329,0
0,330,0
0,331,0
0,332,0
0,333,0
0,334,0
0,335,0
0,336,0
0,337,0
0,338,0
0,339,0
0,340,0
0,341,0
0,342,0
0,343,0
0,344,0
0,345,0
0,346,0
0,347,0
0,348,0
0,349,0
0,350,0
0,351,0
0,352,0
0,353,0
0,354,0
0,355,0
0,356,0
0,357,0
0,358,0
0,359,0
0,360,0
0,361,0
0,362,0
0,363,0
0,364,0
0,365,0
0,366,0
0,367,0
0,368,0
0,369,0
0,370,0
0,371,0
0,372,0
0,373,0
0,374,0
0,375,0
0,376,0
0,377,0
0,378,0
0,379,0
0,380,0
0,381,0
0,382,0
0,383,0
0,384,0
0,385,0
0,386,0
0,387,0
0,388,0
0,389,0
0,390,0
0,391,0
0,392,0
0,393,0
0,394,0
0,395,0
0,396,0
0,397,0
0,398,0
0,399,0
0,400,0
0,401,0
0,402,0
0,403,0
0,404,0
0,405,0
0,406,0
0,407,0
0,408,0
0,409,0
0,410,0
0,411,0
0,412,0
0,413,0
0,414,0
0,415,0
0,416,0
0,417,0
0,418,0
0,419,0
0,420,0
0,421,0
0,422,0
0,423,0
0,424,0
0,425,0
0,426,0
0,427,0
0,428,0
0,429,0
0,430,0
0,431,0
0,432,0
0,433,0
0,434,0
0,435,0
0,436,0
0,437,0
0,438,0
0,439,0
0,440,0
0,441,0
0,442,0
0,443,0
0,444,0
0,445,0
0,446,0
0,447,0
0,448,0
0,449,0
0,450,0
0,451,0
0,452,0
0,453,0
0,454,0
0,455,0
0,456,0
0,457,0
0,458,0
0,459,0
0,460,0
0,461,0
0,462,0
0,463,0
0,464,0
0,465,0
0,466,0
0,467,0
0,468,0
0,469,0
0,470,0
0,471,0
0,472,0
0,473,0
0,474,0
0,475,0
0,476,0
0,477,0
0,478,0
0,479,0
0,480,0
0,481,0
0,482,0
0,483,0
0,484,0
0,485,0
0,486,0
0,487,0
0,488,0
0,489,0
0,490,0
0,491,0
0,492,0
0,493,0
0,494,0
0,495,0
0,496,0
0,497,0
0,498,0
0,499,0
0,500,0
0,501,0
0,502,0
0,503,0
0,504,0
0,505,0
0,506,0
0,507,0
0,508,0
0,509,0
0,510,0
0,511,0
0,512,0
0,513,0
0,514,0
0,515,0
0,516,0
0,517,0
0,518,0
0,519,0
0,520,0
0,521,0
0,522,0
0,523,0
0,524,0
0,525,0
0,526,0
0,527,0
0,528,0
0,529,0
0,530,0
0,531,0
0,532,0
0,533,0
0,534,0
0,535,0
0,536,0
0,537,0
0,538,0
0,539,0
0,540,0
0,541,0
0,542,0
0,543,0
0,544,0
0,545,0
0,546,0
0,547,0
0,548,0
0,549,0
0,550,0
0,551,0
0,552,0
0,553,0
0,554,0
0,555,0
0,556,0
0,557,0
0,558,0
0,559,0
0,560,0
0,561,0
0,562,0
0,563,0
0,564,0
0,565,0
0,566,0
0,567,0
0,568,0
0,569,0
0,570,0
0,571,0
0,572,0
0,573,0
0,574,0
0,575,0
0,576,0
0,577,0
0,578,0
0,579,0
0,580,0
0,581,0
0,582,0
0,583,0
0,584,0
0,585,0
0,586,0
0,587,0
0,588,0
0,589,0
0,590,0
0,591,0
0,592,0
0,593,0
0,594,0
0,595,0
0,596,0
0,597,0
0,598,0
0,599,0
0,600,0
0,601,0
0,602,0
0,603,0
0,604,0
0,605,0
0,606,0
0,607,0
0,608,0
0,609,0
0,610,0
0,611,0
0,612,0
0,613,0
0,614,0
0,615,0
0,616,0
0,617,0
0,618,0
0,619,0
0,620,0
0,621,0
0,622,0
0,623,0
0,624,0
0,625,0
0,626,0
0,627,0
0,628,0
0,629,0
0,630,0
0,631,0
0,632,0
0,633,0
0,634,0
0,635,0
0,636,0
0,637,0
0,638,0
0,639,0
0,640,0
0,641,0
0,642,0
0,643,0
0,644,0
0,645,0
0,646,0
0,647,0
0,648,0
0,649,0
0,650,0
0,651,0
0,652,0
0,653,0
0,654,0
0,655,0
0,656,0
0,657,0
0,658,0
0,659,0
0,660,0
0,661,0
0,662,0
0,663,0
0,664,0
0,665,0
0,666,0
0,667,0
0,668,0
0,669,0
0,670,0
0,671,0
0,672,0
0,673,0
0,674,0
0,675,0
0,676,0
0,677,0
0,678,0
0,679,0
0,680,0
0,681,0
0,682,0
0,683,0
0,684,0
0,685,0
0,686,0
0,687,0
0,688,0
0,689,0
0,690,0
0,691,0
0,692,0
0,693,0
0,694,0
0,695,0
0,696,0
0,697,0
0,698,0
0,699,0
0,700,0
0,701,0
0,702,0
0,703,0
0,704,0
0,705,0
0,706,0
0,707,0
0,708,0
0,709,0
0,710,0
0,711,0
0,712,0
0,713,0
0,714,0
0,715,0
0,716,0
0,717,0
0,718,0
0,719,0
0,720,0
0,721,0
0,722,0
0,723,0
0,724,0
0,725,0
0,726,0
0,727,0
0,728,0
0,729,0
0,730,0
0,731,0
0,732,0
0,733,0
0,734,0
0,735,0
0,736,0
0,737,0
0,738,0
0,739,0
0,740,0
0,741,0
0,742,0
0,743,0
0,744,0
0,745,0
0,746,0
0,747,0
0,748,0
0,749,0
0,750,0
0,751,0
0,752,0
0,753,0
0,754,0
0,755,0
0,756,0
0,757,0
0,758,0
0,759,0
0,760,0
0,761,0
0,762,0
0,763,0
0,764,0
0,765,0
0,766,0
0,767,0
0,768,0
0,769,0
0,770,0
0,771,0
0,772,0
0,773,0
0,774,0
0,775,0
0,776,0
0,777,0
0,778,0
0,779,0
0,780,0
0,781,0
0,782,0
0,783,0
0,784,0
0,785,0
0,786,0
0,787,0
0,788,0
0,789,0
0,790,0
0,791,0
0,792,0
0,793,0
0,794,0
0,795,0
0,796,0
0,797,0
0,798,0
0,799,0
0,800,0
0,801,0
0,802,0
0,803,0
0,804,0
0,805,0
0,806,0
0,807,0
0,808,0
0,809,0
0,810,0
0,811,0
0,812,0
0,813,0
0,814,0
0,815,0
0,816,0
0,817,0
0,818,0
0,819,0
0,820,0
0,821,0
0,822,0
0,823,0
0,824,0
0,825,0
0,826,0
0,827,0
0,828,0
0,829,0
0,830,0
0,831,0
0,832,0
0,833,0
0,834,0
0,835,0
0,836,0
0,837,0
0,838,0
0,839,0
0,840,0
0,841,0
0,842,0
0,843,0
0,844,0
0,845,0
0,846,0
0,847,0
0,848,0
0,849,0
0,850,0
0,851,0
0,852,0
0,853,0
0,854,0
0,855,0
0,856,0
0,857,0
0,858,0
0,859,0
0,860,0
0,861,0
0,862,0
0,863,0
0,864,0
0,865,0
0,866,0
0,867,0
0,868,0
0,869,0
0,870,0
0,871,0
0,872,0
0,873,0
0,874,0
0,875,0
0,876,0
0,877,0
0,878,0
0,879,0
0,880,0
0,881,0
0,882,0
0,883,0
0,884,0
0,885,0
0,886,0
0,887,0
0,888,0
0,889,0
0,890,0
0,891,0
0,892,0
0,893,0
0,894,0
0,895,0
0,896,0
0,897,0
0,898,0
0,899,0
0,900,0
0,901,0
0,902,0
0,903,0
0,904,0
0,905,0
0,906,0
0,907,0
0,908,0
0,909,0
0,910,0
0,911,0
0,912,0
0,913,0
0,914,0
0,915,0
0,916,0
0,917,0
0,918,0
0,919,0
0,920,0
0,921,0
0,922,0
0,923,0
0,924,0
0,925,0
0,926,0
0,927,0
0,928,0
0,929,0
0,930,0
0,931,0
0,932,0
0,933,0
0,934,0
0,935,0
0,936,0
0,937,0
0,938,0
0,939,0
0,940,0
0,941,0
0,942,0
0,943,0
0,944,0
0,945,0
0,946,0
0,947,0
0,948,0
0,949,0
0,950,0
0,951,0
0,952,0
0,953,0
0,954,0
0,955,0
0,956,0
0,957,0
0,958,0
0,959,0
0,960,0
0,961,0
0,962,0
0,963,0
0,964,0
0,965,0
0,966,0
0,967,0
0,968,0
0,969,0
0,970,0
0,971,0
0,972,0
0,973,0
0,974,0
0,975,0
0,976,0
0,977,0
0,978,0
0,979,0
0,980,0
0,981,0
0,982,0
0,983,0
0,984,0
0,985,0
0,986,0
0,987,0
0,988,0
0,989,0
0,990,0
0,991,0
0,992,0
0,993,0
0,994,0
0,995,0
0,996,0
0,997,0
0,998,0
0,999,0
0,1000,0
0,1001,0
0,1002,0
0,1003,0
0,1004,0
0,1005,0
0,1006,0
0,1007,0
0,1008,0
0,1009,0
0,1010,0
0,1011,0
0,1012,0
0,1013,0
0,1014,0
0,1015,0
0,1016,0
0,1017,0
0,1018,0
0,1019,0
0,1020,0
0,1021,0
0,1022,0
0,1023,0
0,1024,0
0,1025,0
0,1026,0
0,1027,0
0,1028,0
0,1029,0
0,1030,0
0,1031,0
0,1032,0
0,1033,0
0,1034,0
0,1035,0
0,1036,0
0,1037,0
0,1038,0
0,1039,0
0,1040,0
0,1041,0
0,1042,0
0,1043,0
0,1044,0
0,1045,0
0,1046,0
0,1047,0
0,1048,0
0,1049,0
0,1050,0
0,1051,0
0,1052,0
0,1053,0
0,1054,0
0,1055,0
0,1056,0
0,1057,0
0,1058,0
0,1059,0
0,1060,0
0,1061,0
0,1062,0
0,1063,0
0,1064,0
0,1065,0
0,1066,0
0,1067,0
0,1068,0
0,1069,0
0,1070,0
0,1071,0
0,1072,0
0,1073,0
0,1074,0
0,1075,0
0,1076,0
0,1077,0
0,1078,0
0,1079,0
0,1080,0
0,1081,0
0,1082,0
0,1083,0
0,1084,0
0,1085,0
0,1086,0
0,1087,0
0,1088,0
0,1089,0
0,1090,0
0,1091,0
0,1092,0
0,1093,0
0,1094,0
0,1095,0
0,1096,0
0,1097,0
0,1098,0
0,1099,0
0,1100,0
0,1101,0
0,1102,0
0,1103,0
0,1104,0
0,1105,0
0,1106,0
0,1107,0
0,1108,0
0,1109,0
0,1110,0
0,1111,0
0,1112,0
0,1113,0
0,1114,0
0,1115,0
0,1116,0
0,1117,0
0,1118,0
0,1119,0
0,1120,0
0,1121,0
0,1122,0
0,1123,0
0,1124,0
0,1125,0
0,1126,0
0,1127,0
0,1128,0
0,1129,0
0,1130,0
0,1131,0
0,1132,0
0,1133,0
0,1134,0
0,1135,0
0,1136,0
0,1137,0
0,1138,0
0,1139,0
0,1140,0
0,1141,0
0,1142,0
0,1143,0
0,1144,0
0,1145,0
0,1146,0
0,1147,0
0,1148,0
0,1149,0
0,1150,0
0,1151,0
0,1152,0
0,1153,0
0,1154,0
0,1155,0
0,1156,0
0,1157,0
0,1158,0
0,1159,0
0,1160,0
0,1161,0
0,1162,0
0,1163,0
0,1164,0
0,1165,0
0,1166,0
0,1167,0
0,1168,0
0,1169,0
0,1170,0
0,1171,0
0,1172,0
0,1173,0
0,1174,0
0,1175,0
0,1176,0
0,1177,0
0,1178,0
0,1179,0
0,1180,0
0,1181,0
0,1182,0
0,1183,0
0,1184,0
0,1185,0
0,1186,0
0,1187,0
0,1188,0
0,1189,0
0,1190,0
0,1191,0
0,1192,0
0,1193,0
0,1194,0
0,1195,0
0,1196,0
0,1197,0
0,1198,0
0,1199,0
0,1200,0
0,1201,0
0,1202,0
0,1203,0
0,1204,0
0,1205,0
0,1206,0
0,1207,0
0,1208,0
0,1209,0
0,1210,0
0,1211,0
0,1212,0
0,1213,0
0,1214,0
0,1215,0
0,1216,0
0,1217,0
0,1218,0
0,1219,0
0,1220,0
0,1221,0
0,1222,0
0,1223,0
0,1224,0
0,1225,0
0,1226,0
0,1227,0
0,1228,0
0,1229,0
0,1230,0
0,1231,0
0,1232,0
0,1233,0
0,1234,0
0,1235,0
0,1236,0
0,1237,0
0,1238,0
0,1239,0
0,1240,0
0,1241,0
0,1242,0
0,1243,0
0,1244,0
0,1245,0
0,1246,0
0,1247,0
0,1248,0
0,1249,0
0,1250,0
0,1251,0
0,1252,0
0,1253,0
0,1254,0
0,1255,0
0,1256,0
0,1257,0
0,1258,0
0,1259,0
0,1260,0
0,1261,0
0,1262,0
0,1263,0
0,1264,0
0,1265,0
0,1266,0
0,1267,0
0,1268,0
0,1269,0
0,1270,0
0,1271,0
0,1272,0
0,1273,0
0,1274,0
0,1275,0
0,1276,0
0,1277,0
0,1278,0
0,1279,0
0,1280,0
0,1281,0
0,1282,0
0,1283,0
0,1284,0
0,1285,0
0,1286,0
0,1287,0
0,1288,0
0,1289,0
0,1290,0
0,1291,0
0,1292,0
0,1293,0
0,1294,0
0,1295,0
0,1296,0
0,1297,0
0,1298,0
0,1299,0
0,1300,0
0,1301,0
0,1302,0
0,1303,0
0,1304,0
0,1305,0
0,1306,0
0,1307,0
0,1308,0
0,1309,0
0,1310,0
0,1311,0
0,1312,0
0,1313,0
0,1314,0
0,1315,0
0,1316,0
0,1317,0
0,1318,0
0,1319,0
0,1320,0
0,1321,0
0,1322,0
0,1323,0
0,1324,0
0,1325,0
0,1326,0
0,1327,0
0,1328,0
0,1329,0
0,1330,0
0,1331,0
0,1332,0
0,1333,0
0,1334,0
0,1335,0
0,1336,0
0,1337,0
0,1338,0
0,1339,0
0,1340,0
0,1341,0
0,1342,0
0,1343,0
0,1344,0
0,1345,0
0,1346,0
0,1347,0
0,1348,0
0,1349,0
0,1350,0
0,1351,0
0,1352,0
0,1353,0
0,1354,0
0,1355,0
0,1356,0
0,1357,0
0,1358,0
0,1359,0
0,1360,0
0,1361,0
0,1362,0
0,1363,0
0,1364,0
0,1365,0
0,1366,0
0,1367,0
0,1368,0
0,1369,0
0,1370,0
0,1371,0
0,1372,0
0,1373,0
0,1374,0
0,1375,0
0,1376,0
0,1377,0
0,1378,0
0,1379,0
0,1380,0
0,1381,0
0,1382,0
0,1383,0
0,1384,0
0,1385,0
0,1386,0
0,1387,0
0,1388,0
0,1389,0
0,1390,0
0,1391,0
0,1392,0
0,1393,0
0,1394,0
0,1395,0
0,1396,0
0,1397,0
0,1398,0
0,1399,0
0,1400,0
0,1401,0
0,1402,0
0,1403,0
0,1404,0
0,1405,0
0,1406,0
0,1407,0
0,1408,0
0,1409,0
0,1410,0
0,1411,0
0,1412,0
0,1413,0
0,1414,0
0,1415,0
0,1416,0
0,1417,0
0,1418,0
0,1419,0
0,1420,0
0,1421,0
0,1422,0
0,1423,0
0,1424,0
0,1425,0
0,1426,0
0,1427,0
0,1428,0
0,1429,0
0,1430,0
0,1431,0
0,1432,0
0,1433,0
0,1434,0
0,1435,0
0,1436,0
0,1437,0
0,1438,0
0,1439,0
0,1440,0
0,1441,0
0,1442,0
0,1443,0
0,1444,0
0,1445,0
0,1446,0
0,1447,0
0,1448,0
0,1449,0
0,1450,0
0,1451,0
0,1452,0
0,1453,0
0,1454,0
0,1455,0
0,1456,0
0,1457,0
0,1458,0
0,1459,0
0,1460,0
0,1461,0
0,1462,0
0,1463,0
0,1464,0
0,1465,0
0,1466,0
0,1467,0
0,1468,0
0,1469,0
0,1470,0
0,1471,0
0,1472,0
0,1473,0
0,1474,0
0,1475,0
0,1476,0
0,1477,0
0,1478,0
0,1479,0
0,1480,0
0,1481,0
0,1482,0
0,1483,0
0,1484,0
0,1485,0
0,1486,0
0,1487,0
0,1488,0
0,1489,0
0,1490,0
0,1491,0
0,1492,0
0,1493,0
0,1494,0
0,1495,0
0,1496,0
0,1497,0
0,1498,0
0,1499,0
0,1500,0
0,1501,0
0,1502,0
0,1503,0
0,1504,0
0,1505,0
0,1506,0
0,1507,0
0,1508,0
0,1509,0
0,1510,0
0,1511,0
0,1512,0
0,1513,0
0,1514,0
0,1515,0
0,1516,0
0,1517,0
0,1518,0
0,1519,0
0,1520,0
0,1521,0
0,1522,0
0,1523,0
0,1524,0
0,1525,0
0,1526,0
0,1527,0
0,1528,0
0,1529,0
0,1530,0
0,1531,0
0,1532,0
0,1533,0
0,1534,0
0,1535,0
0,1536,0
0,1537,0
0,1538,0
0,1539,0
0,1540,0
0,1541,0
0,1542,0
0,1543,0
0,1544,0
0,1545,0
0,1546,0
0,1547,0
0,1548,0
0,1549,0
0,1550,0
0,1551,0
0,1552,0
0,1553,0
0,1554,0
0,1555,0
0,1556,0
0,1557,0
0,1558,0
0,1559,0
0,1560,0
0,1561,0
0,1562,0
0,1563,0
0,1564,0
0,1565,0
0,1566,0
0,1567,0
0,1568,0
0,1569,0
0,1570,0
0,1571,0
0,1572,0
0,1573,0
0,1574,0
0,1575,0
0,1576,0
0,1577,0
0,1578,0
0,1579,0
0,1580,0
0,1581,0
0,1582,0
0,1583,0
0,1584,0
0,1585,0
0,1586,0
0,1587,0
0,1588,0
0,1589,0
0,1590,0
0,1591,0
0,1592,0
0,1593,0
0,1594,0
0,1595,0
0,1596,0
0,1597,0
0,1598,0
0,1599,0
0,1600,0
0,1601,0
0,1602,0
0,1603,0
0,1604,0
0,1605,0
0,1606,0
0,1607,0
0,1608,0
0,1609,0
0,1610,0
0,1611,0
0,1612,0
0,1613,0
0,1614,0
0,1615,0
0,1616,0
0,1617,0
0,1618,0
0,1619,0
0,1620,0
0,1621,0
0,1622,0
0,1623,0
0,1624,0
0,1625,0
0,1626,0
0,1627,0
0,1628,0
0,1629,0
0,1630,0
0,1631,0
0,1632,0
0,1633,0
0,1634,0
0,1635,0
0,1636,0
0,1637,0
0,1638,0
0,1639,0
0,1640,0
0,1641,0
0,1642,0
0,1643,0
0,1644,0
0,1645,0
0,1646,0
0,1647,0
0,1648,0
0,1649,0
0,1650,0
0,1651,0
0,1652,0
0,1653,0
0,1654,0
0,1655,0
0,1656,0
0,1657,0
0,1658,0
0,1659,0
0,1660,0
0,1661,0
0,1662,0
0,1663,0
0,1664,0
0,1665,0
0,1666,0
0,1667,0
0,1668,0
0,1669,0
0,1670,0
0,1671,0
0,1672,0
0,1673,0
0,1674,0
0,1675,0
0,1676,0
0,1677,0
0,1678,0
0,1679,0
0,1680,0
0,1681,0
0,1682,0
0,1683,0
0,1684,0
0,1685,0
0,1686,0
0,1687,0
0,1688,0
0,1689,0
0,1690,0
0,1691,0
0,1692,0
0,1693,0
0,1694,0
0,1695,0
0,1696,0
0,1697,0
0,1698,0
0,1699,0
0,1700,0
0,1701,0
0,1702,0
0,1703,0
0,1704,0
0,1705,0
0,1706,0
0,1707,0
0,1708,0
0,1709,0
0,1710,0
0,1711,0
0,1712,0
0,1713,0
0,1714,0
0,1715,0
0,1716,0
0,1717,0
0,1718,0
0,1719,0
0,1720,0
0,1721,0
0,1722,0
0,1723,0
0,1724,0
0,1725,0
0,1726,0
0,1727,0
0,1728,0
0,1729,0
0,1730,0
0,1731,0
0,1732,0
0,1733,0
0,1734,0
0,1735,0
0,1736,0
0,1737,0
0,1738,0
0,1739,0
0,1740,0
0,1741,0
0,1742,0
0,1743,0
0,1744,0
0,1745,0
0,1746,0
0,1747,0
0,1748,0
0,1749,0
0,1750,0
0,1751,0
0,1752,0
0,1753,0
0,1754,0
0,1755,0
0,1756,0
0,1757,0
0,1758,0
0,1759,0
0,1760,0
0,1761,0
0,1762,0
0,1763,0
0,1764,0
0,1765,0
0,1766,0
0,1767,0
0,1768,0
0,1769,0
0,1770,0
0,1771,0
0,1772,0
0,1773,0
0,1774,0
0,1775,0
0,1776,0
0,1777,0
0,1778,0
0,1779,0
0,1780,0
0,1781,0
0,1782,0
0,1783,0
0,1784,0
0,1785,0
0,1786,0
0,1787,0
0,1788,0
0,1789,0
0,1790,0
0,1791,0
0,1792,0
0,1793,0
0,1794,0
0,1795,0
0,1796,0
0,1797,0
0,1798,0
0,1799,0
0,1800,0
0,1801,0
0,1802,0
0,1803,0
0,1804,0
0,1805,0
0,1806,0
0,1807,0
0,1808,0
0,1809,0
0,1810,0
0,1811,0
0,1812,0
0,1813,0
0,1814,0
0,1815,0
0,1816,0
0,1817,0
0,1818,0
0,1819,0
0,1820,0
0,1821,0
0,1822,0
0,1823,0
0,1824,0
0,1825,0
0,1826,0
0,1827,0
0,1828,0
0,1829,0
0,1830,0
0,1831,0
0,1832,0
0,1833,0
0,1834,0
0,1835,0
0,1836,0
0,1837,0
0,1838,0
0,1839,0
0,1840,0
0,1841,0
0,1842,0
0,1843,0
0,1844,0
0,1845,0
0,1846,0
0,1847,0
0,1848,0
0,1849,0
0,1850,0
0,1851,0
0,1852,0
0,1853,0
0,1854,0
0,1855,0
0,1856,0
0,1857,0
0,1858,0
0,1859,0
0,1860,0
0,1861,0
0,1862,0
0,1863,0
0,1864,0
0,1865,0
0,1866,0
0,1867,0
0,1868,0
0,1869,0
0,1870,0
0,1871,0
0,1872,0
0,1873,0
0,1874,0
0,1875,0
0,1876,0
0,1877,0
0,1878,0
0,1879,0
0,1880,0
0,1881,0
0,1882,0
0,1883,0
0,1884,0
0,1885,0
0,1886,0
0,1887,0
0,1888,0
0,1889,0
0,1890,0
0,1891,0
0,1892,0
0,1893,0
0,1894,0
0,1895,0
0,1896,0
0,1897,0
0,1898,0
0,1899,0
0,1900,0
0,1901,0
0,1902,0
0,1903,0
0,1904,0
0,1905,0
0,1906,0
0,1907,0
0,1908,0
0,1909,0
0,1910,0
0,1911,0
0,1912,0
0,1913,0
0,1914,0
0,1915,0
0,1916,0
0,1917,0
0,1918,0
0,1919,0
0,1920,0
0,1921,0
0,1922,0
0,1923,0
0,1924,0
0,1925,0
0,1926,0
0,1927,0
0,1928,0
0,1929,0
0,1930,0
0,1931,0
0,1932,0
0,1933,0
0,1934,0
0,1935,0
0,1936,0
0,1937,0
0,1938,0
0,1939,0
0,1940,0
0,1941,0
0,1942,0
0,1943,0
0,1944,0
0,1945,0
0,1946,0
0,1947,0
0,1948,0
0,1949,0
0,1950,0
0,1951,0
0,1952,0
0,1953,0
0,1954,0
0,1955,0
0,1956,0
0,1957,0
0,1958,0
0,1959,0
0,1960,0
0,1961,0
0,1962,0
0,1963,0
0,1964,0
0,1965,0
0,1966,0
0,1967,0
0,1968,0
0,1969,0
0,1970,0
0,1971,0
0,1972,0
0,1973,0
0,1974,0
0,1975,0
0,1976,0
0,1977,0
0,1978,0
0,1979,0
0,1980,0
0,1981,0
0,1982,0
0,1983,0
0,1984,0
0,1985,0
0,1986,0
0,1987,0
0,1988,0
0,1989,0
0,1990,0
0,1991,0
0,1992,0
0,1993,0
0,1994,0
0,1995,0
0,1996,0
0,1997,0
0,1998,0
0,1999,0
0,2000,0
0,2001,0
0,2002,0
0,2003,0
0,2004,0
0,2005,0
0,2006,0
0,2007,0
0,2008,0
0,2009,0
0,2010,0
0,2011,0
0,2012,0
0,2013,0
0,2014,0
0,2015,0
0,2016,0
0,2017,0
0,2018,0
0,2019,0
0,2020,0
0,2021,0
0,2022,0
0,2023,0
0,2024,0
0,2025,0
0,2026,0
0,2027,0
0,2028,0
0,2029,0
0,2030,0
0,2031,0
0,2032,0
0,2033,0
0,2034,0
0,2035,0
0,2036,0
0,2037,0
0,2038,0
0,2039,0
0,2040,0
0,2041,0
0,2042,0
0,2043,0
0,2044,0
0,2045,0
0,2046,0
0,2047,0
0,2048,0
0,2049,0
0,2050,0
0,2051,0
0,2052,0
0,2053,0
0,2054,0
0,2055,0
0,2056,0
0,2057,0
0,2058,0
0,2059,0
0,2060,0
0,2061,0
0,2062,0
0,2063,0
0,2064,0
0,2065,0
0,2066,0
0,2067,0
0,2068,0
0,2069,0
0,2070,0
0,2071,0
0,2072,0
0,2073,0
0,2074,0
0,2075,0
0,2076,0
0,2077,0
0,2078,0
0,2079,0
0,2080,0
0,2081,0
0,2082,0
0,2083,0
0,2084,0
0,2085,0
0,2086,0
0,2087,0
0,2088,0
0,2089,0
0,2090,0
0,2091,0
0,2092,0
0,2093,0
0,2094,0
0,2095,0
0,2096,0
0,2097,0
0,2098,0
0,2099,0
0,2100,0
0,2101,0
0,2102,0
0,2103,0
0,2104,0
0,2105,0
0,2106,0
0,2107,0
0,2108,0
0,2109,0
0,2110,0
0,2111,0
0,2112,0
0,2113,0
0,2114,0
0,2115,0
0,2116,0
0,2117,0
0,2118,0
0,2119,0
0,2120,0
0,2121,0
0,2122,0
0,2123,0
0,2124,0
0,2125,0
0,2126,0
0,2127,0
0,2128,0
0,2129,0
0,2130,0
0,2131,0
0,2132,0
0,2133,0
0,2134,0
0,2135,0
0,2136,0
0,2137,0
0,2138,0
0,2139,0
0,2140,0
0,2141,0
0,2142,0
0,2143,0
0,2144,0
0,2145,0
0,2146,0
0,2147,0
0,2148,0
0,2149,0
0,2150,0
0,2151,0
0,2152,0
0,2153,0
0,2154,0
0,2155,0
0,2156,0
0,2157,0
0,2158,0
0,2159,0
0,2160,0
0,2161,0
0,2162,0
0,2163,0
0,2164,0
0,2165,0
0,2166,0
0,2167,0
0,2168,0
0,2169,0
0,2170,0
0,2171,0
0,2172,0
0,2173,0
0,2174,0
0,2175,0
0,2176,0
0,2177,0
0,2178,0
0,2179,0
0,2180,0
0,2181,0
0,2182,0
0,2183,0
0,2184,0
0,2185,0
0,2186,0
0,2187,0
0,2188,0
0,2189,0
0,2190,0
0,2191,0
0,2192,0
0,2193,0
0,2194,0
0,2195,0
0,2196,0
0,2197,0
0,2198,0
0,2199,0
0,2200,0
0,2201,0
0,2202,0
0,2203,0
0,2204,0
0,2205,0
0,2206,0
0,2207,0
0,2208,0
0,2209,0
0,2210,0
0,2211,0
0,2212,0
0,2213,0
0,2214,0
0,2215,0
0,2216,0
0,2217,0
0,2218,0
0,2219,0
0,2220,0
0,2221,0
0,2222,0
0,2223,0
0,2224,0
0,2225,0
0,2226,0
0,2227,0
0,2228,0
0,2229,0
0,2230,0
0,2231,0
0,2232,0
0,2233,0
1,0,0
1,1,0
1,2,4.09609e-05
1,3,0
1,4,0
1,5,5.27982e-05
1,6,0
1,7,0
1,8,0
1,9,0
1,10,9.32993e-05
1,11,0
1,12,0
1,13,6.13093e-05
1,14,0
1,15,8.41816e-05
1,16,0
1,17,0
1,18,8.17555e-05
1,19,0
1,20,0
1,21,0
1,22,0
1,23,9.51972e-05
1,24,0
1,25,0
1,26,0.000192654
1,27,0
1,28,6.35006e-05
1,29,0
1,30,0
1,31,0.000106369
1,32,0
1,33,0
1,34,2.81747e-05
1,35,0
1,36,7.5514e-05
1,37,0
1,38,0
1,39,0.000220506
1,40,0
1,41,0
1,42,0
1,43,0
1,44,0.000178146
1,45,0
1,46,0
1,47,0.000706529
1,48,0
1,49,0.000627601
1,50,0
1,51,0
1,52,0.000237323
1,53,0
1,54,0
1,55,0
1,56,0
1,57,0.000158835
1,58,0
1,59,0
1,60,2.99649e-05
1,61,0
1,62,0
1,63,0
1,64,0
1,65,0.000354942
1,66,0
1,67,0
1,68,0.000700346
1,69,0
1,70,0.000762878
1,71,0
1,72,0
1,73,0.000394651
1,74,0
1,75,0
1,76,0
1,77,0
1,78,0.000389055
1,79,0
1,80,0
1,81,0.000137645
1,82,0
1,83,0.000129388
1,84,0
1,85,0
1,86,0.000552918
1,87,0
1,88,0
1,89,4.58523e-05
1,90,0
1,91,0.000276112
1,92,0
1,93,0
1,94,0.000520733
1,95,0
1,96,0
1,97,0
1,98,0
1,99,0.00062673
1,100,0
1,101,0
1,102,0.00020814
1,103,0
1,104,0.000153611
1,105,0
1,106,0
1,107,0.000657908
1,108,0
1,109,0
1,110,0
1,111,0
1,112,0.000409932
1,113,0
1,114,0
1,115,0.000360372
1,116,0
1,117,0
1,118,0
1,119,0
1,120,0.000769863
1,121,0
1,122,0
1,123,0.000122403
1,124,0
1,125,0.000284026
1,126,0
1,127,0
1,128,0.000622621
1,129,0
1,130,0
1,131,0
1,132,0
1,133,0.000643459
1,134,0
1,135,0
1,136,0.000322336
1,137,0
1,138,0.000111701
1,139,0
1,140,0
1,141,5.58407e-05
1,142,0
1,143,0
1,144,0
1,145,0
1,146,0.000322267
1,147,0
1,148,0
1,149,0.000513572
1,150,0
1,151,0
1,152,0
1,153,0
1,154,0.000824383
1,155,0
1,156,0
1,157,0.000107093
1,158,0
1,159,0.000162044
1,160,0
1,161,0
1,162,0.000759503
1,163,0
1,164,0
1,165,0
1,166,0
1,167,0.000516516
1,168,0
1,169,0
1,170,0.000283048
1,171,0
1,172,0
1,173,0
1,174,0
1,175,9.05503e-05
1,176,0
1,177,0
1,178,0
1,179,0
1,180,0.000180856
1,181,0
1,182,0
1,183,0.000551412
1,184,0
1,185,0
1,186,0
1,187,0
1,188,0.000709415
1,189,0
1,190,0
1,191,5.90005e-05
1,192,0
1,193,3.73901e-05
1,194,0
1,195,0
1,196,5.25927e-05
1,197,0
1,198,0
1,199,0
1,200,0
1,201,0.00036766
1,202,0
1,203,0
1,204,0.000330896
1,205,0
1,206,0
1,207,0
1,208,0
1,209,5.41189e-05
1,210,0
1,211,0
1,212,0
1,213,0
1,214,7.72847e-05
1,215,0
1,216,0
1,217,0.000670479
1,218,0
1,219,0
1,220,0
1,221,0
1,222,0.00057584
1,223,0
1,224,0
1,225,9.92962e-05
1,226,0
1,227,0
1,228,0
1,229,0
1,230,8.0875e-05
1,231,0
1,232,0
1,233,0
1,234,0
1,235,0.000219312
1,236,0
1,237,0
1,238,0.000446862
1,239,0
1,240,0
1,241,0
1,242,0
1,243,0.000746296
1,244,0
1,245,0
1,246,3.23813e-06
1,247,0
1,248,1.74037e-05
1,249,0
1,250,0
1,251,0.00076868
1,252,0
1,253,0
1,254,0
1,255,0
1,256,0.000415704
1,257,0
1,258,0
1,259,0.000208101
1,260,0
1,261,0
1,262,0
1,263,0
1,264,6.13582e-05
1,265,0
1,266,0
1,267,0
1,268,0
1,269,9.72907e-05
1,270,0
1,271,0
1,272,0.00058346
1,273,0
1,274,0
1,275,0
1,276,0
1,277,0.000622191
1,278,0
1,279,0
1,280,4.04815e-05
1,281,0
1,282,0
1,283,0
1,284,0
1,285,0.000823924
1,286,0
1,287,0
1,288,0
1,289,0
1,290,0.000252447
1,291,0
1,292,0
1,293,0.000336404
1,294,0
1,295,0
1,296,0
1,297,0
1,298,0.000774481
1,299,0
1,300,0
1,301,0
1,302,0
1,303,2.56605e-05
1,304,0
1,305,0
1,306,0.000693224
1,307,0
1,308,0
1,309,0
1,310,0
1,311,0.000463914
1,312,0
1,313,0
1,314,0.000113022
1,315,0
1,316,0
1,317,0
1,318,0
1,319,5.10177e-05
1,320,0
1,321,0
1,322,0
1,323,0
1,324,0.000118578
1,325,0
1,326,0
1,327,0.000474499
1,328,0
1,329,0
1,330,0
1,331,0
1,332,0.000658965
1,333,0
1,334,0
1,335,2.46528e-06
1,336,0
1,337,0
1,338,0
1,339,0
1,340,0.000769805
1,341,0
1,342,0
1,343,0
1,344,0
1,345,0.000292801
1,346,0
1,347,0
1,348,0.000224859
1,349,0
1,350,0
1,351,0
1,352,0
1,353,0.000781838
1,354,0
1,355,0
1,356,0
1,357,0
1,358,3.33303e-05
1,359,0
1,360,0
1,361,0.000598634
1,362,0
1,363,0
1,364,0
1,365,0
1,366,0.000505589
1,367,0
1,368,0
1,369,4.45806e-05
1,370,0
1,371,0
1,372,0
1,373,0
1,374,0.000795739
1,375,0
1,376,0
1,377,0
1,378,0
1,379,0.000144112
1,380,0
1,381,0
1,382,0.000359384
1,383,0
1,384,0
1,385,0
1,386,0
1,387,0.000682297
1,388,0
1,389,0
1,390,0
1,391,0
1,392,0
1,393,0
1,394,0
1,395,0.000691962
1,396,0
1,397,0
1,398,0
1,399,0
1,400,0.000334428
1,401,0
1,402,0
1,403,0.000129369
1,404,0
1,405,0
1,406,0
1,407,0
1,408,0.00077271
1,409,0
1,410,0
1,411,0
1,412,0
1,413,4.38664e-05
1,414,0
1,415,0
1,416,0.000492548
1,417,0
1,418,0
1,419,0
1,420,0
1,421,0.000544887
1,422,0
1,423,0
1,424,5.12623e-06
1,425,0
1,426,0
1,427,0
1,428,0
1,429,0.000746091
1,430,0
1,431,0
1,432,0
1,433,0
1,434,0.000177187
1,435,0
1,436,0
1,437,0.000244396
1,438,0
1,439,0
1,440,0
1,441,0
1,442,0.000698517
1,443,0
1,444,0
1,445,0
1,446,0
1,447,0
1,448,0
1,449,0
1,450,0.000604787
1,451,0
1,452,0
1,453,0
1,454,0
1,455,0.000377707
1,456,0
1,457,0
1,458,5.18688e-05
1,459,0
1,460,0
1,461,0
1,462,0
1,463,0.00075288
1,464,0
1,465,0
1,466,0
1,467,0
1,468,5.9656e-05
1,469,0
1,470,0
1,471,0.000380231
1,472,0
1,473,0
1,474,0
1,475,0
1,476,0.000577982
1,477,0
1,478,0
1,479,0
1,480,0
1,481,0
1,482,0
1,483,0
1,484,0.000685036
1,485,0
1,486,0
1,487,0
1,488,0
1,489,0.000214724
1,490,0
1,491,0
1,492,0.000149864
1,493,0
1,494,0
1,495,0
1,496,0
1,497,0.000703829
1,498,0
1,499,0
1,500,0
1,501,0
1,502,1.3696e-06
1,503,0
1,504,0
1,505,0.000508338
1,506,0
1,507,0
1,508,0
1,509,0
1,510,0.000423921
1,511,0
1,512,0
1,513,1.20916e-05
1,514,0
1,515,0
1,516,0
1,517,0
1,518,0.000718425
1,519,0
1,520,0
1,521,0
1,522,0
1,523,7.92804e-05
1,524,0
1,525,0
1,526,0.000266133
1,527,0
1,528,0
1,529,0
1,530,0
1,531,0.000608818
1,532,0
1,533,0
1,534,0
1,535,0
1,536,0
1,537,0
1,538,0
1,539,0.000607644
1,540,0
1,541,0
1,542,0
1,543,0
1,544,0.00025998
1,545,0
1,546,0
1,547,6.20626e-05
1,548,0
1,549,0
1,550,0
1,551,0
1,552,0.00070422
1,553,0
1,554,0
1,555,0
1,556,0
1,557,1.19449e-05
1,558,0
1,559,0
1,560,0.000403788
1,561,0
1,562,0
1,563,0
1,564,0
1,565,0.0004713
1,566,0
1,567,0
1,568,0
1,569,0
1,570,0
1,571,0
1,572,0
1,573,0.000673756
1,574,0
1,575,0
1,576,0
1,577,0
1,578,0.000114665
1,579,0
1,580,0
1,581,0.000172139
1,582,0
1,583,0
1,584,0
1,585,0
1,586,0.000633813
1,587,0
1,588,0
1,589,0
1,590,0
1,591,0
1,592,0
1,593,0
1,594,0.000524118
1,595,0
1,596,0
1,597,0
1,598,0
1,599,0.00030863
1,600,0
1,601,0
1,602,2.06908e-05
1,603,0
1,604,0
1,605,0
1,606,0
1,607,0.000691444
1,608,0
1,609,0
1,610,0
1,611,0
1,612,2.6629e-05
1,613,0
1,614,0
1,615,0.000294582
1,616,0
1,617,0
1,618,0
1,619,0
1,620,0.000518023
1,621,0
1,622,0
1,623,0
1,624,0
1,625,0
1,626,0
1,627,0
1,628,0.000617632
1,629,0
1,630,0
1,631,0
1,632,0
1,633,0.00015993
1,634,0
1,635,0
1,636,8.47882e-05
1,637,0
1,638,0
1,639,0
1,640,0
1,641,0.000655091
1,642,0
1,643,0
1,644,0
1,645,0
1,646,0
1,647,0
1,648,0
1,649,0.000430916
1,650,0
1,651,0
1,652,0
1,653,0
1,654,0.000367689
1,655,0
1,656,0
1,657,0
1,658,0
1,659,0
1,660,0
1,661,0
1,662,0.000669129
1,663,0
1,664,0
1,665,0
1,666,0
1,667,4.94622e-05
1,668,0
1,669,0
1,670,0.000195775
1,671,0
1,672,0
1,673,0
1,674,0
1,675,0.000566223
1,676,0
1,677,0
1,678,0
1,679,0
1,680,0
1,681,0
1,682,0
1,683,0.000545395
1,684,0
1,685,0
1,686,0
1,687,0
1,688,0.000216319
1,689,0
1,690,0
1,691,3.03758e-05
1,692,0
1,693,0
1,694,0
1,695,0
1,696,0.000668748
1,697,0
1,698,0
1,699,0
1,700,0
1,701,0
1,702,0
1,703,0
1,704,0.000329634
1,705,0
1,706,0
1,707,0
1,708,0
1,709,0.000434301
1,710,0
1,711,0
1,712,0
1,713,0
1,714,0
1,715,0
1,716,0
1,717,0.000630399
1,718,0
1,719,0
1,720,0
1,721,0
1,722,7.53086e-05
1,723,0
1,724,0
1,725,0.000111486
1,726,0
1,727,0
1,728,0
1,729,0
1,730,0.000609551
1,731,0
1,732,0
1,733,0
1,734,0
1,735,0
1,736,0
1,737,0
1,738,0.000464129
1,739,0
1,740,0
1,741,0
1,742,0
1,743,0.000274909
1,744,0
1,745,0
1,746,0
1,747,0
1,748,0
1,749,0
1,750,0
1,751,0.000666214
1,752,0
1,753,0
1,754,0
1,755,0
1,756,1.13384e-05
1,757,0
1,758,0
1,759,0.000229937
1,760,0
1,761,0
1,762,0
1,763,0
1,764,0.000500991
1,765,0
1,766,0
1,767,0
1,768,0
1,769,0
1,770,0
1,771,0
1,772,0.000576505
1,773,0
1,774,0
1,775,0
1,776,0
1,777,0.000138486
1,778,0
1,779,0
1,780,4.58426e-05
1,781,0
1,782,0
1,783,0
1,784,0
1,785,0.000645249
1,786,0
1,787,0
1,788,0
1,789,0
1,790,0
1,791,0
1,792,0
1,793,0.000371876
1,794,0
1,795,0
1,796,0
1,797,0
1,798,0.000352976
1,799,0
1,800,0
1,801,0
1,802,0
1,803,0
1,804,0
1,805,0
1,806,0.000650052
1,807,0
1,808,0
1,809,0
1,810,0
1,811,3.98457e-05
1,812,0
1,813,0
1,814,0.000145853
1,815,0
1,816,0
1,817,0
1,818,0
1,819,0.000565039
1,820,0
1,821,0
1,822,0
1,823,0
1,824,0
1,825,0
1,826,0
1,827,0.000504972
1,828,0
1,829,0
1,830,0
1,831,0
1,832,0.000202946
1,833,0
1,834,0
1,835,8.30566e-06
1,836,0
1,837,0
1,838,0
1,839,0
1,840,0.000667916
1,841,0
1,842,0
1,843,0
1,844,0
1,845,0
1,846,0
1,847,0
1,848,0.00027169
1,849,0
1,850,0
1,851,0
1,852,0
1,853,0.000436649
1,854,0
1,855,0
1,856,0
1,857,0
1,858,0
1,859,0
1,860,0
1,861,0.000610941
1,862,0
1,863,0
1,864,0
1,865,0
1,866,6.93704e-05
1,867,0
1,868,0
1,869,6.66312e-05
1,870,0
1,871,0
1,872,0
1,873,0
1,874,0.000621712
1,875,0
1,876,0
1,877,0
1,878,0
1,879,0
1,880,0
1,881,0
1,882,0.000419304
1,883,0
1,884,0
1,885,0
1,886,0
1,887,0.000283557
1,888,0
1,889,0
1,890,0
1,891,0
1,892,0
1,893,0
1,894,0
1,895,0.000666321
1,896,0
1,897,0
1,898,0
1,899,0
1,900,9.66548e-06
1,901,0
1,902,0
1,903,0.000179985
1,904,0
1,905,0
1,906,0
1,907,0
1,908,0.00051996
1,909,0
1,910,0
1,911,0
1,912,0
1,913,0
1,914,0
1,915,0
1,916,0.000551245
1,917,0
1,918,0
1,919,0
1,920,0
1,921,0.000142439
1,922,0
1,923,0
1,924,2.26082e-05
1,925,0
1,926,0
1,927,0
1,928,0
1,929,0.000659649
1,930,0
1,931,0
1,932,0
1,933,0
1,934,0
1,935,0
1,936,0
1,937,0.000324009
1,938,0
1,939,0
1,940,0
1,941,0
1,942,0.000373696
1,943,0
1,944,0
1,945,0
1,946,0
1,947,0
1,948,0
1,949,0
1,950,0.000641199
1,951,0
1,952,0
1,953,0
1,954,0
1,955,4.13522e-05
1,956,0
1,957,0
1,958,0.000102573
1,959,0
1,960,0
1,961,0
1,962,0
1,963,0.000589898
1,964,0
1,965,0
1,966,0
1,967,0
1,968,0
1,969,0
1,970,0
1,971,0.000470429
1,972,0
1,973,0
1,974,0
1,975,0
1,976,0.000217816
1,977,0
1,978,0
1,979,0
1,980,0
1,981,0
1,982,0
1,983,0
1,984,0.000676476
1,985,0
1,986,0
1,987,0
1,988,0
1,989,0
1,990,0
1,991,0
1,992,0.000219997
1,993,0
1,994,0
1,995,0
1,996,0
1,997,0.000465244
1,998,0
1,999,0
1,1000,0
1,1001,0
1,1002,0
1,1003,0
1,1004,0
1,1005,0.000592676
1,1006,0
1,1007,0
1,1008,0
1,1009,0
1,1010,8.86328e-05
1,1011,0
1,1012,0
1,1013,3.85641e-05
1,1014,0
1,1015,0
1,1016,0
1,1017,0
1,1018,0.000643009
1,1019,0
1,1020,0
1,1021,0
1,1022,0
1,1023,0
1,1024,0
1,1025,0
1,1026,0.000372874
1,1027,0
1,1028,0
1,1029,0
1,1030,0
1,1031,0.000313111
1,1032,0
1,1033,0
1,1034,0
1,1035,0
1,1036,0
1,1037,0
1,1038,0
1,1039,0.000663749
1,1040,0
1,1041,0
1,1042,0
1,1043,0
1,1044,1.83038e-05
1,1045,0
1,1046,0
1,1047,0.000135013
1,1048,0
1,1049,0
1,1050,0
1,1051,0
1,1052,0.000549279
1,1053,0
1,1054,0
1,1055,0
1,1056,0
1,1057,0
1,1058,0
1,1059,0
1,1060,0.000515871
1,1061,0
1,1062,0
1,1063,0
1,1064,0
1,1065,0.000164783
1,1066,0
1,1067,0
1,1068,3.93272e-06
1,1069,0
1,1070,0
1,1071,0
1,1072,0
1,1073,0.000669481
1,1074,0
1,1075,0
1,1076,0
1,1077,0
1,1078,0
1,1079,0
1,1080,0
1,1081,0.000267552
1,1082,0
1,1083,0
1,1084,0
1,1085,0
1,1086,0.000408063
1,1087,0
1,1088,0
1,1089,0
1,1090,0
1,1091,0
1,1092,0
1,1093,0
1,1094,0.000620097
1,1095,0
1,1096,0
1,1097,0
1,1098,0
1,1099,4.97948e-05
1,1100,0
1,1101,0
1,1102,6.15636e-05
1,1103,0
1,1104,0
1,1105,0
1,1106,0
1,1107,0.000610999
1,1108,0
1,1109,0
1,1110,0
1,1111,0
1,1112,0
1,1113,0
1,1114,0
1,1115,0.000417934
1,1116,0
1,1117,0
1,1118,0
1,1119,0
1,1120,0.000247448
1,1121,0
1,1122,0
1,1123,0
1,1124,0
1,1125,0
1,1126,0
1,1127,0
1,1128,0.000667759
1,1129,0
1,1130,0
1,1131,0
1,1132,0
1,1133,0
1,1134,0
1,1135,0
1,1136,0.000167982
1,1137,0
1,1138,0
1,1139,0
1,1140,0
1,1141,0.000496295
1,1142,0
1,1143,0
1,1144,0
1,1145,0
1,1146,0
1,1147,0
1,1148,0
1,1149,0.00054922
1,1150,0
1,1151,0
1,1152,0
1,1153,0
1,1154,0.000115898
1,1155,0
1,1156,0
1,1157,1.9282e-05
1,1158,0
1,1159,0
1,1160,0
1,1161,0
1,1162,0.000647421
1,1163,0
1,1164,0
1,1165,0
1,1166,0
1,1167,0
1,1168,0
1,1169,0
1,1170,0.000310802
1,1171,0
1,1172,0
1,1173,0
1,1174,0
1,1175,0.000343369
1,1176,0
1,1177,0
1,1178,0
1,1179,0
1,1180,0
1,1181,0
1,1182,0
1,1183,0.000631309
1,1184,0
1,1185,0
1,1186,0
1,1187,0
1,1188,2.97595e-05
1,1189,0
1,1190,0
1,1191,8.90046e-05
1,1192,0
1,1193,0
1,1194,0
1,1195,0
1,1196,0.000563963
1,1197,0
1,1198,0
1,1199,0
1,1200,0
1,1201,0
1,1202,0
1,1203,0
1,1204,0.000452389
1,1205,0
1,1206,0
1,1207,0
1,1208,0
1,1209,0.000189915
1,1210,0
1,1211,0
1,1212,0
1,1213,0
1,1214,0
1,1215,0
1,1216,0
1,1217,0.000651099
1,1218,0
1,1219,0
1,1220,0
1,1221,0
1,1222,0
1,1223,0
1,1224,0
1,1225,0.000198485
1,1226,0
1,1227,0
1,1228,0
1,1229,0
1,1230,0.000431376
1,1231,0
1,1232,0
1,1233,0
1,1234,0
1,1235,0
1,1236,0
1,1237,0
1,1238,0.000564863
1,1239,0
1,1240,0
1,1241,0
1,1242,0
1,1243,6.57801e-05
1,1244,0
1,1245,0
1,1246,3.26259e-05
1,1247,0
1,1248,0
1,1249,0
1,1250,0
1,1251,0.000606069
1,1252,0
1,1253,0
1,1254,0
1,1255,0
1,1256,0
1,1257,0
1,1258,0
1,1259,0.000339838
1,1260,0
1,1261,0
1,1262,0
1,1263,0
1,1264,0.000273431
1,1265,0
1,1266,0
1,1267,0
1,1268,0
1,1269,0
1,1270,0
1,1271,0
1,1272,0.000623864
1,1273,0
1,1274,0
1,1275,0
1,1276,0
1,1277,8.95133e-06
1,1278,0
1,1279,0
1,1280,0.000116504
1,1281,0
1,1282,0
1,1283,0
1,1284,0
1,1285,0.000501959
1,1286,0
1,1287,0
1,1288,0
1,1289,0
1,1290,0
1,1291,0
1,1292,0
1,1293,0.000470781
1,1294,0
1,1295,0
1,1296,0
1,1297,0
1,1298,0.000136295
1,1299,0
1,1300,0
1,1301,3.24791e-06
1,1302,0
1,1303,0
1,1304,0
1,1305,0
1,1306,0.000617808
1,1307,0
1,1308,0
1,1309,0
1,1310,0
1,1311,0
1,1312,0
1,1313,0
1,1314,0.000231561
1,1315,0
1,1316,0
1,1317,0
1,1318,0
1,1319,0.000360616
1,1320,0
1,1321,0
1,1322,0
1,1323,0
1,1324,0
1,1325,0
1,1326,0
1,1327,0.000560441
1,1328,0
1,1329,0
1,1330,0
1,1331,0
1,1332,3.85739e-05
1,1333,0
1,1334,0
1,1335,4.87774e-05
1,1336,0
1,1337,0
1,1338,0
1,1339,0
1,1340,0.000550228
1,1341,0
1,1342,0
1,1343,0
1,1344,0
1,1345,0
1,1346,0
1,1347,0
1,1348,0.000362641
1,1349,0
1,1350,0
1,1351,0
1,1352,0
1,1353,0.000206918
1,1354,0
1,1355,0
1,1356,0
1,1357,0
1,1358,0
1,1359,0
1,1360,0
1,1361,0.000594319
1,1362,0
1,1363,0
1,1364,0
1,1365,0
1,1366,0
1,1367,0
1,1368,0
1,1369,0.000135229
1,1370,0
1,1371,0
1,1372,0
1,1373,0
1,1374,0.000432814
1,1375,0
1,1376,0
1,1377,0
1,1378,0
1,1379,0
1,1380,0
1,1381,0
1,1382,0.00047401
1,1383,0
1,1384,0
1,1385,0
1,1386,0
1,1387,8.39958e-05
1,1388,0
1,1389,0
1,1390,1.52222e-05
1,1391,0
1,1392,0
1,1393,0
1,1394,0
1,1395,0.000565969
1,1396,0
1,1397,0
1,1398,0
1,1399,0
1,1400,0
1,1401,0
1,1402,0
1,1403,0.000251576
1,1404,0
1,1405,0
1,1406,0
1,1407,0
1,1408,0.000286863
1,1409,0
1,1410,0
1,1411,0
1,1412,0
1,1413,0
1,1414,0
1,1415,0
1,1416,0.000540797
1,1417,0
1,1418,0
1,1419,0
1,1420,0
1,1421,1.75113e-05
1,1422,0
1,1423,0
1,1424,6.98889e-05
1,1425,0
1,1426,0
1,1427,0
1,1428,0
1,1429,0.000482863
1,1430,0
1,1431,0
1,1432,0
1,1433,0
1,1434,0
1,1435,0
1,1436,0
1,1437,0.00036993
1,1438,0
1,1439,0
1,1440,0
1,1441,0
1,1442,0.000150529
1,1443,0
1,1444,0
1,1445,0
1,1446,0
1,1447,0
1,1448,0
1,1449,0
1,1450,0.00055059
1,1451,0
1,1452,0
1,1453,0
1,1454,0
1,1455,0
1,1456,0
1,1457,0
1,1458,0.000161016
1,1459,0
1,1460,0
1,1461,0
1,1462,0
1,1463,0.000359364
1,1464,0
1,1465,0
1,1466,0
1,1467,0
1,1468,0
1,1469,0
1,1470,0
1,1471,0.000460627
1,1472,0
1,1473,0
1,1474,0
1,1475,0
1,1476,4.48154e-05
1,1477,0
1,1478,0
1,1479,2.43398e-05
1,1480,0
1,1481,0
1,1482,0
1,1483,0
1,1484,0.000506068
1,1485,0
1,1486,0
1,1487,0
1,1488,0
1,1489,0
1,1490,0
1,1491,0
1,1492,0.00026808
1,1493,0
1,1494,0
1,1495,0
1,1496,0
1,1497,0.000218383
1,1498,0
1,1499,0
1,1500,0
1,1501,0
1,1502,0
1,1503,0
1,1504,0
1,1505,0.000509473
1,1506,0
1,1507,0
1,1508,0
1,1509,0
1,1510,0
1,1511,0
1,1512,0
1,1513,8.89753e-05
1,1514,0
1,1515,0
1,1516,0
1,1517,0
1,1518,0.000415567
1,1519,0
1,1520,0
1,1521,0
1,1522,0
1,1523,0
1,1524,0
1,1525,0
1,1526,0.000372786
1,1527,0
1,1528,0
1,1529,0
1,1530,0
1,1531,0.00010229
1,1532,0
1,1533,0
1,1534,1.4283e-06
1,1535,0
1,1536,0
1,1537,0
1,1538,0
1,1539,0.000502546
1,1540,0
1,1541,0
1,1542,0
1,1543,0
1,1544,0
1,1545,0
1,1546,0
1,1547,0.000176287
1,1548,0
1,1549,0
1,1550,0
1,1551,4.15772e-06
1,1552,0.00029289
1,1553,0
1,1554,0
1,1555,0
1,1556,0
1,1557,0
1,1558,0
1,1559,0
1,1560,0.000440034
1,1561,0
1,1562,0
1,1563,0
1,1564,0
1,1565,2.67072e-05
1,1566,0
1,1567,0
1,1568,3.66564e-05
1,1569,0
1,1570,0
1,1571,0
1,1572,3.57075e-06
1,1573,0.000445855
1,1574,0
1,1575,0
1,1576,0
1,1577,0
1,1578,0
1,1579,0
1,1580,0
1,1581,0.000278039
1,1582,0
1,1583,0
1,1584,0
1,1585,2.25006e-07
1,1586,0.000166035
1,1587,0
1,1588,0
1,1589,0
1,1590,0
1,1591,0
1,1592,0
1,1593,0
1,1594,0.000467348
1,1595,0
1,1596,0
1,1597,0
1,1598,0
1,1599,0
1,1600,0
1,1601,0
1,1602,0.00011352
1,1603,0
1,1604,0
1,1605,0
1,1606,1.21112e-05
1,1607,0.0003537
1,1608,0
1,1609,0
1,1610,0
1,1611,0
1,1612,0
1,1613,0
1,1614,0
1,1615,0.000363307
1,1616,0
1,1617,0
1,1618,0
1,1619,0
1,1620,6.1006e-05
1,1621,0
1,1622,0
1,1623,1.3471e-05
1,1624,0
1,1625,0
1,1626,0
1,1627,6.25126e-06
1,1628,0.000452732
1,1629,0
1,1630,0
1,1631,0
1,1632,0
1,1633,0
1,1634,0
1,1635,0
1,1636,0.000198446
1,1637,0
1,1638,0
1,1639,0
1,1640,1.28156e-05
1,1641,0.000236403
1,1642,0
1,1643,0
1,1644,0
1,1645,0
1,1646,0
1,1647,0
1,1648,0
1,1649,0.00042127
1,1650,0
1,1651,0
1,1652,0
1,1653,0
1,1654,1.12797e-05
1,1655,0
1,1656,0
1,1657,5.49211e-05
1,1658,0
1,1659,0
1,1660,0
1,1661,2.65801e-05
1,1662,0.000393428
1,1663,0
1,1664,0
1,1665,0
1,1666,0
1,1667,0
1,1668,0
1,1669,0
1,1670,0.000289632
1,1671,0
1,1672,0
1,1673,0
1,1674,8.5698e-06
1,1675,0.000129545
1,1676,0
1,1677,0
1,1678,0
1,1679,0
1,1680,0
1,1681,0
1,1682,8.03174e-06
1,1683,0.00043885
1,1684,0
1,1685,0
1,1686,0
1,1687,0
1,1688,0
1,1689,0
1,1690,0
1,1691,0.00013428
1,1692,0
1,1693,0
1,1694,0
1,1695,3.61086e-05
1,1696,0.000303298
1,1697,0
1,1698,0
1,1699,0
1,1700,0
1,1701,0
1,1702,0
1,1703,0
1,1704,0.000363473
1,1705,0
1,1706,0
1,1707,0
1,1708,3.52184e-06
1,1709,4.58621e-05
1,1710,0
1,1711,0
1,1712,2.56018e-05
1,1713,0
1,1714,0
1,1715,0
1,1716,3.12172e-05
1,1717,0.000412514
1,1718,0
1,1719,0
1,1720,0
1,1721,0
1,1722,0
1,1723,0
1,1724,0
1,1725,0.000225319
1,1726,0
1,1727,0
1,1728,0
1,1729,3.63042e-05
1,1730,0.000198896
1,1731,0
1,1732,0
1,1733,0
1,1734,0
1,1735,0
1,1736,0
1,1737,6.7991e-06
1,1738,0.000405471
1,1739,0
1,1740,0
1,1741,0
1,1742,0
1,1743,4.04033e-06
1,1744,0
1,1745,0
1,1746,8.89263e-05
1,1747,0
1,1748,0
1,1749,0
1,1750,5.0509e-05
1,1751,0.000355842
1,1752,0
1,1753,0
1,1754,0
1,1755,0
1,1756,0
1,1757,0
1,1758,0
1,1759,0.00030366
1,1760,0
1,1761,0
1,1762,0
1,1763,1.73744e-05
1,1764,0.000103219
1,1765,0
1,1766,0
1,1767,5.45884e-06
1,1768,0
1,1769,0
1,1770,0
1,1771,3.19704e-05
1,1772,0.000415802
1,1773,0
1,1774,0
1,1775,0
1,1776,0
1,1777,0
1,1778,0
1,1779,0
1,1780,0.000164039
1,1781,0
1,1782,0
1,1783,0
1,1784,5.51167e-05
1,1785,0.000269831
1,1786,0
1,1787,0
1,1788,0
1,1789,0
1,1790,0
1,1791,0
1,1792,4.38273e-06
1,1793,0.000370008
1,1794,0
1,1795,0
1,1796,0
1,1797,1.00568e-05
1,1798,3.84369e-05
1,1799,0
1,1800,0
1,1801,4.21544e-05
1,1802,0
1,1803,0
1,1804,0
1,1805,6.17593e-05
1,1806,0.000388762
1,1807,0
1,1808,0
1,1809,0
1,1810,0
1,1811,0
1,1812,0
1,1813,0
1,1814,0.000254521
1,1815,0
1,1816,0
1,1817,0
1,1818,5.03035e-05
1,1819,0.000177921
1,1820,0
1,1821,0
1,1822,0
1,1823,0
1,1824,0
1,1825,0
1,1826,2.7441e-05
1,1827,0.000406293
1,1828,0
1,1829,0
1,1830,0
1,1831,1.35004e-06
1,1832,5.40015e-06
1,1833,0
1,1834,0
1,1835,0.000119801
1,1836,0
1,1837,0
1,1838,0
1,1839,7.69521e-05
1,1840,0.000331209
1,1841,0
1,1842,0
1,1843,0
1,1844,0
1,1845,0
1,1846,0
1,1847,2.06419e-06
1,1848,0.000333175
1,1849,0
1,1850,0
1,1851,0
1,1852,3.44455e-05
1,1853,9.8269e-05
1,1854,0
1,1855,0
1,1856,2.29017e-05
1,1857,0
1,1858,0
1,1859,0
1,1860,6.05462e-05
1,1861,0.000409619
1,1862,0
1,1863,0
1,1864,0
1,1865,0
1,1866,0
1,1867,0
1,1868,0
1,1869,0.000210596
1,1870,0
1,1871,0
1,1872,0
1,1873,7.53673e-05
1,1874,0.000254766
1,1875,0
1,1876,0
1,1877,0
1,1878,0
1,1879,0
1,1880,0
1,1881,2.27256e-05
1,1882,0.000389065
1,1883,0
1,1884,0
1,1885,0
1,1886,1.51243e-05
1,1887,4.04424e-05
1,1888,0
1,1889,0
1,1890,8.14131e-05
1,1891,0
1,1892,0
1,1893,0
1,1894,8.47295e-05
1,1895,0.000379889
1,1896,0
1,1897,0
1,1898,0
1,1899,0
1,1900,0
1,1901,0
1,1902,1.04677e-06
1,1903,0.00029332
1,1904,0
1,1905,0
1,1906,0
1,1907,5.92451e-05
1,1908,0.000173274
1,1909,0
1,1910,0
1,1911,4.53925e-06
1,1912,0
1,1913,0
1,1914,0
1,1915,5.41091e-05
1,1916,0.000419803
1,1917,0
1,1918,0
1,1919,0
1,1920,8.39371e-06
1,1921,1.42439e-05
1,1922,0
1,1923,0
1,1924,0.000159373
1,1925,0
1,1926,0
1,1927,0
1,1928,9.33482e-05
1,1929,0.00032532
1,1930,0
1,1931,0
1,1932,0
1,1933,0
1,1934,0
1,1935,0
1,1936,1.93701e-05
1,1937,0.000371544
1,1938,0
1,1939,0
1,1940,0
1,1941,4.53143e-05
1,1942,0.000106682
1,1943,0
1,1944,0
1,1945,3.97478e-05
1,1946,0
1,1947,0
1,1948,0
1,1949,8.29881e-05
1,1950,0.000417631
1,1951,0
1,1952,0
1,1953,0
1,1954,9.1959e-07
1,1955,0
1,1956,0
1,1957,1.22286e-06
1,1958,0.000258581
1,1959,0
1,1960,0
1,1961,0
1,1962,8.74393e-05
1,1963,0.000255529
1,1964,0
1,1965,0
1,1966,0
1,1967,0
1,1968,0
1,1969,0
1,1970,4.72513e-05
1,1971,0.000422248
1,1972,0
1,1973,0
1,1974,0
1,1975,2.59051e-05
1,1976,5.01079e-05
1,1977,0
1,1978,0
1,1979,0.000121787
1,1980,0
1,1981,0
1,1982,0
1,1983,9.99614e-05
1,1984,0.000385651
1,1985,0
1,1986,0
1,1987,0
1,1988,0
1,1989,0
1,1990,0
1,1991,1.74037e-05
1,1992,0.000344455
1,1993,0
1,1994,0
1,1995,0
1,1996,6.86758e-05
1,1997,0.000182764
1,1998,0
1,1999,0
1,2000,2.45452e-05
1,2001,0
1,2002,0
1,2003,0
1,2004,7.85467e-05
1,2005,0.000442078
1,2006,0
1,2007,0
1,2008,0
1,2009,1.07612e-05
1,2010,2.3743e-05
1,2011,0
1,2012,1.58483e-06
1,2013,0.00021626
1,2014,0
1,2015,0
1,2016,0
1,2017,0.000101086
1,2018,0.000331072
1,2019,0
1,2020,0
1,2021,0
1,2022,0
1,2023,0
1,2024,0
1,2025,4.54219e-05
1,2026,0.000413307
1,2027,0
1,2028,0
1,2029,0
1,2030,4.85328e-05
1,2031,0.000123783
1,2032,0
1,2033,0
1,2034,8.52969e-05
1,2035,0
1,2036,0
1,2037,0
1,2038,9.88462e-05
1,2039,0.000429292
1,2040,0
1,2041,0
1,2042,0
1,2043,5.24362e-06
1,2044,6.6817e-06
1,2045,0
1,2046,1.66407e-05
1,2047,0.000311829
1,2048,0
1,2049,0
1,2050,0
1,2051,8.85644e-05
1,2052,0.000266642
1,2053,0
1,2054,0
1,2055,9.23503e-06
1,2056,0
1,2057,0
1,2058,0
1,2059,7.16596e-05
1,2060,0.00044651
1,2061,0
1,2062,0
1,2063,0
1,2064,3.47194e-05
1,2065,7.18357e-05
1,2066,0
1,2067,1.15438e-06
1,2068,0.000163961
1,2069,0
1,2070,0
1,2071,0
1,2072,0.000103601
1,2073,0.000387744
1,2074,0
1,2075,0
1,2076,0
1,2077,0
1,2078,0
1,2079,0
1,2080,4.25653e-05
1,2081,0.000389417
1,2082,0
1,2083,0
1,2084,0
1,2085,7.42716e-05
1,2086,0.000195403
1,2087,0
1,2088,0
1,2089,4.57447e-05
1,2090,0
1,2091,0
1,2092,0
1,2093,8.75567e-05
1,2094,0.000434389
1,2095,0
1,2096,0
1,2097,0
1,2098,1.5183e-05
1,2099,2.75388e-05
1,2100,0
1,2101,1.4596e-05
1,2102,0.000254678
1,2103,0
1,2104,0
1,2105,0
1,2106,9.35732e-05
1,2107,0.000316447
1,2108,0
1,2109,0
1,2110,0
1,2111,0
1,2112,0
1,2113,0
1,2114,6.18767e-05
1,2115,0.000421123
1,2116,0
1,2117,0
1,2118,0
1,2119,4.97753e-05
1,2120,0.000129379
1,2121,0
1,2122,1.31091e-06
1,2123,0.00011852
1,2124,0
1,2125,0
1,2126,0
1,2127,9.26145e-05
1,2128,0.000388341
1,2129,0
1,2130,0
1,2131,0
1,2132,4.23598e-06
1,2133,9.20569e-06
1,2134,0
1,2135,3.54629e-05
1,2136,0.00032397
1,2137,0
1,2138,0
1,2139,0
1,2140,8.04152e-05
1,2141,0.00024194
1,2142,0
1,2143,0
1,2144,2.93975e-05
1,2145,0
1,2146,0
1,2147,0
1,2148,7.49662e-05
1,2149,0.000390904
1,2150,0
1,2151,0
1,2152,0
1,2153,2.95541e-05
1,2154,7.27748e-05
1,2155,0
1,2156,1.13677e-05
1,2157,0.000172453
1,2158,0
1,2159,0
1,2160,0
1,2161,8.92492e-05
1,2162,0.000328264
1,2163,0
1,2164,0
1,2165,0
1,2166,0
1,2167,1.95658e-07
1,2168,0
1,2169,5.33167e-05
1,2170,0.000362896
1,2171,0
1,2172,0
1,2173,0
1,2174,6.21604e-05
1,2175,0.000177168
1,2176,0
1,2177,9.09807e-07
1,2178,6.92921e-05
1,2179,0
1,2180,0
1,2181,0
1,2182,7.69227e-05
1,2183,0.000343007
1,2184,0
1,2185,0
1,2186,0
1,2187,1.31971e-05
1,2188,2.7167e-05
1,2189,0
1,2190,2.51322e-05
1,2191,0.000243026
1,2192,0
1,2193,0
1,2194,0
1,2195,7.11704e-05
1,2196,0.000240072
1,2197,0
1,2198,0
1,2199,1.12112e-05
1,2200,0
1,2201,0
1,2202,0
1,2203,5.90103e-05
1,2204,0.000348476
1,2205,0
1,2206,0
1,2207,0
1,2208,4.2262e-05
1,2209,0.000110096
1,2210,0
1,2211,4.0012e-06
1,2212,0.000122012
1,2213,0
1,2214,0
1,2215,0
1,2216,7.02019e-05
1,2217,0.000290238
1,2218,0
1,2219,0
1,2220,0
1,2221,2.0544e-06
1,2222,4.58817e-06
1,2223,0
1,2224,3.65586e-05
1,2225,0.000280563
1,2226,0
1,2227,0
1,2228,0
1,2229,5.76896e-05
1,2230,0.000180406
1,2231,0
1,2232,0
1,2233,4.43262e-05
2,0,0
2,1,0
2,2,1.0947e-05
2,3,0
2,4,2.91823e-05
2,5,9.32308e-06
2,6,0
2,7,6.65236e-07
2,8,0
2,9,1.34417e-05
2,10,2.15517e-05
2,11,0
2,12,1.80983e-05
2,13,0.000759621
2,14,6.72181e-05
2,15,7.83608e-06
2,16,0
2,17,2.46724e-05
2,18,1.78146e-05
2,19,0
2,20,0.000766596
2,21,0
2,22,1.30504e-05
2,23,1.89005e-05
2,24,0
2,25,1.76092e-05
2,26,0.000114557
2,27,4.9335e-05
2,28,0.000664512
2,29,0
2,30,2.34104e-05
2,31,2.39583e-05
2,32,0
2,33,0.000119214
2,34,7.8263e-08
2,35,2.41637e-05
2,36,5.43928e-06
2,37,0
2,38,4.27512e-05
2,39,9.92081e-05
2,40,0
2,41,0.000678716
2,42,0
2,43,9.29373e-06
2,44,3.75173e-05
2,45,0
2,46,9.80244e-05
2,47,4.67034e-05
2,48,0.000623277
2,49,0.000233684
2,50,0
2,51,3.94348e-05
2,52,5.51363e-05
2,53,0
2,54,5.62222e-05
2,55,0
2,56,2.40659e-06
2,57,1.79907e-05
2,58,0
2,59,6.01451e-05
2,60,0.00067177
2,61,0
2,62,0.0003411
2,63,0
2,64,3.45825e-05
2,65,7.55238e-05
2,66,0
2,67,0.00066637
2,68,6.27082e-06
2,69,0.000683441
2,70,0.000108482
2,71,0
2,72,0.000102955
2,73,8.76154e-05
2,74,0
2,75,6.91845e-05
2,76,0
2,77,2.48681e-05
2,78,6.99378e-05
2,79,0
2,80,8.44653e-05
2,81,0.000698977
2,82,0.000105342
2,83,3.53651e-05
2,84,0
2,85,8.3849e-05
2,86,0.000123215
2,87,0
2,88,0.000704612
2,89,0
2,90,5.06851e-05
2,91,3.51205e-05
2,92,0
2,93,0.000147134
2,94,0.000182676
2,95,0
2,96,0.000725889
2,97,0
2,98,5.33754e-05
2,99,0.000127618
2,100,0
2,101,0.000168676
2,102,5.5195e-05
2,103,9.81712e-05
2,104,0.000649798
2,105,0
2,106,0.000120046
2,107,0.000149981
2,108,0
2,109,6.34028e-05
2,110,0
2,111,8.26653e-06
2,112,6.91258e-05
2,113,0
2,114,0.00013695
2,115,0.000143172
2,116,0
2,117,0.000769756
2,118,0
2,119,8.90926e-05
2,120,0.000169733
2,121,0
2,122,0.000143026
2,123,0
2,124,0.000115751
2,125,1.44591e-05
2,126,0
2,127,0.000159109
2,128,0.000137234
2,129,0
2,130,9.64005e-05
2,131,0
2,132,3.73217e-05
2,133,0.000120867
2,134,0
2,135,0.0001032
2,136,0.000134016
2,137,8.21468e-05
2,138,7.03291e-05
2,139,0
2,140,0.000124585
2,141,0.000192145
2,142,0
2,143,0.000144787
2,144,0
2,145,0
2,146,3.83978e-05
2,147,0
2,148,0.000145892
2,149,0.000175759
2,150,0
2,151,5.04699e-05
2,152,0
2,153,7.00552e-05
2,154,0.000171484
2,155,0
2,156,0.000157534
2,157,0
2,158,8.34968e-05
2,159,8.63339e-05
2,160,0
2,161,0.000142223
2,162,0.000178606
2,163,0
2,164,0
2,165,0
2,166,1.41754e-05
2,167,7.61792e-05
2,168,0
2,169,0.000104109
2,170,0.000123597
2,171,0
2,172,0.000159979
2,173,0
2,174,8.96992e-05
2,175,0.000194767
2,176,0
2,177,0.000122335
2,178,0
2,179,0
2,180,1.30504e-05
2,181,0
2,182,0.000130924
2,183,0.000126434
2,184,0
2,185,7.20411e-05
2,186,0
2,187,4.27609e-05
2,188,0.000127931
2,189,0
2,190,6.56431e-05
2,191,0
2,192,8.89263e-06
2,193,8.5336e-05
2,194,0
2,195,0.000105391
2,196,0.000196293
2,197,0
2,198,2.25006e-07
2,199,0
2,200,5.0871e-07
2,201,3.83587e-05
2,202,0
2,203,0.000102358
2,204,8.74491e-05
2,205,0
2,206,7.87424e-05
2,207,0
2,208,6.1231e-05
2,209,0.000177745
2,210,0
2,211,5.29743e-05
2,212,0
2,213,0
2,214,0
2,215,0
2,216,0.000104139
2,217,0.000163531
2,218,0
2,219,0
2,220,0
2,221,1.7257e-05
2,222,8.56784e-05
2,223,0
2,224,6.98595e-05
2,225,1.25416e-05
2,226,0
2,227,1.50461e-05
2,228,0
2,229,7.3714e-05
2,230,0.000202114
2,231,0
2,232,2.68051e-06
2,233,0
2,234,0
2,235,1.01057e-05
2,236,0
2,237,8.95329e-05
2,238,0.000107347
2,239,0
2,240,1.47624e-05
2,241,0
2,242,3.80554e-05
2,243,0.000141891
2,244,0
2,245,3.12367e-05
2,246,0
2,247,0
2,248,0
2,249,0
2,250,8.02881e-05
2,251,0.000193789
2,252,0
2,253,0
2,254,0
2,255,2.42615e-06
2,256,3.83684e-05
2,257,0
2,258,6.4205e-05
2,259,4.48447e-05
2,260,0
2,261,0
2,262,0
2,263,5.05188e-05
2,264,0.000187009
2,265,0
2,266,5.47841e-06
2,267,0
2,268,0
2,269,0
2,270,0
2,271,7.67858e-05
2,272,0.000155538
2,273,0
2,274,0
2,275,0
2,276,1.71689e-05
2,277,9.50602e-05
2,278,0
2,279,3.32618e-05
2,280,2.82725e-06
2,281,0
2,282,0
2,283,0
2,284,5.58407e-05
2,285,0.00020634
2,286,0
2,287,0
2,288,0
2,289,0
2,290,9.74374e-06
2,291,0
2,292,5.69266e-05
2,293,8.92394e-05
2,294,0
2,295,0
2,296,0
2,297,3.01802e-05
2,298,0.000158845
2,299,0
2,300,8.65784e-06
2,301,0
2,302,0
2,303,0
2,304,0
2,305,5.59287e-05
2,306,0.00019148
2,307,0
2,308,0
2,309,0
2,310,4.01098e-06
2,311,5.02351e-05
2,312,0
2,313,3.15009e-05
2,314,2.27843e-05
2,315,0
2,316,0
2,317,0
2,318,3.18726e-05
2,319,0.000204785
2,320,0
2,321,0
2,322,0
2,323,0
2,324,0
2,325,0
2,326,4.34164e-05
2,327,0.000142086
2,328,0
2,329,0
2,330,0
2,331,1.63668e-05
2,332,0.000114293
2,333,0
2,334,1.09568e-05
2,335,0
2,336,0
2,337,0
2,338,0
2,339,2.9016e-05
2,340,0.000217659
2,341,0
2,342,0
2,343,0
2,344,0
2,345,1.38917e-05
2,346,0
2,347,2.53376e-05
2,348,7.09258e-05
2,349,0
2,350,0
2,351,0
2,352,1.667e-05
2,353,0.000182294
2,354,0
2,355,0
2,356,0
2,357,0
2,358,0
2,359,0
2,360,2.43398e-05
2,361,0.000190727
2,362,0
2,363,0
2,364,0
2,365,3.2577e-06
2,366,6.55844e-05
2,367,0
2,368,1.03601e-05
2,369,1.38036e-05
2,370,0
2,371,0
2,372,0
2,373,1.59559e-05
2,374,0.00022214
2,375,0
2,376,0
2,377,0
2,378,0
2,379,0
2,380,0
2,381,1.72472e-05
2,382,0.000127764
2,383,0
2,384,0
2,385,0
2,386,8.87307e-06
2,387,0.000140952
2,388,0
2,389,0
2,390,0
2,391,0
2,392,0
2,393,0
2,394,1.55548e-05
2,395,0.00022485
2,396,0
2,397,0
2,398,0
2,399,0
2,400,2.18745e-05
2,401,0
2,402,8.39371e-06
2,403,5.10666e-05
2,404,0
2,405,0
2,406,0
2,407,7.29802e-06
2,408,0.000210097
2,409,0
2,410,0
2,411,0
2,412,0
2,413,0
2,414,0
2,415,1.17395e-05
2,416,0.000186295
2,417,0
2,418,0
2,419,0
2,420,1.70222e-06
2,421,9.07851e-05
2,422,0
2,423,0
2,424,3.13052e-07
2,425,0
2,426,0
2,427,0
2,428,4.09902e-06
2,429,0.000244415
2,430,0
2,431,0
2,432,0
2,433,0
2,434,0
2,435,0
2,436,4.18707e-06
2,437,0.000108414
2,438,0
2,439,0
2,440,0
2,441,1.57504e-06
2,442,0.000178518
2,443,0
2,444,0
2,445,0
2,446,0
2,447,0
2,448,0
2,449,2.1718e-06
2,450,0.000234711
2,451,0
2,452,0
2,453,0
2,454,0
2,455,4.12153e-05
2,456,0
2,457,0
2,458,2.71475e-05
2,459,0
2,460,0
2,461,0
2,462,0
2,463,0.000245834
2,464,0
2,465,0
2,466,0
2,467,0
2,468,0
2,469,0
2,470,0
2,471,0.000176512
2,472,0
2,473,0
2,474,0
2,475,0
2,476,0.000127764
2,477,0
2,478,0
2,479,0
2,480,0
2,481,0
2,482,0
2,483,0
2,484,0.000269499
2,485,0
2,486,0
2,487,0
2,488,0
2,489,9.00025e-06
2,490,0
2,491,0
2,492,8.82904e-05
2,493,0
2,494,0
2,495,0
2,496,0
2,497,0.000221709
2,498,0
2,499,0
2,500,0
2,501,0
2,502,0
2,503,0
2,504,0
2,505,0.000240091
2,506,0
2,507,0
2,508,0
2,509,0
2,510,7.46042e-05
2,511,0
2,512,0
2,513,1.4596e-05
2,514,0
2,515,0
2,516,0
2,517,0
2,518,0.000281913
2,519,0
2,520,0
2,521,0
2,522,0
2,523,0
2,524,0
2,525,0
2,526,0.000157798
2,527,0
2,528,0
2,529,0
2,530,0
2,531,0.000179702
2,532,0
2,533,0
2,534,0
2,535,0
2,536,0
2,537,0
2,538,0
2,539,0.000286472
2,540,0
2,541,0
2,542,0
2,543,0
2,544,2.523e-05
2,545,0
2,546,0
2,547,5.7445e-05
2,548,0
2,549,0
2,550,0
2,551,0
2,552,0.000274439
2,553,0
2,554,0
2,555,0
2,556,0
2,557,0
2,558,0
2,559,0
2,560,0.000235151
2,561,0
2,562,0
2,563,0
2,564,0
2,565,0.000118813
2,566,0
2,567,0
2,568,0
2,569,0
2,570,0
2,571,0
2,572,0
2,573,0.000318491
2,574,0
2,575,0
2,576,0
2,577,0
2,578,0
2,579,0
2,580,0
2,581,0.000132098
2,582,0
2,583,0
2,584,0
2,585,0
2,586,0.000238281
2,587,0
2,588,0
2,589,0
2,590,0
2,591,0
2,592,0
2,593,0
2,594,0.000299904
2,595,0
2,596,0
2,597,0
2,598,0
2,599,6.19843e-05
2,600,0
2,601,0
2,602,3.0278e-05
2,603,0
2,604,0
2,605,0
2,606,0
2,607,0.000325359
2,608,0
2,609,0
2,610,0
2,611,0
2,612,0
2,613,0
2,614,0
2,615,0.000217278
2,616,0
2,617,0
2,618,0
2,619,0
2,620,0.000180338
2,621,0
2,622,0
2,623,0
2,624,0
2,625,0
2,626,0
2,627,0
2,628,0.000349043
2,629,0
2,630,0
2,631,0
2,632,0
2,633,1.57504e-05
2,634,0
2,635,0
2,636,0.000101331
2,637,0
2,638,0
2,639,0
2,640,0
2,641,0.000303435
2,642,0
2,643,0
2,644,0
2,645,0
2,646,0
2,647,0
2,648,0
2,649,0.000298965
2,650,0
2,651,0
2,652,0
2,653,0
2,654,0.00011173
2,655,0
2,656,0
2,657,9.48939e-06
2,658,0
2,659,0
2,660,0
2,661,0
2,662,0.000373872
2,663,0
2,664,0
2,665,0
2,666,0
2,667,0
2,668,0
2,669,0
2,670,0.00018475
2,671,0
2,672,0
2,673,0
2,674,0
2,675,0.000253641
2,676,0
2,677,0
2,678,0
2,679,0
2,680,0
2,681,0
2,682,0
2,683,0.000363581
2,684,0
2,685,0
2,686,0
2,687,0
2,688,5.14677e-05
2,689,0
2,690,0
2,691,5.65352e-05
2,692,0
2,693,0
2,694,0
2,695,0
2,696,0.000368942
2,697,0
2,698,0
2,699,0
2,700,0
2,701,0
2,702,0
2,703,0
2,704,0.000280729
2,705,0
2,706,0
2,707,0
2,708,0
2,709,0.000180416
2,710,0
2,711,0
2,712,0
2,713,0
2,714,0
2,715,0
2,716,0
2,717,0.000409619
2,718,0
2,719,0
2,720,0
2,721,0
2,722,1.03894e-05
2,723,0
2,724,0
2,725,0.000144376
2,726,0
2,727,0
2,728,0
2,729,0
2,730,0.000328411
2,731,0
2,732,0
2,733,0
2,734,0
2,735,0
2,736,0
2,737,0
2,738,0.000364451
2,739,0
2,740,0
2,741,0
2,742,0
2,743,0.000105029
2,744,0
2,745,0
2,746,2.57094e-05
2,747,0
2,748,0
2,749,0
2,750,0
2,751,0.000423119
2,752,0
2,753,0
2,754,0
2,755,0
2,756,0
2,757,0
2,758,0
2,759,0.000246343
2,760,0
2,761,0
2,762,0
2,763,0
2,764,0.000260714
2,765,0
2,766,0
2,767,0
2,768,0
2,769,0
2,770,0
2,771,0
2,772,0.000429185
2,773,0
2,774,0
2,775,0
2,776,0
2,777,3.58738e-05
2,778,0
2,779,0
2,780,9.9081e-05
2,781,0
2,782,0
2,783,0
2,784,0
2,785,0.00040054
2,786,0
2,787,0
2,788,0
2,789,0
2,790,0
2,791,0
2,792,0
2,793,0.000344152
2,794,0
2,795,0
2,796,0
2,797,0
2,798,0.000170995
2,799,0
2,800,0
2,801,4.01098e-07
2,802,0
2,803,0
2,804,0
2,805,0
2,806,0.000465489
2,807,0
2,808,0
2,809,0
2,810,0
2,811,3.33596e-06
2,812,0
2,813,0
2,814,0.00019194
2,815,0
2,816,0
2,817,0
2,818,0
2,819,0.000341364
2,820,0
2,821,0
2,822,0
2,823,0
2,824,0
2,825,0
2,826,0
2,827,0.000426426
2,828,0
2,829,0
2,830,0
2,831,0
2,832,9.37982e-05
2,833,0
2,834,0
2,835,4.3974e-05
2,836,0
2,837,0
2,838,0
2,839,0
2,840,0.000462916
2,841,0
2,842,0
2,843,0
2,844,0
2,845,0
2,846,0
2,847,0
2,848,0.000303768
2,849,0
2,850,0
2,851,0
2,852,0
2,853,0.000254237
2,854,0
2,855,0
2,856,0
2,857,0
2,858,0
2,859,0
2,860,0
2,861,0.000484135
2,862,0
2,863,0
2,864,0
2,865,0
2,866,2.94465e-05
2,867,0
2,868,0
2,869,0.00014194
2,870,0
2,871,0
2,872,0
2,873,0
2,874,0.000417073
2,875,0
2,876,0
2,877,0
2,878,0
2,879,0
2,880,0
2,881,0
2,882,0.000401078
2,883,0
2,884,0
2,885,0
2,886,0
2,887,0.000159989
2,888,0
2,889,0
2,890,1.68755e-05
2,891,0
2,892,0
2,893,0
2,894,0
2,895,0.000502341
2,896,0
2,897,0
2,898,0
2,899,0
2,900,0
2,901,0
2,902,0
2,903,0.000241784
2,904,0
2,905,0
2,906,0
2,907,0
2,908,0.000337989
2,909,0
2,910,0
2,911,0
2,912,0
2,913,0
2,914,0
2,915,0
2,916,0.00047851
2,917,0
2,918,0
2,919,0
2,920,0
2,921,7.19335e-05
2,922,0
2,923,0
2,924,7.11509e-05
2,925,0
2,926,0
2,927,0
2,928,0
2,929,0.000475986
2,930,0
2,931,0
2,932,0
2,933,0
2,934,0
2,935,0
2,936,0
2,937,0.000355343
2,938,0
2,939,0
2,940,0
2,941,0
2,942,0.000234163
2,943,0
2,944,0
2,945,0
2,946,0
2,947,0
2,948,0
2,949,0
2,950,0.000517622
2,951,0
2,952,0
2,953,0
2,954,0
2,955,1.92723e-05
2,956,0
2,957,0
2,958,0.00017572
2,959,0
2,960,0
2,961,0
2,962,0
2,963,0.000409139
2,964,0
2,965,0
2,966,0
2,967,0
2,968,0
2,969,0
2,970,0
2,971,0.000445532
2,972,0
2,973,0
2,974,0
2,975,0
2,976,0.00013384
2,977,0
2,978,0
2,979,3.10802e-05
2,980,0
2,981,0
2,982,0
2,983,0
2,984,0.000515078
2,985,0
2,986,0
2,987,0
2,988,0
2,989,0
2,990,0
2,991,0
2,992,0.000284682
2,993,0
2,994,0
2,995,0
2,996,0
2,997,0.000310469
2,998,0
2,999,0
2,1000,0
2,1001,0
2,1002,0
2,1003,0
2,1004,0
2,1005,0.000507575
2,1006,0
2,1007,0
2,1008,0
2,1009,0
2,1010,5.49993e-05
2,1011,0
2,1012,0
2,1013,0.000112288
2,1014,0
2,1015,0
2,1016,0
2,1017,0
2,1018,0.000464149
2,1019,0
2,1020,0
2,1021,0
2,1022,0
2,1023,0
2,1024,0
2,1025,0
2,1026,0.000387265
2,1027,0
2,1028,0
2,1029,0
2,1030,0
2,1031,0.000203229
2,1032,0
2,1033,0
2,1034,7.04367e-07
2,1035,0
2,1036,0
2,1037,0
2,1038,0
2,1039,0.000525448
2,1040,0
2,1041,0
2,1042,0
2,1043,0
2,1044,1.14362e-05
2,1045,0
2,1046,0
2,1047,0.000201674
2,1048,0
2,1049,0
2,1050,0
2,1051,0
2,1052,0.00037759
2,1053,0
2,1054,0
2,1055,0
2,1056,0
2,1057,0
2,1058,0
2,1059,0
2,1060,0.000465939
2,1061,0
2,1062,0
2,1063,0
2,1064,0
2,1065,0.000103904
2,1066,0
2,1067,0
2,1068,4.0462e-05
2,1069,0
2,1070,0
2,1071,0
2,1072,0
2,1073,0.000494338
2,1074,0
2,1075,0
2,1076,0
2,1077,0
2,1078,0
2,1079,0
2,1080,0
2,1081,0.000312406
2,1082,0
2,1083,0
2,1084,0
2,1085,0
2,1086,0.000268012
2,1087,0
2,1088,0
2,1089,0
2,1090,0
2,1091,0
2,1092,0
2,1093,0
2,1094,0.000504924
2,1095,0
2,1096,0
2,1097,0
2,1098,0
2,1099,3.15498e-05
2,1100,0
2,1101,0
2,1102,0.000134544
2,1103,0
2,1104,0
2,1105,0
2,1106,0
2,1107,0.000423168
2,1108,0
2,1109,0
2,1110,0
2,1111,0
2,1112,0
2,1113,0
2,1114,0
2,1115,0.000398222
2,1116,0
2,1117,0
2,1118,0
2,1119,0
2,1120,0.000156193
2,1121,0
2,1122,0
2,1123,1.23264e-05
2,1124,0
2,1125,0
2,1126,0
2,1127,0
2,1128,0.000498506
2,1129,0
2,1130,0
2,1131,0
2,1132,0
2,1133,2.31854e-06
2,1134,0
2,1135,0
2,1136,0.000221093
2,1137,0
2,1138,0
2,1139,0
2,1140,0
2,1141,0.000323168
2,1142,0
2,1143,0
2,1144,0
2,1145,0
2,1146,0
2,1147,0
2,1148,0
2,1149,0.000456821
2,1150,0
2,1151,0
2,1152,0
2,1153,0
2,1154,7.21389e-05
2,1155,0
2,1156,0
2,1157,6.37256e-05
2,1158,0
2,1159,0
2,1160,0
2,1161,0
2,1162,0.00044559
2,1163,0
2,1164,0
2,1165,0
2,1166,0
2,1167,0
2,1168,0
2,1169,0
2,1170,0.000315791
2,1171,0
2,1172,0
2,1173,0
2,1174,0
2,1175,0.000210087
2,1176,0
2,1177,0
2,1178,0
2,1179,0
2,1180,0
2,1181,0
2,1182,0
2,1183,0.000470615
2,1184,0
2,1185,0
2,1186,0
2,1187,0
2,1188,1.84799e-05
2,1189,0
2,1190,0
2,1191,0.000139318
2,1192,0
2,1193,0
2,1194,0
2,1195,0
2,1196,0.000357906
2,1197,0
2,1198,0
2,1199,0
2,1200,0
2,1201,0
2,1202,0
2,1203,0
2,1204,0.000381718
2,1205,0
2,1206,0
2,1207,0
2,1208,0
2,1209,0.000108854
2,1210,0
2,1211,0
2,1212,1.80494e-05
2,1213,0
2,1214,0
2,1215,0
2,1216,0
2,1217,0.00043929
2,1218,0
2,1219,0
2,1220,0
2,1221,0
2,1222,0
2,1223,0
2,1224,0
2,1225,0.000218823
2,1226,0
2,1227,0
2,1228,0
2,1229,0
2,1230,0.000250696
2,1231,0
2,1232,0
2,1233,0
2,1234,0
2,1235,0
2,1236,0
2,1237,0
2,1238,0.000415704
2,1239,0
2,1240,0
2,1241,0
2,1242,0
2,1243,3.6314e-05
2,1244,0
2,1245,0
2,1246,7.49173e-05
2,1247,0
2,1248,0
2,1249,0
2,1250,0
2,1251,0.000370057
2,1252,0
2,1253,0
2,1254,0
2,1255,0
2,1256,0
2,1257,0
2,1258,0
2,1259,0.000289152
2,1260,0
2,1261,0
2,1262,0
2,1263,0
2,1264,0.000143887
2,1265,0
2,1266,0
2,1267,0
2,1268,0
2,1269,0
2,1270,0
2,1271,0
2,1272,0.000407447
2,1273,0
2,1274,0
2,1275,0
2,1276,0
2,1277,4.55882e-06
2,1278,0
2,1279,0
2,1280,0.000134074
2,1281,0
2,1282,0
2,1283,0
2,1284,0
2,1285,0.00027395
2,1286,0
2,1287,0
2,1288,0
2,1289,0
2,1290,0
2,1291,0
2,1292,0
2,1293,0.000336003
2,1294,0
2,1295,0
2,1296,0
2,1297,0
2,1298,6.18376e-05
2,1299,0
2,1300,0
2,1301,2.25104e-05
2,1302,0
2,1303,0
2,1304,0
2,1305,0
2,1306,0.000357779
2,1307,0
2,1308,0
2,1309,0
2,1310,0
2,1311,0
2,1312,0
2,1313,0
2,1314,0.000199023
2,1315,0
2,1316,0
2,1317,0
2,1318,0
2,1319,0.000171611
2,1320,0
2,1321,0
2,1322,0
2,1323,0
2,1324,0
2,1325,0
2,1326,0
2,1327,0.000345512
2,1328,0
2,1329,0
2,1330,0
2,1331,0
2,1332,1.53885e-05
2,1333,0
2,1334,0
2,1335,7.10726e-05
2,1336,0
2,1337,0
2,1338,0
2,1339,0
2,1340,0.000278783
2,1341,0
2,1342,0
2,1343,0
2,1344,0
2,1345,0
2,1346,0
2,1347,0
2,1348,0.000244699
2,1349,0
2,1350,0
2,1351,0
2,1352,0
2,1353,8.33892e-05
2,1354,0
2,1355,0
2,1356,0
2,1357,0
2,1358,0
2,1359,0
2,1360,0
2,1361,0.000318031
2,1362,0
2,1363,0
2,1364,0
2,1365,0
2,1366,0
2,1367,0
2,1368,0
2,1369,0.000108913
2,1370,0
2,1371,0
2,1372,0
2,1373,0
2,1374,0.000184495
2,1375,0
2,1376,0
2,1377,0
2,1378,0
2,1379,0
2,1380,0
2,1381,0
2,1382,0.000267591
2,1383,0
2,1384,0
2,1385,0
2,1386,0
2,1387,2.50833e-05
2,1388,0
2,1389,0
2,1390,2.19626e-05
2,1391,0
2,1392,0
2,1393,0
2,1394,0
2,1395,0.000258473
2,1396,0
2,1397,0
2,1398,0
2,1399,0
2,1400,0
2,1401,0
2,1402,0
2,1403,0.000152476
2,1404,0
2,1405,0
2,1406,0
2,1407,0
2,1408,9.93157e-05
2,1409,0
2,1410,0
2,1411,0
2,1412,0
2,1413,0
2,1414,0
2,1415,0
2,1416,0.000258376
2,1417,0
2,1418,0
2,1419,0
2,1420,0
2,1421,0
2,1422,0
2,1423,0
2,1424,5.542e-05
2,1425,0
2,1426,0
2,1427,0
2,1428,0
2,1429,0.000180298
2,1430,0
2,1431,0
2,1432,0
2,1433,0
2,1434,0
2,1435,0
2,1436,0
2,1437,0.000178185
2,1438,0
2,1439,0
2,1440,0
2,1441,0
2,1442,3.43085e-05
2,1443,0
2,1444,0
2,1445,1.30112e-06
2,1446,0
2,1447,0
2,1448,0
2,1449,0
2,1450,0.000217953
2,1451,0
2,1452,0
2,1453,0
2,1454,0
2,1455,0
2,1456,0
2,1457,0
2,1458,8.44262e-05
2,1459,0
2,1460,0
2,1461,0
2,1462,0
2,1463,0.000102798
2,1464,0
2,1465,0
2,1466,0
2,1467,0
2,1468,0
2,1469,0
2,1470,0
2,1471,0.000181404
2,1472,0
2,1473,0
2,1474,0
2,1475,0
2,1476,4.05989e-06
2,1477,0
2,1478,0
2,1479,1.49189e-05
2,1480,0
2,1481,0
2,1482,0
2,1483,0
2,1484,0.000158698
2,1485,0
2,1486,0
2,1487,0
2,1488,0
2,1489,0
2,1490,0
2,1491,0
2,1492,0.000102515
2,1493,0
2,1494,0
2,1495,0
2,1496,0
2,1497,3.99728e-05
2,1498,0
2,1499,0
2,1500,0
2,1501,0
2,1502,0
2,1503,0
2,1504,0
2,1505,0.000163531
2,1506,0
2,1507,0
2,1508,0
2,1509,0
2,1510,0
2,1511,0
2,1512,0
2,1513,3.09139e-05
2,1514,0
2,1515,0
2,1516,0
2,1517,0
2,1518,9.70168e-05
2,1519,0
2,1520,0
2,1521,0
2,1522,0
2,1523,0
2,1524,0
2,1525,0
2,1526,0.000115272
2,1527,0
2,1528,0
2,1529,0
2,1530,0
2,1531,8.02196e-06
2,1532,0
2,1533,0
2,1534,0
2,1535,0
2,1536,0
2,1537,0
2,1538,0
2,1539,0.000124986
2,1540,0
2,1541,0
2,1542,0
2,1543,0
2,1544,0
2,1545,0
2,1546,0
2,1547,4.42479e-05
2,1548,0
2,1549,0
2,1550,0
2,1551,0
2,1552,4.34947e-05
2,1553,0
2,1554,0
2,1555,0
2,1556,0
2,1557,0
2,1558,0
2,1559,0
2,1560,0.000104246
2,1561,0
2,1562,0
2,1563,0
2,1564,0
2,1565,0
2,1566,0
2,1567,0
2,1568,6.44691e-06
2,1569,0
2,1570,0
2,1571,0
2,1572,0
2,1573,7.83902e-05
2,1574,0
2,1575,0
2,1576,0
2,1577,0
2,1578,0
2,1579,0
2,1580,0
2,1581,4.96579e-05
2,1582,0
2,1583,0
2,1584,0
2,1585,0
2,1586,9.3133e-06
2,1587,0
2,1588,0
2,1589,0
2,1590,0
2,1591,0
2,1592,0
2,1593,0
2,1594,8.20196e-05
2,1595,0
2,1596,0
2,1597,0
2,1598,0
2,1599,0
2,1600,0
2,1601,0
2,1602,1.37743e-05
2,1603,0
2,1604,0
2,1605,0
2,1606,0
2,1607,3.67836e-05
2,1608,0
2,1609,0
2,1610,0
2,1611,0
2,1612,0
2,1613,0
2,1614,0
2,1615,4.79067e-05
2,1616,0
2,1617,0
2,1618,0
2,1619,0
2,1620,0
2,1621,0
2,1622,0
2,1623,0
2,1624,0
2,1625,0
2,1626,0
2,1627,0
2,1628,5.24656e-05
2,1629,0
2,1630,0
2,1631,0
2,1632,0
2,1633,0
2,1634,0
2,1635,0
2,1636,1.78048e-05
2,1637,0
2,1638,0
2,1639,0
2,1640,0
2,1641,8.76546e-06
2,1642,0
2,1643,0
2,1644,0
2,1645,0
2,1646,0
2,1647,0
2,1648,0
2,1649,4.07652e-05
2,1650,0
2,1651,0
2,1652,0
2,1653,0
2,1654,0
2,1655,0
2,1656,0
2,1657,0
2,1658,0
2,1659,0
2,1660,0
2,1661,0
2,1662,2.36452e-05
2,1663,0
2,1664,0
2,1665,0
2,1666,0
2,1667,0
2,1668,0
2,1669,0
2,1670,1.81277e-05
2,1671,0
2,1672,0
2,1673,0
2,1674,0
2,1675,0
2,1676,0
2,1677,0
2,1678,0
2,1679,0
2,1680,0
2,1681,0
2,1682,0
2,1683,2.60909e-05
2,1684,0
2,1685,0
2,1686,0
2,1687,0
2,1688,0
2,1689,0
2,1690,0
2,1691,0
2,1692,0
2,1693,0
2,1694,0
2,1695,0
2,1696,7.03389e-06
2,1697,0
2,1698,0
2,1699,0
2,1700,0
2,1701,0
2,1702,0
2,1703,0
2,1704,1.46841e-05
2,1705,0
2,1706,0
2,1707,0
2,1708,0
2,1709,0
2,1710,0
2,1711,0
2,1712,0
2,1713,0
2,1714,0
2,1715,0
2,1716,0
2,1717,1.30014e-05
2,1718,0
2,1719,0
2,1720,0
2,1721,0
2,1722,0
2,1723,0
2,1724,0
2,1725,0
2,1726,0
2,1727,0
2,1728,0
2,1729,0
2,1730,0
2,1731,0
2,1732,0
2,1733,0
2,1734,0
2,1735,0
2,1736,0
2,1737,0
2,1738,9.01981e-06
2,1739,0
2,1740,0
2,1741,0
2,1742,0
2,1743,0
2,1744,0
2,1745,0
2,1746,0
2,1747,0
2,1748,0
2,1749,0
2,1750,0
2,1751,1.62396e-06
2,1752,0
2,1753,0
2,1754,0
2,1755,0
2,1756,0
2,1757,0
2,1758,0
2,1759,0
2,1760,0
2,1761,0
2,1762,0
2,1763,0
2,1764,0
2,1765,0
2,1766,0
2,1767,0
2,1768,0
2,1769,0
2,1770,0
2,1771,0
2,1772,1.32069e-06
2,1773,0
2,1774,0
2,1775,0
2,1776,0
2,1777,0
2,1778,0
2,1779,0
2,1780,0
2,1781,0
2,1782,0
2,1783,0
2,1784,0
2,1785,0
2,1786,0
2,1787,0
2,1788,0
2,1789,0
2,1790,0
2,1791,0
2,1792,0
2,1793,0
2,1794,0
2,1795,0
2,1796,0
2,1797,0
2,1798,0
2,1799,0
2,1800,0
2,1801,0
2,1802,0
2,1803,0
2,1804,0
2,1805,0
2,1806,0
2,1807,0
2,1808,0
2,1809,0
2,1810,0
2,1811,0
2,1812,0
2,1813,0
2,1814,0
2,1815,0
2,1816,0
2,1817,0
2,1818,0
2,1819,0
2,1820,0
2,1821,0
2,1822,0
2,1823,0
2,1824,0
2,1825,0
2,1826,0
2,1827,0
2,1828,0
2,1829,0
2,1830,0
2,1831,0
2,1832,0
2,1833,0
2,1834,0
2,1835,0
2,1836,0
2,1837,0
2,1838,0
2,1839,0
2,1840,0
2,1841,0
2,1842,0
2,1843,0
2,1844,0
2,1845,0
2,1846,0
2,1847,0
2,1848,0
2,1849,0
2,1850,0
2,1851,0
2,1852,0
2,1853,0
2,1854,0
2,1855,0
2,1856,0
2,1857,0
2,1858,0
2,1859,0
2,1860,0
2,1861,0
2,1862,0
2,1863,0
2,1864,0
2,1865,0
2,1866,0
2,1867,0
2,1868,0
2,1869,0
2,1870,0
2,1871,0
2,1872,0
2,1873,0
2,1874,0
2,1875,0
2,1876,0
2,1877,0
2,1878,0
2,1879,0
2,1880,0
2,1881,0
2,1882,0
2,1883,0
2,1884,0
2,1885,0
2,1886,0
2,1887,0
2,1888,0
2,1889,0
2,1890,0
2,1891,0
2,1892,0
2,1893,0
2,1894,0
2,1895,0
2,1896,0
2,1897,0
2,1898,0
2,1899,0
2,1900,0
2,1901,0
2,1902,0
2,1903,0
2,1904,0
2,1905,0
2,1906,0
2,1907,0
2,1908,0
2,1909,0
2,1910,0
2,1911,0
2,1912,0
2,1913,0
2,1914,0
2,1915,0
2,1916,0
2,1917,0
2,1918,0
2,1919,0
2,1920,0
2,1921,0
2,1922,0
2,1923,0
2,1924,0
2,1925,0
2,1926,0
2,1927,0
2,1928,0
2,1929,0
2,1930,0
2,1931,0
2,1932,0
2,1933,0
2,1934,0
2,1935,0
2,1936,0
2,1937,0
2,1938,0
2,1939,0
2,1940,0
2,1941,0
2,1942,0
2,1943,0
2,1944,0
2,1945,0
2,1946,0
2,1947,0
2,1948,0
2,1949,0
2,1950,0
2,1951,0
2,1952,0
2,1953,0
2,1954,0
2,1955,0
2,1956,0
2,1957,0
2,1958,0
2,1959,0
2,1960,0
2,1961,0
2,1962,0
2,1963,0
2,1964,0
2,1965,0
2,1966,0
2,1967,0
2,1968,0
2,1969,0
2,1970,0
2,1971,0
2,1972,0
2,1973,0
2,1974,0
2,1975,0
2,1976,0
2,1977,0
2,1978,0
2,1979,0
2,1980,0
2,1981,0
2,1982,0
2,1983,0
2,1984,0
2,1985,0
2,1986,0
2,1987,0
2,1988,0
2,1989,0
2,1990,0
2,1991,0
2,1992,0
2,1993,0
2,1994,0
2,1995,0
2,1996,0
2,1997,0
2,1998,0
2,1999,4.40229e-07
2,2000,0
2,2001,0
2,2002,0
2,2003,0
2,2004,0
2,2005,0
2,2006,0
2,2007,0
2,2008,0
2,2009,0
2,2010,0
2,2011,0
2,2012,0
2,2013,0
2,2014,0
2,2015,0
2,2016,0
2,2017,0
2,2018,0
2,2019,0
2,2020,2.25984e-06
2,2021,0
2,2022,0
2,2023,0
2,2024,0
2,2025,0
2,2026,3.52184e-07
2,2027,0
2,2028,0
2,2029,0
2,2030,0
2,2031,0
2,2032,0
2,2033,2.72942e-06
2,2034,0
2,2035,0
2,2036,0
2,2037,0
2,2038,0
2,2039,7.72847e-07
2,2040,0
2,2041,0
2,2042,0
2,2043,0
2,2044,0
2,2045,0
2,2046,0
2,2047,0
2,2048,0
2,2049,1.90962e-05
2,2050,0
2,2051,0
2,2052,0
2,2053,0
2,2054,6.17299e-06
2,2055,0
2,2056,0
2,2057,0
2,2058,0
2,2059,0
2,2060,4.2849e-06
2,2061,0
2,2062,0
2,2063,0
2,2064,0
2,2065,0
2,2066,0
2,2067,4.13816e-06
2,2068,0
2,2069,0
2,2070,0
2,2071,0
2,2072,0
2,2073,5.47841e-07
2,2074,0
2,2075,3.44357e-06
2,2076,0
2,2077,0
2,2078,0
2,2079,0
2,2080,0
2,2081,5.24362e-06
2,2082,0
2,2083,8.37512e-05
2,2084,0
2,2085,0
2,2086,0
2,2087,0
2,2088,8.95133e-06
2,2089,0
2,2090,0
2,2091,0
2,2092,0
2,2093,0
2,2094,4.50991e-06
2,2095,0
2,2096,0
2,2097,0
2,2098,0
2,2099,0
2,2100,0
2,2101,4.05989e-06
2,2102,2.34789e-07
2,2103,0
2,2104,7.99065e-05
2,2105,0
2,2106,0
2,2107,0
2,2108,0
2,2109,1.04285e-05
2,2110,0
2,2111,0
2,2112,0
2,2113,0
2,2114,0
2,2115,7.95348e-06
2,2116,0
2,2117,0.000100685
2,2118,0
2,2119,0
2,2120,0
2,2121,0
2,2122,1.33732e-05
2,2123,0
2,2124,0
2,2125,0
2,2126,0
2,2127,0
2,2128,2.41637e-06
2,2129,0
2,2130,3.50227e-06
2,2131,0
2,2132,0
2,2133,0
2,2134,0
2,2135,1.96636e-06
2,2136,4.0012e-06
2,2137,0
2,2138,6.12799e-05
2,2139,0
2,2140,0
2,2141,0
2,2142,0
2,2143,1.78733e-05
2,2144,0
2,2145,0
2,2146,0
2,2147,0
2,2148,0
2,2149,8.81437e-06
2,2150,0
2,2151,4.62437e-05
2,2152,0
2,2153,0
2,2154,0
2,2155,0
2,2156,1.15438e-05
2,2157,0
2,2158,0
2,2159,8.20196e-05
2,2160,0
2,2161,0
2,2162,5.22406e-06
2,2163,0
2,2164,1.03503e-05
2,2165,0
2,2166,0
2,2167,0
2,2168,0
2,2169,2.34789e-06
2,2170,1.14753e-05
2,2171,0
2,2172,0.000702303
2,2173,0
2,2174,0
2,2175,0
2,2176,0
2,2177,2.15125e-05
2,2178,0
2,2179,0
2,2180,5.86973e-07
2,2181,0
2,2182,0
2,2183,1.05068e-05
2,2184,0
2,2185,2.74899e-06
2,2186,0
2,2187,0
2,2188,0
2,2189,0
2,2190,9.8807e-06
2,2191,6.54474e-06
2,2192,0
2,2193,0.000647118
2,2194,0
2,2195,0
2,2196,7.92413e-07
2,2197,0
2,2198,1.52515e-05
2,2199,0
2,2200,0
2,2201,0
2,2202,0
2,2203,7.1415e-07
2,2204,1.17688e-05
2,2205,0
2,2206,0
2,2207,0
2,2208,0
2,2209,0
2,2210,0
2,2211,1.73157e-05
2,2212,0
2,2213,0
2,2214,3.64119e-05
2,2215,0
2,2216,0
2,2217,4.58817e-06
2,2218,0
2,2219,9.32308e-06
2,2220,0
2,2221,0
2,2222,0
2,2223,0
2,2224,6.92628e-06
2,2225,1.17688e-05
2,2226,0
2,2227,0.000351557
2,2228,0
2,2229,0
2,2230,0
2,2231,0
2,2232,1.69342e-05
2,2233,0
3,0,0
3,1,0
3,2,2.10038e-05
3,3,0
3,4,1.13775e-05
3,5,0
3,6,0
3,7,0
3,8,0
3,9,1.04188e-05
3,10,2.71475e-05
3,11,0
3,12,7.40368e-05
3,13,0
3,14,6.65236e-05
3,15,6.37843e-06
3,16,0
3,17,1.6582e-05
3,18,9.597e-06
3,19,0
3,20,0
3,21,0
3,22,1.01742e-05
3,23,3.15987e-05
3,24,0
3,25,0.00018022
3,26,0
3,27,4.83372e-05
3,28,1.29134e-06
3,29,0
3,30,1.68461e-05
3,31,2.03777e-05
3,32,0
3,33,0.000670567
3,34,0
3,35,2.31365e-05
3,36,2.87421e-05
3,37,0
3,38,8.89459e-05
3,39,1.38232e-05
3,40,0
3,41,0
3,42,0
3,43,7.65999e-06
3,44,7.36064e-05
3,45,0
3,46,0.000662839
3,47,0
3,48,0.000623463
3,49,4.90122e-06
3,50,0
3,51,3.01606e-05
3,52,5.68776e-05
3,53,0
3,54,2.54746e-05
3,55,0
3,56,1.55548e-06
3,57,8.12957e-05
3,58,0
3,59,0.000667613
3,60,2.44572e-06
3,61,0
3,62,0
3,63,0
3,64,2.78225e-05
3,65,0.000120476
3,66,0
3,67,0.000694027
3,68,0
3,69,0.000683529
3,70,5.12231e-05
3,71,0
3,72,5.94897e-05
3,73,5.35808e-05
3,74,0
3,75,0
3,76,0
3,77,1.95168e-05
3,78,0.000159461
3,79,0
3,80,4.15087e-05
3,81,0
3,82,0.00010451
3,83,9.26438e-06
3,84,0
3,85,6.23365e-05
3,86,0.000138467
3,87,0
3,88,5.97929e-05
3,89,0
3,90,4.9384e-05
3,91,0.000125925
3,92,0
3,93,0.000156702
3,94,2.52692e-05
3,95,0
3,96,0
3,97,0
3,98,4.22425e-05
3,99,0.000229995
3,100,0
3,101,0.000166563
3,102,0
3,103,9.7682e-05
3,104,3.57368e-05
3,105,0
3,106,8.10022e-05
3,107,0.000125348
3,108,0
3,109,0
3,110,0
3,111,4.98927e-06
3,112,0.00020052
3,113,0
3,114,0.000132049
3,115,0
3,116,0
3,117,0
3,118,0
3,119,7.06519e-05
3,120,0.000239015
3,121,0
3,122,0.000127588
3,123,0
3,124,0.000115115
3,125,9.9756e-05
3,126,0
3,127,8.20001e-05
3,128,6.69149e-05
3,129,0
3,130,0
3,131,0
3,132,2.76268e-05
3,133,0.000268657
3,134,0
3,135,0.00023159
3,136,0
3,137,8.16087e-05
3,138,1.24634e-05
3,139,0
3,140,9.16166e-05
3,141,0.000203083
3,142,0
3,143,0
3,144,0
3,145,0
3,146,0.00017526
3,147,0
3,148,0.000139298
3,149,1.26493e-05
3,150,0
3,151,0
3,152,0
3,153,5.44417e-05
3,154,0.000295707
3,155,0
3,156,9.45417e-05
3,157,0
3,158,8.3086e-05
3,159,4.96285e-05
3,160,0
3,161,8.98851e-05
3,162,0.000127843
3,163,0
3,164,0
3,165,0
3,166,9.68505e-06
3,167,0.000245276
3,168,0
3,169,0.000108199
3,170,0
3,171,0
3,172,0
3,173,0
3,174,6.84312e-05
3,175,0.000262739
3,176,0
3,177,0
3,178,0
3,179,0
3,180,0.00011491
3,181,0
3,182,5.7445e-05
3,183,4.70556e-05
3,184,0
3,185,0
3,186,0
3,187,3.27824e-05
3,188,0.000296079
3,189,0
3,190,2.0818e-05
3,191,0
3,192,8.73611e-06
3,193,1.51732e-05
3,194,0
3,195,7.29509e-05
3,196,0.000194317
3,197,0
3,198,0
3,199,0
3,200,0
3,201,0.000199864
3,202,0
3,203,4.42186e-05
3,204,2.28919e-06
3,205,0
3,206,0
3,207,0
3,208,4.7535e-05
3,209,0.000302301
3,210,0
3,211,0
3,212,0
3,213,0
3,214,5.96951e-05
3,215,0
3,216,5.78951e-05
3,217,9.99908e-05
3,218,0
3,219,0
3,220,0
3,221,1.11427e-05
3,222,0.000278166
3,223,0
3,224,0
3,225,0
3,226,0
3,227,0
3,228,0
3,229,5.57233e-05
3,230,0.000258454
3,231,0
3,232,0
3,233,0
3,234,0
3,235,0.000135571
3,236,0
3,237,2.78127e-05
3,238,2.50246e-05
3,239,0
3,240,0
3,241,0
3,242,2.95345e-05
3,243,0.000317327
3,244,0
3,245,0
3,246,0
3,247,0
3,248,1.82353e-05
3,249,0
3,250,5.17612e-05
3,251,0.000173206
3,252,0
3,253,0
3,254,0
3,255,0
3,256,0.000229046
3,257,0
3,258,3.89358e-06
3,259,0
3,260,0
3,261,0
3,262,0
3,263,3.8163e-05
3,264,0.00030504
3,265,0
3,266,0
3,267,0
3,268,0
3,269,6.81377e-05
3,270,0
3,271,3.30466e-05
3,272,8.02294e-05
3,273,0
3,274,0
3,275,0
3,276,9.5383e-06
3,277,0.000306419
3,278,0
3,279,0
3,280,0
3,281,0
3,282,0
3,283,0
3,284,3.56879e-05
3,285,0.000243721
3,286,0
3,287,0
3,288,0
3,289,0
3,290,0.00015635
3,291,0
3,292,8.39371e-06
3,293,1.54667e-05
3,294,0
3,295,0
3,296,0
3,297,1.79711e-05
3,298,0.000334369
3,299,0
3,300,0
3,301,0
3,302,0
3,303,2.18843e-05
3,304,0
3,305,2.46724e-05
3,306,0.00014822
3,307,0
3,308,0
3,309,0
3,310,0
3,311,0.000264118
3,312,0
3,313,0
3,314,0
3,315,0
3,316,0
3,317,0
3,318,1.84114e-05
3,319,0.000306732
3,320,0
3,321,0
3,322,0
3,323,0
3,324,8.51208e-05
3,325,0
3,326,9.18612e-06
3,327,5.71907e-05
3,328,0
3,329,0
3,330,0
3,331,8.35458e-06
3,332,0.000334026
3,333,0
3,334,0
3,335,0
3,336,0
3,337,0
3,338,0
3,339,1.59852e-05
3,340,0.00022978
3,341,0
3,342,0
3,343,0
3,344,0
3,345,0.00019102
3,346,0
3,347,0
3,348,4.64687e-06
3,349,0
3,350,0
3,351,0
3,352,1.0634e-05
3,353,0.000346441
3,354,0
3,355,0
3,356,0
3,357,0
3,358,2.83703e-05
3,359,0
3,360,8.71654e-06
3,361,0.000124556
3,362,0
3,363,0
3,364,0
3,365,0
3,366,0.00029827
3,367,0
3,368,0
3,369,0
3,370,0
3,371,0
3,372,0
3,373,8.99046e-06
3,374,0.000298945
3,375,0
3,376,0
3,377,0
3,378,0
3,379,0.000110507
3,380,0
3,381,0
3,382,3.57173e-05
3,383,0
3,384,0
3,385,0
3,386,3.77619e-06
3,387,0.000356136
3,388,0
3,389,0
3,390,0
3,391,0
3,392,0
3,393,0
3,394,4.05011e-06
3,395,0.000207074
3,396,0
3,397,0
3,398,0
3,399,0
3,400,0.000231267
3,401,0
3,402,0
3,403,0
3,404,0
3,405,0
3,406,0
3,407,9.29373e-07
3,408,0.000351841
3,409,0
3,410,0
3,411,0
3,412,0
3,413,3.87304e-05
3,414,0
3,415,0
3,416,0.00010229
3,417,0
3,418,0
3,419,0
3,420,0
3,421,0.000333713
3,422,0
3,423,0
3,424,0
3,425,0
3,426,0
3,427,0
3,428,0
3,429,0.00028835
3,430,0
3,431,0
3,432,0
3,433,0
3,434,0.000142429
3,435,0
3,436,0
3,437,2.33615e-05
3,438,0
3,439,0
3,440,0
3,441,0
3,442,0.000376768
3,443,0
3,444,0
3,445,0
3,446,0
3,447,1.35004e-06
3,448,0
3,449,0
3,450,0.000184984
3,451,0
3,452,0
3,453,0
3,454,0
3,455,0.000272678
3,456,0
3,457,0
3,458,0
3,459,0
3,460,0
3,461,0
3,462,0
3,463,0.000355451
3,464,0
3,465,0
3,466,0
3,467,0
3,468,5.81592e-05
3,469,0
3,470,0
3,471,7.90358e-05
3,472,0
3,473,0
3,474,0
3,475,0
3,476,0.000365087
3,477,0
3,478,0
3,479,0
3,480,0
3,481,0
3,482,0
3,483,0
3,484,0.000276034
3,485,0
3,486,0
3,487,0
3,488,0
3,489,0.00018114
3,490,0
3,491,0
3,492,1.18666e-05
3,493,0
3,494,0
3,495,0
3,496,0
3,497,0.000391657
3,498,0
3,499,0
3,500,0
3,501,0
3,502,1.03698e-05
3,503,0
3,504,0
3,505,0.00016086
3,506,0
3,507,0
3,508,0
3,509,0
3,510,0.000315126
3,511,0
3,512,0
3,513,0
3,514,0
3,515,0
3,516,0
3,517,0
3,518,0.000351949
3,519,0
3,520,0
3,521,0
3,522,0
3,523,9.16362e-05
3,524,0
3,525,0
3,526,5.60167e-05
3,527,0
3,528,0
3,529,0
3,530,0
3,531,0.000395571
3,532,0
3,533,0
3,534,0
3,535,0
3,536,0
3,537,0
3,538,0
3,539,0.000254443
3,540,0
3,541,0
3,542,0
3,543,0
3,544,0.000231981
3,545,0
3,546,0
3,547,0
3,548,0
3,549,0
3,550,0
3,551,0
3,552,0.000406185
3,553,0
3,554,0
3,555,0
3,556,0
3,557,2.55822e-05
3,558,0
3,559,0
3,560,0.00013337
3,561,0
3,562,0
3,563,0
3,564,0
3,565,0.000357163
3,566,0
3,567,0
3,568,0
3,569,0
3,570,0
3,571,0
3,572,0
3,573,0.000344533
3,574,0
3,575,0
3,576,0
3,577,0
3,578,0.000132636
3,579,0
3,580,0
3,581,3.26944e-05
3,582,0
3,583,0
3,584,0
3,585,0
3,586,0.000421094
3,587,0
3,588,0
3,589,0
3,590,0
3,591,0
3,592,0
3,593,0
3,594,0.000231551
3,595,0
3,596,0
3,597,0
3,598,0
3,599,0.000279839
3,600,0
3,601,0
3,602,0
3,603,0
3,604,0
3,605,0
3,606,0
3,607,0.000411928
3,608,0
3,609,0
3,610,0
3,611,0
3,612,4.28099e-05
3,613,0
3,614,0
3,615,0.000104814
3,616,0
3,617,0
3,618,0
3,619,0
3,620,0.000395531
3,621,0
3,622,0
3,623,0
3,624,0
3,625,0
3,626,0
3,627,0
3,628,0.000330867
3,629,0
3,630,0
3,631,0
3,632,0
3,633,0.000175104
3,634,0
3,635,0
3,636,1.96831e-05
3,637,0
3,638,0
3,639,0
3,640,0
3,641,0.0004438
3,642,0
3,643,0
3,644,0
3,645,0
3,646,7.63064e-07
3,647,0
3,648,0
3,649,0.000200539
3,650,0
3,651,0
3,652,0
3,653,0
3,654,0.000328284
3,655,0
3,656,0
3,657,0
3,658,0
3,659,0
3,660,0
3,661,0
3,662,0.000411957
3,663,0
3,664,0
3,665,0
3,666,0
3,667,7.90163e-05
3,668,0
3,669,0
3,670,7.62966e-05
3,671,0
3,672,0
3,673,0
3,674,0
3,675,0.000432667
3,676,0
3,677,0
3,678,0
3,679,0
3,680,0
3,681,0
3,682,0
3,683,0.000304619
3,684,0
3,685,0
3,686,0
3,687,0
3,688,0.000231218
3,689,0
3,690,0
3,691,2.98378e-06
3,692,0
3,693,0
3,694,0
3,695,0
3,696,0.000460431
3,697,0
3,698,0
3,699,0
3,700,0
3,701,1.76287e-05
3,702,0
3,703,0
3,704,0.000161828
3,705,0
3,706,0
3,707,0
3,708,0
3,709,0.000376973
3,710,1.8294e-06
3,711,0
3,712,0
3,713,0
3,714,0
3,715,0
3,716,0
3,717,0.000399435
3,718,0
3,719,0
3,720,0
3,721,0
3,722,0.000122912
3,723,6.82845e-06
3,724,0
3,725,3.97576e-05
3,726,0
3,727,0
3,728,0
3,729,0
3,730,0.000462662
3,731,0
3,732,0
3,733,0
3,734,0
3,735,0
3,736,0
3,737,0
3,738,0.00027167
3,739,0
3,740,0
3,741,0
3,742,0
3,743,0.000281434
3,744,1.04383e-05
3,745,0
3,746,0
3,747,0
3,748,0
3,749,0
3,750,0
3,751,0.000463581
3,752,0
3,753,0
3,754,0
3,755,0
3,756,3.74488e-05
3,757,1.03601e-05
3,758,0
3,759,0.000123665
3,760,0
3,761,0
3,762,0
3,763,0
3,764,0.000419803
3,765,7.67956e-06
3,766,0
3,767,0
3,768,0
3,769,0
3,770,0
3,771,0
3,772,0.000375574
3,773,0
3,774,0
3,775,0
3,776,0
3,777,0.000168745
3,778,1.9057e-05
3,779,0
3,780,2.31072e-05
3,781,0
3,782,0
3,783,0
3,784,0
3,785,0.000484976
3,786,9.00025e-07
3,787,0
3,788,0
3,789,0
3,790,0
3,791,1.00372e-05
3,792,0
3,793,0.000227833
3,794,0
3,795,0
3,796,0
3,797,0
3,798,0.000332549
3,799,1.78831e-05
3,800,0
3,801,0
3,802,0
3,803,0
3,804,0
3,805,0
3,806,0.000456479
3,807,0
3,808,0
3,809,0
3,810,0
3,811,6.60246e-05
3,812,2.80279e-05
3,813,0
3,814,8.66078e-05
3,815,0
3,816,0
3,817,0
3,818,0
3,819,0.000455745
3,820,1.39015e-05
3,821,0
3,822,0
3,823,0
3,824,0
3,825,4.63708e-06
3,826,0
3,827,0.000337255
3,828,0
3,829,0
3,830,0
3,831,0
3,832,0.000220349
3,833,3.5189e-05
3,834,0
3,835,4.89144e-07
3,836,0
3,837,0
3,838,0
3,839,0
3,840,0.000495884
3,841,2.04462e-06
3,842,0
3,843,0
3,844,0
3,845,1.21112e-05
3,846,3.2078e-05
3,847,0
3,848,0.000174888
3,849,0
3,850,0
3,851,0
3,852,0
3,853,0.000379781
3,854,2.87617e-05
3,855,0
3,856,0
3,857,0
3,858,0
3,859,0
3,860,0
3,861,0.000430975
3,862,0
3,863,0
3,864,0
3,865,0
3,866,0.000113022
3,867,5.8394e-05
3,868,0
3,869,3.97967e-05
3,870,0
3,871,0
3,872,0
3,873,0
3,874,0.000482697
3,875,1.51145e-05
3,876,0
3,877,0
3,878,0
3,879,0
3,880,2.0906e-05
3,881,0
3,882,0.000287147
3,883,0
3,884,0
3,885,0
3,886,0
3,887,0.000273549
3,888,5.60559e-05
3,889,0
3,890,0
3,891,0
3,892,0
3,893,0
3,894,0
3,895,0.000486708
3,896,0
3,897,0
3,898,0
3,899,0
3,900,3.25868e-05
3,901,6.61225e-05
3,902,0
3,903,0.000122756
3,904,0
3,905,0
3,906,0
3,907,0
3,908,0.000420928
3,909,3.54336e-05
3,910,0
3,911,0
3,912,0
3,913,0
3,914,1.01742e-05
3,915,0
3,916,0.000390024
3,917,0
3,918,0
3,919,0
3,920,0
3,921,0.000152133
3,922,7.89282e-05
3,923,0
3,924,1.76092e-05
3,925,0
3,926,0
3,927,0
3,928,0
3,929,0.000492666
3,930,1.1534e-05
3,931,0
3,932,0
3,933,0
3,934,0
3,935,6.13484e-05
3,936,0
3,937,0.000228655
3,938,0
3,939,0
3,940,0
3,941,0
3,942,0.000316535
3,943,6.29137e-05
3,944,0
3,945,0
3,946,0
3,947,0
3,948,0
3,949,0
3,950,0.000459727
3,951,0
3,952,0
3,953,0
3,954,0
3,955,5.34145e-05
3,956,9.56961e-05
3,957,0
3,958,7.92413e-05
3,959,0
3,960,0
3,961,0
3,962,0
3,963,0.000446412
3,964,3.89065e-05
3,965,0
3,966,0
3,967,0
3,968,0
3,969,3.93565e-05
3,970,0
3,971,0.000332784
3,972,0
3,973,0
3,974,0
3,975,0
3,976,0.000194718
3,977,9.31134e-05
3,978,0
3,979,0
3,980,0
3,981,0
3,982,0
3,983,0
3,984,0.00048616
3,985,9.73396e-06
3,986,0
3,987,0
3,988,0
3,989,6.63279e-06
3,990,9.37004e-05
3,991,0
3,992,0.00015816
3,993,0
3,994,0
3,995,0
3,996,0
3,997,0.000353563
3,998,6.49583e-05
3,999,0
3,1000,0
3,1001,0
3,1002,0
3,1003,1.17688e-05
3,1004,0
3,1005,0.000416408
3,1006,0
3,1007,0
3,1008,0
3,1009,0
3,1010,9.20471e-05
3,1011,0.000122022
3,1012,0
3,1013,2.86051e-05
3,1014,0
3,1015,0
3,1016,0
3,1017,0
3,1018,0.00045686
3,1019,3.37705e-05
3,1020,0
3,1021,0
3,1022,0
3,1023,0
3,1024,7.20998e-05
3,1025,0
3,1026,0.000262494
3,1027,0
3,1028,0
3,1029,0
3,1030,0
3,1031,0.000237381
3,1032,0.000101967
3,1033,0
3,1034,0
3,1035,0
3,1036,0
3,1037,0
3,1038,0
3,1039,0.000457829
3,1040,2.44572e-06
3,1041,0
3,1042,0
3,1043,0
3,1044,2.2843e-05
3,1045,0.000131061
3,1046,0
3,1047,9.88657e-05
3,1048,0
3,1049,0
3,1050,0
3,1051,0
3,1052,0.000380202
3,1053,5.95875e-05
3,1054,0
3,1055,0
3,1056,0
3,1057,0
3,1058,4.23305e-05
3,1059,0
3,1060,0.000352624
3,1061,0
3,1062,0
3,1063,0
3,1064,0
3,1065,0.000122354
3,1066,0.000134651
3,1067,0
3,1068,6.08495e-06
3,1069,0
3,1070,0
3,1071,0
3,1072,0
3,1073,0.000446559
3,1074,1.74624e-05
3,1075,0
3,1076,0
3,1077,0
3,1078,0
3,1079,0.000113022
3,1080,0
3,1081,0.000187107
3,1082,0
3,1083,0
3,1084,0
3,1085,0
3,1086,0.000267327
3,1087,9.61461e-05
3,1088,0
3,1089,0
3,1090,0
3,1091,0
3,1092,1.07807e-05
3,1093,0
3,1094,0.000407721
3,1095,0
3,1096,0
3,1097,0
3,1098,0
3,1099,3.65977e-05
3,1100,0.000151732
3,1101,0
3,1102,5.10568e-05
3,1103,0
3,1104,0
3,1105,0
3,1106,0
3,1107,0.00038703
3,1108,4.84448e-05
3,1109,0
3,1110,0
3,1111,0
3,1112,0
3,1113,7.4927e-05
3,1114,0
3,1115,0.000274498
3,1116,0
3,1117,0
3,1118,0
3,1119,0
3,1120,0.000151243
3,1121,0.000130132
3,1122,0
3,1123,0
3,1124,0
3,1125,0
3,1126,0
3,1127,0
3,1128,0.000417132
3,1129,9.30351e-06
3,1130,0
3,1131,0
3,1132,0
3,1133,0
3,1134,0.000143828
3,1135,0
3,1136,0.000111398
3,1137,0
3,1138,0
3,1139,0
3,1140,0
3,1141,0.00028838
3,1142,8.27533e-05
3,1143,0
3,1144,0
3,1145,0
3,1146,0
3,1147,3.03171e-05
3,1148,0
3,1149,0.000340865
3,1150,0
3,1151,0
3,1152,0
3,1153,0
3,1154,5.73179e-05
3,1155,0.000155342
3,1156,0
3,1157,1.28743e-05
3,1158,0
3,1159,0
3,1160,0
3,1161,0
3,1162,0.000375428
3,1163,3.45629e-05
3,1164,0
3,1165,0
3,1166,0
3,1167,0
3,1168,0.000107093
3,1169,0
3,1170,0.000193202
3,1171,0
3,1172,0
3,1173,0
3,1174,0
3,1175,0.000174135
3,1176,0.000114597
3,1177,0
3,1178,0
3,1179,0
3,1180,0
3,1181,3.45335e-06
3,1182,0
3,1183,0.000364803
3,1184,0
3,1185,0
3,1186,0
3,1187,0
3,1188,8.44262e-06
3,1189,0.00015948
3,1190,0
3,1191,5.67798e-05
3,1192,0
3,1193,0
3,1194,0
3,1195,0
3,1196,0.000291383
3,1197,5.73863e-05
3,1198,0
3,1199,0
3,1200,0
3,1201,0
3,1202,6.21213e-05
3,1203,0
3,1204,0.000258229
3,1205,0
3,1206,0
3,1207,0
3,1208,0
3,1209,7.58955e-05
3,1210,0.000145315
3,1211,0
3,1212,0
3,1213,0
3,1214,0
3,1215,0
3,1216,0
3,1217,0.000342039
3,1218,1.1984e-05
3,1219,0
3,1220,0
3,1221,0
3,1222,0
3,1223,0.000132754
3,1224,0
3,1225,0.000108561
3,1226,0
3,1227,0
3,1228,0
3,1229,0
3,1230,0.000186139
3,1231,8.67056e-05
3,1232,0
3,1233,0
3,1234,0
3,1235,0
3,1236,1.83038e-05
3,1237,0
3,1238,0.00029556
3,1239,0
3,1240,0
3,1241,0
3,1242,0
3,1243,1.66211e-05
3,1244,0.000157543
3,1245,0
3,1246,1.70613e-05
3,1247,0
3,1248,0
3,1249,0
3,1250,0
3,1251,0.000276934
3,1252,3.58445e-05
3,1253,0
3,1254,0
3,1255,0
3,1256,0
3,1257,8.53262e-05
3,1258,0
3,1259,0.000168774
3,1260,0
3,1261,0
3,1262,0
3,1263,0
3,1264,8.8897e-05
3,1265,0.000117395
3,1266,0
3,1267,0
3,1268,0
3,1269,0
3,1270,0
3,1271,0
3,1272,0.000291862
3,1273,1.35004e-06
3,1274,0
3,1275,0
3,1276,0
3,1277,0
3,1278,0.000142145
3,1279,0
3,1280,5.34438e-05
3,1281,0
3,1282,0
3,1283,0
3,1284,0
3,1285,0.000184857
3,1286,6.34909e-05
3,1287,0
3,1288,0
3,1289,0
3,1290,0
3,1291,3.41325e-05
3,1292,0
3,1293,0.000212181
3,1294,0
3,1295,0
3,1296,0
3,1297,0
3,1298,2.35767e-05
3,1299,0.000133331
3,1300,0
3,1301,0
3,1302,0
3,1303,0
3,1304,0
3,1305,0
3,1306,0.000244846
3,1307,1.48113e-05
3,1308,0
3,1309,0
3,1310,0
3,1311,0
3,1312,0.000100539
3,1313,0
3,1314,9.44634e-05
3,1315,0
3,1316,0
3,1317,0
3,1318,0
3,1319,9.68211e-05
3,1320,8.29001e-05
3,1321,0
3,1322,0
3,1323,0
3,1324,0
3,1325,4.19685e-06
3,1326,0
3,1327,0.000220731
3,1328,0
3,1329,0
3,1330,0
3,1331,0
3,1332,0
3,1333,0.000132039
3,1334,0
3,1335,1.52906e-05
3,1336,0
3,1337,0
3,1338,0
3,1339,0
3,1340,0.000171073
3,1341,3.39759e-05
3,1342,0
3,1343,0
3,1344,0
3,1345,0
3,1346,5.35221e-05
3,1347,0
3,1348,0.000128811
3,1349,0
3,1350,0
3,1351,0
3,1352,0
3,1353,2.91041e-05
3,1354,0.000103464
3,1355,0
3,1356,0
3,1357,0
3,1358,0
3,1359,0
3,1360,0
3,1361,0.000193486
3,1362,1.18373e-06
3,1363,0
3,1364,0
3,1365,0
3,1366,0
3,1367,0.000103385
3,1368,0
3,1369,3.40738e-05
3,1370,0
3,1371,0
3,1372,0
3,1373,0
3,1374,9.30645e-05
3,1375,4.98437e-05
3,1376,0
3,1377,0
3,1378,0
3,1379,0
3,1380,1.3246e-05
3,1381,0
3,1382,0.000145912
3,1383,0
3,1384,0
3,1385,0
3,1386,0
3,1387,0
3,1388,0.000106731
3,1389,0
3,1390,0
3,1391,0
3,1392,0
3,1393,0
3,1394,0
3,1395,0.000141783
3,1396,1.18079e-05
3,1397,0
3,1398,0
3,1399,0
3,1400,0
3,1401,6.14854e-05
3,1402,0
3,1403,6.18767e-05
3,1404,0
3,1405,0
3,1406,0
3,1407,0
3,1408,3.05519e-05
3,1409,6.37452e-05
3,1410,0
3,1411,0
3,1412,0
3,1413,0
3,1414,0
3,1415,0
3,1416,0.000138007
3,1417,0
3,1418,0
3,1419,0
3,1420,0
3,1421,0
3,1422,8.95524e-05
3,1423,0
3,1424,9.9394e-06
3,1425,0
3,1426,0
3,1427,0
3,1428,0
3,1429,8.00826e-05
3,1430,2.62768e-05
3,1431,0
3,1432,0
3,1433,0
3,1434,0
3,1435,1.91647e-05
3,1436,0
3,1437,8.0875e-05
3,1438,0
3,1439,0
3,1440,0
3,1441,0
3,1442,0
3,1443,6.87443e-05
3,1444,0
3,1445,0
3,1446,0
3,1447,0
3,1448,0
3,1449,0
3,1450,0.000106408
3,1451,0
3,1452,0
3,1453,0
3,1454,0
3,1455,0
3,1456,5.81201e-05
3,1457,0
3,1458,1.99082e-05
3,1459,0
3,1460,0
3,1461,0
3,1462,0
3,1463,2.77442e-05
3,1464,3.26357e-05
3,1465,0
3,1466,0
3,1467,0
3,1468,0
3,1469,0
3,1470,0
3,1471,8.14424e-05
3,1472,0
3,1473,0
3,1474,0
3,1475,0
3,1476,0
3,1477,6.64159e-05
3,1478,0
3,1479,0
3,1480,0
3,1481,0
3,1482,0
3,1483,0
3,1484,5.76994e-05
3,1485,6.35887e-06
3,1486,0
3,1487,0
3,1488,0
3,1489,0
3,1490,2.23147e-05
3,1491,0
3,1492,2.64529e-05
3,1493,0
3,1494,0
3,1495,0
3,1496,0
3,1497,0
3,1498,4.14892e-05
3,1499,0
3,1500,0
3,1501,0
3,1502,0
3,1503,0
3,1504,0
3,1505,6.13093e-05
3,1506,0
3,1507,0
3,1508,0
3,1509,0
3,1510,0
3,1511,4.5823e-05
3,1512,0
3,1513,0
3,1514,0
3,1515,0
3,1516,0
3,1517,0
3,1518,2.11506e-05
3,1519,1.51243e-05
3,1520,0
3,1521,0
3,1522,0
3,1523,0
3,1524,1.11525e-06
3,1525,0
3,1526,2.99062e-05
3,1527,0
3,1528,0
3,1529,0
3,1530,0
3,1531,0
3,1532,3.75173e-05
3,1533,0
3,1534,0
3,1535,0
3,1536,0
3,1537,0
3,1538,0
3,1539,3.37118e-05
3,1540,0
3,1541,0
3,1542,0
3,1543,0
3,1544,0
3,1545,1.91157e-05
3,1546,0
3,1547,3.79576e-06
3,1548,0
3,1549,0
3,1550,0
3,1551,0
3,1552,0
3,1553,1.45178e-05
3,1554,0
3,1555,0
3,1556,0
3,1557,0
3,1558,0
3,1559,0
3,1560,2.49757e-05
3,1561,0
3,1562,0
3,1563,0
3,1564,0
3,1565,0
3,1566,2.41735e-05
3,1567,0
3,1568,0
3,1569,0
3,1570,0
3,1571,0
3,1572,0
3,1573,1.1984e-05
3,1574,1.67287e-06
3,1575,0
3,1576,0
3,1577,0
3,1578,0
3,1579,1.87831e-06
3,1580,0
3,1581,6.48605e-06
3,1582,0
3,1583,0
3,1584,0
3,1585,0
3,1586,0
3,1587,1.36471e-05
3,1588,0
3,1589,0
3,1590,0
3,1591,0
3,1592,0
3,1593,0
3,1594,1.53102e-05
3,1595,0
3,1596,0
3,1597,0
3,1598,0
3,1599,0
3,1600,1.23558e-05
3,1601,0
3,1602,0
3,1603,0
3,1604,0
3,1605,0
3,1606,0
3,1607,0
3,1608,5.21427e-06
3,1609,0
3,1610,0
3,1611,0
3,1612,0
3,1613,0
3,1614,0
3,1615,4.2849e-06
3,1616,0
3,1617,0
3,1618,0
3,1619,0
3,1620,0
3,1621,1.20916e-05
3,1622,0
3,1623,0
3,1624,0
3,1625,0
3,1626,0
3,1627,0
3,1628,2.73921e-07
3,1629,0
3,1630,0
3,1631,0
3,1632,0
3,1633,0
3,1634,0
3,1635,0
3,1636,0
3,1637,0
3,1638,0
3,1639,0
3,1640,0
3,1641,0
3,1642,5.26319e-06
3,1643,0
3,1644,0
3,1645,0
3,1646,0
3,1647,0
3,1648,0
3,1649,0
3,1650,0
3,1651,0
3,1652,0
3,1653,0
3,1654,0
3,1655,5.18492e-06
3,1656,0
3,1657,0
3,1658,0
3,1659,0
3,1660,0
3,1661,0
3,1662,0
3,1663,0
3,1664,0
3,1665,0
3,1666,0
3,1667,0
3,1668,0
3,1669,0
3,1670,0
3,1671,0
3,1672,0
3,1673,0
3,1674,0
3,1675,0
3,1676,2.46528e-06
3,1677,0
3,1678,0
3,1679,0
3,1680,0
3,1681,0
3,1682,0
3,1683,0
3,1684,0
3,1685,0
3,1686,0
3,1687,0
3,1688,0
3,1689,0
3,1690,0
3,1691,0
3,1692,0
3,1693,0
3,1694,0
3,1695,0
3,1696,0
3,1697,0
3,1698,0
3,1699,0
3,1700,0
3,1701,0
3,1702,0
3,1703,0
3,1704,0
3,1705,0
3,1706,0
3,1707,0
3,1708,0
3,1709,0
3,1710,0
3,1711,0
3,1712,0
3,1713,0
3,1714,0
3,1715,0
3,1716,0
3,1717,0
3,1718,0
3,1719,0
3,1720,0
3,1721,0
3,1722,0
3,1723,0
3,1724,0
3,1725,0
3,1726,0
3,1727,0
3,1728,0
3,1729,0
3,1730,0
3,1731,0
3,1732,0
3,1733,0
3,1734,0
3,1735,0
3,1736,0
3,1737,0
3,1738,0
3,1739,0
3,1740,0
3,1741,0
3,1742,0
3,1743,0
3,1744,0
3,1745,0
3,1746,0
3,1747,0
3,1748,0
3,1749,0
3,1750,0
3,1751,0
3,1752,0
3,1753,0
3,1754,0
3,1755,0
3,1756,0
3,1757,0
3,1758,0
3,1759,0
3,1760,0
3,1761,0
3,1762,0
3,1763,0
3,1764,0
3,1765,0
3,1766,0
3,1767,0
3,1768,0
3,1769,0
3,1770,0
3,1771,0
3,1772,0
3,1773,0
3,1774,0
3,1775,0
3,1776,0
3,1777,0
3,1778,0
3,1779,0
3,1780,0
3,1781,0
3,1782,0
3,1783,0
3,1784,0
3,1785,0
3,1786,0
3,1787,0
3,1788,0
3,1789,0
3,1790,0
3,1791,0
3,1792,0
3,1793,0
3,1794,0
3,1795,0
3,1796,0
3,1797,0
3,1798,0
3,1799,0
3,1800,0
3,1801,0
3,1802,0
3,1803,0
3,1804,0
3,1805,9.58722e-07
3,1806,0
3,1807,0
3,1808,0
3,1809,0
3,1810,0
3,1811,0
3,1812,0
3,1813,0
3,1814,0
3,1815,0
3,1816,0
3,1817,0
3,1818,0
3,1819,0
3,1820,0
3,1821,0
3,1822,0
3,1823,0
3,1824,0
3,1825,0
3,1826,7.8263e-08
3,1827,0
3,1828,0
3,1829,0
3,1830,0
3,1831,0
3,1832,0
3,1833,0
3,1834,0
3,1835,0
3,1836,0
3,1837,0
3,1838,0
3,1839,1.76092e-07
3,1840,0
3,1841,0
3,1842,0
3,1843,0
3,1844,0
3,1845,0
3,1846,0
3,1847,0
3,1848,0
3,1849,0
3,1850,0
3,1851,0
3,1852,0
3,1853,0
3,1854,0
3,1855,0
3,1856,0
3,1857,0
3,1858,0
3,1859,0
3,1860,3.99141e-06
3,1861,0
3,1862,0
3,1863,0
3,1864,0
3,1865,0
3,1866,0
3,1867,0
3,1868,0
3,1869,0
3,1870,0
3,1871,0
3,1872,0
3,1873,0
3,1874,0
3,1875,0
3,1876,0
3,1877,0
3,1878,0
3,1879,0
3,1880,0
3,1881,2.41637e-06
3,1882,0
3,1883,0
3,1884,0
3,1885,0
3,1886,0
3,1887,0
3,1888,0
3,1889,0
3,1890,0
3,1891,0
3,1892,0
3,1893,0
3,1894,4.21642e-06
3,1895,0
3,1896,0
3,1897,0
3,1898,0
3,1899,0
3,1900,0
3,1901,0
3,1902,0
3,1903,0
3,1904,0
3,1905,0
3,1906,0
3,1907,0
3,1908,0
3,1909,0
3,1910,0
3,1911,0
3,1912,0
3,1913,0
3,1914,0
3,1915,4.04033e-06
3,1916,0
3,1917,0
3,1918,0
3,1919,0
3,1920,0
3,1921,0
3,1922,0
3,1923,0
3,1924,0
3,1925,0
3,1926,0
3,1927,0
3,1928,9.48939e-07
3,1929,0
3,1930,0
3,1931,0
3,1932,0
3,1933,0
3,1934,1.29134e-06
3,1935,0
3,1936,3.60988e-06
3,1937,0
3,1938,0
3,1939,0
3,1940,0
3,1941,0
3,1942,0
3,1943,0
3,1944,0
3,1945,0
3,1946,0
3,1947,0
3,1948,0
3,1949,6.54474e-06
3,1950,0
3,1951,0
3,1952,0
3,1953,0
3,1954,0
3,1955,9.43069e-06
3,1956,0
3,1957,0
3,1958,0
3,1959,0
3,1960,0
3,1961,0
3,1962,0
3,1963,0
3,1964,0
3,1965,0
3,1966,0
3,1967,0
3,1968,3.03269e-06
3,1969,0
3,1970,6.88714e-06
3,1971,0
3,1972,0
3,1973,0
3,1974,0
3,1975,0
3,1976,1.25123e-05
3,1977,0
3,1978,0
3,1979,0
3,1980,0
3,1981,0
3,1982,0
3,1983,3.63923e-06
3,1984,0
3,1985,0
3,1986,0
3,1987,0
3,1988,0
3,1989,1.39015e-05
3,1990,0
3,1991,4.40229e-06
3,1992,0
3,1993,0
3,1994,0
3,1995,0
3,1996,0
3,1997,1.08394e-05
3,1998,0
3,1999,0
3,2000,0
3,2001,0
3,2002,2.0544e-07
3,2003,0
3,2004,1.1397e-05
3,2005,0
3,2006,0
3,2007,0
3,2008,0
3,2009,0
3,2010,2.07984e-05
3,2011,0
3,2012,0
3,2013,0
3,2014,0
3,2015,0
3,2016,0
3,2017,1.73157e-06
3,2018,4.98927e-06
3,2019,0
3,2020,0
3,2021,0
3,2022,0
3,2023,1.52613e-05
3,2024,0
3,2025,1.19742e-05
3,2026,0
3,2027,0
3,2028,0
3,2029,0
3,2030,0
3,2031,2.25397e-05
3,2032,0
3,2033,0
3,2034,0
3,2035,0
3,2036,0
3,2037,0
3,2038,9.38178e-06
3,2039,0
3,2040,0
3,2041,0
3,2042,0
3,2043,0
3,2044,3.49836e-05
3,2045,0
3,2046,4.67621e-06
3,2047,0
3,2048,0
3,2049,0
3,2050,0
3,2051,0
3,2052,1.93897e-05
3,2053,0
3,2054,0
3,2055,0
3,2056,0
3,2057,1.14362e-05
3,2058,0
3,2059,1.51732e-05
3,2060,0
3,2061,0
3,2062,0
3,2063,0
3,2064,0
3,2065,4.32794e-05
3,2066,0
3,2067,0
3,2068,0
3,2069,0
3,2070,0
3,2071,0
3,2072,4.57839e-06
3,2073,1.05362e-05
3,2074,0
3,2075,0
3,2076,0
3,2077,0
3,2078,3.90239e-05
3,2079,0
3,2080,1.3246e-05
3,2081,0
3,2082,0
3,2083,0
3,2084,0
3,2085,0
3,2086,3.91119e-05
3,2087,0
3,2088,0
3,2089,0
3,2090,0
3,2091,5.96755e-06
3,2092,0
3,2093,1.20916e-05
3,2094,1.78048e-06
3,2095,0
3,2096,0
3,2097,0
3,2098,0
3,2099,5.34047e-05
3,2100,0
3,2101,4.11859e-06
3,2102,0
3,2103,0
3,2104,0
3,2105,0
3,2106,7.1415e-07
3,2107,2.20213e-05
3,2108,0
3,2109,0
3,2110,0
3,2111,0
3,2112,3.46314e-05
3,2113,0
3,2114,1.62787e-05
3,2115,0
3,2116,0
3,2117,0
3,2118,0
3,2119,0
3,2120,5.84918e-05
3,2121,0
3,2122,0
3,2123,0
3,2124,0
3,2125,1.95658e-07
3,2126,0
3,2127,8.19805e-06
3,2128,7.83608e-06
3,2129,0
3,2130,0
3,2131,0
3,2132,0
3,2133,5.40308e-05
3,2134,0
3,2135,1.26101e-05
3,2136,0
3,2137,0
3,2138,0
3,2139,0
3,2140,0
3,2141,4.86894e-05
3,2142,0
3,2143,0
3,2144,0
3,2145,0
3,2146,1.9644e-05
3,2147,0
3,2148,1.76581e-05
3,2149,2.93486e-07
3,2150,0
3,2151,0
3,2152,0
3,2153,0
3,2154,5.77679e-05
3,2155,0
3,2156,2.3968e-06
3,2157,0
3,2158,0
3,2159,0
3,2160,0
3,2161,5.44906e-06
3,2162,2.71279e-05
3,2163,0
3,2164,0
3,2165,0
3,2166,0
3,2167,4.79948e-05
3,2168,0
3,2169,1.77461e-05
3,2170,0
3,2171,0
3,2172,0
3,2173,0
3,2174,0
3,2175,5.78461e-05
3,2176,0
3,2177,0
3,2178,0
3,2179,0
3,2180,5.3121e-06
3,2181,0
3,2182,1.20036e-05
3,2183,1.03992e-05
3,2184,0
3,2185,0
3,2186,0
3,2187,0
3,2188,5.81788e-05
3,2189,0
3,2190,7.79695e-06
3,2191,0
3,2192,0
3,2193,0
3,2194,0
3,2195,4.40229e-07
3,2196,3.91902e-05
3,2197,0
3,2198,0
3,2199,0
3,2200,0
3,2201,3.39564e-05
3,2202,0
3,2203,1.44004e-05
3,2204,1.11525e-06
3,2205,0
3,2206,0
3,2207,0
3,2208,0
3,2209,6.25321e-05
3,2210,0
3,2211,0
3,2212,0
3,2213,0
3,2214,1.95658e-08
3,2215,0
3,2216,4.79361e-06
3,2217,2.22658e-05
3,2218,0
3,2219,0
3,2220,0
3,2221,0
3,2222,5.04307e-05
3,2223,0
3,2224,9.79266e-06
3,2225,0
3,2226,0
3,2227,0
3,2228,0
3,2229,0
3,2230,5.1771e-05
3,2231,0
3,2232,0
3,2233,0
4,0,0
4,1,0
4,2,6.84801e-08
4,3,0
4,4,0
4,5,0
4,6,0
4,7,4.23598e-06
4,8,0
4,9,0
4,10,6.94584e-07
4,11,0
4,12,3.02291e-06
4,13,0
4,14,0
4,15,0.00076326
4,16,0
4,17,0
4,18,8.14327e-05
4,19,0
4,20,1.02622e-05
4,21,0
4,22,0
4,23,0.000642979
4,24,0
4,25,0.000696394
4,26,0
4,27,0
4,28,0.000104775
4,29,0
4,30,0
4,31,5.48037e-05
4,32,0
4,33,0.00065195
4,34,0
4,35,0
4,36,0.000205577
4,37,0
4,38,0
4,39,3.2577e-05
4,40,0
4,41,0.000157387
4,42,0
4,43,0
4,44,0.000242958
4,45,0
4,46,0.00012978
4,47,0
4,48,0
4,49,9.94723e-05
4,50,0
4,51,0
4,52,0.000631083
4,53,0
4,54,0.000290463
4,55,0
4,56,0
4,57,0.00018024
4,58,0
4,59,6.40191e-05
4,60,0
4,61,0
4,62,0.000243281
4,63,0
4,64,0
4,65,0.000120721
4,66,0
4,67,0.000448105
4,68,0
4,69,0
4,70,0.000664697
4,71,0
4,72,0
4,73,0.000687022
4,74,0
4,75,3.13737e-05
4,76,0
4,77,0
4,78,0.000734361
4,79,0
4,80,0
4,81,0
4,82,0
4,83,3.15009e-06
4,84,0
4,85,0
4,86,0.00013788
4,87,0
4,88,4.60186e-05
4,89,0
4,90,0
4,91,0.000645826
4,92,0
4,93,0
4,94,5.73668e-05
4,95,0
4,96,0.000689546
4,97,0
4,98,0
4,99,0.000649788
4,100,0
4,101,0.000592656
4,102,0
4,103,0
4,104,0.0001374
4,105,0
4,106,0
4,107,0.000121425
4,108,0
4,109,0.000730908
4,110,0
4,111,0
4,112,0.000119879
4,113,0
4,114,0.000107299
4,115,0
4,116,0
4,117,0.000754465
4,118,0
4,119,0
4,120,1.39797e-05
4,121,0
4,122,0
4,123,0
4,124,0
4,125,7.15324e-05
4,126,0
4,127,0
4,128,0.000137498
4,129,0
4,130,0.000173147
4,131,0
4,132,0
4,133,7.52303e-05
4,134,0
4,135,0.000162004
4,136,0
4,137,0
4,138,0.000119371
4,139,0
4,140,0
4,141,0.000114528
4,142,0
4,143,7.02313e-05
4,144,0
4,145,0
4,146,7.78815e-05
4,147,0
4,148,0
4,149,0
4,150,0
4,151,0.000228733
4,152,0
4,153,0
4,154,8.66274e-05
4,155,0
4,156,0.000132939
4,157,0
4,158,0
4,159,7.85956e-05
4,160,0
4,161,0
4,162,0.000111515
4,163,0
4,164,0.000169762
4,165,0
4,166,0
4,167,8.41034e-05
4,168,0
4,169,7.5514e-05
4,170,0
4,171,0
4,172,0.000169547
4,173,0
4,174,0
4,175,1.98592e-06
4,176,0
4,177,0.000162278
4,178,0
4,179,0
4,180,8.17261e-05
4,181,0
4,182,0
4,183,1.487e-06
4,184,0
4,185,0.000162357
4,186,0
4,187,0
4,188,9.10492e-05
4,189,0
4,190,0.000160987
4,191,0
4,192,0
4,193,0
4,194,0
4,195,0
4,196,2.89182e-05
4,197,0
4,198,8.70969e-05
4,199,0
4,200,0
4,201,0
4,202,0
4,203,0
4,204,0
4,205,0
4,206,0.000103258
4,207,0
4,208,0
4,209,1.45765e-06
4,210,0
4,211,7.99848e-05
4,212,0
4,213,0
4,214,1.37449e-05
4,215,0
4,216,0
4,217,0
4,218,0
4,219,1.55939e-05
4,220,0
4,221,0
4,222,2.05832e-05
4,223,0
4,224,1.3246e-05
4,225,0
4,226,0
4,227,0
4,228,0
4,229,0
4,230,1.99571e-06
4,231,0
4,232,1.62885e-05
4,233,0
4,234,0
4,235,0
4,236,0
4,237,0
4,238,0
4,239,0
4,240,1.28156e-05
4,241,0
4,242,0
4,243,0
4,244,0
4,245,1.36275e-05
4,246,0
4,247,0
4,248,0
4,249,0
4,250,0
4,251,1.07612e-06
4,252,0
4,253,0
4,254,0
4,255,0
4,256,0
4,257,7.8263e-08
4,258,0
4,259,0
4,260,0
4,261,0
4,262,0
4,263,0
4,264,0
4,265,0
4,266,0
4,267,0
4,268,0
4,269,0
4,270,4.73491e-06
4,271,0
4,272,4.01098e-07
4,273,0
4,274,0
4,275,0
4,276,0
4,277,0
4,278,0
4,279,0
4,280,0
4,281,0
4,282,0
4,283,0
4,284,0
4,285,0
4,286,0
4,287,0
4,288,0
4,289,0
4,290,0
4,291,7.97304e-06
4,292,0
4,293,0
4,294,0
4,295,0
4,296,0
4,297,0
4,298,0
4,299,0
4,300,0
4,301,0
4,302,0
4,303,0
4,304,5.20449e-06
4,305,0
4,306,0
4,307,0
4,308,0
4,309,0
4,310,0
4,311,0
4,312,6.40778e-06
4,313,0
4,314,0
4,315,0
4,316,0
4,317,0
4,318,0
4,319,0
4,320,0
4,321,0
4,322,0
4,323,0
4,324,0
4,325,1.19645e-05
4,326,0
4,327,0
4,328,0
4,329,0
4,330,0
4,331,0
4,332,0
4,333,7.8263e-08
4,334,0
4,335,0
4,336,0
4,337,0
4,338,5.28275e-06
4,339,0
4,340,0
4,341,0
4,342,0
4,343,0
4,344,0
4,345,0
4,346,1.49971e-05
4,347,0
4,348,0
4,349,0
4,350,0
4,351,0
4,352,0
4,353,0
4,354,0
4,355,0
4,356,0
4,357,0
4,358,0
4,359,1.8607e-05
4,360,0
4,361,0
4,362,0
4,363,0
4,364,0
4,365,0
4,366,0
4,367,1.27471e-05
4,368,0
4,369,0
4,370,0
4,371,0
4,372,6.84801e-08
4,373,0
4,374,0
4,375,0
4,376,0
4,377,0
4,378,0
4,379,0
4,380,2.76758e-05
4,381,0
4,382,0
4,383,0
4,384,0
4,385,0
4,386,0
4,387,0
4,388,2.87617e-06
4,389,0
4,390,0
4,391,0
4,392,0
4,393,1.43221e-05
4,394,0
4,395,0
4,396,0
4,397,0
4,398,0
4,399,0
4,400,0
4,401,2.91041e-05
4,402,0
4,403,0
4,404,0
4,405,0
4,406,0
4,407,0
4,408,0
4,409,0
4,410,0
4,411,0
4,412,0
4,413,0
4,414,3.50031e-05
4,415,0
4,416,0
4,417,0
4,418,0
4,419,0
4,420,0
4,421,0
4,422,1.85777e-05
4,423,0
4,424,0
4,425,0
4,426,0
4,427,1.04579e-05
4,428,0
4,429,0
4,430,0
4,431,0
4,432,0
4,433,0
4,434,0
4,435,4.84448e-05
4,436,0
4,437,0
4,438,0
4,439,0
4,440,0
4,441,0
4,442,0
4,443,5.07731e-06
4,444,0
4,445,0
4,446,0
4,447,0
4,448,4.31425e-05
4,449,0
4,450,0
4,451,0
4,452,0
4,453,0
4,454,0
4,455,0
4,456,4.39349e-05
4,457,0
4,458,0
4,459,0
4,460,0
4,461,5.04796e-06
4,462,0
4,463,0
4,464,0
4,465,0
4,466,0
4,467,0
4,468,0
4,469,6.18571e-05
4,470,0
4,471,0
4,472,0
4,473,0
4,474,0
4,475,0
4,476,0
4,477,2.47605e-05
4,478,0
4,479,0
4,480,0
4,481,0
4,482,3.67151e-05
4,483,0
4,484,0
4,485,0
4,486,0
4,487,0
4,488,0
4,489,0
4,490,6.95758e-05
4,491,0
4,492,0
4,493,0
4,494,0
4,495,0
4,496,0
4,497,0
4,498,4.76426e-06
4,499,0
4,500,0
4,501,0
4,502,0
4,503,6.08397e-05
4,504,0
4,505,0
4,506,0
4,507,0
4,508,0
4,509,0
4,510,0
4,511,5.72396e-05
4,512,0
4,513,0
4,514,0
4,515,0
4,516,2.02995e-05
4,517,0
4,518,0
4,519,0
4,520,0
4,521,0
4,522,0
4,523,0
4,524,9.12547e-05
4,525,0
4,526,0
4,527,0
4,528,0
4,529,0
4,530,0
4,531,0
4,532,2.63257e-05
4,533,0
4,534,0
4,535,0
4,536,0
4,537,5.32188e-05
4,538,0
4,539,0
4,540,0
4,541,0
4,542,0
4,543,0
4,544,0
4,545,9.27025e-05
4,546,0
4,547,0
4,548,0
4,549,0
4,550,8.44262e-06
4,551,0
4,552,0
4,553,3.83489e-06
4,554,0
4,555,0
4,556,0
4,557,0
4,558,9.91592e-05
4,559,0
4,560,0
4,561,0
4,562,0
4,563,0
4,564,0
4,565,0
4,566,6.30995e-05
4,567,0
4,568,0
4,569,0
4,570,0
4,571,5.09688e-05
4,572,0
4,573,0
4,574,0
4,575,0
4,576,0
4,577,0
4,578,0
4,579,0.00012257
4,580,0
4,581,0
4,582,0
4,583,0
4,584,0
4,585,0
4,586,0
4,587,2.49855e-05
4,588,0
4,589,0
4,590,0
4,591,0
4,592,0.00010409
4,593,0
4,594,0
4,595,0
4,596,0
4,597,0
4,598,0
4,599,0
4,600,0.000106399
4,601,0
4,602,0
4,603,0
4,604,0
4,605,2.76562e-05
4,606,0
4,607,0
4,608,6.75018e-07
4,609,0
4,610,0
4,611,0
4,612,0
4,613,0.00014734
4,614,0
4,615,0
4,616,0
4,617,0
4,618,0
4,619,0
4,620,0
4,621,6.41561e-05
4,622,0
4,623,0
4,624,0
4,625,0
4,626,8.4798e-05
4,627,0
4,628,0
4,629,0
4,630,0
4,631,0
4,632,0
4,633,0
4,634,0.000152212
4,635,0
4,636,0
4,637,0
4,638,0
4,639,1.12992e-05
4,640,0
4,641,0
4,642,1.77168e-05
4,643,0
4,644,0
4,645,0
4,646,0
4,647,0.000153268
4,648,0
4,649,0
4,650,0
4,651,0
4,652,0
4,653,0
4,654,0
4,655,0.000115281
4,656,0
4,657,0
4,658,0
4,659,0
4,660,6.67583e-05
4,661,0
4,662,0
4,663,0
4,664,0
4,665,0
4,666,0
4,667,0
4,668,0.000191539
4,669,0
4,670,0
4,671,0
4,672,0
4,673,0
4,674,0
4,675,0
4,676,5.767e-05
4,677,0
4,678,0
4,679,0
4,680,0
4,681,0.000140531
4,682,0
4,683,0
4,684,0
4,685,0
4,686,0
4,687,0
4,688,0
4,689,0.000167092
4,690,0
4,691,0
4,692,0
4,693,0
4,694,3.99728e-05
4,695,0
4,696,0
4,697,1.24047e-05
4,698,0
4,699,0
4,700,0
4,701,0
4,702,0.000212416
4,703,0
4,704,0
4,705,0
4,706,0
4,707,0
4,708,0
4,709,0
4,710,0.000104442
4,711,0
4,712,0
4,713,0
4,714,0
4,715,0.000112669
4,716,0
4,717,0
4,718,0
4,719,0
4,720,0
4,721,0
4,722,0
4,723,0.000222032
4,724,0
4,725,0
4,726,0
4,727,0
4,728,1.05068e-05
4,729,0
4,730,0
4,731,4.17729e-05
4,732,0
4,733,0
4,734,0
4,735,0
4,736,0.000210498
4,737,0
4,738,0
4,739,0
4,740,0
4,741,0
4,742,0
4,743,0
4,744,0.00016804
4,745,0
4,746,0
4,747,0
4,748,0
4,749,7.63064e-05
4,750,0
4,751,0
4,752,3.37509e-06
4,753,0
4,754,0
4,755,0
4,756,0
4,757,0.000266182
4,758,0
4,759,0
4,760,0
4,761,0
4,762,0
4,763,0
4,764,0
4,765,8.88676e-05
4,766,0
4,767,0
4,768,0
4,769,0
4,770,0.000182069
4,771,0
4,772,0
4,773,0
4,774,0
4,775,0
4,776,0
4,777,0
4,778,0.000239915
4,779,0
4,780,0
4,781,0
4,782,0
4,783,4.4199e-05
4,784,0
4,785,0
4,786,2.24713e-05
4,787,0
4,788,0
4,789,0
4,790,0
4,791,0.00028206
4,792,0
4,793,0
4,794,0
4,795,0
4,796,0
4,797,0
4,798,0
4,799,0.000157524
4,800,0
4,801,0
4,802,0
4,803,0
4,804,0.00013472
4,805,0
4,806,0
4,807,0
4,808,0
4,809,0
4,810,0
4,811,0
4,812,0.000299053
4,813,0
4,814,0
4,815,0
4,816,0
4,817,9.46004e-06
4,818,0
4,819,0
4,820,6.93704e-05
4,821,0
4,822,0
4,823,0
4,824,0
4,825,0.000262494
4,826,0
4,827,0
4,828,0
4,829,0
4,830,0
4,831,0
4,832,0
4,833,0.000227471
4,834,0
4,835,0
4,836,0
4,837,0
4,838,8.5248e-05
4,839,0
4,840,0
4,841,1.09764e-05
4,842,0
4,843,0
4,844,0
4,845,0
4,846,0.000337304
4,847,0
4,848,0
4,849,0
4,850,0
4,851,0
4,852,0
4,853,0
4,854,0.000122775
4,855,0
4,856,0
4,857,0
4,858,0
4,859,0.000212866
4,860,0
4,861,0
4,862,0
4,863,0
4,864,0
4,865,0
4,866,0
4,867,0.000305774
4,868,0
4,869,0
4,870,0
4,871,0
4,872,3.65097e-05
4,873,0
4,874,0
4,875,3.87989e-05
4,876,0
4,877,0
4,878,0
4,879,0
4,880,0.000336091
4,881,0
4,882,0
4,883,0
4,884,0
4,885,0
4,886,0
4,887,0
4,888,0.000202388
4,889,0
4,890,0
4,891,0
4,892,0
4,893,0.000141617
4,894,0
4,895,0
4,896,0
4,897,0
4,898,0
4,899,0
4,900,0
4,901,0.000365752
4,902,0
4,903,0
4,904,0
4,905,0
4,906,3.31639e-06
4,907,0
4,908,0
4,909,8.51501e-05
4,910,0
4,911,0
4,912,0
4,913,0
4,914,0.000291911
4,915,0
4,916,0
4,917,0
4,918,0
4,919,0
4,920,0
4,921,0
4,922,0.000287215
4,923,0
4,924,0
4,925,0
4,926,0
4,927,8.53458e-05
4,928,0
4,929,0
4,930,1.46645e-05
4,931,0
4,932,0
4,933,0
4,934,0
4,935,0.000390288
4,936,0
4,937,0
4,938,0
4,939,0
4,940,0
4,941,0
4,942,0
4,943,0.000158023
4,944,0
4,945,0
4,946,0
4,947,0
4,948,0.000221083
4,949,0
4,950,0
4,951,0
4,952,0
4,953,0
4,954,0
4,955,0
4,956,0.000363042
4,957,0
4,958,0
4,959,0
4,960,0
4,961,2.53083e-05
4,962,0
4,963,0
4,964,5.26612e-05
4,965,0
4,966,0
4,967,0
4,968,0
4,969,0.000365977
4,970,0
4,971,0
4,972,0
4,973,0
4,974,0
4,975,0
4,976,0
4,977,0.00024151
4,978,0
4,979,0
4,980,0
4,981,0
4,982,0.000132519
4,983,0
4,984,0
4,985,2.01527e-06
4,986,0
4,987,0
4,988,0
4,989,0
4,990,0.000408034
4,991,0
4,992,0
4,993,0
4,994,0
4,995,0
4,996,0
4,997,0
4,998,0.000102525
4,999,0
4,1000,0
4,1001,0
4,1002,0
4,1003,0.000298368
4,1004,0
4,1005,0
4,1006,0
4,1007,0
4,1008,0
4,1009,0
4,1010,0
4,1011,0.000329429
4,1012,0
4,1013,0
4,1014,0
4,1015,0
4,1016,6.85682e-05
4,1017,0
4,1018,0
4,1019,1.80298e-05
4,1020,0
4,1021,0
4,1022,0
4,1023,0
4,1024,0.000409061
4,1025,0
4,1026,0
4,1027,0
4,1028,0
4,1029,0
4,1030,0
4,1031,0
4,1032,0.0001825
4,1033,0
4,1034,0
4,1035,0
4,1036,0
4,1037,0.000205509
4,1038,0
4,1039,0
4,1040,0
4,1041,0
4,1042,0
4,1043,0
4,1044,0
4,1045,0.000394494
4,1046,0
4,1047,0
4,1048,0
4,1049,0
4,1050,1.50167e-05
4,1051,0
4,1052,0
4,1053,5.57624e-05
4,1054,0
4,1055,0
4,1056,0
4,1057,0
4,1058,0.000359139
4,1059,0
4,1060,0
4,1061,0
4,1062,0
4,1063,0
4,1064,0
4,1065,0
4,1066,0.000271191
4,1067,0
4,1068,0
4,1069,0
4,1070,0
4,1071,0.000120427
4,1072,0
4,1073,0
4,1074,2.1718e-06
4,1075,0
4,1076,0
4,1077,0
4,1078,0
4,1079,0.000419333
4,1080,0
4,1081,0
4,1082,0
4,1083,0
4,1084,0
4,1085,0
4,1086,0
4,1087,0.000114156
4,1088,0
4,1089,0
4,1090,0
4,1091,0
4,1092,0.000273578
4,1093,0
4,1094,0
4,1095,0
4,1096,0
4,1097,0
4,1098,0
4,1099,0
4,1100,0.000348515
4,1101,0
4,1102,0
4,1103,0
4,1104,0
4,1105,4.54415e-05
4,1106,0
4,1107,0
4,1108,1.88223e-05
4,1109,0
4,1110,0
4,1111,0
4,1112,0
4,1113,0.000394827
4,1114,0
4,1115,0
4,1116,0
4,1117,0
4,1118,0
4,1119,0
4,1120,0
4,1121,0.000192918
4,1122,0
4,1123,0
4,1124,0
4,1125,0
4,1126,0.00016579
4,1127,0
4,1128,0
4,1129,0
4,1130,0
4,1131,0
4,1132,0
4,1133,0
4,1134,0.000394387
4,1135,0
4,1136,0
4,1137,0
4,1138,0
4,1139,2.68051e-06
4,1140,0
4,1141,0
4,1142,5.66918e-05
4,1143,0
4,1144,0
4,1145,0
4,1146,0
4,1147,0.000322708
4,1148,0
4,1149,0
4,1150,0
4,1151,0
4,1152,0
4,1153,0
4,1154,0
4,1155,0.000275789
4,1156,0
4,1157,0
4,1158,0
4,1159,0
4,1160,8.86915e-05
4,1161,0
4,1162,0
4,1163,4.89144e-07
4,1164,0
4,1165,0
4,1166,0
4,1167,0
4,1168,0.000394964
4,1169,0
4,1170,0
4,1171,0
4,1172,0
4,1173,0
4,1174,0
4,1175,0
4,1176,0.000115193
4,1177,0
4,1178,0
4,1179,0
4,1180,0
4,1181,0.00022619
4,1182,0
4,1183,0
4,1184,0
4,1185,0
4,1186,0
4,1187,0
4,1188,0
4,1189,0.000338703
4,1190,0
4,1191,0
4,1192,0
4,1193,0
4,1194,2.32637e-05
4,1195,0
4,1196,0
4,1197,1.62494e-05
4,1198,0
4,1199,0
4,1200,0
4,1201,0
4,1202,0.000344797
4,1203,0
4,1204,0
4,1205,0
4,1206,0
4,1207,0
4,1208,0
4,1209,0
4,1210,0.000189739
4,1211,0
4,1212,0
4,1213,0
4,1214,0
4,1215,0.000131814
4,1216,0
4,1217,0
4,1218,0
4,1219,0
4,1220,0
4,1221,0
4,1222,0
4,1223,0.00036133
4,1224,0
4,1225,0
4,1226,0
4,1227,0
4,1228,0
4,1229,0
4,1230,0
4,1231,4.71045e-05
4,1232,0
4,1233,0
4,1234,0
4,1235,0
4,1236,0.00026222
4,1237,0
4,1238,0
4,1239,0
4,1240,0
4,1241,0
4,1242,0
4,1243,0
4,1244,0.000258728
4,1245,0
4,1246,0
4,1247,0
4,1248,0
4,1249,5.70537e-05
4,1250,0
4,1251,0
4,1252,0
4,1253,0
4,1254,0
4,1255,0
4,1256,0
4,1257,0.000337812
4,1258,0
4,1259,0
4,1260,0
4,1261,0
4,1262,0
4,1263,0
4,1264,0
4,1265,0.000105293
4,1266,0
4,1267,0
4,1268,0
4,1269,0
4,1270,0.000160684
4,1271,0
4,1272,0
4,1273,0
4,1274,0
4,1275,0
4,1276,0
4,1277,0
4,1278,0.000298906
4,1279,0
4,1280,0
4,1281,0
4,1282,0
4,1283,8.55023e-06
4,1284,0
4,1285,0
4,1286,1.39308e-05
4,1287,0
4,1288,0
4,1289,0
4,1290,0
4,1291,0.000273696
4,1292,0
4,1293,0
4,1294,0
4,1295,0
4,1296,0
4,1297,0
4,1298,0
4,1299,0.000161682
4,1300,0
4,1301,0
4,1302,0
4,1303,0
4,1304,8.40153e-05
4,1305,0
4,1306,0
4,1307,0
4,1308,0
4,1309,0
4,1310,0
4,1311,0
4,1312,0.000298143
4,1313,0
4,1314,0
4,1315,0
4,1316,0
4,1317,0
4,1318,0
4,1319,0
4,1320,3.6226e-05
4,1321,0
4,1322,0
4,1323,0
4,1324,0
4,1325,0.00018789
4,1326,0
4,1327,0
4,1328,0
4,1329,0
4,1330,0
4,1331,0
4,1332,0
4,1333,0.000211897
4,1334,0
4,1335,0
4,1336,0
4,1337,0
4,1338,2.39387e-05
4,1339,0
4,1340,0
4,1341,0
4,1342,0
4,1343,0
4,1344,0
4,1345,0
4,1346,0.000257202
4,1347,0
4,1348,0
4,1349,0
4,1350,0
4,1351,0
4,1352,0
4,1353,0
4,1354,8.44164e-05
4,1355,0
4,1356,0
4,1357,0
4,1358,0
4,1359,0.000107895
4,1360,0
4,1361,0
4,1362,0
4,1363,0
4,1364,0
4,1365,0
4,1366,0
4,1367,0.000232637
4,1368,0
4,1369,0
4,1370,0
4,1371,0
4,1372,0
4,1373,0
4,1374,0
4,1375,5.0284e-06
4,1376,0
4,1377,0
4,1378,0
4,1379,0
4,1380,0.000188751
4,1381,0
4,1382,0
4,1383,0
4,1384,0
4,1385,0
4,1386,0
4,1387,0
4,1388,0.000129574
4,1389,0
4,1390,0
4,1391,0
4,1392,0
4,1393,4.50991e-05
4,1394,0
4,1395,0
4,1396,0
4,1397,0
4,1398,0
4,1399,0
4,1400,0
4,1401,0.000215125
4,1402,0
4,1403,0
4,1404,0
4,1405,0
4,1406,0
4,1407,0
4,1408,0
4,1409,2.42028e-05
4,1410,0
4,1411,0
4,1412,0
4,1413,0
4,1414,0.000115125
4,1415,0
4,1416,0
4,1417,0
4,1418,0
4,1419,0
4,1420,0
4,1421,0
4,1422,0.000151576
4,1423,0
4,1424,0
4,1425,0
4,1426,0
4,1427,8.21762e-06
4,1428,0
4,1429,0
4,1430,0
4,1431,0
4,1432,0
4,1433,0
4,1434,0
4,1435,0.000169165
4,1436,0
4,1437,0
4,1438,0
4,1439,0
4,1440,0
4,1441,0
4,1442,0
4,1443,4.59893e-05
4,1444,0
4,1445,0
4,1446,0
4,1447,0
4,1448,5.97049e-05
4,1449,0
4,1450,0
4,1451,0
4,1452,0
4,1453,0
4,1454,0
4,1455,0
4,1456,0.000151194
4,1457,0
4,1458,0
4,1459,0
4,1460,0
4,1461,0
4,1462,0
4,1463,0
4,1464,0
4,1465,0
4,1466,0
4,1467,0
4,1468,0
4,1469,0.000112337
4,1470,0
4,1471,0
4,1472,0
4,1473,0
4,1474,0
4,1475,0
4,1476,0
4,1477,7.7676e-05
4,1478,0
4,1479,0
4,1480,0
4,1481,0
4,1482,1.64548e-05
4,1483,0
4,1484,0
4,1485,0
4,1486,0
4,1487,0
4,1488,0
4,1489,0
4,1490,0.000127696
4,1491,0
4,1492,0
4,1493,0
4,1494,0
4,1495,0
4,1496,0
4,1497,0
4,1498,1.23166e-05
4,1499,0
4,1500,0
4,1501,0
4,1502,0
4,1503,6.20821e-05
4,1504,0
4,1505,0
4,1506,0
4,1507,0
4,1508,0
4,1509,0
4,1510,0
4,1511,9.05503e-05
4,1512,0
4,1513,0
4,1514,0
4,1515,0
4,1516,0
4,1517,0
4,1518,0
4,1519,0
4,1520,0
4,1521,0
4,1522,0
4,1523,0
4,1524,9.19688e-05
4,1525,0
4,1526,0
4,1527,0
4,1528,0
4,1529,0
4,1530,0
4,1531,0
4,1532,2.54453e-05
4,1533,0
4,1534,0
4,1535,0
4,1536,0
4,1537,2.21289e-05
4,1538,0
4,1539,0
4,1540,0
4,1541,0
4,1542,0
4,1543,0
4,1544,0
4,1545,8.37414e-05
4,1546,0
4,1547,0
4,1548,0
4,1549,0
4,1550,0
4,1551,0
4,1552,0
4,1553,0
4,1554,0
4,1555,0
4,1556,0
4,1557,0
4,1558,5.65939e-05
4,1559,0
4,1560,0
4,1561,0
4,1562,0
4,1563,0
4,1564,0
4,1565,0
4,1566,3.12759e-05
4,1567,0
4,1568,0
4,1569,0
4,1570,0
4,1571,1.7707e-06
4,1572,0
4,1573,0
4,1574,0
4,1575,0
4,1576,0
4,1577,0
4,1578,0
4,1579,6.46061e-05
4,1580,0
4,1581,0
4,1582,0
4,1583,0
4,1584,0
4,1585,0
4,1586,0
4,1587,0
4,1588,5.67407e-07
4,1589,0
4,1590,0
4,1591,0
4,1592,2.70496e-05
4,1593,0
4,1594,0
4,1595,0
4,1596,0
4,1597,0
4,1598,0
4,1599,0
4,1600,3.26455e-05
4,1601,0
4,1602,0
4,1603,0
4,1604,0
4,1605,0
4,1606,0
4,1607,0
4,1608,0
4,1609,0
4,1610,0
4,1611,0
4,1612,0
4,1613,4.06576e-05
4,1614,0
4,1615,0
4,1616,0
4,1617,0
4,1618,0
4,1619,0
4,1620,0
4,1621,4.63708e-06
4,1622,0
4,1623,0
4,1624,0
4,1625,0
4,1626,5.56646e-06
4,1627,0
4,1628,0
4,1629,0
4,1630,0
4,1631,0
4,1632,0
4,1633,0
4,1634,2.96812e-05
4,1635,0
4,1636,0
4,1637,0
4,1638,0
4,1639,0
4,1640,0
4,1641,0
4,1642,0
4,1643,2.13267e-06
4,1644,0
4,1645,0
4,1646,0
4,1647,2.44278e-05
4,1648,0
4,1649,0
4,1650,0
4,1651,0
4,1652,0
4,1653,0
4,1654,0
4,1655,1.08688e-05
4,1656,0
4,1657,0
4,1658,0
4,1659,0
4,1660,0
4,1661,0
4,1662,0
4,1663,0
4,1664,0
4,1665,0
4,1666,0
4,1667,0
4,1668,2.4917e-05
4,1669,0
4,1670,0
4,1671,0
4,1672,0
4,1673,0
4,1674,0
4,1675,0
4,1676,0
4,1677,2.08375e-06
4,1678,0
4,1679,0
4,1680,0
4,1681,5.63494e-06
4,1682,0
4,1683,0
4,1684,0
4,1685,0
4,1686,0
4,1687,0
4,1688,0
4,1689,1.40482e-05
4,1690,0
4,1691,0
4,1692,0
4,1693,0
4,1694,0
4,1695,0
4,1696,0
4,1697,0
4,1698,4.30447e-06
4,1699,0
4,1700,0
4,1701,0
4,1702,1.84603e-05
4,1703,0
4,1704,0
4,1705,0
4,1706,0
4,1707,0
4,1708,0
4,1709,0
4,1710,0
4,1711,9.78288e-09
4,1712,0
4,1713,0
4,1714,0
4,1715,0
4,1716,0
4,1717,0
4,1718,0
4,1719,0
4,1720,0
4,1721,0
4,1722,0
4,1723,1.21503e-05
4,1724,0
4,1725,0
4,1726,0
4,1727,0
4,1728,0
4,1729,0
4,1730,0
4,1731,0
4,1732,1.13579e-05
4,1733,0
4,1734,0
4,1735,0
4,1736,4.75448e-06
4,1737,0
4,1738,0
4,1739,0
4,1740,0
4,1741,0
4,1742,0
4,1743,0
4,1744,0
4,1745,0
4,1746,0
4,1747,0
4,1748,0
4,1749,0
4,1750,0
4,1751,0
4,1752,0
4,1753,7.44477e-06
4,1754,0
4,1755,0
4,1756,0
4,1757,1.03503e-05
4,1758,0
4,1759,0
4,1760,0
4,1761,0
4,1762,0
4,1763,0
4,1764,0
4,1765,0
4,1766,5.4295e-06
4,1767,0
4,1768,0
4,1769,0
4,1770,0
4,1771,0
4,1772,0
4,1773,0
4,1774,0
4,1775,0
4,1776,0
4,1777,0
4,1778,5.3708e-06
4,1779,0
4,1780,0
4,1781,0
4,1782,0
4,1783,0
4,1784,0
4,1785,0
4,1786,0
4,1787,1.65428e-05
4,1788,0
4,1789,0
4,1790,0
4,1791,4.9697e-06
4,1792,0
4,1793,0
4,1794,0
4,1795,0
4,1796,0
4,1797,0
4,1798,0
4,1799,6.55453e-07
4,1800,7.43499e-07
4,1801,0
4,1802,0
4,1803,0
4,1804,0
4,1805,0
4,1806,0
4,1807,0
4,1808,1.02427e-05
4,1809,0
4,1810,0
4,1811,0
4,1812,1.08296e-05
4,1813,0
4,1814,0
4,1815,0
4,1816,0
4,1817,0
4,1818,0
4,1819,0
4,1820,0
4,1821,1.84701e-05
4,1822,0
4,1823,0
4,1824,0
4,1825,0
4,1826,0
4,1827,0
4,1828,0
4,1829,0
4,1830,0
4,1831,0
4,1832,0
4,1833,8.59915e-06
4,1834,0
4,1835,0
4,1836,0
4,1837,0
4,1838,0
4,1839,0
4,1840,0
4,1841,0
4,1842,2.57681e-05
4,1843,0
4,1844,0
4,1845,0
4,1846,4.57839e-06
4,1847,0
4,1848,0
4,1849,0
4,1850,0
4,1851,0
4,1852,0
4,1853,0
4,1854,1.96636e-06
4,1855,1.14264e-05
4,1856,0
4,1857,0
4,1858,0
4,1859,0
4,1860,0
4,1861,0
4,1862,0
4,1863,1.4596e-05
4,1864,0
4,1865,0
4,1866,0
4,1867,1.07318e-05
4,1868,0
4,1869,0
4,1870,0
4,1871,0
4,1872,0
4,1873,0
4,1874,0
4,1875,0
4,1876,3.48075e-05
4,1877,0
4,1878,0
4,1879,0
4,1880,1.39895e-06
4,1881,0
4,1882,0
4,1883,0
4,1884,9.97853e-07
4,1885,0
4,1886,0
4,1887,0
4,1888,1.05851e-05
4,1889,4.49034e-06
4,1890,0
4,1891,0
4,1892,0
4,1893,0
4,1894,0
4,1895,0
4,1896,0
4,1897,3.63825e-05
4,1898,0
4,1899,0
4,1900,0
4,1901,1.18471e-05
4,1902,0
4,1903,0
4,1904,0
4,1905,0
4,1906,0
4,1907,0
4,1908,0
4,1909,3.96206e-06
4,1910,3.25281e-05
4,1911,0
4,1912,0
4,1913,0
4,1914,0
4,1915,0
4,1916,0
4,1917,0
4,1918,1.9331e-05
4,1919,0
4,1920,0
4,1921,0
4,1922,1.73157e-05
4,1923,0
4,1924,0
4,1925,0
4,1926,0
4,1927,0
4,1928,0
4,1929,0
4,1930,0
4,1931,5.2221e-05
4,1932,0
4,1933,0
4,1934,0
4,1935,6.12408e-06
4,1936,0
4,1937,0
4,1938,0
4,1939,4.32403e-06
4,1940,0
4,1941,0
4,1942,0
4,1943,1.25808e-05
4,1944,2.22463e-05
4,1945,0
4,1946,0
4,1947,0
4,1948,0
4,1949,0
4,1950,0
4,1951,0
4,1952,4.51773e-05
4,1953,0
4,1954,0
4,1955,0
4,1956,1.99277e-05
4,1957,0
4,1958,0
4,1959,0
4,1960,0
4,1961,0
4,1962,0
4,1963,0
4,1964,4.2849e-06
4,1965,5.84429e-05
4,1966,0
4,1967,0
4,1968,0
4,1969,0
4,1970,0
4,1971,0
4,1972,0
4,1973,2.42517e-05
4,1974,0
4,1975,0
4,1976,0
4,1977,2.2305e-05
4,1978,1.76581e-05
4,1979,0
4,1980,0
4,1981,0
4,1982,0
4,1983,0
4,1984,0
4,1985,0
4,1986,7.22857e-05
4,1987,0
4,1988,0
4,1989,0
4,1990,1.44884e-05
4,1991,0
4,1992,0
4,1993,0
4,1994,8.09044e-06
4,1995,0
4,1996,0
4,1997,0
4,1998,1.41363e-05
4,1999,5.68385e-05
4,2000,0
4,2001,0
4,2002,0
4,2003,0
4,2004,0
4,2005,0
4,2006,0
4,2007,5.70929e-05
4,2008,0
4,2009,0
4,2010,0
4,2011,3.10411e-05
4,2012,1.21797e-05
4,2013,0
4,2014,0
4,2015,0
4,2016,0
4,2017,0
4,2018,0
4,2019,4.08924e-06
4,2020,8.85937e-05
4,2021,0
4,2022,0
4,2023,0
4,2024,7.07302e-06
4,2025,0
4,2026,0
4,2027,0
4,2028,3.12661e-05
4,2029,0
4,2030,0
4,2031,0
4,2032,3.38487e-05
4,2033,4.54219e-05
4,2034,0
4,2035,0
4,2036,0
4,2037,0
4,2038,0
4,2039,0
4,2040,0
4,2041,8.89948e-05
4,2042,0
4,2043,0
4,2044,1.56917e-05
4,2045,2.91725e-05
4,2046,9.76331e-06
4,2047,0
4,2048,0
4,2049,1.22482e-05
4,2050,0
4,2051,0
4,2052,0
4,2053,1.98103e-05
4,2054,9.05601e-05
4,2055,0
4,2056,0
4,2057,0
4,2058,4.50012e-07
4,2059,0
4,2060,0
4,2061,0
4,2062,6.4567e-05
4,2063,0
4,2064,0
4,2065,0
4,2066,3.94446e-05
4,2067,3.75565e-05
4,2068,0
4,2069,0
4,2070,0
4,2071,0
4,2072,0
4,2073,0
4,2074,2.96421e-06
4,2075,0.000110899
4,2076,0
4,2077,0
4,2078,8.02e-05
4,2079,2.03092e-05
4,2080,7.28824e-06
4,2081,0
4,2082,0
4,2083,3.67738e-05
4,2084,0
4,2085,0
4,2086,0
4,2087,3.53847e-05
4,2088,8.49056e-05
4,2089,0
4,2090,0
4,2091,0
4,2092,0
4,2093,0
4,2094,0
4,2095,0
4,2096,9.0746e-05
4,2097,0
4,2098,0
4,2099,7.86934e-05
4,2100,3.87011e-05
4,2101,3.01997e-05
4,2102,0
4,2103,0
4,2104,1.26003e-05
4,2105,0
4,2106,0
4,2107,0
4,2108,1.53982e-05
4,2109,0.000115898
4,2110,0
4,2111,0
4,2112,9.66157e-05
4,2113,9.07851e-06
4,2114,2.94465e-06
4,2115,0
4,2116,0
4,2117,6.4655e-05
4,2118,0
4,2119,0
4,2120,0
4,2121,4.42088e-05
4,2122,7.56705e-05
4,2123,0
4,2124,0
4,2125,0
4,2126,0
4,2127,0
4,2128,0
4,2129,7.92413e-07
4,2130,0.000110468
4,2131,0
4,2132,0
4,2133,5.83744e-05
4,2134,2.88986e-05
4,2135,1.71592e-05
4,2136,0
4,2137,0
4,2138,3.38879e-05
4,2139,0
4,2140,0
4,2141,0
4,2142,3.15302e-05
4,2143,0.000107739
4,2144,0
4,2145,0
4,2146,4.2487e-05
4,2147,2.63159e-06
4,2148,0
4,2149,0
4,2150,0
4,2151,7.89967e-05
4,2152,0
4,2153,0
4,2154,7.48586e-05
4,2155,4.5598e-05
4,2156,5.0822e-05
4,2157,0
4,2158,0
4,2159,7.80673e-06
4,2160,0
4,2161,0
4,2162,0
4,2163,8.89263e-06
4,2164,0.000115027
4,2165,0
4,2166,0
4,2167,0.000699016
4,2168,1.92038e-05
4,2169,1.25123e-05
4,2170,0
4,2171,0
4,2172,5.47156e-05
4,2173,0
4,2174,0
4,2175,0
4,2176,4.38273e-05
4,2177,9.45221e-05
4,2178,0
4,2179,0
4,2180,0
4,2181,0
4,2182,0
4,2183,0
4,2184,0
4,2185,9.76527e-05
4,2186,0
4,2187,0
4,2188,0.000647352
4,2189,3.20976e-05
4,2190,3.2127e-05
4,2191,0
4,2192,0
4,2193,2.89377e-05
4,2194,0
4,2195,0
4,2196,0
4,2197,2.5954e-05
4,2198,0.000106536
4,2199,0
4,2200,0
4,2201,0
4,2202,7.43499e-06
4,2203,4.686e-06
4,2204,0
4,2205,0
4,2206,7.20509e-05
4,2207,0
4,2208,0
4,2209,4.72513e-05
4,2210,4.30447e-05
4,2211,7.15911e-05
4,2212,0
4,2213,0
4,2214,1.43319e-05
4,2215,0
4,2216,0
4,2217,0
4,2218,5.69363e-06
4,2219,0.000101791
4,2220,0
4,2221,0
4,2222,0.000354218
4,2223,2.58855e-05
4,2224,2.23637e-05
4,2225,0
4,2226,0
4,2227,4.65958e-05
4,2228,0
4,2229,0
4,2230,0.000774647
4,2231,3.44259e-05
4,2232,9.53733e-05
4,2233,0
5,0,0
5,1,0
5,2,0
5,3,0
5,4,2.87617e-06
5,5,3.45335e-06
5,6,0
5,7,0
5,8,0
5,9,7.45749e-05
5,10,7.98772e-05
5,11,0
5,12,7.68151e-05
5,13,0.000757224
5,14,0
5,15,0
5,16,0
5,17,9.6557e-06
5,18,1.48015e-05
5,19,0
5,20,0
5,21,0
5,22,5.98223e-05
5,23,6.10354e-05
5,24,0
5,25,6.75899e-05
5,26,0.00011131
5,27,0
5,28,0
5,29,0
5,30,0.000673032
5,31,0.00067945
5,32,0
5,33,0.00066865
5,34,0
5,35,0
5,36,0
5,37,0
5,38,1.79711e-05
5,39,7.55531e-05
5,40,0
5,41,0
5,42,0
5,43,0.000623335
5,44,0.000624128
5,45,0
5,46,0.000632091
5,47,3.7038e-05
5,48,0
5,49,0
5,50,0
5,51,4.71926e-05
5,52,5.14481e-05
5,53,0
5,54,3.02193e-05
5,55,0
5,56,1.16416e-06
5,57,0
5,58,0
5,59,3.55216e-05
5,60,0.000649514
5,61,0
5,62,0
5,63,0
5,64,0.000704553
5,65,0.000703868
5,66,0
5,67,0.000701422
5,68,2.33811e-06
5,69,0
5,70,0
5,71,0
5,72,4.50893e-05
5,73,2.92508e-05
5,74,0
5,75,0
5,76,0
5,77,0.00012166
5,78,0.000123607
5,79,0
5,80,0.000147086
5,81,0.00068754
5,82,0
5,83,0
5,84,0
5,85,8.96894e-05
5,86,0.000102583
5,87,0
5,88,6.63866e-05
5,89,0
5,90,0
5,91,0
5,92,0
5,93,6.47724e-05
5,94,0.000115262
5,95,0
5,96,0
5,97,0
5,98,0.000119097
5,99,0.000129017
5,100,0
5,101,0.000129858
5,102,4.82785e-05
5,103,0
5,104,0
5,105,0
5,106,5.00981e-05
5,107,4.99709e-05
5,108,0
5,109,0
5,110,0
5,111,0
5,112,0
5,113,0
5,114,5.97049e-05
5,115,9.76624e-05
5,116,0
5,117,0
5,118,0
5,119,0.000154344
5,120,0.00017301
5,121,0
5,122,0.000138203
5,123,0
5,124,0
5,125,0
5,126,0
5,127,7.59445e-05
5,128,4.05305e-05
5,129,0
5,130,0
5,131,0
5,132,9.90418e-05
5,133,9.9619e-05
5,134,0
5,135,0.000136393
5,136,0.000115516
5,137,0
5,138,0
5,139,0
5,140,5.06655e-05
5,141,5.96755e-05
5,142,0
5,143,0
5,144,0
5,145,0
5,146,0
5,147,0
5,148,7.47412e-05
5,149,0.000100813
5,150,0
5,151,0
5,152,0
5,153,0.000108815
5,154,0.000114812
5,155,0
5,156,0.000113315
5,157,0
5,158,0
5,159,0
5,160,0
5,161,8.44556e-05
5,162,5.83353e-05
5,163,0
5,164,0
5,165,0
5,166,0
5,167,0
5,168,0
5,169,5.18688e-05
5,170,9.07166e-05
5,171,0
5,172,0
5,173,0
5,174,3.47781e-05
5,175,4.29762e-05
5,176,0
5,177,0
5,178,0
5,179,0
5,180,0
5,181,0
5,182,9.49232e-05
5,183,2.48387e-05
5,184,0
5,185,0
5,186,0
5,187,2.93193e-05
5,188,2.60322e-05
5,189,0
5,190,5.32286e-05
5,191,0
5,192,0
5,193,0
5,194,0
5,195,7.14248e-05
5,196,6.2405e-05
5,197,0
5,198,0
5,199,0
5,200,0
5,201,0
5,202,0
5,203,8.07772e-05
5,204,2.46431e-05
5,205,0
5,206,0
5,207,0
5,208,2.31463e-05
5,209,2.55431e-05
5,210,0
5,211,5.18492e-06
5,212,0
5,213,0
5,214,0
5,215,0
5,216,9.59896e-05
5,217,4.16359e-05
5,218,0
5,219,0
5,220,0
5,221,0
5,222,0
5,223,0
5,224,5.19471e-05
5,225,0
5,226,0
5,227,0
5,228,0
5,229,5.49504e-05
5,230,5.75037e-05
5,231,0
5,232,0
5,233,0
5,234,0
5,235,0
5,236,0
5,237,9.66548e-05
5,238,9.79266e-06
5,239,0
5,240,0
5,241,0
5,242,1.487e-05
5,243,6.7404e-06
5,244,0
5,245,1.93897e-05
5,246,0
5,247,0
5,248,0
5,249,0
5,250,8.76937e-05
5,251,5.80907e-05
5,252,0
5,253,0
5,254,0
5,255,0
5,256,0
5,257,0
5,258,7.41738e-05
5,259,0
5,260,0
5,261,0
5,262,0
5,263,3.76249e-05
5,264,3.92098e-05
5,265,0
5,266,0
5,267,0
5,268,0
5,269,0
5,270,0
5,271,0.0001041
5,272,2.76073e-05
5,273,0
5,274,0
5,275,0
5,276,3.10117e-06
5,277,0
5,278,0
5,279,3.87304e-05
5,280,0
5,281,0
5,282,0
5,283,0
5,284,6.81279e-05
5,285,6.5242e-05
5,286,0
5,287,0
5,288,0
5,289,0
5,290,0
5,291,0
5,292,9.22623e-05
5,293,0
5,294,0
5,295,0
5,296,0
5,297,1.99375e-05
5,298,1.94581e-05
5,299,0
5,300,7.52303e-06
5,301,0
5,302,0
5,303,0
5,304,0
5,305,9.46787e-05
5,306,5.21427e-05
5,307,0
5,308,0
5,309,0
5,310,0
5,311,0
5,312,0
5,313,6.19647e-05
5,314,0
5,315,0
5,316,0
5,317,0
5,318,4.57936e-05
5,319,6.22582e-05
5,320,0
5,321,0
5,322,0
5,323,0
5,324,0
5,325,0
5,326,9.97071e-05
5,327,1.60146e-05
5,328,0
5,329,0
5,330,0
5,331,9.97853e-06
5,332,6.12408e-06
5,333,0
5,334,2.45061e-05
5,335,0
5,336,0
5,337,0
5,338,0
5,339,7.39781e-05
5,340,7.79793e-05
5,341,0
5,342,0
5,343,0
5,344,0
5,345,0
5,346,0
5,347,8.17555e-05
5,348,0
5,349,0
5,350,0
5,351,0
5,352,2.82823e-05
5,353,4.88361e-05
5,354,0
5,355,1.76092e-07
5,356,0
5,357,0
5,358,0
5,359,0
5,360,9.1284e-05
5,361,4.89535e-05
5,362,0
5,363,0
5,364,0
5,365,1.86853e-06
5,366,0
5,367,0
5,368,4.47567e-05
5,369,0
5,370,0
5,371,0
5,372,0
5,373,5.13797e-05
5,374,8.91513e-05
5,375,0
5,376,0
5,377,0
5,378,0
5,379,0
5,380,0
5,381,8.64415e-05
5,382,1.08101e-05
5,383,0
5,384,0
5,385,0
5,386,1.93114e-05
5,387,2.59344e-05
5,388,0
5,389,9.24482e-06
5,390,0
5,391,0
5,392,0
5,393,0
5,394,7.11215e-05
5,395,8.52578e-05
5,396,0
5,397,0
5,398,0
5,399,0
5,400,0
5,401,0
5,402,5.95875e-05
5,403,0
5,404,0
5,405,0
5,406,0
5,407,3.20487e-05
5,408,8.69991e-05
5,409,0
5,410,0
5,411,0
5,412,0
5,413,0
5,414,0
5,415,7.86348e-05
5,416,4.41892e-05
5,417,0
5,418,0
5,419,0
5,420,2.58268e-06
5,421,1.17981e-05
5,422,0
5,423,2.58072e-05
5,424,0
5,425,0
5,426,0
5,427,0
5,428,4.63904e-05
5,429,0.000120349
5,430,0
5,431,0
5,432,0
5,433,0
5,434,0
5,435,0
5,436,6.44398e-05
5,437,5.60559e-06
5,438,0
5,439,0
5,440,0
5,441,1.01546e-05
5,442,7.42716e-05
5,443,0
5,444,0
5,445,0
5,446,0
5,447,0
5,448,0
5,449,6.218e-05
5,450,9.51385e-05
5,451,0
5,452,0
5,453,0
5,454,0
5,455,0
5,456,0
5,457,3.69304e-05
5,458,0
5,459,0
5,460,0
5,461,0
5,462,2.10136e-05
5,463,0.00014056
5,464,0
5,465,0
5,466,0
5,467,0
5,468,0
5,469,0
5,470,6.16223e-05
5,471,3.7351e-05
5,472,0
5,473,0
5,474,0
5,475,4.63708e-06
5,476,4.52458e-05
5,477,0
5,478,7.06324e-06
5,479,0
5,480,0
5,481,0
5,482,0
5,483,3.93467e-05
5,484,0.000152544
5,485,0
5,486,0
5,487,0
5,488,0
5,489,0
5,490,0
5,491,4.69285e-05
5,492,0
5,493,0
5,494,0
5,495,0
5,496,1.00861e-05
5,497,0.000134515
5,498,0
5,499,0
5,500,0
5,501,0
5,502,0
5,503,0
5,504,5.00394e-05
5,505,0.000103033
5,506,0
5,507,0
5,508,0
5,509,0
5,510,2.23147e-05
5,511,0
5,512,1.98201e-05
5,513,0
5,514,0
5,515,0
5,516,0
5,517,1.74918e-05
5,518,0.000194581
5,519,0
5,520,0
5,521,0
5,522,0
5,523,0
5,524,0
5,525,4.45023e-05
5,526,3.34574e-05
5,527,0
5,528,0
5,529,0
5,530,4.01098e-06
5,531,0.000115301
5,532,0
5,533,0
5,534,0
5,535,0
5,536,0
5,537,0
5,538,2.62181e-05
5,539,0.000174712
5,540,0
5,541,0
5,542,0
5,543,0
5,544,1.87831e-06
5,545,0
5,546,2.49072e-05
5,547,0
5,548,0
5,549,0
5,550,0
5,551,4.10881e-06
5,552,0.000215742
5,553,0
5,554,0
5,555,0
5,556,0
5,557,0
5,558,0
5,559,2.82432e-05
5,560,0.000101938
5,561,0
5,562,0
5,563,0
5,564,0
5,565,7.58075e-05
5,566,0
5,567,4.21642e-06
5,568,0
5,569,0
5,570,0
5,571,0
5,572,1.05949e-05
5,573,0.000247135
5,574,0
5,575,0
5,576,0
5,577,0
5,578,0
5,579,0
5,580,1.80494e-05
5,581,2.46039e-05
5,582,0
5,583,0
5,584,0
5,585,0
5,586,0.000202163
5,587,0
5,588,0
5,589,0
5,590,0
5,591,0
5,592,0
5,593,1.60928e-05
5,594,0.000191999
5,595,0
5,596,0
5,597,0
5,598,0
5,599,3.52184e-05
5,600,0
5,601,7.25889e-06
5,602,0
5,603,0
5,604,0
5,605,0
5,606,0
5,607,0.000294582
5,608,0
5,609,0
5,610,0
5,611,0
5,612,0
5,613,0
5,614,1.48211e-05
5,615,9.18514e-05
5,616,0
5,617,0
5,618,0
5,619,0
5,620,0.00016264
5,621,0
5,622,0
5,623,0
5,624,0
5,625,0
5,626,0
5,627,5.0871e-06
5,628,0.000290561
5,629,0
5,630,0
5,631,0
5,632,0
5,633,6.87736e-06
5,634,0
5,635,8.84372e-06
5,636,1.57798e-05
5,637,0
5,638,0
5,639,0
5,640,0
5,641,0.000306351
5,642,0
5,643,0
5,644,0
5,645,0
5,646,0
5,647,0
5,648,7.93391e-06
5,649,0.000195892
5,650,0
5,651,0
5,652,0
5,653,0
5,654,0.000108649
5,655,0
5,656,2.93486e-07
5,657,0
5,658,0
5,659,0
5,660,0
5,661,0
5,662,0.000368404
5,663,0
5,664,0
5,665,0
5,666,0
5,667,0
5,668,0
5,669,5.41971e-06
5,670,7.68934e-05
5,671,0
5,672,0
5,673,0
5,674,0
5,675,0.000277765
5,676,0
5,677,0
5,678,0
5,679,0
5,680,0
5,681,0
5,682,0
5,683,0.000314578
5,684,0
5,685,0
5,686,0
5,687,0
5,688,4.97361e-05
5,689,0
5,690,0
5,691,2.60224e-06
5,692,0
5,693,0
5,694,0
5,695,0
5,696,0.000409599
5,697,0
5,698,0
5,699,0
5,700,0
5,701,0
5,702,0
5,703,0
5,704,0.000183781
5,705,0
5,706,0
5,707,0
5,708,0
5,709,0.000212709
5,710,0
5,711,0
5,712,0
5,713,0
5,714,0
5,715,0
5,716,0
5,717,0.000424391
5,718,0
5,719,0
5,720,0
5,721,0
5,722,1.05362e-05
5,723,0
5,724,0
5,725,5.0959e-05
5,726,0
5,727,0
5,728,0
5,729,0
5,730,0.000400912
5,731,0
5,732,0
5,733,0
5,734,0
5,735,0
5,736,0
5,737,0
5,738,0.000321182
5,739,0
5,740,0
5,741,0
5,742,0
5,743,0.00013652
5,744,0
5,745,0
5,746,0
5,747,0
5,748,0
5,749,0
5,750,0
5,751,0.000497753
5,752,0
5,753,0
5,754,0
5,755,0
5,756,0
5,757,0
5,758,0
5,759,0.000161359
5,760,0
5,761,0
5,762,0
5,763,0
5,764,0.000346529
5,765,0
5,766,0
5,767,0
5,768,0
5,769,0
5,770,0
5,771,0
5,772,0.000458396
5,773,0
5,774,0
5,775,0
5,776,0
5,777,5.64276e-05
5,778,0
5,779,0
5,780,3.42107e-05
5,781,0
5,782,0
5,783,0
5,784,0
5,785,0.000520263
5,786,0
5,787,0
5,788,0
5,789,0
5,790,0
5,791,0
5,792,0
5,793,0.000304707
5,794,0
5,795,0
5,796,0
5,797,0
5,798,0.000249923
5,799,0
5,800,0
5,801,0
5,802,0
5,803,0
5,804,0
5,805,0
5,806,0.000567328
5,807,0
5,808,0
5,809,0
5,810,0
5,811,1.20134e-05
5,812,0
5,813,0
5,814,0.000128312
5,815,0
5,816,0
5,817,0
5,818,0
5,819,0.000483753
5,820,0
5,821,0
5,822,0
5,823,0
5,824,0
5,825,0
5,826,0
5,827,0.000464109
5,828,0
5,829,0
5,830,0
5,831,0
5,832,0.000152994
5,833,0
5,834,0
5,835,1.1309e-05
5,836,0
5,837,0
5,838,0
5,839,0
5,840,0.000624226
5,841,0
5,842,0
5,843,0
5,844,0
5,845,0
5,846,0
5,847,0
5,848,0.000266476
5,849,0
5,850,0
5,851,0
5,852,0
5,853,0.000394974
5,854,0
5,855,0
5,856,0
5,857,0
5,858,0
5,859,0
5,860,0
5,861,0.000604895
5,862,0
5,863,0
5,864,0
5,865,0
5,866,5.85212e-05
5,867,0
5,868,0
5,869,8.11e-05
5,870,0
5,871,0
5,872,0
5,873,0
5,874,0.000614237
5,875,0
5,876,0
5,877,0
5,878,0
5,879,0
5,880,0
5,881,0
5,882,0.000441247
5,883,0
5,884,0
5,885,0
5,886,0
5,887,0.000274361
5,888,0
5,889,0
5,890,0
5,891,0
5,892,0
5,893,0
5,894,0
5,895,0.000696678
5,896,0
5,897,0
5,898,0
5,899,0
5,900,1.05068e-05
5,901,0
5,902,0
5,903,0.000214372
5,904,0
5,905,0
5,906,0
5,907,0
5,908,0.000542128
5,909,0
5,910,0
5,911,0
5,912,0
5,913,0
5,914,0
5,915,0
5,916,0.000608544
5,917,0
5,918,0
5,919,0
5,920,0
5,921,0.000151312
5,922,0
5,923,0
5,924,4.29762e-05
5,925,0
5,926,0
5,927,0
5,928,0
5,929,0.00072134
5,930,0
5,931,0
5,932,0
5,933,0
5,934,0
5,935,0
5,936,0
5,937,0.000393536
5,938,0
5,939,0
5,940,0
5,941,0
5,942,0.000416858
5,943,0
5,944,0
5,945,0
5,946,0
5,947,0
5,948,0
5,949,0
5,950,0.00073395
5,951,0
5,952,0
5,953,0
5,954,0
5,955,5.33656e-05
5,956,0
5,957,0
5,958,0.00016264
5,959,0
5,960,0
5,961,0
5,962,0
5,963,0.000673629
5,964,0
5,965,0
5,966,0
5,967,0
5,968,0
5,969,0
5,970,0
5,971,0.00057629
5,972,0
5,973,0
5,974,0
5,975,0
5,976,0.000268315
5,977,0
5,978,0
5,979,1.46939e-05
5,980,0
5,981,0
5,982,0
5,983,0
5,984,0.000797921
5,985,0
5,986,0
5,987,0
5,988,0
5,989,5.84038e-06
5,990,0
5,991,0
5,992,0.000317073
5,993,0
5,994,0
5,995,0
5,996,0
5,997,0.000560089
5,998,0
5,999,0
5,1000,0
5,1001,0
5,1002,0
5,1003,0
5,1004,0
5,1005,0.000733931
5,1006,0
5,1007,0
5,1008,0
5,1009,0
5,1010,0.000138281
5,1011,0
5,1012,0
5,1013,9.17536e-05
5,1014,0
5,1015,0
5,1016,0
5,1017,0
5,1018,0.000781437
5,1019,0
5,1020,0
5,1021,0
5,1022,0
5,1023,0
5,1024,0
5,1025,0
5,1026,0.00051048
5,1027,0
5,1028,0
5,1029,0
5,1030,0
5,1031,0.000409364
5,1032,0
5,1033,0
5,1034,0
5,1035,0
5,1036,0
5,1037,0
5,1038,0
5,1039,5.26123e-05
5,1040,0
5,1041,0
5,1042,0
5,1043,0
5,1044,4.09315e-05
5,1045,0
5,1046,0
5,1047,0.000233282
5,1048,0
5,1049,0
5,1050,0
5,1051,0
5,1052,0.000691591
5,1053,0
5,1054,0
5,1055,0
5,1056,0
5,1057,0
5,1058,0
5,1059,0
5,1060,0.00068983
5,1061,0
5,1062,0
5,1063,0
5,1064,0
5,1065,0.000241236
5,1066,0
5,1067,0
5,1068,4.25262e-05
5,1069,0
5,1070,0
5,1071,0
5,1072,0
5,1073,7.24128e-05
5,1074,0
5,1075,0
5,1076,0
5,1077,0
5,1078,0
5,1079,0
5,1080,0
5,1081,0.000421867
5,1082,0
5,1083,0
5,1084,0
5,1085,0
5,1086,0.000542284
5,1087,0
5,1088,0
5,1089,0
5,1090,0
5,1091,0
5,1092,0
5,1093,0
5,1094,0.000821321
5,1095,0
5,1096,0
5,1097,0
5,1098,0
5,1099,0.000109324
5,1100,0
5,1101,0
5,1102,0.000164029
5,1103,0
5,1104,0
5,1105,0
5,1106,0
5,1107,0.000792462
5,1108,0
5,1109,0
5,1110,0
5,1111,0
5,1112,0
5,1113,0
5,1114,0
5,1115,0.000608739
5,1116,0
5,1117,0
5,1118,0
5,1119,0
5,1120,0.000364344
5,1121,0
5,1122,0
5,1123,8.74589e-06
5,1124,0
5,1125,0
5,1126,0
5,1127,0
5,1128,0.00010185
5,1129,0
5,1130,0
5,1131,0
5,1132,0
5,1133,2.81355e-05
5,1134,0
5,1135,0
5,1136,0.000312113
5,1137,0
5,1138,0
5,1139,0
5,1140,0
5,1141,0.000662653
5,1142,0
5,1143,0
5,1144,0
5,1145,0
5,1146,0
5,1147,0
5,1148,0
5,1149,0.000767682
5,1150,0
5,1151,0
5,1152,0
5,1153,0
5,1154,0.000196998
5,1155,0
5,1156,0
5,1157,7.5651e-05
5,1158,0
5,1159,0
5,1160,0
5,1161,0
5,1162,7.73043e-05
5,1163,0
5,1164,0
5,1165,0
5,1166,0
5,1167,0
5,1168,0
5,1169,0
5,1170,0.000503779
5,1171,0
5,1172,0
5,1173,0
5,1174,0
5,1175,0.000485397
5,1176,0
5,1177,0
5,1178,0
5,1179,0
5,1180,0
5,1181,0
5,1182,0
5,1183,8.24109e-05
5,1184,0
5,1185,0
5,1186,0
5,1187,0
5,1188,6.84019e-05
5,1189,0
5,1190,0
5,1191,0.000212171
5,1192,0
5,1193,0
5,1194,0
5,1195,0
5,1196,0.000753594
5,1197,0
5,1198,0
5,1199,0
5,1200,0
5,1201,0
5,1202,0
5,1203,0
5,1204,0.000673032
5,1205,0
5,1206,0
5,1207,0
5,1208,0
5,1209,0.000294484
5,1210,0
5,1211,0
5,1212,3.32031e-05
5,1213,0
5,1214,0
5,1215,0
5,1216,0
5,1217,9.65178e-05
5,1218,0
5,1219,0
5,1220,0
5,1221,0
5,1222,1.10742e-05
5,1223,0
5,1224,0
5,1225,0.000377619
5,1226,0
5,1227,0
5,1228,0
5,1229,0
5,1230,0.00058936
5,1231,0
5,1232,0
5,1233,0
5,1234,0
5,1235,0
5,1236,0
5,1237,0
5,1238,0.000798204
5,1239,0
5,1240,0
5,1241,0
5,1242,0
5,1243,0.000142439
5,1244,0
5,1245,0
5,1246,0.000131218
5,1247,0
5,1248,0
5,1249,0
5,1250,0
5,1251,0.000807958
5,1252,0
5,1253,0
5,1254,0
5,1255,0
5,1256,0
5,1257,0
5,1258,0
5,1259,0.000549436
5,1260,0
5,1261,0
5,1262,0
5,1263,0
5,1264,0.000395805
5,1265,0
5,1266,0
5,1267,0
5,1268,0
5,1269,0
5,1270,0
5,1271,0
5,1272,7.13856e-05
5,1273,0
5,1274,0
5,1275,0
5,1276,0
5,1277,3.89261e-05
5,1278,0
5,1279,0
5,1280,0.000257749
5,1281,0
5,1282,0
5,1283,0
5,1284,0
5,1285,0.00066729
5,1286,0
5,1287,0
5,1288,0
5,1289,0
5,1290,0
5,1291,0
5,1292,0
5,1293,0.000693586
5,1294,0
5,1295,0
5,1296,0
5,1297,0
5,1298,0.000211026
5,1299,0
5,1300,0
5,1301,4.76622e-05
5,1302,0
5,1303,0
5,1304,0
5,1305,0
5,1306,0.000820451
5,1307,0
5,1308,0
5,1309,0
5,1310,0
5,1311,0
5,1312,0
5,1313,0
5,1314,0.00041949
5,1315,0
5,1316,0
5,1317,0
5,1318,0
5,1319,0.000483597
5,1320,0
5,1321,0
5,1322,0
5,1323,0
5,1324,0
5,1325,0
5,1326,0
5,1327,0.000777171
5,1328,0
5,1329,0
5,1330,0
5,1331,0
5,1332,7.47803e-05
5,1333,0
5,1334,0
5,1335,0.000158825
5,1336,0
5,1337,0
5,1338,0
5,1339,0
5,1340,0.000712839
5,1341,0
5,1342,0
5,1343,0
5,1344,0
5,1345,0
5,1346,0
5,1347,0
5,1348,0.000563014
5,1349,0
5,1350,0
5,1351,0
5,1352,0
5,1353,0.00028613
5,1354,0
5,1355,0
5,1356,1.45471e-05
5,1357,0
5,1358,0
5,1359,0
5,1360,0
5,1361,0.000785741
5,1362,0
5,1363,0
5,1364,0
5,1365,0
5,1366,1.17981e-05
5,1367,0
5,1368,0
5,1369,0.000282295
5,1370,0
5,1371,0
5,1372,0
5,1373,0
5,1374,0.000547684
5,1375,0
5,1376,0
5,1377,0
5,1378,0
5,1379,0
5,1380,0
5,1381,0
5,1382,0.00066866
5,1383,0
5,1384,0
5,1385,0
5,1386,0
5,1387,0.000131932
5,1388,0
5,1389,0
5,1390,7.84097e-05
5,1391,0
5,1392,0
5,1393,0
5,1394,0
5,1395,0.000715578
5,1396,0
5,1397,0
5,1398,0
5,1399,0
5,1400,0
5,1401,0
5,1402,0
5,1403,0.000421886
5,1404,0
5,1405,0
5,1406,0
5,1407,0
5,1408,0.000355197
5,1409,0
5,1410,0
5,1411,0
5,1412,0
5,1413,0
5,1414,0
5,1415,0
5,1416,0.000710344
5,1417,0
5,1418,0
5,1419,0
5,1420,0
5,1421,3.40444e-05
5,1422,0
5,1423,0
5,1424,0.000174888
5,1425,0
5,1426,0
5,1427,0
5,1428,0
5,1429,0.000581044
5,1430,0
5,1431,0
5,1432,0
5,1433,0
5,1434,0
5,1435,0
5,1436,0
5,1437,0.000534018
5,1438,0
5,1439,0
5,1440,0
5,1441,0
5,1442,0.000182216
5,1443,0
5,1444,0
5,1445,2.28626e-05
5,1446,0
5,1447,0
5,1448,0
5,1449,0
5,1450,0.000677533
5,1451,0
5,1452,0
5,1453,0
5,1454,0
5,1455,0
5,1456,0
5,1457,0
5,1458,0.000289769
5,1459,0
5,1460,0
5,1461,0
5,1462,0
5,1463,0.000405422
5,1464,0
5,1465,0
5,1466,0
5,1467,0
5,1468,0
5,1469,0
5,1470,0
5,1471,0.000599407
5,1472,0
5,1473,0
5,1474,0
5,1475,0
5,1476,5.56254e-05
5,1477,0
5,1478,0
5,1479,8.4886e-05
5,1480,0
5,1481,0
5,1482,0
5,1483,0
5,1484,0.000579068
5,1485,0
5,1486,0
5,1487,0
5,1488,0
5,1489,0
5,1490,0
5,1491,0
5,1492,0.000395473
5,1493,0
5,1494,0
5,1495,0
5,1496,0
5,1497,0.000228998
5,1498,0
5,1499,0
5,1500,0
5,1501,0
5,1502,0
5,1503,0
5,1504,0
5,1505,0.000605482
5,1506,0
5,1507,0
5,1508,0
5,1509,0
5,1510,2.30876e-06
5,1511,0
5,1512,0
5,1513,0.000173392
5,1514,0
5,1515,0
5,1516,0
5,1517,0
5,1518,0.00043252
5,1519,0
5,1520,0
5,1521,0
5,1522,0
5,1523,0
5,1524,0
5,1525,0
5,1526,0.00047445
5,1527,0
5,1528,0
5,1529,0
5,1530,0
5,1531,9.01688e-05
5,1532,0
5,1533,0
5,1534,2.90454e-05
5,1535,0
5,1536,0
5,1537,0
5,1538,0
5,1539,0.000543458
5,1540,0
5,1541,0
5,1542,0
5,1543,0
5,1544,0
5,1545,0
5,1546,0
5,1547,0.000262523
5,1548,0
5,1549,0
5,1550,0
5,1551,0
5,1552,0.000265458
5,1553,0
5,1554,0
5,1555,0
5,1556,0
5,1557,0
5,1558,0
5,1559,0
5,1560,0.000498995
5,1561,0
5,1562,0
5,1563,0
5,1564,0
5,1565,1.65722e-05
5,1566,0
5,1567,0
5,1568,8.33501e-05
5,1569,0
5,1570,0
5,1571,0
5,1572,0
5,1573,0.000427521
5,1574,0
5,1575,0
5,1576,0
5,1577,0
5,1578,0
5,1579,0
5,1580,0
5,1581,0.000339828
5,1582,0
5,1583,0
5,1584,0
5,1585,0
5,1586,0.000119811
5,1587,0
5,1588,0
5,1589,0
5,1590,0
5,1591,0
5,1592,0
5,1593,0
5,1594,0.000470517
5,1595,0
5,1596,0
5,1597,0
5,1598,0
5,1599,0
5,1600,0
5,1601,0
5,1602,0.000156076
5,1603,0
5,1604,0
5,1605,0
5,1606,0
5,1607,0.000282774
5,1608,0
5,1609,0
5,1610,0
5,1611,0
5,1612,0
5,1613,0
5,1614,0
5,1615,0.000381894
5,1616,0
5,1617,0
5,1618,0
5,1619,0
5,1620,3.03758e-05
5,1621,0
5,1622,0
5,1623,2.75877e-05
5,1624,0
5,1625,0
5,1626,0
5,1627,0
5,1628,0.000394612
5,1629,0
5,1630,0
5,1631,0
5,1632,0
5,1633,0
5,1634,0
5,1635,0
5,1636,0.000220301
5,1637,0
5,1638,0
5,1639,0
5,1640,0
5,1641,0.000148152
5,1642,0
5,1643,0
5,1644,0
5,1645,0
5,1646,0
5,1647,0
5,1648,0
5,1649,0.000383655
5,1650,0
5,1651,0
5,1652,0
5,1653,0
5,1654,0
5,1655,0
5,1656,0
5,1657,7.08574e-05
5,1658,0
5,1659,0
5,1660,0
5,1661,0
5,1662,0.000277834
5,1663,0
5,1664,0
5,1665,0
5,1666,0
5,1667,0
5,1668,0
5,1669,0
5,1670,0.000267503
5,1671,0
5,1672,0
5,1673,0
5,1674,0
5,1675,4.59599e-05
5,1676,0
5,1677,0
5,1678,0
5,1679,0
5,1680,0
5,1681,0
5,1682,0
5,1683,0.000338527
5,1684,0
5,1685,0
5,1686,0
5,1687,0
5,1688,0
5,1689,0
5,1690,0
5,1691,0.000122531
5,1692,0
5,1693,0
5,1694,0
5,1695,0
5,1696,0.000158659
5,1697,0
5,1698,0
5,1699,0
5,1700,0
5,1701,0
5,1702,0
5,1703,0
5,1704,0.000284359
5,1705,0
5,1706,0
5,1707,0
5,1708,0
5,1709,0
5,1710,0
5,1711,0
5,1712,2.01038e-05
5,1713,0
5,1714,0
5,1715,0
5,1716,0
5,1717,0.000251772
5,1718,0
5,1719,0
5,1720,0
5,1721,0
5,1722,0
5,1723,0
5,1724,0
5,1725,0.000165468
5,1726,0
5,1727,0
5,1728,0
5,1729,0
5,1730,5.65939e-05
5,1731,0
5,1732,0
5,1733,0
5,1734,0
5,1735,0
5,1736,0
5,1737,0
5,1738,0.000262641
5,1739,0
5,1740,0
5,1741,0
5,1742,0
5,1743,0
5,1744,0
5,1745,0
5,1746,5.29254e-05
5,1747,0
5,1748,0
5,1749,0
5,1750,0
5,1751,0.000155
5,1752,0
5,1753,0
5,1754,0
5,1755,0
5,1756,0
5,1757,0
5,1758,0
5,1759,0.000185924
5,1760,0
5,1761,0
5,1762,0
5,1763,0
5,1764,6.56431e-06
5,1765,0
5,1766,0
5,1767,0
5,1768,0
5,1769,0
5,1770,0
5,1771,0
5,1772,0.000210322
5,1773,0
5,1774,0
5,1775,0
5,1776,0
5,1777,0
5,1778,0
5,1779,0
5,1780,8.57176e-05
5,1781,0
5,1782,0
5,1783,0
5,1784,0
5,1785,6.72866e-05
5,1786,0
5,1787,0
5,1788,0
5,1789,0
5,1790,0
5,1791,0
5,1792,0
5,1793,0.000187352
5,1794,0
5,1795,0
5,1796,0
5,1797,0
5,1798,0
5,1799,0
5,1800,0
5,1801,1.30601e-05
5,1802,0
5,1803,0
5,1804,0
5,1805,0
5,1806,0.000136999
5,1807,0
5,1808,0
5,1809,0
5,1810,0
5,1811,0
5,1812,0
5,1813,0
5,1814,0.000106095
5,1815,0
5,1816,0
5,1817,0
5,1818,0
5,1819,1.3608e-05
5,1820,0
5,1821,0
5,1822,0
5,1823,0
5,1824,0
5,1825,0
5,1826,0
5,1827,0.000158982
5,1828,0
5,1829,0
5,1830,0
5,1831,0
5,1832,0
5,1833,0
5,1834,0
5,1835,2.74018e-05
5,1836,0
5,1837,0
5,1838,0
5,1839,0
5,1840,6.42833e-05
5,1841,0
5,1842,0
5,1843,0
5,1844,0
5,1845,0
5,1846,2.93486e-08
5,1847,0
5,1848,0.000115947
5,1849,0
5,1850,0
5,1851,0
5,1852,0
5,1853,0
5,1854,0
5,1855,0
5,1856,0
5,1857,0
5,1858,0
5,1859,0
5,1860,0
5,1861,0.00011084
5,1862,0
5,1863,0
5,1864,0
5,1865,0
5,1866,0
5,1867,6.4567e-07
5,1868,0
5,1869,5.23286e-05
5,1870,0
5,1871,0
5,1872,0
5,1873,0
5,1874,1.58091e-05
5,1875,0
5,1876,0
5,1877,0
5,1878,0
5,1879,0
5,1880,3.81532e-07
5,1881,0
5,1882,0.000105362
5,1883,0
5,1884,0
5,1885,0
5,1886,0
5,1887,0
5,1888,0
5,1889,0
5,1890,4.50012e-06
5,1891,0
5,1892,0
5,1893,0
5,1894,0
5,1895,5.63983e-05
5,1896,0
5,1897,0
5,1898,0
5,1899,0
5,1900,0
5,1901,2.63159e-06
5,1902,0
5,1903,5.81983e-05
5,1904,0
5,1905,0
5,1906,0
5,1907,0
5,1908,0
5,1909,0
5,1910,0
5,1911,0
5,1912,0
5,1913,0
5,1914,0
5,1915,0
5,1916,8.04446e-05
5,1917,0
5,1918,0
5,1919,0
5,1920,0
5,1921,0
5,1922,1.09568e-06
5,1923,0
5,1924,1.22188e-05
5,1925,0
5,1926,0
5,1927,0
5,1928,0
5,1929,1.667e-05
5,1930,0
5,1931,0
5,1932,0
5,1933,0
5,1934,0
5,1935,3.64901e-06
5,1936,0
5,1937,6.19843e-05
5,1938,0
5,1939,0
5,1940,0
5,1941,0
5,1942,0
5,1943,0
5,1944,0
5,1945,0
5,1946,0
5,1947,0
5,1948,0
5,1949,0
5,1950,4.56762e-05
5,1951,0
5,1952,0
5,1953,0
5,1954,0
5,1955,0
5,1956,6.29039e-06
5,1957,0
5,1958,2.02212e-05
5,1959,0
5,1960,0
5,1961,0
5,1962,0
5,1963,0
5,1964,0
5,1965,0
5,1966,0
5,1967,0
5,1968,0
5,1969,2.68051e-06
5,1970,0
5,1971,5.15655e-05
5,1972,0
5,1973,0
5,1974,0
5,1975,0
5,1976,0
5,1977,1.07612e-06
5,1978,0
5,1979,0
5,1980,0
5,1981,0
5,1982,0
5,1983,0
5,1984,1.48798e-05
5,1985,0
5,1986,0
5,1987,0
5,1988,0
5,1989,0
5,1990,8.01217e-06
5,1991,0
5,1992,2.5729e-05
5,1993,0
5,1994,0
5,1995,0
5,1996,0
5,1997,0
5,1998,0
5,1999,0
5,2000,0
5,2001,0
5,2002,0
5,2003,7.72847e-07
5,2004,0
5,2005,3.34672e-05
5,2006,0
5,2007,0
5,2008,0
5,2009,0
5,2010,0
5,2011,5.72298e-06
5,2012,0
5,2013,1.7707e-06
5,2014,0
5,2015,0
5,2016,0
5,2017,0
5,2018,0
5,2019,0
5,2020,0
5,2021,0
5,2022,0
5,2023,0
5,2024,7.0241e-06
5,2025,0
5,2026,2.89867e-05
5,2027,0
5,2028,0
5,2029,0
5,2030,0
5,2031,0
5,2032,2.34789e-07
5,2033,0
5,2034,0
5,2035,0
5,2036,0
5,2037,0
5,2038,0
5,2039,1.22971e-05
5,2040,0
5,2041,0
5,2042,0
5,2043,0
5,2044,0
5,2045,9.87092e-06
5,2046,0
5,2047,8.52088e-06
5,2048,0
5,2049,0
5,2050,0
5,2051,0
5,2052,0
5,2053,0
5,2054,0
5,2055,0
5,2056,0
5,2057,0
5,2058,2.48485e-06
5,2059,0
5,2060,2.11897e-05
5,2061,0
5,2062,0
5,2063,0
5,2064,0
5,2065,0
5,2066,3.21857e-06
5,2067,0
5,2068,0
5,2069,0
5,2070,0
5,2071,0
5,2072,0
5,2073,0
5,2074,0
5,2075,0
5,2076,0
5,2077,0
5,2078,0
5,2079,9.47961e-06
5,2080,0
5,2081,1.05264e-05
5,2082,0
5,2083,0
5,2084,0
5,2085,0
5,2086,0
5,2087,0
5,2088,0
5,2089,0
5,2090,0
5,2091,0
5,2092,1.17395e-06
5,2093,0
5,2094,1.22384e-05
5,2095,0
5,2096,0
5,2097,0
5,2098,0
5,2099,0
5,2100,8.94155e-06
5,2101,0
5,2102,0
5,2103,0
5,2104,0
5,2105,0
5,2106,0
5,2107,0
5,2108,0
5,2109,0
5,2110,0
5,2111,0
5,2112,0
5,2113,9.89049e-06
5,2114,0
5,2115,1.52515e-05
5,2116,0
5,2117,0
5,2118,0
5,2119,0
5,2120,0
5,2121,1.56526e-06
5,2122,0
5,2123,0
5,2124,0
5,2125,0
5,2126,0
5,2127,0
5,2128,2.34789e-06
5,2129,0
5,2130,0
5,2131,0
5,2132,0
5,2133,0
5,2134,1.12601e-05
5,2135,0
5,2136,3.78597e-06
5,2137,0
5,2138,0
5,2139,0
5,2140,0
5,2141,0
5,2142,0
5,2143,0
5,2144,0
5,2145,0
5,2146,0
5,2147,1.89788e-06
5,2148,0
5,2149,8.92198e-06
5,2150,0
5,2151,0
5,2152,0
5,2153,0
5,2154,0
5,2155,6.36865e-06
5,2156,0
5,2157,0
5,2158,0
5,2159,0
5,2160,0
5,2161,0
5,2162,0
5,2163,0
5,2164,0
5,2165,0
5,2166,0
5,2167,0
5,2168,7.44477e-06
5,2169,0
5,2170,7.30781e-06
5,2171,0
5,2172,0
5,2173,0
5,2174,0
5,2175,0
5,2176,0
5,2177,0
5,2178,0
5,2179,0
5,2180,0
5,2181,0
5,2182,0
5,2183,3.199e-06
5,2184,0
5,2185,0
5,2186,0
5,2187,0
5,2188,0
5,2189,6.49583e-06
5,2190,0
5,2191,5.28275e-07
5,2192,0
5,2193,0
5,2194,0
5,2195,0
5,2196,0
5,2197,0
5,2198,0
5,2199,0
5,2200,0
5,2201,0
5,2202,5.48819e-06
5,2203,0
5,2204,7.885e-06
5,2205,0
5,2206,0
5,2207,0
5,2208,0
5,2209,0
5,2210,1.21308e-06
5,2211,0
5,2212,0
5,2213,0
5,2214,0
5,2215,0
5,2216,0
5,2217,0
5,2218,0
5,2219,0
5,2220,0
5,2221,0
5,2222,0
5,2223,9.47961e-06
5,2224,0
5,2225,2.28919e-06
5,2226,0
5,2227,0
5,2228,0
5,2229,0
5,2230,0
5,2231,0
5,2232,0
5,2233,0
6,0,0
6,1,0
6,2,0
6,3,0
6,4,5.19471e-06
6,5,0
6,6,0
6,7,0
6,8,0
6,9,7.30585e-05
6,10,4.12837e-06
6,11,0
6,12,7.67075e-05
6,13,0
6,14,0
6,15,7.03976e-05
6,16,0
6,17,1.44395e-05
6,18,7.59445e-05
6,19,0
6,20,0
6,21,0
6,22,5.84527e-05
6,23,1.08786e-05
6,24,0
6,25,0.000171905
6,26,0
6,27,0
6,28,5.25634e-05
6,29,0
6,30,0.00055192
6,31,7.26378e-05
6,32,0
6,33,0.000670567
6,34,0
6,35,0
6,36,2.92117e-05
6,37,0
6,38,0.000159343
6,39,2.80084e-05
6,40,0
6,41,0
6,42,0
6,43,0.000621868
6,44,2.46528e-05
6,45,0
6,46,0.000661547
6,47,0
6,48,0
6,49,0.000623854
6,50,0
6,51,0.000319861
6,52,0.000641042
6,53,0
6,54,2.6042e-05
6,55,0
6,56,1.46743e-07
6,57,1.28156e-05
6,58,0
6,59,0.000257965
6,60,0
6,61,0
6,62,0
6,63,0
6,64,0.000765539
6,65,5.82179e-05
6,66,0
6,67,0.000694232
6,68,0
6,69,0
6,70,0.000686269
6,71,0
6,72,3.26063e-05
6,73,0.000698272
6,74,0
6,75,0
6,76,0
6,77,0.00011804
6,78,4.04913e-05
6,79,0
6,80,0.000134916
6,81,0
6,82,0
6,83,0.00011041
6,84,0
6,85,1.41069e-05
6,86,0.000175182
6,87,0
6,88,6.14756e-05
6,89,0
6,90,0
6,91,6.47626e-05
6,92,0
6,93,0.000691972
6,94,5.38254e-05
6,95,0
6,96,0
6,97,0
6,98,0.000109549
6,99,8.32425e-05
6,100,0
6,101,0.000167992
6,102,0
6,103,0
6,104,0.000104041
6,105,0
6,106,0.000734215
6,107,0.000154951
6,108,0
6,109,0
6,110,0
6,111,0
6,112,4.41599e-05
6,113,0
6,114,0.000762947
6,115,0
6,116,0
6,117,0
6,118,0
6,119,0.000245296
6,120,9.7095e-05
6,121,0
6,122,0.000130308
6,123,0
6,124,0
6,125,0.000126365
6,126,0
6,127,0.000181286
6,128,0.000140609
6,129,0
6,130,0
6,131,0
6,132,9.23797e-05
6,133,9.23797e-05
6,134,0
6,135,0.000226992
6,136,0
6,137,0
6,138,8.79578e-05
6,139,0
6,140,6.99671e-05
6,141,0.000181013
6,142,0
6,143,0
6,144,0
6,145,0
6,146,1.98201e-05
6,147,0
6,148,0.000237861
6,149,0
6,150,0
6,151,0
6,152,0
6,153,9.20666e-05
6,154,0.000121748
6,155,0
6,156,9.63418e-05
6,157,0
6,158,0
6,159,9.05307e-05
6,160,0
6,161,0.000172873
6,162,0.000143251
6,163,0
6,164,0
6,165,0
6,166,0
6,167,6.77953e-05
6,168,0
6,169,0.00017618
6,170,0
6,171,0
6,172,0
6,173,0
6,174,8.14229e-05
6,175,0.000111945
6,176,0
6,177,0
6,178,0
6,179,0
6,180,4.79361e-06
6,181,0
6,182,0.000170056
6,183,7.65999e-06
6,184,0
6,185,0
6,186,0
6,187,1.74526e-05
6,188,0.00011897
6,189,0
6,190,2.06125e-05
6,191,0
6,192,0
6,193,1.30406e-05
6,194,0
6,195,8.81241e-05
6,196,0.000101859
6,197,0
6,198,0
6,199,0
6,200,0
6,201,4.39349e-05
6,202,0
6,203,0.0001113
6,204,0
6,205,0
6,206,0
6,207,0
6,208,0
6,209,0.00013878
6,210,0
6,211,0
6,212,0
6,213,0
6,214,0
6,215,0
6,216,2.08669e-05
6,217,2.93095e-05
6,218,0
6,219,0
6,220,0
6,221,0
6,222,0.000100871
6,223,0
6,224,0
6,225,0
6,226,0
6,227,0
6,228,0
6,229,1.82842e-05
6,230,0.000116142
6,231,0
6,232,0
6,233,0
6,234,0
6,235,1.45863e-05
6,236,0
6,237,2.02114e-05
6,238,1.31091e-06
6,239,0
6,240,0
6,241,0
6,242,0
6,243,0.000142341
6,244,0
6,245,0
6,246,0
6,247,0
6,248,0
6,249,0
6,250,0
6,251,6.65236e-05
6,252,0
6,253,0
6,254,0
6,255,0
6,256,6.5555e-05
6,257,0
6,258,0
6,259,0
6,260,0
6,261,0
6,262,0
6,263,0
6,264,0.000142116
6,265,0
6,266,0
6,267,0
6,268,0
6,269,0
6,270,0
6,271,0
6,272,1.81375e-05
6,273,0
6,274,0
6,275,0
6,276,0
6,277,0.000124849
6,278,0
6,279,0
6,280,0
6,281,0
6,282,0
6,283,0
6,284,0
6,285,0.000105743
6,286,0
6,287,0
6,288,0
6,289,0
6,290,2.40267e-05
6,291,0
6,292,0
6,293,0
6,294,0
6,295,0
6,296,0
6,297,0
6,298,0.000153141
6,299,0
6,300,0
6,301,0
6,302,0
6,303,0
6,304,0
6,305,0
6,306,5.17123e-05
6,307,0
6,308,0
6,309,0
6,310,0
6,311,8.84763e-05
6,312,0
6,313,0
6,314,0
6,315,0
6,316,0
6,317,0
6,318,0
6,319,0.000139474
6,320,0
6,321,0
6,322,0
6,323,0
6,324,2.92508e-06
6,325,0
6,326,0
6,327,9.91984e-06
6,328,0
6,329,0
6,330,0
6,331,0
6,332,0.000142096
6,333,0
6,334,0
6,335,0
6,336,0
6,337,0
6,338,3.81532e-07
6,339,0
6,340,9.11666e-05
6,341,0
6,342,0
6,343,0
6,344,0
6,345,4.56273e-05
6,346,0
6,347,0
6,348,0
6,349,0
6,350,0
6,351,0
6,352,0
6,353,0.000154031
6,354,0
6,355,0
6,356,0
6,357,0
6,358,0
6,359,8.1687e-06
6,360,0
6,361,3.58738e-05
6,362,0
6,363,0
6,364,0
6,365,0
6,366,0.00010586
6,367,0
6,368,0
6,369,0
6,370,0
6,371,0
6,372,0
6,373,0
6,374,0.000123098
6,375,0
6,376,0
6,377,0
6,378,0
6,379,1.15829e-05
6,380,1.54276e-05
6,381,0
6,382,2.03484e-06
6,383,0
6,384,0
6,385,0
6,386,0
6,387,0.00014643
6,388,0
6,389,0
6,390,0
6,391,0
6,392,0
6,393,1.18275e-05
6,394,0
6,395,6.59757e-05
6,396,0
6,397,0
6,398,0
6,399,0
6,400,6.5105e-05
6,401,1.88516e-05
6,402,0
6,403,0
6,404,0
6,405,0
6,406,0
6,407,0
6,408,0.000142018
6,409,0
6,410,0
6,411,0
6,412,0
6,413,0
6,414,2.67757e-05
6,415,0
6,416,1.55743e-05
6,417,0
6,418,0
6,419,0
6,420,0
6,421,0.000118363
6,422,1.19351e-05
6,423,0
6,424,0
6,425,0
6,426,0
6,427,1.50558e-05
6,428,0
6,429,0.000100284
6,430,0
6,431,0
6,432,0
6,433,0
6,434,2.0319e-05
6,435,3.82413e-05
6,436,0
6,437,0
6,438,0
6,439,0
6,440,0
6,441,0
6,442,0.000141813
6,443,0
6,444,0
6,445,0
6,446,0
6,447,0
6,448,4.7848e-05
6,449,0
6,450,4.46099e-05
6,451,0
6,452,0
6,453,0
6,454,0
6,455,7.60227e-05
6,456,4.00804e-05
6,457,0
6,458,0
6,459,0
6,460,0
6,461,1.25123e-05
6,462,0
6,463,0.000123499
6,464,0
6,465,0
6,466,0
6,467,0
6,468,0
6,469,6.97323e-05
6,470,0
6,471,6.36865e-06
6,472,0
6,473,0
6,474,0
6,475,0
6,476,0.000118735
6,477,2.6267e-05
6,478,0
6,479,0
6,480,0
6,481,0
6,482,5.42363e-05
6,483,0
6,484,7.43205e-05
6,485,0
6,486,0
6,487,0
6,488,0
6,489,2.80573e-05
6,490,8.18044e-05
6,491,0
6,492,0
6,493,0
6,494,0
6,495,3.52184e-07
6,496,0
6,497,0.000125593
6,498,3.53162e-06
6,499,0
6,500,0
6,501,0
6,502,0
6,503,9.0609e-05
6,504,0
6,505,2.45844e-05
6,506,0
6,507,0
6,508,0
6,509,0
6,510,7.96228e-05
6,511,6.91258e-05
6,512,0
6,513,0
6,514,0
6,515,0
6,516,4.47567e-05
6,517,0
6,518,9.59211e-05
6,519,0
6,520,0
6,521,0
6,522,0
6,523,2.81747e-06
6,524,0.00013293
6,525,0
6,526,0
6,527,0
6,528,0
6,529,0
6,530,0
6,531,0.000110957
6,532,3.87206e-05
6,533,0
6,534,0
6,535,0
6,536,0
6,537,9.99321e-05
6,538,0
6,539,4.32403e-05
6,540,0
6,541,0
6,542,0
6,543,0
6,544,4.11468e-05
6,545,0.000140052
6,546,0
6,547,0
6,548,0
6,549,0
6,550,2.61594e-05
6,551,0
6,552,0.000105812
6,553,7.2002e-06
6,554,0
6,555,0
6,556,0
6,557,0
6,558,0.000164118
6,559,0
6,560,6.34909e-06
6,561,0
6,562,0
6,563,0
6,564,0
6,565,7.80771e-05
6,566,0.000103875
6,567,0
6,568,0
6,569,0
6,570,0
6,571,0.000104207
6,572,0
6,573,6.62985e-05
6,574,0
6,575,0
6,576,0
6,577,0
6,578,7.95348e-06
6,579,0.000203337
6,580,0
6,581,0
6,582,0
6,583,0
6,584,7.52303e-06
6,585,0
6,586,9.35145e-05
6,587,4.84741e-05
6,588,0
6,589,0
6,590,0
6,591,0
6,592,0.000191314
6,593,0
6,594,2.34887e-05
6,595,0
6,596,0
6,597,0
6,598,0
6,599,4.23207e-05
6,600,0.000191402
6,601,0
6,602,0
6,603,0
6,604,0
6,605,7.96228e-05
6,606,0
6,607,7.80869e-05
6,608,7.69912e-06
6,609,0
6,610,0
6,611,0
6,612,0
6,613,0.00026495
6,614,0
6,615,0
6,616,0
6,617,0
6,618,0
6,619,0
6,620,6.88225e-05
6,621,0.000130298
6,622,0
6,623,0
6,624,0
6,625,0
6,626,0.000185503
6,627,0
6,628,4.0012e-05
6,629,0
6,630,0
6,631,0
6,632,0
6,633,9.43069e-06
6,634,0.000284868
6,635,0
6,636,0
6,637,0
6,638,0
6,639,4.1724e-05
6,640,0
6,641,7.30487e-05
6,642,5.31993e-05
6,643,0
6,644,0
6,645,0
6,646,0
6,647,0.000302115
6,648,0
6,649,6.57409e-06
6,650,0
6,651,0
6,652,0
6,653,0
6,654,3.76836e-05
6,655,0.000239142
6,656,0
6,657,0
6,658,0
6,659,0
6,660,0.00015995
6,661,0
6,662,4.97264e-05
6,663,4.93057e-06
6,664,0
6,665,0
6,666,0
6,667,0
6,668,0.00037667
6,669,0
6,670,0
6,671,0
6,672,0
6,673,1.0184e-05
6,674,0
6,675,5.76407e-05
6,676,0.000146753
6,677,0
6,678,0
6,679,0
6,680,0
6,681,0.000303788
6,682,0
6,683,1.38428e-05
6,684,0
6,685,0
6,686,0
6,687,0
6,688,1.18666e-05
6,689,0.000358141
6,690,0
6,691,0
6,692,0
6,693,0
6,694,0.00011489
6,695,0
6,696,5.11547e-05
6,697,4.98927e-05
6,698,0
6,699,0
6,700,0
6,701,0
6,702,0.000436179
6,703,0
6,704,0
6,705,0
6,706,0
6,707,0
6,708,0
6,709,3.07769e-05
6,710,0.000266026
6,711,0
6,712,0
6,713,0
6,714,0
6,715,0.000271455
6,716,0
6,717,2.65801e-05
6,718,0
6,719,0
6,720,0
6,721,0
6,722,0
6,723,0.000479635
6,724,0
6,725,0
6,726,0
6,727,0
6,728,5.06949e-05
6,729,0
6,730,4.01685e-05
6,731,0.000144072
6,732,0
6,733,0
6,734,0
6,735,0
6,736,0.000451744
6,737,0
6,738,3.78597e-06
6,739,0
6,740,0
6,741,0
6,742,0
6,743,9.44047e-06
6,744,0.000414285
6,745,0
6,746,0
6,747,0
6,748,0
6,749,0.000204638
6,750,0
6,751,3.05715e-05
6,752,3.94054e-05
6,753,0
6,754,0
6,755,0
6,756,0
6,757,0.000572963
6,758,0
6,759,0
6,760,0
6,761,0
6,762,9.12742e-06
6,763,0
6,764,2.00745e-05
6,765,0.00027888
6,766,0
6,767,0
6,768,0
6,769,0
6,770,0.000416056
6,771,0
6,772,8.31544e-06
6,773,0
6,774,0
6,775,0
6,776,0
6,777,0
6,778,0.000568111
6,779,0
6,780,0
6,781,0
6,782,0
6,783,0.000133683
6,784,0
6,785,2.37039e-05
6,786,0.0001311
6,787,0
6,788,0
6,789,0
6,790,0
6,791,0.000612447
6,792,0
6,793,0
6,794,0
6,795,0
6,796,0
6,797,0
6,798,5.61537e-06
6,799,0.000448965
6,800,0
6,801,0
6,802,0
6,803,0
6,804,0.000338947
6,805,0
6,806,1.09666e-05
6,807,2.66975e-05
6,808,0
6,809,0
6,810,0
6,811,0
6,812,0.000690661
6,813,0
6,814,0
6,815,0
6,816,0
6,817,4.6498e-05
6,818,0
6,819,1.31188e-05
6,820,0.000273275
6,821,0
6,822,0
6,823,0
6,824,0
6,825,0.000586571
6,826,0
6,827,0
6,828,0
6,829,0
6,830,0
6,831,0
6,832,0
6,833,0.000617749
6,834,0
6,835,0
6,836,0
6,837,0
6,838,0.000232754
6,839,0
6,840,1.03601e-05
6,841,0.000106604
6,842,0
6,843,0
6,844,0
6,845,0
6,846,0.000762937
6,847,0
6,848,0
6,849,0
6,850,0
6,851,0
6,852,0
6,853,1.56526e-06
6,854,0.000444671
6,855,0
6,856,0
6,857,0
6,858,0
6,859,0.000501275
6,860,0
6,861,1.92723e-06
6,862,1.21699e-05
6,863,0
6,864,0
6,865,0
6,866,0
6,867,0.000776389
6,868,0
6,869,0
6,870,0
6,871,0
6,872,0.000129877
6,873,0
6,874,5.69363e-06
6,875,0.000239045
6,876,0
6,877,0
6,878,0
6,879,0
6,880,0.000759924
6,881,0
6,882,0
6,883,0
6,884,0
6,885,0
6,886,0
6,887,0
6,888,0.000639653
6,889,0
6,890,0
6,891,0
6,892,0
6,893,0.000371387
6,894,0
6,895,2.59246e-06
6,896,7.05345e-05
6,897,0
6,898,0
6,899,0
6,900,0
6,901,0.000105049
6,902,0
6,903,0
6,904,0
6,905,0
6,906,3.54727e-05
6,907,0
6,908,0
6,909,0.000418453
6,910,0
6,911,0
6,912,0
6,913,0
6,914,0.000677963
6,915,0
6,916,0
6,917,0
6,918,0
6,919,0
6,920,0
6,921,0
6,922,0.000823513
6,923,0
6,924,0
6,925,0
6,926,0
6,927,0.000233018
6,928,0
6,929,0
6,930,0.00019466
6,931,0
6,932,0
6,933,0
6,934,0
6,935,0.000137117
6,936,0
6,937,0
6,938,0
6,939,0
6,940,0
6,941,0
6,942,0
6,943,0.000622269
6,944,0
6,945,0
6,946,0
6,947,0
6,948,0.000539115
6,949,0
6,950,0
6,951,4.04033e-05
6,952,0
6,953,0
6,954,0
6,955,0
6,956,0.000185796
6,957,0
6,958,0
6,959,0
6,960,0
6,961,0.000104853
6,962,0
6,963,0
6,964,0.000369587
6,965,0
6,966,0
6,967,0
6,968,0
6,969,7.73825e-05
6,970,0
6,971,0
6,972,0
6,973,0
6,974,0
6,975,0
6,976,0
6,977,0.000823425
6,978,0
6,979,0
6,980,0
6,981,0
6,982,0.000362485
6,983,0
6,984,0
6,985,0.000143945
6,986,0
6,987,0
6,988,0
6,989,0
6,990,0.00025276
6,991,0
6,992,0
6,993,0
6,994,0
6,995,2.13462e-05
6,996,0
6,997,0
6,998,0.000570371
6,999,0
6,1000,0
6,1001,0
6,1002,0
6,1003,0.000716576
6,1004,0
6,1005,0
6,1006,1.64352e-05
6,1007,0
6,1008,0
6,1009,0
6,1010,0
6,1011,0.00021806
6,1012,0
6,1013,0
6,1014,0
6,1015,0
6,1016,0.00020322
6,1017,0
6,1018,0
6,1019,0.000297116
6,1020,0
6,1021,0
6,1022,0
6,1023,0
6,1024,0.000226474
6,1025,0
6,1026,0
6,1027,0
6,1028,0
6,1029,0
6,1030,0
6,1031,0
6,1032,0.000785301
6,1033,0
6,1034,0
6,1035,0
6,1036,0
6,1037,0.00052491
6,1038,0
6,1039,0
6,1040,8.19903e-05
6,1041,0
6,1042,0
6,1043,0
6,1044,0
6,1045,0.000323979
6,1046,0
6,1047,0
6,1048,0
6,1049,0
6,1050,5.9069e-05
6,1051,0
6,1052,0
6,1053,0.000493967
6,1054,0
6,1055,0
6,1056,0
6,1057,0
6,1058,0.000103562
6,1059,0
6,1060,0
6,1061,0
6,1062,0
6,1063,0
6,1064,0
6,1065,0
6,1066,0.000201351
6,1067,0
6,1068,0
6,1069,0
6,1070,0
6,1071,0.000322864
6,1072,0
6,1073,0
6,1074,0.000215468
6,1075,0
6,1076,0
6,1077,0
6,1078,0
6,1079,0.000335269
6,1080,0
6,1081,0
6,1082,0
6,1083,0
6,1084,0
6,1085,0
6,1086,0
6,1087,0.000708427
6,1088,0
6,1089,0
6,1090,0
6,1091,0
6,1092,0.00069025
6,1093,0
6,1094,0
6,1095,3.96989e-05
6,1096,0
6,1097,0
6,1098,0
6,1099,0
6,1100,0.000340777
6,1101,0
6,1102,0
6,1103,0
6,1104,0
6,1105,0.000160351
6,1106,0
6,1107,0
6,1108,0.000399621
6,1109,0
6,1110,0
6,1111,0
6,1112,0
6,1113,0.000243848
6,1114,0
6,1115,0
6,1116,0
6,1117,0
6,1118,0
6,1119,0
6,1120,0
6,1121,0.000135522
6,1122,0
6,1123,0
6,1124,0
6,1125,0
6,1126,0.000457682
6,1127,0
6,1128,0
6,1129,0.000142468
6,1130,0
6,1131,0
6,1132,0
6,1133,0
6,1134,0.000391931
6,1135,0
6,1136,0
6,1137,0
6,1138,0
6,1139,4.06283e-05
6,1140,0
6,1141,0
6,1142,0.000606626
6,1143,0
6,1144,0
6,1145,0
6,1146,0
6,1147,6.13973e-05
6,1148,0
6,1149,0
6,1150,1.01644e-05
6,1151,0
6,1152,0
6,1153,0
6,1154,0
6,1155,0.000302672
6,1156,0
6,1157,0
6,1158,0
6,1159,0
6,1160,0.000251254
6,1161,0
6,1162,0
6,1163,0.000294112
6,1164,0
6,1165,0
6,1166,0
6,1167,0
6,1168,0.00033839
6,1169,0
6,1170,0
6,1171,0
6,1172,0
6,1173,0
6,1174,0
6,1175,0
6,1176,0.000813123
6,1177,0
6,1178,0
6,1179,0
6,1180,0
6,1181,0.000608642
6,1182,0
6,1183,0
6,1184,6.64257e-05
6,1185,0
6,1186,0
6,1187,0
6,1188,0
6,1189,0.000393379
6,1190,0
6,1191,0
6,1192,0
6,1193,0
6,1194,7.83315e-05
6,1195,0
6,1196,0
6,1197,0.000483802
6,1198,0
6,1199,0
6,1200,0
6,1201,0
6,1202,0.000182157
6,1203,0
6,1204,0
6,1205,0
6,1206,0
6,1207,0
6,1208,0
6,1209,0
6,1210,0.00021807
6,1211,0
6,1212,0
6,1213,0
6,1214,0
6,1215,0.000368668
6,1216,0
6,1217,0
6,1218,0.000192087
6,1219,0
6,1220,0
6,1221,0
6,1222,0
6,1223,0.00038029
6,1224,0
6,1225,0
6,1226,0
6,1227,0
6,1228,6.26104e-06
6,1229,0
6,1230,0
6,1231,0.000681279
6,1232,0
6,1233,0
6,1234,0
6,1235,0
6,1236,0.000737619
6,1237,0
6,1238,0
6,1239,2.54942e-05
6,1240,0
6,1241,0
6,1242,0
6,1243,0
6,1244,0.000338781
6,1245,0
6,1246,0
6,1247,0
6,1248,0
6,1249,0.000183683
6,1250,0
6,1251,0
6,1252,0.000356283
6,1253,0
6,1254,0
6,1255,0
6,1256,0
6,1257,0.000261653
6,1258,0
6,1259,0
6,1260,0
6,1261,0
6,1262,0
6,1263,0
6,1264,0
6,1265,8.99927e-05
6,1266,0
6,1267,0
6,1268,0
6,1269,0
6,1270,0.000481151
6,1271,0
6,1272,0
6,1273,0.000103102
6,1274,0
6,1275,0
6,1276,0
6,1277,0
6,1278,0.000365889
6,1279,0
6,1280,0
6,1281,0
6,1282,0
6,1283,4.77209e-05
6,1284,0
6,1285,0
6,1286,0.000546217
6,1287,0
6,1288,0
6,1289,0
6,1290,0
6,1291,5.767e-05
6,1292,0
6,1293,0
6,1294,0
6,1295,0
6,1296,0
6,1297,0
6,1298,0
6,1299,0.000229135
6,1300,0
6,1301,0
6,1302,0
6,1303,0
6,1304,0.000256047
6,1305,0
6,1306,0
6,1307,0.000233018
6,1308,0
6,1309,0
6,1310,0
6,1311,0
6,1312,0.0002879
6,1313,0
6,1314,0
6,1315,0
6,1316,0
6,1317,0
6,1318,0
6,1319,0
6,1320,0.00071912
6,1321,0
6,1322,0
6,1323,0
6,1324,0
6,1325,0.000588802
6,1326,0
6,1327,0
6,1328,3.72728e-05
6,1329,0
6,1330,0
6,1331,0
6,1332,0
6,1333,0.000294347
6,1334,0
6,1335,0
6,1336,0
6,1337,0
6,1338,8.31936e-05
6,1339,0
6,1340,0
6,1341,0.00039606
6,1342,0
6,1343,0
6,1344,0
6,1345,0
6,1346,0.000116318
6,1347,0
6,1348,0
6,1349,0
6,1350,0
6,1351,0
6,1352,0
6,1353,0
6,1354,8.92785e-05
6,1355,0
6,1356,0
6,1357,0
6,1358,0
6,1359,0.000345629
6,1360,0
6,1361,0
6,1362,0.000128811
6,1363,0
6,1364,0
6,1365,0
6,1366,0
6,1367,0.000259647
6,1368,0
6,1369,0
6,1370,0
6,1371,0
6,1372,6.31974e-06
6,1373,0
6,1374,0
6,1375,0.000562173
6,1376,0
6,1377,0
6,1378,0
6,1379,0
6,1380,0.000664394
6,1381,0
6,1382,0
6,1383,3.46314e-06
6,1384,0
6,1385,0
6,1386,0
6,1387,0
6,1388,0.000176669
6,1389,0
6,1390,0
6,1391,0
6,1392,0
6,1393,0.000161232
6,1394,0
6,1395,0
6,1396,0.000260009
6,1397,0
6,1398,0
6,1399,0
6,1400,0
6,1401,0.000127852
6,1402,0
6,1403,0
6,1404,0
6,1405,0
6,1406,0
6,1407,0
6,1408,0
6,1409,0.000704612
6,1410,0
6,1411,0
6,1412,0
6,1413,0
6,1414,0.000419617
6,1415,0
6,1416,0
6,1417,4.88361e-05
6,1418,0
6,1419,0
6,1420,0
6,1421,0
6,1422,0.000178195
6,1423,0
6,1424,0
6,1425,0
6,1426,0
6,1427,4.16066e-05
6,1428,0
6,1429,0
6,1430,0.000409286
6,1431,0
6,1432,0
6,1433,0
6,1434,0
6,1435,0.000705786
6,1436,0
6,1437,0
6,1438,0
6,1439,0
6,1440,0
6,1441,0
6,1442,0
6,1443,0.000801315
6,1444,0
6,1445,0
6,1446,0
6,1447,0
6,1448,0.00021584
6,1449,0
6,1450,0
6,1451,0.000144063
6,1452,0
6,1453,0
6,1454,0
6,1455,0
6,1456,8.76448e-05
6,1457,0
6,1458,0
6,1459,0
6,1460,0
6,1461,0
6,1462,0
6,1463,0
6,1464,0.000541453
6,1465,0
6,1466,0
6,1467,0
6,1468,0
6,1469,0.000475712
6,1470,0
6,1471,0
6,1472,8.72632e-06
6,1473,0
6,1474,0
6,1475,0
6,1476,0
6,1477,5.41776e-05
6,1478,3.28705e-06
6,1479,0
6,1480,0
6,1481,0
6,1482,6.45768e-05
6,1483,0
6,1484,0
6,1485,0.000262308
6,1486,0
6,1487,0
6,1488,0
6,1489,0
6,1490,0.000703438
6,1491,0
6,1492,0
6,1493,0
6,1494,0
6,1495,0
6,1496,0
6,1497,0
6,1498,0.000644564
6,1499,2.30876e-06
6,1500,0
6,1501,0
6,1502,0
6,1503,0.000263952
6,1504,0
6,1505,0
6,1506,5.48232e-05
6,1507,0
6,1508,0
6,1509,0
6,1510,0
6,1511,0.0007858
6,1512,3.93272e-06
6,1513,0
6,1514,0
6,1515,0
6,1516,1.10546e-06
6,1517,0
6,1518,0
6,1519,0.00038975
6,1520,0
6,1521,0
6,1522,0
6,1523,0
6,1524,0.000500472
6,1525,0
6,1526,0
6,1527,0
6,1528,0
6,1529,0
6,1530,0
6,1531,0
6,1532,0.000690876
6,1533,1.21895e-05
6,1534,0
6,1535,0
6,1536,0
6,1537,0.000107181
6,1538,0
6,1539,0
6,1540,0.000144718
6,1541,0
6,1542,0
6,1543,0
6,1544,0
6,1545,0.000665118
6,1546,5.76211e-06
6,1547,0
6,1548,0
6,1549,0
6,1550,0
6,1551,0
6,1552,0
6,1553,0.000484575
6,1554,3.60988e-06
6,1555,0
6,1556,0
6,1557,0
6,1558,0.000298886
6,1559,0
6,1560,0
6,1561,1.18373e-05
6,1562,0
6,1563,0
6,1564,0
6,1565,0
6,1566,0.00067403
6,1567,1.9419e-05
6,1568,0
6,1569,0
6,1570,0
6,1571,2.17962e-05
6,1572,0
6,1573,0
6,1574,0.00024511
6,1575,0
6,1576,0
6,1577,0
6,1578,0
6,1579,0.000495943
6,1580,8.58936e-06
6,1581,0
6,1582,0
6,1583,0
6,1584,0
6,1585,0
6,1586,0
6,1587,0.000543272
6,1588,2.53376e-05
6,1589,0
6,1590,0
6,1591,0
6,1592,0.000138076
6,1593,0
6,1594,0
6,1595,5.58407e-05
6,1596,0
6,1597,0
6,1598,0
6,1599,0
6,1600,0.000589673
6,1601,2.44572e-05
6,1602,0
6,1603,0
6,1604,0
6,1605,0
6,1606,0
6,1607,0
6,1608,0.000342909
6,1609,3.42401e-07
6,1610,0
6,1611,0
6,1612,0
6,1613,0.000310391
6,1614,1.18666e-05
6,1615,0
6,1616,0
6,1617,0
6,1618,0
6,1619,0
6,1620,0
6,1621,0.000546824
6,1622,4.53534e-05
6,1623,0
6,1624,0
6,1625,0
6,1626,3.52868e-05
6,1627,0
6,1628,0
6,1629,0.000132881
6,1630,0
6,1631,0
6,1632,0
6,1633,0
6,1634,0.000457418
6,1635,2.91921e-05
6,1636,0
6,1637,0
6,1638,0
6,1639,0
6,1640,0
6,1641,0
6,1642,0.00040102
6,1643,1.81766e-05
6,1644,0
6,1645,0
6,1646,0
6,1647,0.000159343
6,1648,1.34612e-05
6,1649,0
6,1650,1.15829e-05
6,1651,0
6,1652,0
6,1653,0
6,1654,0
6,1655,0.000497733
6,1656,6.15441e-05
6,1657,0
6,1658,0
6,1659,0
6,1660,0
6,1661,3.32618e-07
6,1662,0
6,1663,0.00020591
6,1664,0
6,1665,0
6,1666,0
6,1667,0
6,1668,0.000303455
6,1669,3.23715e-05
6,1670,0
6,1671,0
6,1672,0
6,1673,0
6,1674,0
6,1675,0
6,1676,0.000419861
6,1677,5.05872e-05
6,1678,0
6,1679,0
6,1680,0
6,1681,4.85426e-05
6,1682,1.40482e-05
6,1683,0
6,1684,4.51284e-05
6,1685,0
6,1686,0
6,1687,0
6,1688,0
6,1689,0.000401841
6,1690,7.05834e-05
6,1691,0
6,1692,0
6,1693,0
6,1694,0
6,1695,0
6,1696,0
6,1697,0.00026809
6,1698,1.51635e-05
6,1699,0
6,1700,0
6,1701,0
6,1702,0.000166759
6,1703,3.42498e-05
6,1704,0
6,1705,0
6,1706,0
6,1707,0
6,1708,0
6,1709,0
6,1710,0.000395394
6,1711,8.01217e-05
6,1712,0
6,1713,0
6,1714,0
6,1715,0
6,1716,1.50265e-05
6,1717,0
6,1718,0.000104442
6,1719,0
6,1720,0
6,1721,0
6,1722,0
6,1723,0.000277256
6,1724,7.50934e-05
6,1725,0
6,1726,0
6,1727,0
6,1728,0
6,1729,0
6,1730,0
6,1731,0.000299708
6,1732,5.23384e-05
6,1733,0
6,1734,0
6,1735,0
6,1736,5.63983e-05
6,1737,3.94739e-05
6,1738,0
6,1739,8.24696e-06
6,1740,0
6,1741,0
6,1742,0
6,1743,0
6,1744,0.000329702
6,1745,9.98636e-05
6,1746,0
6,1747,0
6,1748,0
6,1749,0
6,1750,1.38623e-05
6,1751,0
6,1752,0.000155763
6,1753,6.08495e-06
6,1754,0
6,1755,0
6,1756,0
6,1757,0.000157534
6,1758,8.32621e-05
6,1759,0
6,1760,0
6,1761,0
6,1762,0
6,1763,0
6,1764,0
6,1765,0.000294161
6,1766,8.43088e-05
6,1767,0
6,1768,0
6,1769,0
6,1770,4.46099e-06
6,1771,4.58034e-05
6,1772,0
6,1773,3.25574e-05
6,1774,0
6,1775,0
6,1776,0
6,1777,0
6,1778,0.000236119
6,1779,0.00011626
6,1780,0
6,1781,0
6,1782,0
6,1783,0
6,1784,1.17003e-05
6,1785,0
6,1786,0.000184857
6,1787,3.31737e-05
6,1788,0
6,1789,0
6,1790,0
6,1791,5.90788e-05
6,1792,8.7185e-05
6,1793,0
6,1794,0
6,1795,0
6,1796,0
6,1797,0
6,1798,0
6,1799,0.000247751
6,1800,0.000118128
6,1801,0
6,1802,0
6,1803,0
6,1804,0
6,1805,4.64393e-05
6,1806,0
6,1807,6.00669e-05
6,1808,0
6,1809,0
6,1810,0
6,1811,0
6,1812,0.000140286
6,1813,0.000123166
6,1814,0
6,1815,0
6,1816,0
6,1817,0
6,1818,8.34479e-06
6,1819,0
6,1820,0.00018699
6,1821,7.5876e-05
6,1822,0
6,1823,0
6,1824,0
6,1825,7.91435e-06
6,1826,8.73415e-05
6,1827,0
6,1828,0
6,1829,0
6,1830,0
6,1831,0
6,1832,0
6,1833,0.000185053
6,1834,0.000141226
6,1835,0
6,1836,0
6,1837,0
6,1838,0
6,1839,3.83587e-05
6,1840,0
6,1841,9.07264e-05
6,1842,1.8744e-05
6,1843,0
6,1844,0
6,1845,0
6,1846,5.41384e-05
6,1847,0.000127872
6,1848,0
6,1849,0
6,1850,0
6,1851,0
6,1852,7.64043e-06
6,1853,0
6,1854,0.000167453
6,1855,0.000117737
6,1856,0
6,1857,0
6,1858,0
6,1859,0
6,1860,8.50817e-05
6,1861,0
6,1862,1.54374e-05
6,1863,0
6,1864,0
6,1865,4.05989e-06
6,1866,0
6,1867,0.000109646
6,1868,0.000157543
6,1869,0
6,1870,0
6,1871,0
6,1872,0
6,1873,2.99454e-05
6,1874,0
6,1875,0.000100558
6,1876,5.99397e-05
6,1877,0
6,1878,3.44357e-06
6,1879,0
6,1880,8.43284e-06
6,1881,0.000132206
6,1882,0
6,1883,0
6,1884,0
6,1885,0
6,1886,1.15242e-05
6,1887,0
6,1888,0.000129555
6,1889,0.000149463
6,1890,0
6,1891,0
6,1892,0
6,1893,0
6,1894,7.89967e-05
6,1895,0
6,1896,2.76073e-05
6,1897,8.99046e-06
6,1898,0
6,1899,1.28449e-05
6,1900,0
6,1901,4.38566e-05
6,1902,0.000171836
6,1903,0
6,1904,0
6,1905,0
6,1906,0
6,1907,2.72844e-05
6,1908,0
6,1909,9.54222e-05
6,1910,9.85331e-05
6,1911,0
6,1912,2.50442e-06
6,1913,0
6,1914,0
6,1915,0.000130083
6,1916,0
6,1917,0
6,1918,0
6,1919,0
6,1920,1.94288e-05
6,1921,0
6,1922,7.11019e-05
6,1923,0.000177696
6,1924,0
6,1925,0
6,1926,0
6,1927,0
6,1928,7.12291e-05
6,1929,0
6,1930,3.4514e-05
6,1931,3.45238e-05
6,1932,0
6,1933,1.45374e-05
6,1934,0
6,1935,6.14365e-06
6,1936,0.000176933
6,1937,0
6,1938,0
6,1939,0
6,1940,0
6,1941,3.23911e-05
6,1942,0
6,1943,6.46257e-05
6,1944,0.000142194
6,1945,0
6,1946,0
6,1947,0
6,1948,0
6,1949,0.000124066
6,1950,0
6,1951,0
6,1952,0
6,1953,0
6,1954,2.81062e-05
6,1955,0
6,1956,3.09726e-05
6,1957,0.000195892
6,1958,0
6,1959,0
6,1960,0
6,1961,0
6,1962,6.78345e-05
6,1963,0
6,1964,3.28607e-05
6,1965,7.65803e-05
6,1966,0
6,1967,1.47819e-05
6,1968,0
6,1969,0
6,1970,0.000174967
6,1971,0
6,1972,0
6,1973,0
6,1974,0
6,1975,4.3162e-05
6,1976,0
6,1977,3.86815e-05
6,1978,0.000174624
6,1979,0
6,1980,0
6,1981,0
6,1982,0
6,1983,0.000113374
6,1984,0
6,1985,6.16321e-07
6,1986,1.72276e-05
6,1987,0
6,1988,3.81728e-05
6,1989,0
6,1990,7.92413e-07
6,1991,0.000206878
6,1992,0
6,1993,0
6,1994,0
6,1995,0
6,1996,6.8754e-05
6,1997,0
6,1998,2.62377e-05
6,1999,0.0001212
6,2000,0
6,2001,8.17848e-06
6,2002,0
6,2003,0
6,2004,0.000170007
6,2005,0
6,2006,0
6,2007,0
6,2008,0
6,2009,5.56352e-05
6,2010,0
6,2011,1.46547e-05
6,2012,0.000201087
6,2013,0
6,2014,0
6,2015,0
6,2016,0
6,2017,0.000106594
6,2018,0
6,2019,2.62181e-06
6,2020,5.35025e-05
6,2021,0
6,2022,4.06968e-05
6,2023,0
6,2024,0
6,2025,0.000212279
6,2026,0
6,2027,0
6,2028,0
6,2029,0
6,2030,7.4927e-05
6,2031,0
6,2032,1.41265e-05
6,2033,0.000158923
6,2034,0
6,2035,2.64138e-07
6,2036,0
6,2037,0
6,2038,0.000158306
6,2039,0
6,2040,0
6,2041,6.73062e-06
6,2042,0
6,2043,6.92823e-05
6,2044,0
6,2045,0
6,2046,0.000222609
6,2047,0
6,2048,0
6,2049,0
6,2050,0
6,2051,0.00010362
6,2052,0
6,2053,0
6,2054,8.96111e-05
6,2055,0
6,2056,2.8928e-05
6,2057,0
6,2058,0
6,2059,0.000202867
6,2060,0
6,2061,0
6,2062,0
6,2063,0
6,2064,8.75861e-05
6,2065,0
6,2066,0
6,2067,0.000191617
6,2068,0
6,2069,0
6,2070,0
6,2071,0
6,2072,0.000145442
6,2073,0
6,2074,0
6,2075,2.59931e-05
6,2076,0
6,2077,6.45768e-05
6,2078,0
6,2079,0
6,2080,0.000229242
6,2081,0
6,2082,0
6,2083,0
6,2084,0
6,2085,0.000110537
6,2086,0
6,2087,0
6,2088,0.00013112
6,2089,0
6,2090,1.02818e-05
6,2091,0
6,2092,0
6,2093,0.00018021
6,2094,0
6,2095,0
6,2096,0
6,2097,0
6,2098,8.63241e-05
6,2099,0
6,2100,0
6,2101,0.000210381
6,2102,0
6,2103,0
6,2104,0
6,2105,0
6,2106,0.000130983
6,2107,0
6,2108,0
6,2109,6.29332e-05
6,2110,0
6,2111,4.88655e-05
6,2112,0
6,2113,0
6,2114,0.000214333
6,2115,0
6,2116,0
6,2117,0
6,2118,0
6,2119,0.000107074
6,2120,0
6,2121,0
6,2122,0.000165673
6,2123,0
6,2124,0
6,2125,0
6,2126,0
6,2127,0.000157475
6,2128,0
6,2129,0
6,2130,1.1984e-05
6,2131,0
6,2132,8.04152e-05
6,2133,0
6,2134,0
6,2135,0.000213159
6,2136,0
6,2137,0
6,2138,0
6,2139,0
6,2140,0.000124389
6,2141,0
6,2142,0
6,2143,9.8582e-05
6,2144,0
6,2145,2.99062e-05
6,2146,0
6,2147,0
6,2148,0.000184808
6,2149,0
6,2150,0
6,2151,0
6,2152,0
6,2153,9.78288e-05
6,2154,0
6,2155,0
6,2156,0.000171905
6,2157,0
6,2158,0
6,2159,0
6,2160,0
6,2161,0.000140893
6,2162,0
6,2163,0
6,2164,3.0415e-05
6,2165,0
6,2166,7.10139e-05
6,2167,0
6,2168,0
6,2169,0.00020863
6,2170,0
6,2171,0
6,2172,0
6,2173,0
6,2174,0.00011985
6,2175,0
6,2176,0
6,2177,0.000126532
6,2178,0
6,2179,6.91649e-06
6,2180,0
6,2181,0
6,2182,0.000150421
6,2183,0
6,2184,0
6,2185,1.44787e-06
6,2186,0
6,2187,8.56393e-05
6,2188,0
6,2189,0
6,2190,0.000172501
6,2191,0
6,2192,0
6,2193,0
6,2194,0
6,2195,0.000118637
6,2196,0
6,2197,0
6,2198,5.94603e-05
6,2199,0
6,2200,4.61556e-05
6,2201,0
6,2202,0
6,2203,0.000176219
6,2204,0
6,2205,0
6,2206,0
6,2207,0
6,2208,0.000106702
6,2209,0
6,2210,0
6,2211,0.000133918
6,2212,0
6,2213,0
6,2214,0
6,2215,0
6,2216,0.00012659
6,2217,0
6,2218,0
6,2219,1.50656e-05
6,2220,0
6,2221,6.98595e-05
6,2222,0
6,2223,0
6,2224,0.000169146
6,2225,0
6,2226,0
6,2227,0
6,2228,0
6,2229,0.000109451
6,2230,0
6,2231,0
6,2232,8.38197e-05
6,2233,0
7,0,0
7,1,0
7,2,3.66858e-06
7,3,0
7,4,0
7,5,0
7,6,0
7,7,0
7,8,0
7,9,0
7,10,1.12014e-05
7,11,0
7,12,0
7,13,0
7,14,0
7,15,7.54064e-05
7,16,0
7,17,0
7,18,2.60224e-06
7,19,0
7,20,0
7,21,0
7,22,0
7,23,0.000781495
7,24,0
7,25,0
7,26,0
7,27,0
7,28,5.70929e-05
7,29,0
7,30,0
7,31,8.82415e-06
7,32,0
7,33,0
7,34,0
7,35,0
7,36,0.000230103
7,37,0
7,38,0
7,39,2.0544e-06
7,40,0
7,41,0
7,42,0
7,43,0
7,44,2.81942e-05
7,45,0
7,46,0
7,47,0
7,48,0
7,49,0.000676095
7,50,0
7,51,0
7,52,2.49268e-05
7,53,0
7,54,0
7,55,0
7,56,0
7,57,0.000119928
7,58,0
7,59,0
7,60,0
7,61,0
7,62,0
7,63,0
7,64,0
7,65,4.38664e-05
7,66,0
7,67,0
7,68,0
7,69,0
7,70,0.000566712
7,71,0
7,72,0
7,73,1.95266e-05
7,74,0
7,75,0
7,76,0
7,77,0
7,78,4.76817e-05
7,79,0
7,80,0
7,81,0
7,82,0
7,83,0.000115976
7,84,0
7,85,0
7,86,5.25927e-05
7,87,0
7,88,0
7,89,0
7,90,0
7,91,0.000718503
7,92,0
7,93,0
7,94,4.97948e-06
7,95,0
7,96,0
7,97,0
7,98,0
7,99,7.52988e-05
7,100,0
7,101,0
7,102,0
7,103,0
7,104,0.00019328
7,105,0
7,106,0
7,107,4.27512e-05
7,108,0
7,109,0
7,110,0
7,111,0
7,112,4.2399e-05
7,113,0
7,114,0
7,115,0
7,116,0
7,117,0
7,118,0
7,119,0
7,120,8.87796e-05
7,121,0
7,122,0
7,123,0
7,124,0
7,125,0.000209412
7,126,0
7,127,0
7,128,1.45276e-05
7,129,0
7,130,0
7,131,0
7,132,0
7,133,7.43303e-05
7,134,0
7,135,0
7,136,0
7,137,0
7,138,9.21743e-05
7,139,0
7,140,0
7,141,7.43107e-05
7,142,0
7,143,0
7,144,0
7,145,0
7,146,9.90907e-05
7,147,0
7,148,0
7,149,0
7,150,0
7,151,0
7,152,0
7,153,0
7,154,9.80538e-05
7,155,0
7,156,0
7,157,0
7,158,0
7,159,0.000180572
7,160,0
7,161,0
7,162,3.95228e-05
7,163,0
7,164,0
7,165,0
7,166,0
7,167,4.47273e-05
7,168,0
7,169,0
7,170,0
7,171,0
7,172,0
7,173,0
7,174,0
7,175,9.04916e-05
7,176,0
7,177,0
7,178,0
7,179,0
7,180,9.10981e-05
7,181,0
7,182,0
7,183,7.00454e-06
7,184,0
7,185,0
7,186,0
7,187,0
7,188,7.51129e-05
7,189,0
7,190,0
7,191,0
7,192,0
7,193,1.4283e-05
7,194,0
7,195,0
7,196,5.8981e-05
7,197,0
7,198,0
7,199,0
7,200,0
7,201,1.94092e-05
7,202,0
7,203,0
7,204,0
7,205,0
7,206,0
7,207,0
7,208,0
7,209,9.16949e-05
7,210,0
7,211,0
7,212,0
7,213,0
7,214,1.62396e-05
7,215,0
7,216,0
7,217,1.94484e-05
7,218,0
7,219,0
7,220,0
7,221,0
7,222,5.11351e-05
7,223,0
7,224,0
7,225,0
7,226,0
7,227,0
7,228,0
7,229,0
7,230,7.69814e-05
7,231,0
7,232,0
7,233,0
7,234,0
7,235,1.03698e-06
7,236,0
7,237,0
7,238,0
7,239,0
7,240,0
7,241,0
7,242,0
7,243,7.46433e-05
7,244,0
7,245,0
7,246,0
7,247,0
7,248,0
7,249,0
7,250,0
7,251,3.965e-05
7,252,0
7,253,0
7,254,0
7,255,0
7,256,1.9869e-05
7,257,0
7,258,0
7,259,0
7,260,0
7,261,0
7,262,0
7,263,0
7,264,7.65803e-05
7,265,0
7,266,0
7,267,0
7,268,0
7,269,0
7,270,0
7,271,0
7,272,7.90456e-06
7,273,0
7,274,0
7,275,0
7,276,0
7,277,4.92666e-05
7,278,0
7,279,0
7,280,0
7,281,0
7,282,0
7,283,0
7,284,0
7,285,5.33852e-05
7,286,0
7,287,0
7,288,0
7,289,0
7,290,1.57504e-06
7,291,0
7,292,0
7,293,0
7,294,0
7,295,0
7,296,0
7,297,0
7,298,6.57801e-05
7,299,0
7,300,0
7,301,0
7,302,0
7,303,0
7,304,0
7,305,0
7,306,2.0094e-05
7,307,0
7,308,0
7,309,0
7,310,0
7,311,2.31072e-05
7,312,0
7,313,0
7,314,0
7,315,0
7,316,0
7,317,0
7,318,0
7,319,6.06343e-05
7,320,0
7,321,0
7,322,0
7,323,0
7,324,0
7,325,0
7,326,0
7,327,0
7,328,0
7,329,0
7,330,0
7,331,0
7,332,4.59893e-05
7,333,0
7,334,0
7,335,0
7,336,0
7,337,0
7,338,0
7,339,0
7,340,3.43477e-05
7,341,0
7,342,0
7,343,0
7,344,0
7,345,2.64138e-06
7,346,5.3708e-06
7,347,0
7,348,0
7,349,0
7,350,0
7,351,0
7,352,0
7,353,5.31797e-05
7,354,0
7,355,0
7,356,0
7,357,0
7,358,0
7,359,0
7,360,0
7,361,6.64257e-06
7,362,0
7,363,0
7,364,0
7,365,0
7,366,2.0906e-05
7,367,1.52515e-05
7,368,0
7,369,0
7,370,0
7,371,0
7,372,0
7,373,0
7,374,3.81434e-05
7,375,0
7,376,0
7,377,0
7,378,0
7,379,0
7,380,1.30601e-05
7,381,0
7,382,0
7,383,0
7,384,0
7,385,0
7,386,0
7,387,3.68325e-05
7,388,1.62004e-05
7,389,0
7,390,0
7,391,0
7,392,0
7,393,0
7,394,0
7,395,1.45276e-05
7,396,0
7,397,0
7,398,0
7,399,0
7,400,2.77834e-06
7,401,2.91236e-05
7,402,0
7,403,0
7,404,0
7,405,0
7,406,0
7,407,0
7,408,3.68521e-05
7,409,1.02525e-05
7,410,0
7,411,0
7,412,0
7,413,0
7,414,1.63178e-05
7,415,0
7,416,0
7,417,0
7,418,0
7,419,0
7,420,0
7,421,1.63863e-05
7,422,3.60108e-05
7,423,0
7,424,0
7,425,0
7,426,0
7,427,4.69578e-07
7,428,0
7,429,2.09158e-05
7,430,0
7,431,0
7,432,0
7,433,0
7,434,0
7,435,3.9425e-05
7,436,0
7,437,0
7,438,0
7,439,0
7,440,0
7,441,0
7,442,2.69225e-05
7,443,3.28313e-05
7,444,0
7,445,0
7,446,0
7,447,0
7,448,2.16593e-05
7,449,0
7,450,3.90337e-06
7,451,0
7,452,0
7,453,0
7,454,0
7,455,2.61203e-06
7,456,6.37941e-05
7,457,0
7,458,0
7,459,0
7,460,0
7,461,0
7,462,0
7,463,2.21386e-05
7,464,1.91451e-05
7,465,0
7,466,0
7,467,0
7,468,0
7,469,5.54493e-05
7,470,0
7,471,0
7,472,0
7,473,0
7,474,0
7,475,0
7,476,1.15829e-05
7,477,7.05052e-05
7,478,0
7,479,0
7,480,0
7,481,0
7,482,1.71689e-05
7,483,0
7,484,6.8578e-06
7,485,2.74899e-06
7,486,0
7,487,0
7,488,0
7,489,0
7,490,9.88657e-05
7,491,0
7,492,0
7,493,0
7,494,0
7,495,0
7,496,0
7,497,1.25319e-05
7,498,5.1859e-05
7,499,0
7,500,0
7,501,0
7,502,0
7,503,5.76603e-05
7,504,0
7,505,0
7,506,0
7,507,0
7,508,0
7,509,0
7,510,6.84801e-07
7,511,0.000120711
7,512,0
7,513,0
7,514,0
7,515,0
7,516,1.19253e-05
7,517,0
7,518,6.89693e-06
7,519,2.43789e-05
7,520,0
7,521,0
7,522,0
7,523,0
7,524,0.000124027
7,525,0
7,526,0
7,527,0
7,528,0
7,529,0
7,530,0
7,531,6.54474e-06
7,532,0.000108003
7,533,0
7,534,0
7,535,0
7,536,0
7,537,5.4833e-05
7,538,0
7,539,0
7,540,3.01313e-06
7,541,0
7,542,0
7,543,0
7,544,0
7,545,0.000166475
7,546,0
7,547,0
7,548,0
7,549,0
7,550,4.89144e-06
7,551,0
7,552,6.64257e-06
7,553,7.12291e-05
7,554,0
7,555,0
7,556,0
7,557,0
7,558,0.00013022
7,559,0
7,560,0
7,561,0
7,562,0
7,563,0
7,564,0
7,565,0
7,566,0.00016894
7,567,0
7,568,0
7,569,0
7,570,0
7,571,5.1321e-05
7,572,0
7,573,1.17395e-06
7,574,2.63062e-05
7,575,0
7,576,0
7,577,0
7,578,0
7,579,0.000202339
7,580,0
7,581,0
7,582,0
7,583,0
7,584,0
7,585,0
7,586,1.7707e-06
7,587,0.000136549
7,588,0
7,589,0
7,590,0
7,591,0
7,592,0.000132773
7,593,0
7,594,0
7,595,2.83703e-07
7,596,0
7,597,0
7,598,0
7,599,0
7,600,0.000235366
7,601,0
7,602,0
7,603,0
7,604,0
7,605,2.49757e-05
7,606,0
7,607,7.8263e-08
7,608,7.82532e-05
7,609,0
7,610,0
7,611,0
7,612,0
7,613,0.000232784
7,614,0
7,615,0
7,616,0
7,617,0
7,618,0
7,619,0
7,620,0
7,621,0.000215947
7,622,0
7,623,0
7,624,0
7,625,0
7,626,0.000110136
7,627,0
7,628,0
7,629,2.20604e-05
7,630,0
7,631,0
7,632,0
7,633,0
7,634,0.000299816
7,635,0
7,636,0
7,637,0
7,638,0
7,639,1.14557e-05
7,640,0
7,641,0
7,642,0.000152515
7,643,0
7,644,0
7,645,0
7,646,0
7,647,0.000238585
7,648,0
7,649,0
7,650,0
7,651,0
7,652,0
7,653,0
7,654,0
7,655,0.00030595
7,656,0
7,657,0
7,658,0
7,659,0
7,660,8.78307e-05
7,661,0
7,662,0
7,663,7.40661e-05
7,664,0
7,665,0
7,666,0
7,667,0
7,668,0.000350501
7,669,0
7,670,0
7,671,0
7,672,0
7,673,0
7,674,0
7,675,0
7,676,0.000249708
7,677,0
7,678,0
7,679,0
7,680,0
7,681,0.000217131
7,682,0
7,683,0
7,684,1.50265e-05
7,685,0
7,686,0
7,687,0
7,688,0
7,689,0.000386678
7,690,0
7,691,0
7,692,0
7,693,0
7,694,5.01177e-05
7,695,0
7,696,0
7,697,0.000154667
7,698,0
7,699,0
7,700,0
7,701,0
7,702,0.00037171
7,703,0
7,704,0
7,705,0
7,706,0
7,707,0
7,708,0
7,709,0
7,710,0.000350021
7,711,0
7,712,0
7,713,0
7,714,0
7,715,0.000171592
7,716,0
7,717,0
7,718,5.97538e-05
7,719,0
7,720,0
7,721,0
7,722,0
7,723,0.000460891
7,724,0
7,725,0
7,726,0
7,727,0
7,728,1.30699e-05
7,729,0
7,730,0
7,731,0.000258219
7,732,0
7,733,0
7,734,0
7,735,0
7,736,0.000357055
7,737,0
7,738,0
7,739,5.28275e-06
7,740,0
7,741,0
7,742,0
7,743,0
7,744,0.00045552
7,745,0
7,746,0
7,747,0
7,748,0
7,749,0.000114381
7,750,0
7,751,0
7,752,0.000136931
7,753,0
7,754,0
7,755,0
7,756,0
7,757,0.000509727
7,758,0
7,759,0
7,760,0
7,761,0
7,762,0
7,763,0
7,764,0
7,765,0.00037623
7,766,0
7,767,0
7,768,0
7,769,0
7,770,0.000303005
7,771,0
7,772,0
7,773,3.60597e-05
7,774,0
7,775,0
7,776,0
7,777,0
7,778,0.000558622
7,779,0
7,780,0
7,781,0
7,782,0
7,783,6.16712e-05
7,784,0
7,785,0
7,786,0.00024735
7,787,0
7,788,0
7,789,0
7,790,0
7,791,0.000512339
7,792,0
7,793,0
7,794,0
7,795,0
7,796,0
7,797,0
7,798,0
7,799,0.000502263
7,800,0
7,801,0
7,802,0
7,803,0
7,804,0.000220154
7,805,0
7,806,0
7,807,0.000108042
7,808,0
7,809,0
7,810,0
7,811,0
7,812,0.000631025
7,813,0
7,814,0
7,815,0
7,816,0
7,817,1.39308e-05
7,818,0
7,819,0
7,820,0.000378049
7,821,0
7,822,0
7,823,0
7,824,0
7,825,0.000461341
7,826,0
7,827,0
7,828,1.87538e-05
7,829,0
7,830,0
7,831,0
7,832,0
7,833,0.000618072
7,834,0
7,835,0
7,836,0
7,837,0
7,838,0.000134544
7,839,0
7,840,0
7,841,0.000214578
7,842,0
7,843,0
7,844,0
7,845,0
7,846,0.000660041
7,847,0
7,848,0
7,849,0
7,850,0
7,851,0
7,852,0
7,853,0
7,854,0.000507809
7,855,0
7,856,0
7,857,0
7,858,0
7,859,0.000365478
7,860,0
7,861,0
7,862,7.17672e-05
7,863,0
7,864,0
7,865,0
7,866,0
7,867,0.000722289
7,868,0
7,869,0
7,870,0
7,871,0
7,872,5.45395e-05
7,873,0
7,874,0
7,875,0.000344572
7,876,0
7,877,0
7,878,0
7,879,0
7,880,0.00062538
7,881,0
7,882,0
7,883,2.36746e-06
7,884,0
7,885,0
7,886,0
7,887,0
7,888,0.000649485
7,889,0
7,890,0
7,891,0
7,892,0
7,893,0.000239876
7,894,0
7,895,0
7,896,0.000162992
7,897,0
7,898,0
7,899,0
7,900,0
7,901,0.000781662
7,902,0
7,903,0
7,904,0
7,905,0
7,906,6.36865e-06
7,907,0
7,908,0
7,909,0.000488077
7,910,0
7,911,0
7,912,0
7,913,0
7,914,0.000526632
7,915,0
7,916,0
7,917,3.24694e-05
7,918,0
7,919,0
7,920,0
7,921,0
7,922,0.000776085
7,923,0
7,924,0
7,925,0
7,926,0
7,927,0.000135552
7,928,0
7,929,0
7,930,0.000292782
7,931,0
7,932,0
7,933,0
7,934,0
7,935,0.000775616
7,936,0
7,937,0
7,938,0
7,939,0
7,940,0
7,941,0
7,942,0
7,943,0.000640407
7,944,0
7,945,0
7,946,0
7,947,0
7,948,0.000387588
7,949,0
7,950,0
7,951,0.000110312
7,952,0
7,953,0
7,954,0
7,955,0
7,956,8.45436e-05
7,957,0
7,958,0
7,959,0
7,960,0
7,961,3.97283e-05
7,962,0
7,963,0
7,964,0.00044156
7,965,0
7,966,0
7,967,0
7,968,0
7,969,0.000692833
7,970,0
7,971,0
7,972,1.14851e-05
7,973,0
7,974,0
7,975,0
7,976,0
7,977,0.000783726
7,978,0
7,979,0
7,980,0
7,981,0
7,982,0.000228733
7,983,0
7,984,0
7,985,0.000222423
7,986,0
7,987,0
7,988,0
7,989,0
7,990,0.000107436
7,991,0
7,992,0
7,993,0
7,994,0
7,995,0
7,996,0
7,997,0
7,998,0.000594887
7,999,0
7,1000,0
7,1001,0
7,1002,0
7,1003,0.000546334
7,1004,0
7,1005,0
7,1006,5.50678e-05
7,1007,0
7,1008,0
7,1009,0
7,1010,0
7,1011,0.000121171
7,1012,0
7,1013,0
7,1014,0
7,1015,0
7,1016,0.000110449
7,1017,0
7,1018,0
7,1019,0.000367132
7,1020,0
7,1021,0
7,1022,0
7,1023,0
7,1024,5.19079e-05
7,1025,0
7,1026,0
7,1027,0
7,1028,0
7,1029,0
7,1030,0
7,1031,0
7,1032,0.000752919
7,1033,0
7,1034,0
7,1035,0
7,1036,0
7,1037,0.000365948
7,1038,0
7,1039,0
7,1040,0.0001469
7,1041,0
7,1042,0
7,1043,0
7,1044,0
7,1045,0.000177951
7,1046,0
7,1047,0
7,1048,0
7,1049,0
7,1050,2.55333e-05
7,1051,0
7,1052,0
7,1053,0.000521642
7,1054,0
7,1055,0
7,1056,0
7,1057,0
7,1058,0.000697069
7,1059,0
7,1060,0
7,1061,1.92527e-05
7,1062,0
7,1063,0
7,1064,0
7,1065,0
7,1066,0.000110468
7,1067,0
7,1068,0
7,1069,0
7,1070,0
7,1071,0.000202799
7,1072,0
7,1073,0
7,1074,0.000274703
7,1075,0
7,1076,0
7,1077,0
7,1078,0
7,1079,0.000153669
7,1080,0
7,1081,0
7,1082,0
7,1083,0
7,1084,0
7,1085,0
7,1086,0
7,1087,0.000682659
7,1088,0
7,1089,0
7,1090,0
7,1091,0
7,1092,0.000510744
7,1093,0
7,1094,0
7,1095,7.82239e-05
7,1096,0
7,1097,0
7,1098,0
7,1099,0
7,1100,0.000197076
7,1101,0
7,1102,0
7,1103,0
7,1104,0
7,1105,6.91649e-05
7,1106,0
7,1107,0
7,1108,0.000427482
7,1109,0
7,1110,0
7,1111,0
7,1112,0
7,1113,0.000824432
7,1114,0
7,1115,0
7,1116,0
7,1117,0
7,1118,0
7,1119,0
7,1120,0
7,1121,5.19373e-05
7,1122,0
7,1123,0
7,1124,0
7,1125,0
7,1126,0.000301997
7,1127,0
7,1128,0
7,1129,0.000181766
7,1130,0
7,1131,0
7,1132,0
7,1133,0
7,1134,0.000207563
7,1135,0
7,1136,0
7,1137,0
7,1138,0
7,1139,4.51969e-06
7,1140,0
7,1141,0
7,1142,0.000586151
7,1143,0
7,1144,0
7,1145,0
7,1146,0
7,1147,0.000643351
7,1148,0
7,1149,0
7,1150,2.79986e-05
7,1151,0
7,1152,0
7,1153,0
7,1154,0
7,1155,0.000164372
7,1156,0
7,1157,0
7,1158,0
7,1159,0
7,1160,0.000150118
7,1161,0
7,1162,0
7,1163,0.000319254
7,1164,0
7,1165,0
7,1166,0
7,1167,0
7,1168,0.000130122
7,1169,0
7,1170,0
7,1171,0
7,1172,0
7,1173,0
7,1174,0
7,1175,0
7,1176,0.000737306
7,1177,0
7,1178,0
7,1179,0
7,1180,0
7,1181,0.000430456
7,1182,0
7,1183,0
7,1184,9.79853e-05
7,1185,0
7,1186,0
7,1187,0
7,1188,0
7,1189,0.000210136
7,1190,0
7,1191,0
7,1192,0
7,1193,0
7,1194,3.94543e-05
7,1195,0
7,1196,0
7,1197,0.000466311
7,1198,0
7,1199,0
7,1200,0
7,1201,0
7,1202,0.000749202
7,1203,0
7,1204,0
7,1205,4.79361e-07
7,1206,0
7,1207,0
7,1208,0
7,1209,0
7,1210,8.74687e-05
7,1211,0
7,1212,0
7,1213,0
7,1214,0
7,1215,0.000234398
7,1216,0
7,1217,0
7,1218,0.000206145
7,1219,0
7,1220,0
7,1221,0
7,1222,0
7,1223,0.00016759
7,1224,0
7,1225,0
7,1226,0
7,1227,0
7,1228,0
7,1229,0
7,1230,0
7,1231,0.000613034
7,1232,0
7,1233,0
7,1234,0
7,1235,0
7,1236,0.000539985
7,1237,0
7,1238,0
7,1239,3.50325e-05
7,1240,0
7,1241,0
7,1242,0
7,1243,0
7,1244,0.000160733
7,1245,0
7,1246,0
7,1247,0
7,1248,0
7,1249,8.5561e-05
7,1250,0
7,1251,0
7,1252,0.000340698
7,1253,0
7,1254,0
7,1255,0
7,1256,0
7,1257,0.000818543
7,1258,0
7,1259,0
7,1260,0
7,1261,0
7,1262,0
7,1263,0
7,1264,0
7,1265,0.000748742
7,1266,0
7,1267,0
7,1268,0
7,1269,0
7,1270,0.000315596
7,1271,0
7,1272,0
7,1273,0.000110449
7,1274,0
7,1275,0
7,1276,0
7,1277,0
7,1278,0.000154031
7,1279,0
7,1280,0
7,1281,0
7,1282,0
7,1283,1.06144e-05
7,1284,0
7,1285,0
7,1286,0.000485143
7,1287,0
7,1288,0
7,1289,0
7,1290,0
7,1291,0.000624069
7,1292,0
7,1293,0
7,1294,3.07182e-06
7,1295,0
7,1296,0
7,1297,0
7,1298,0
7,1299,5.99495e-05
7,1300,0
7,1301,0
7,1302,0
7,1303,0
7,1304,0.000150999
7,1305,0
7,1306,0
7,1307,0.000217327
7,1308,0
7,1309,0
7,1310,0
7,1311,0
7,1312,6.00571e-05
7,1313,0
7,1314,0
7,1315,0
7,1316,0
7,1317,0
7,1318,0
7,1319,0
7,1320,0.000608661
7,1321,0
7,1322,0
7,1323,0
7,1324,0
7,1325,0.000403152
7,1326,0
7,1327,0
7,1328,3.90826e-05
7,1329,0
7,1330,0
7,1331,0
7,1332,0
7,1333,8.83883e-05
7,1334,0
7,1335,0
7,1336,0
7,1337,0
7,1338,4.10392e-05
7,1339,0
7,1340,0
7,1341,0.000341373
7,1342,0
7,1343,0
7,1344,0
7,1345,0
7,1346,0.000672035
7,1347,0
7,1348,0
7,1349,0
7,1350,0
7,1351,0
7,1352,0
7,1353,0
7,1354,0.000712056
7,1355,0
7,1356,0
7,1357,0
7,1358,0
7,1359,0.000212151
7,1360,0
7,1361,0
7,1362,0.000113912
7,1363,0
7,1364,0
7,1365,0
7,1366,0
7,1367,0.000812673
7,1368,0
7,1369,0
7,1370,0
7,1371,0
7,1372,0
7,1373,0
7,1374,0
7,1375,0.00046316
7,1376,0
7,1377,0
7,1378,0
7,1379,0
7,1380,0.00046318
7,1381,0
7,1382,0
7,1383,3.2577e-06
7,1384,0
7,1385,0
7,1386,0
7,1387,0
7,1388,0.000761078
7,1389,0
7,1390,0
7,1391,0
7,1392,0
7,1393,7.07498e-05
7,1394,0
7,1395,0
7,1396,0.000214763
7,1397,0
7,1398,0
7,1399,0
7,1400,0
7,1401,0.000678902
7,1402,0
7,1403,0
7,1404,0
7,1405,0
7,1406,0
7,1407,0
7,1408,0
7,1409,0.000561478
7,1410,0
7,1411,0
7,1412,0
7,1413,0
7,1414,0.000260303
7,1415,0
7,1416,0
7,1417,3.88087e-05
7,1418,0
7,1419,0
7,1420,0
7,1421,0
7,1422,0.000738323
7,1423,0
7,1424,0
7,1425,0
7,1426,0
7,1427,8.36436e-06
7,1428,0
7,1429,0
7,1430,0.000322101
7,1431,0
7,1432,0
7,1433,0
7,1434,0
7,1435,0.000494446
7,1436,0
7,1437,0
7,1438,0
7,1439,0
7,1440,0
7,1441,0
7,1442,0
7,1443,0.000620577
7,1444,0
7,1445,0
7,1446,0
7,1447,0
7,1448,0.000113677
7,1449,0
7,1450,0
7,1451,0.000107005
7,1452,0
7,1453,0
7,1454,0
7,1455,0
7,1456,0.000640925
7,1457,0
7,1458,0
7,1459,0
7,1460,0
7,1461,0
7,1462,0
7,1463,0
7,1464,0.000414471
7,1465,0
7,1466,0
7,1467,0
7,1468,0
7,1469,0.000299415
7,1470,0
7,1471,0
7,1472,1.83918e-06
7,1473,0
7,1474,0
7,1475,0
7,1476,0
7,1477,0.00062719
7,1478,0
7,1479,0
7,1480,0
7,1481,0
7,1482,2.6717e-05
7,1483,0
7,1484,0
7,1485,0.000193476
7,1486,0
7,1487,0
7,1488,0
7,1489,0
7,1490,0.00048843
7,1491,0
7,1492,0
7,1493,0
7,1494,0
7,1495,0
7,1496,0
7,1497,0
7,1498,0.000481748
7,1499,0
7,1500,0
7,1501,0
7,1502,0
7,1503,0.000144151
7,1504,0
7,1505,0
7,1506,3.5551e-05
7,1507,0
7,1508,0
7,1509,0
7,1510,0
7,1511,0.000567671
7,1512,0
7,1513,0
7,1514,0
7,1515,0
7,1516,0
7,1517,0
7,1518,0
7,1519,0.000280005
7,1520,0
7,1521,0
7,1522,0
7,1523,0
7,1524,0.000314422
7,1525,0
7,1526,0
7,1527,0
7,1528,0
7,1529,0
7,1530,0
7,1531,0
7,1532,0.000501304
7,1533,1.487e-06
7,1534,0
7,1535,0
7,1536,0
7,1537,4.1587e-05
7,1538,0
7,1539,0
7,1540,9.21743e-05
7,1541,0
7,1542,0
7,1543,0
7,1544,0
7,1545,0.000453495
7,1546,0
7,1547,0
7,1548,0
7,1549,0
7,1550,0
7,1551,0
7,1552,0
7,1553,0.000342665
7,1554,0
7,1555,0
7,1556,0
7,1557,0
7,1558,0.000165291
7,1559,0
7,1560,0
7,1561,0
7,1562,0
7,1563,0
7,1564,0
7,1565,0
7,1566,0.000470879
7,1567,6.53496e-06
7,1568,0
7,1569,0
7,1570,0
7,1571,0
7,1572,0
7,1573,0
7,1574,0.000161505
7,1575,0
7,1576,0
7,1577,0
7,1578,0
7,1579,0.000307926
7,1580,2.49463e-06
7,1581,0
7,1582,0
7,1583,0
7,1584,0
7,1585,0
7,1586,0
7,1587,0.000375516
7,1588,4.65665e-06
7,1589,0
7,1590,0
7,1591,0
7,1592,5.55863e-05
7,1593,5.28275e-07
7,1594,0
7,1595,2.81845e-05
7,1596,0
7,1597,0
7,1598,0
7,1599,0
7,1600,0.00038886
7,1601,1.08688e-05
7,1602,0
7,1603,0
7,1604,0
7,1605,0
7,1606,0
7,1607,0
7,1608,0.00022257
7,1609,0
7,1610,0
7,1611,0
7,1612,0
7,1613,0.000168373
7,1614,1.13873e-05
7,1615,0
7,1616,0
7,1617,0
7,1618,0
7,1619,0
7,1620,0
7,1621,0.000364441
7,1622,1.42732e-05
7,1623,0
7,1624,0
7,1625,0
7,1626,5.75233e-06
7,1627,7.33716e-06
7,1628,0
7,1629,7.26085e-05
7,1630,0
7,1631,0
7,1632,0
7,1633,0
7,1634,0.0002744
7,1635,1.85875e-05
7,1636,0
7,1637,0
7,1638,0
7,1639,0
7,1640,0
7,1641,0
7,1642,0.000258121
7,1643,3.72728e-06
7,1644,0
7,1645,0
7,1646,0
7,1647,6.85486e-05
7,1648,1.79516e-05
7,1649,0
7,1650,0
7,1651,0
7,1652,0
7,1653,0
7,1654,0
7,1655,0.000314148
7,1656,2.73138e-05
7,1657,0
7,1658,0
7,1659,0
7,1660,0
7,1661,1.15438e-05
7,1662,0
7,1663,0.000124057
7,1664,0
7,1665,0
7,1666,0
7,1667,0
7,1668,0.000161183
7,1669,2.64529e-05
7,1670,0
7,1671,0
7,1672,0
7,1673,0
7,1674,0
7,1675,0
7,1676,0.000262455
7,1677,2.16886e-05
7,1678,0
7,1679,0
7,1680,0
7,1681,1.16221e-05
7,1682,2.23147e-05
7,1683,0
7,1684,1.94875e-05
7,1685,0
7,1686,0
7,1687,0
7,1688,0
7,1689,0.000231355
7,1690,4.09902e-05
7,1691,0
7,1692,0
7,1693,0
7,1694,0
7,1695,1.05166e-05
7,1696,0
7,1697,0.0001559
7,1698,1.11525e-06
7,1699,0
7,1700,0
7,1701,0
7,1702,7.11313e-05
7,1703,3.51988e-05
7,1704,0
7,1705,0
7,1706,0
7,1707,0
7,1708,0
7,1709,0
7,1710,0.000234261
7,1711,4.47077e-05
7,1712,0
7,1713,0
7,1714,0
7,1715,0
7,1716,3.25574e-05
7,1717,0
7,1718,4.28001e-05
7,1719,0
7,1720,0
7,1721,0
7,1722,0
7,1723,0.000142018
7,1724,5.46765e-05
7,1725,0
7,1726,0
7,1727,0
7,1728,0
7,1729,7.96326e-06
7,1730,0
7,1731,0.000171259
7,1732,1.89005e-05
7,1733,0
7,1734,0
7,1735,0
7,1736,1.32851e-05
7,1737,5.31014e-05
7,1738,0
7,1739,0
7,1740,0
7,1741,0
7,1742,0
7,1743,0
7,1744,0.00017931
7,1745,6.41365e-05
7,1746,0
7,1747,0
7,1748,0
7,1749,0
7,1750,3.50716e-05
7,1751,0
7,1752,7.80086e-05
7,1753,0
7,1754,0
7,1755,0
7,1756,0
7,1757,6.35104e-05
7,1758,7.47999e-05
7,1759,0
7,1760,0
7,1761,0
7,1762,0
7,1763,2.25006e-06
7,1764,0
7,1765,0.000162415
7,1766,4.29468e-05
7,1767,0
7,1768,0
7,1769,0
7,1770,0
7,1771,6.68562e-05
7,1772,0
7,1773,9.43069e-06
7,1774,0
7,1775,0
7,1776,0
7,1777,0
7,1778,0.000116289
7,1779,8.65002e-05
7,1780,0
7,1781,0
7,1782,0
7,1783,0
7,1784,2.8341e-05
7,1785,0
7,1786,9.69679e-05
7,1787,1.16514e-05
7,1788,0
7,1789,0
7,1790,0
7,1791,1.48211e-05
7,1792,8.87209e-05
7,1793,0
7,1794,0
7,1795,0
7,1796,0
7,1797,5.18492e-07
7,1798,0
7,1799,0.000128968
7,1800,7.0241e-05
7,1801,0
7,1802,0
7,1803,0
7,1804,0
7,1805,7.05345e-05
7,1806,0
7,1807,2.33615e-05
7,1808,0
7,1809,0
7,1810,0
7,1811,0
7,1812,5.44808e-05
7,1813,0.00010229
7,1814,0
7,1815,0
7,1816,0
7,1817,0
7,1818,2.13071e-05
7,1819,0
7,1820,9.41015e-05
7,1821,4.06087e-05
7,1822,0
7,1823,0
7,1824,0
7,1825,0
7,1826,9.8494e-05
7,1827,0
7,1828,0
7,1829,0
7,1830,0
7,1831,3.73706e-06
7,1832,0
7,1833,8.58056e-05
7,1834,9.81614e-05
7,1835,0
7,1836,0
7,1837,0
7,1838,0
7,1839,6.54474e-05
7,1840,0
7,1841,3.16574e-05
7,1842,6.398e-06
7,1843,0
7,1844,3.64901e-06
7,1845,0
7,1846,1.22188e-05
7,1847,0.000118265
7,1848,0
7,1849,0
7,1850,0
7,1851,0
7,1852,1.84407e-05
7,1853,0
7,1854,7.77641e-05
7,1855,7.10922e-05
7,1856,0
7,1857,0
7,1858,0
7,1859,0
7,1860,0.000105195
7,1861,0
7,1862,0
7,1863,0
7,1864,0
7,1865,9.37199e-06
7,1866,0
7,1867,3.4964e-05
7,1868,0.000123235
7,1869,0
7,1870,0
7,1871,0
7,1872,0
7,1873,5.65646e-05
7,1874,0
7,1875,3.64412e-05
7,1876,2.91628e-05
7,1877,0
7,1878,4.49034e-06
7,1879,0
7,1880,0
7,1881,0.000134348
7,1882,0
7,1883,0
7,1884,0
7,1885,0
7,1886,1.87831e-05
7,1887,0
7,1888,4.69578e-05
7,1889,0.000103121
7,1890,0
7,1891,0
7,1892,0
7,1893,0
7,1894,0.000102163
7,1895,0
7,1896,3.75662e-06
7,1897,0
7,1898,0
7,1899,1.46743e-05
7,1900,0
7,1901,9.35243e-06
7,1902,0.000148103
7,1903,0
7,1904,0
7,1905,0
7,1906,0
7,1907,4.67719e-05
7,1908,0
7,1909,3.26455e-05
7,1910,5.90788e-05
7,1911,0
7,1912,3.98163e-06
7,1913,0
7,1914,0
7,1915,0.000140824
7,1916,0
7,1917,0
7,1918,0
7,1919,0
7,1920,2.49561e-05
7,1921,0
7,1922,2.3655e-05
7,1923,0.00013564
7,1924,0
7,1925,0
7,1926,0
7,1927,0
7,1928,9.10003e-05
7,1929,0
7,1930,8.70676e-06
7,1931,1.51243e-05
7,1932,0
7,1933,2.04462e-05
7,1934,0
7,1935,0
7,1936,0.000163247
7,1937,0
7,1938,0
7,1939,0
7,1940,0
7,1941,4.70458e-05
7,1942,0
7,1943,2.29213e-05
7,1944,9.67331e-05
7,1945,0
7,1946,0
7,1947,0
7,1948,0
7,1949,0.000139083
7,1950,0
7,1951,0
7,1952,0
7,1953,0
7,1954,3.64608e-05
7,1955,0
7,1956,3.29683e-06
7,1957,0.000160948
7,1958,0
7,1959,0
7,1960,0
7,1961,0
7,1962,8.32425e-05
7,1963,0
7,1964,7.87521e-06
7,1965,4.72219e-05
7,1966,0
7,1967,1.68363e-05
7,1968,0
7,1969,0
7,1970,0.000169087
7,1971,0
7,1972,0
7,1973,0
7,1974,0
7,1975,5.21329e-05
7,1976,0
7,1977,8.15892e-06
7,1978,0.000129535
7,1979,0
7,1980,0
7,1981,0
7,1982,0
7,1983,0.00012842
7,1984,0
7,1985,0
7,1986,9.20569e-06
7,1987,0
7,1988,3.8838e-05
7,1989,0
7,1990,0
7,1991,0.000179301
7,1992,0
7,1993,0
7,1994,0
7,1995,0
7,1996,7.72554e-05
7,1997,0
7,1998,1.56526e-06
7,1999,8.155e-05
7,2000,0
7,2001,7.46433e-06
7,2002,0
7,2003,0
7,2004,0.000168579
7,2005,0
7,2006,0
7,2007,0
7,2008,0
7,2009,5.58798e-05
7,2010,1.10546e-06
7,2011,0
7,2012,0.000158991
7,2013,0
7,2014,0
7,2015,0
7,2016,0
7,2017,0.000116984
7,2018,0
7,2019,0
7,2020,3.244e-05
7,2021,0
7,2022,3.78499e-05
7,2023,0
7,2024,0
7,2025,0.000190962
7,2026,0
7,2027,0
7,2028,0
7,2029,0
7,2030,7.60227e-05
7,2031,2.92508e-06
7,2032,0
7,2033,0.000115751
7,2034,0
7,2035,0
7,2036,0
7,2037,0
7,2038,0.000156947
7,2039,0
7,2040,0
7,2041,2.19136e-06
7,2042,0
7,2043,6.52322e-05
7,2044,5.57624e-07
7,2045,0
7,2046,0.000184622
7,2047,0
7,2048,0
7,2049,0
7,2050,0
7,2051,0.000106663
7,2052,0
7,2053,0
7,2054,6.0194e-05
7,2055,0
7,2056,2.59442e-05
7,2057,0
7,2058,0
7,2059,0.00018562
7,2060,0
7,2061,0
7,2062,0
7,2063,0
7,2064,8.36729e-05
7,2065,3.61966e-06
7,2066,0
7,2067,0.000148015
7,2068,0
7,2069,0
7,2070,0
7,2071,0
7,2072,0.000141304
7,2073,0
7,2074,0
7,2075,1.48015e-05
7,2076,0
7,2077,5.85407e-05
7,2078,0
7,2079,0
7,2080,0.000195462
7,2081,0
7,2082,0
7,2083,0
7,2084,0
7,2085,0.000105939
7,2086,2.5729e-06
7,2087,0
7,2088,9.44928e-05
7,2089,0
7,2090,8.72632e-06
7,2091,0
7,2092,0
7,2093,0.000165986
7,2094,0
7,2095,0
7,2096,0
7,2097,0
7,2098,7.93587e-05
7,2099,4.69578e-06
7,2100,0
7,2101,0.000169469
7,2102,0
7,2103,0
7,2104,0
7,2105,0
7,2106,0.000123176
7,2107,0
7,2108,0
7,2109,4.40621e-05
7,2110,0
7,2111,4.24772e-05
7,2112,0
7,2113,0
7,2114,0.000186227
7,2115,0
7,2116,0
7,2117,0
7,2118,0
7,2119,9.77211e-05
7,2120,1.01644e-05
7,2121,0
7,2122,0.000126943
7,2123,0
7,2124,0
7,2125,0
7,2126,0
7,2127,0.000144229
7,2128,0
7,2129,0
7,2130,8.19805e-06
7,2131,0
7,2132,7.05834e-05
7,2133,5.05775e-06
7,2134,0
7,2135,0.000176248
7,2136,0
7,2137,0
7,2138,0
7,2139,0
7,2140,0.000112924
7,2141,7.32737e-06
7,2142,0
7,2143,7.19922e-05
7,2144,0
7,2145,2.32832e-05
7,2146,0
7,2147,0
7,2148,0.000162787
7,2149,0
7,2150,0
7,2151,0
7,2152,0
7,2153,8.63339e-05
7,2154,9.40134e-06
7,2155,0
7,2156,0.000135375
7,2157,0
7,2158,0
7,2159,0
7,2160,0
7,2161,0.000126649
7,2162,2.25006e-07
7,2163,0
7,2164,2.02995e-05
7,2165,0
7,2166,5.97636e-05
7,2167,2.04462e-06
7,2168,0
7,2169,0.000175749
7,2170,0
7,2171,0
7,2172,0
7,2173,0
7,2174,0.000104422
7,2175,9.36221e-06
7,2176,0
7,2177,9.61461e-05
7,2178,0
7,2179,4.90122e-06
7,2180,0
7,2181,0
7,2182,0.000131541
7,2183,0
7,2184,0
7,2185,2.15223e-07
7,2186,0
7,2187,7.25302e-05
7,2188,6.86758e-06
7,2189,0
7,2190,0.000139308
7,2191,0
7,2192,0
7,2193,0
7,2194,0
7,2195,0.00010228
7,2196,2.36746e-06
7,2197,0
7,2198,4.35142e-05
7,2199,0
7,2200,3.66271e-05
7,2201,0
7,2202,0
7,2203,0.00014825
7,2204,0
7,2205,0
7,2206,0
7,2207,0
7,2208,9.01492e-05
7,2209,7.61108e-06
7,2210,0
7,2211,0.000103092
7,2212,0
7,2213,0
7,2214,0
7,2215,0
7,2216,0.0001086
7,2217,0
7,2218,0
7,2219,1.04677e-05
7,2220,0
7,2221,5.68874e-05
7,2222,2.5729e-06
7,2223,0
7,2224,0.000138105
7,2225,0
7,2226,0
7,2227,0
7,2228,0
7,2229,9.19297e-05
7,2230,6.89693e-06
7,2231,0
7,2232,6.23463e-05
7,2233,0
8,0,0
8,1,0
8,2,1.43808e-06
8,3,0
8,4,8.41327e-06
8,5,1.37352e-05
8,6,0
8,7,0
8,8,0
8,9,7.76467e-05
8,10,3.1765e-05
8,11,0
8,12,3.72728e-06
8,13,0.000756471
8,14,0
8,15,6.85193e-05
8,16,0
8,17,1.67972e-05
8,18,3.0728e-05
8,19,0
8,20,0.000758505
8,21,0
8,22,6.27376e-05
8,23,3.43966e-05
8,24,0
8,25,0.000104285
8,26,0.00011127
8,27,0
8,28,5.20645e-05
8,29,0
8,30,0.000551255
8,31,4.45316e-05
8,32,0
8,33,0.000117228
8,34,0
8,35,0
8,36,3.15596e-05
8,37,0
8,38,0.000271191
8,39,0.000127627
8,40,0
8,41,0
8,42,0
8,43,0.000621379
8,44,5.98223e-05
8,45,0
8,46,9.95408e-05
8,47,4.64589e-05
8,48,0
8,49,0.000623903
8,50,0
8,51,0.000323813
8,52,0.0001032
8,53,0
8,54,4.11174e-05
8,55,0
8,56,2.50442e-06
8,57,3.10704e-05
8,58,0
8,59,0.000754289
8,60,0.000698057
8,61,0
8,62,0
8,63,0
8,64,0.0007673
8,65,0.000151126
8,66,0
8,67,0.000646208
8,68,2.30876e-06
8,69,0
8,70,0.000688225
8,71,0
8,72,0.000757742
8,73,0.000166348
8,74,0
8,75,3.57075e-06
8,76,0
8,77,0.000123714
8,78,0.00011533
8,79,0
8,80,0.000702694
8,81,0.000705688
8,82,0
8,83,0.0001086
8,84,0
8,85,1.8744e-05
8,86,0.000240639
8,87,0
8,88,0.000687159
8,89,0
8,90,0
8,91,7.77347e-05
8,92,0
8,93,0.000753213
8,94,0.000252907
8,95,0
8,96,0
8,97,0
8,98,0.000114998
8,99,0.000241891
8,100,0
8,101,0.000150001
8,102,5.10764e-05
8,103,0
8,104,0.00010094
8,105,0
8,106,0.00073669
8,107,0.000294846
8,108,0
8,109,5.14775e-05
8,110,0
8,111,0
8,112,9.52852e-05
8,113,0
8,114,0.000113207
8,115,0.000172492
8,116,0
8,117,0
8,118,0
8,119,0.000252046
8,120,0.000336277
8,121,0
8,122,9.49037e-05
8,123,0
8,124,0
8,125,0.000127442
8,126,0
8,127,8.80459e-05
8,128,0.000260401
8,129,0
8,130,0
8,131,0
8,132,9.73885e-05
8,133,0.000226777
8,134,0
8,135,0.000133164
8,136,0.000135933
8,137,0
8,138,8.54632e-05
8,139,0
8,140,7.40368e-05
8,141,0.000386071
8,142,0
8,143,0.0001221
8,144,0
8,145,0
8,146,4.34164e-05
8,147,0
8,148,0.000186667
8,149,0.000240639
8,150,0
8,151,0
8,152,0
8,153,9.68016e-05
8,154,0.000351225
8,155,0
8,156,9.43558e-05
8,157,0
8,158,0
8,159,8.67643e-05
8,160,0
8,161,0.000178577
8,162,0.000352497
8,163,0
8,164,0
8,165,0
8,166,0
8,167,0.000148005
8,168,0
8,169,0.000103151
8,170,0.000137919
8,171,0
8,172,0
8,173,0
8,174,8.41914e-05
8,175,0.000411321
8,176,0
8,177,9.73103e-05
8,178,0
8,179,0
8,180,9.01003e-06
8,181,0
8,182,9.48058e-05
8,183,0.000239602
8,184,0
8,185,0
8,186,0
8,187,2.05734e-05
8,188,0.000285856
8,189,0
8,190,0
8,191,0
8,192,0
8,193,1.03503e-05
8,194,0
8,195,9.07753e-05
8,196,0.000409423
8,197,0
8,198,0
8,199,0
8,200,0
8,201,7.98478e-05
8,202,0
8,203,2.52692e-05
8,204,0.000135424
8,205,0
8,206,0
8,207,0
8,208,0
8,209,0.000395737
8,210,0
8,211,2.3518e-05
8,212,0
8,213,0
8,214,0
8,215,0
8,216,2.27256e-05
8,217,0.00032711
8,218,0
8,219,0
8,220,0
8,221,0
8,222,0.00020726
8,223,0
8,224,0
8,225,1.98886e-05
8,226,0
8,227,0
8,228,0
8,229,1.96342e-05
8,230,0.00044065
8,231,0
8,232,0
8,233,0
8,234,0
8,235,2.40757e-05
8,236,0
8,237,0
8,238,0.000197996
8,239,0
8,240,0
8,241,0
8,242,0
8,243,0.000344915
8,244,0
8,245,0
8,246,0
8,247,0
8,248,0
8,249,0
8,250,0
8,251,0.000404346
8,252,0
8,253,0
8,254,0
8,255,0
8,256,0.000120887
8,257,0
8,258,0
8,259,7.12682e-05
8,260,0
8,261,0
8,262,0
8,263,0
8,264,0.000436385
8,265,0
8,266,0
8,267,0
8,268,0
8,269,0
8,270,0
8,271,0
8,272,0.000300344
8,273,0
8,274,0
8,275,0
8,276,0
8,277,0.000267826
8,278,0
8,279,0
8,280,1.29134e-06
8,281,0
8,282,0
8,283,0
8,284,0
8,285,0.000453475
8,286,0
8,287,0
8,288,0
8,289,0
8,290,4.17729e-05
8,291,0
8,292,0
8,293,0.000154286
8,294,0
8,295,0
8,296,0
8,297,0
8,298,0.000400892
8,299,0
8,300,0
8,301,0
8,302,0
8,303,0
8,304,0
8,305,0
8,306,0.000388732
8,307,0
8,308,0
8,309,0
8,310,0
8,311,0.000172785
8,312,0
8,313,0
8,314,3.42792e-05
8,315,0
8,316,0
8,317,0
8,318,0
8,319,0.000471857
8,320,0
8,321,0
8,322,0
8,323,0
8,324,3.79576e-06
8,325,0
8,326,0
8,327,0.000257847
8,328,0
8,329,0
8,330,0
8,331,0
8,332,0.000331356
8,333,0
8,334,0
8,335,0
8,336,0
8,337,0
8,338,0
8,339,0
8,340,0.000458142
8,341,0
8,342,0
8,343,0
8,344,0
8,345,8.41816e-05
8,346,0
8,347,0
8,348,0.000110918
8,349,0
8,350,0
8,351,0
8,352,0
8,353,0.000450071
8,354,0
8,355,0
8,356,0
8,357,0
8,358,0
8,359,0
8,360,0
8,361,0.000360538
8,362,0
8,363,0
8,364,0
8,365,0
8,366,0.000233322
8,367,0
8,368,0
8,369,1.48015e-05
8,370,0
8,371,0
8,372,0
8,373,0
8,374,0.0004911
8,375,0
8,376,0
8,377,0
8,378,0
8,379,2.35278e-05
8,380,0
8,381,0
8,382,0.00020771
8,383,0
8,384,0
8,385,0
8,386,0
8,387,0.00039062
8,388,0
8,389,0
8,390,0
8,391,0
8,392,0
8,393,0
8,394,0
8,395,0.000443428
8,396,0
8,397,0
8,398,0
8,399,0
8,400,0.000136559
8,401,0
8,402,0
8,403,6.22191e-05
8,404,0
8,405,0
8,406,0
8,407,0
8,408,0.00048888
8,409,0
8,410,0
8,411,0
8,412,0
8,413,0
8,414,0
8,415,0
8,416,0.000319313
8,417,0
8,418,0
8,419,0
8,420,0
8,421,0.000302467
8,422,0
8,423,0
8,424,0
8,425,0
8,426,0
8,427,0
8,428,0
8,429,0.000499181
8,430,0
8,431,0
8,432,0
8,433,0
8,434,4.33577e-05
8,435,0
8,436,0
8,437,0.000155205
8,438,0
8,439,0
8,440,0
8,441,0
8,442,0.000447527
8,443,0
8,444,0
8,445,0
8,446,0
8,447,0
8,448,0
8,449,0
8,450,0.000418599
8,451,0
8,452,0
8,453,0
8,454,0
8,455,0.000192087
8,456,0
8,457,0
8,458,3.07965e-05
8,459,0
8,460,0
8,461,0
8,462,0
8,463,0.000519647
8,464,0
8,465,0
8,466,0
8,467,0
8,468,1.38917e-06
8,469,0
8,470,0
8,471,0.000266642
8,472,0
8,473,0
8,474,0
8,475,0
8,476,0.000369098
8,477,0
8,478,0
8,479,0
8,480,0
8,481,0
8,482,0
8,483,0
8,484,0.000495473
8,485,0
8,486,0
8,487,0
8,488,0
8,489,9.41406e-05
8,490,0
8,491,0
8,492,0.000106271
8,493,0
8,494,0
8,495,0
8,496,0
8,497,0.000495268
8,498,0
8,499,0
8,500,0
8,501,0
8,502,0
8,503,0
8,504,0
8,505,0.000380427
8,506,0
8,507,0
8,508,0
8,509,0
8,510,0.000262504
8,511,0
8,512,0
8,513,6.63279e-06
8,514,0
8,515,0
8,516,0
8,517,0
8,518,0.000535035
8,519,0
8,520,0
8,521,0
8,522,0
8,523,2.70203e-05
8,524,0
8,525,0
8,526,0.000204765
8,527,0
8,528,0
8,529,0
8,530,0
8,531,0.000434232
8,532,0
8,533,0
8,534,0
8,535,0
8,536,0
8,537,0
8,538,0
8,539,0.000471799
8,540,0
8,541,0
8,542,0
8,543,0
8,544,0.000155068
8,545,0
8,546,0
8,547,4.83274e-05
8,548,0
8,549,0
8,550,0
8,551,0
8,552,0.000536796
8,553,0
8,554,0
8,555,0
8,556,0
8,557,0
8,558,0
8,559,0
8,560,0.000327237
8,561,0
8,562,0
8,563,0
8,564,0
8,565,0.000337206
8,566,0
8,567,0
8,568,0
8,569,0
8,570,0
8,571,0
8,572,0
8,573,0.000537129
8,574,0
8,575,0
8,576,0
8,577,0
8,578,5.02448e-05
8,579,0
8,580,0
8,581,0.000148367
8,582,0
8,583,0
8,584,0
8,585,0
8,586,0.000491374
8,587,0
8,588,0
8,589,0
8,590,0
8,591,0
8,592,0
8,593,0
8,594,0.000436228
8,595,0
8,596,0
8,597,0
8,598,0
8,599,0.000217346
8,600,0
8,601,0
8,602,2.27158e-05
8,603,0
8,604,0
8,605,0
8,606,0
8,607,0.000561948
8,608,0
8,609,0
8,610,0
8,611,0
8,612,4.38273e-06
8,613,0
8,614,0
8,615,0.000260958
8,616,0
8,617,0
8,618,0
8,619,0
8,620,0.000407603
8,621,0
8,622,0
8,623,0
8,624,0
8,625,0
8,626,0
8,627,0
8,628,0.000522826
8,629,0
8,630,0
8,631,0
8,632,0
8,633,0.000111319
8,634,0
8,635,0
8,636,8.74785e-05
8,637,0
8,638,0
8,639,0
8,640,0
8,641,0.000540386
8,642,0
8,643,0
8,644,0
8,645,0
8,646,0
8,647,0
8,648,0
8,649,0.000383714
8,650,0
8,651,0
8,652,0
8,653,0
8,654,0.00029377
8,655,0
8,656,0
8,657,0
8,658,0
8,659,0
8,660,0
8,661,0
8,662,0.000572279
8,663,0
8,664,0
8,665,0
8,666,0
8,667,3.3477e-05
8,668,0
8,669,0
8,670,0.000189132
8,671,0
8,672,0
8,673,0
8,674,0
8,675,0.000474205
8,676,0
8,677,0
8,678,0
8,679,0
8,680,0
8,681,0
8,682,0
8,683,0.000485876
8,684,0
8,685,0
8,686,0
8,687,0
8,688,0.000176464
8,689,0
8,690,0
8,691,3.72141e-05
8,692,0
8,693,0
8,694,0
8,695,0
8,696,0.000576368
8,697,0
8,698,0
8,699,0
8,700,0
8,701,0
8,702,0
8,703,0
8,704,0.000315214
8,705,0
8,706,0
8,707,0
8,708,0
8,709,0.000371153
8,710,0
8,711,0
8,712,0
8,713,0
8,714,0
8,715,0
8,716,0
8,717,0.000560735
8,718,0
8,719,0
8,720,0
8,721,0
8,722,6.38724e-05
8,723,0
8,724,0
8,725,0.000126561
8,726,0
8,727,0
8,728,0
8,729,0
8,730,0.000529263
8,731,0
8,732,0
8,733,0
8,734,0
8,735,0
8,736,0
8,737,0
8,738,0.000433401
8,739,0
8,740,0
8,741,0
8,742,0
8,743,0.000242948
8,744,0
8,745,0
8,746,6.88714e-06
8,747,0
8,748,0
8,749,0
8,750,0
8,751,0.000590592
8,752,0
8,753,0
8,754,0
8,755,0
8,756,1.19058e-05
8,757,0
8,758,0
8,759,0.000236569
8,760,0
8,761,0
8,762,0
8,763,0
8,764,0.000440464
8,765,0
8,766,0
8,767,0
8,768,0
8,769,0
8,770,0
8,771,0
8,772,0.000528461
8,773,0
8,774,0
8,775,0
8,776,0
8,777,0.000128919
8,778,0
8,779,0
8,780,5.90788e-05
8,781,0
8,782,0
8,783,0
8,784,0
8,785,0.000570087
8,786,0
8,787,0
8,788,0
8,789,0
8,790,0
8,791,0
8,792,0
8,793,0.000363268
8,794,0
8,795,0
8,796,0
8,797,0
8,798,0.000318628
8,799,0
8,800,0
8,801,0
8,802,0
8,803,0
8,804,0
8,805,0
8,806,0.000585975
8,807,0
8,808,0
8,809,0
8,810,0
8,811,3.86913e-05
8,812,0
8,813,0
8,814,0.000160801
8,815,0
8,816,0
8,817,0
8,818,0
8,819,0.000499113
8,820,0
8,821,0
8,822,0
8,823,0
8,824,0
8,825,0
8,826,0
8,827,0.000473726
8,828,0
8,829,0
8,830,0
8,831,0
8,832,0.000190385
8,833,0
8,834,0
8,835,2.09451e-05
8,836,0
8,837,0
8,838,0
8,839,0
8,840,0.000592637
8,841,0
8,842,0
8,843,0
8,844,0
8,845,0
8,846,0
8,847,0
8,848,0.000279477
8,849,0
8,850,0
8,851,0
8,852,0
8,853,0.000388527
8,854,0
8,855,0
8,856,0
8,857,0
8,858,0
8,859,0
8,860,0
8,861,0.000554797
8,862,0
8,863,0
8,864,0
8,865,0
8,866,8.07772e-05
8,867,0
8,868,0
8,869,9.06383e-05
8,870,0
8,871,0
8,872,0
8,873,0
8,874,0.000543546
8,875,0
8,876,0
8,877,0
8,878,0
8,879,0
8,880,0
8,881,0
8,882,0.000400677
8,883,0
8,884,0
8,885,0
8,886,0
8,887,0.000260097
8,888,0
8,889,0
8,890,0
8,891,0
8,892,0
8,893,0
8,894,0
8,895,0.000587364
8,896,0
8,897,0
8,898,0
8,899,0
8,900,1.94288e-05
8,901,0
8,902,0
8,903,0.00019012
8,904,0
8,905,0
8,906,0
8,907,0
8,908,0.000449533
8,909,0
8,910,0
8,911,0
8,912,0
8,913,0
8,914,0
8,915,0
8,916,0.000500629
8,917,0
8,918,0
8,919,0
8,920,0
8,921,0.000135209
8,922,0
8,923,0
8,924,3.25085e-05
8,925,0
8,926,0
8,927,0
8,928,0
8,929,0.000564765
8,930,0
8,931,0
8,932,0
8,933,0
8,934,0
8,935,0
8,936,0
8,937,0.000315459
8,938,0
8,939,0
8,940,0
8,941,0
8,942,0.000321994
8,943,0
8,944,0
8,945,0
8,946,0
8,947,0
8,948,0
8,949,0
8,950,0.000557056
8,951,0
8,952,0
8,953,0
8,954,0
8,955,4.08631e-05
8,956,0
8,957,0
8,958,0.000118637
8,959,0
8,960,0
8,961,0
8,962,0
8,963,0.000490631
8,964,0
8,965,0
8,966,0
8,967,0
8,968,0
8,969,0
8,970,0
8,971,0.000424645
8,972,0
8,973,0
8,974,0
8,975,0
8,976,0.000188232
8,977,0
8,978,0
8,979,1.69244e-06
8,980,0
8,981,0
8,982,0
8,983,0
8,984,0.000563631
8,985,0
8,986,0
8,987,0
8,988,0
8,989,1.07612e-06
8,990,0
8,991,0
8,992,0.000216153
8,993,0
8,994,0
8,995,0
8,996,0
8,997,0.00037531
8,998,0
8,999,0
8,1000,0
8,1001,0
8,1002,0
8,1003,0
8,1004,0
8,1005,0.000504297
8,1006,0
8,1007,0
8,1008,0
8,1009,0
8,1010,8.4436e-05
8,1011,0
8,1012,0
8,1013,4.59893e-05
8,1014,0
8,1015,0
8,1016,0
8,1017,0
8,1018,0.000512124
8,1019,0
8,1020,0
8,1021,0
8,1022,0
8,1023,0
8,1024,0
8,1025,0
8,1026,0.000332001
8,1027,0
8,1028,0
8,1029,0
8,1030,0
8,1031,0.000245355
8,1032,0
8,1033,0
8,1034,0
8,1035,0
8,1036,0
8,1037,0
8,1038,0
8,1039,0.000534448
8,1040,0
8,1041,0
8,1042,0
8,1043,0
8,1044,2.03386e-05
8,1045,0
8,1046,0
8,1047,0.000130836
8,1048,0
8,1049,0
8,1050,0
8,1051,0
8,1052,0.000415655
8,1053,0
8,1054,0
8,1055,0
8,1056,0
8,1057,0
8,1058,0
8,1059,0
8,1060,0.000426054
8,1061,0
8,1062,0
8,1063,0
8,1064,0
8,1065,0.000123763
8,1066,0
8,1067,0
8,1068,1.03698e-05
8,1069,0
8,1070,0
8,1071,0
8,1072,0
8,1073,0.000507956
8,1074,0
8,1075,0
8,1076,0
8,1077,0
8,1078,0
8,1079,0
8,1080,0
8,1081,0.000232754
8,1082,0
8,1083,0
8,1084,0
8,1085,0
8,1086,0.000288712
8,1087,0
8,1088,0
8,1089,0
8,1090,0
8,1091,0
8,1092,0
8,1093,0
8,1094,0.000478539
8,1095,0
8,1096,0
8,1097,0
8,1098,0
8,1099,3.58053e-05
8,1100,0
8,1101,0
8,1102,6.46159e-05
8,1103,0
8,1104,0
8,1105,0
8,1106,0
8,1107,0.000432824
8,1108,0
8,1109,0
8,1110,0
8,1111,0
8,1112,0
8,1113,0
8,1114,0
8,1115,0.000330377
8,1116,0
8,1117,0
8,1118,0
8,1119,0
8,1120,0.000162004
8,1121,0
8,1122,0
8,1123,0
8,1124,0
8,1125,0
8,1126,0
8,1127,0
8,1128,0.000480408
8,1129,0
8,1130,0
8,1131,0
8,1132,0
8,1133,0
8,1134,0
8,1135,0
8,1136,0.00013653
8,1137,0
8,1138,0
8,1139,0
8,1140,0
8,1141,0.000321172
8,1142,0
8,1143,0
8,1144,0
8,1145,0
8,1146,0
8,1147,0
8,1148,0
8,1149,0.000401656
8,1150,0
8,1151,0
8,1152,0
8,1153,0
8,1154,6.44887e-05
8,1155,0
8,1156,0
8,1157,1.52124e-05
8,1158,0
8,1159,0
8,1160,0
8,1161,0
8,1162,0.00042849
8,1163,0
8,1164,0
8,1165,0
8,1166,0
8,1167,0
8,1168,0
8,1169,0
8,1170,0.000230142
8,1171,0
8,1172,0
8,1173,0
8,1174,0
8,1175,0.000194953
8,1176,0
8,1177,0
8,1178,0
8,1179,0
8,1180,0
8,1181,0
8,1182,0
8,1183,0.000425927
8,1184,0
8,1185,0
8,1186,0
8,1187,0
8,1188,1.19253e-05
8,1189,0
8,1190,0
8,1191,6.57605e-05
8,1192,0
8,1193,0
8,1194,0
8,1195,0
8,1196,0.000334115
8,1197,0
8,1198,0
8,1199,0
8,1200,0
8,1201,0
8,1202,0
8,1203,0
8,1204,0.00030638
8,1205,0
8,1206,0
8,1207,0
8,1208,0
8,1209,8.83296e-05
8,1210,0
8,1211,0
8,1212,0
8,1213,0
8,1214,0
8,1215,0
8,1216,0
8,1217,0.00039922
8,1218,0
8,1219,0
8,1220,0
8,1221,0
8,1222,0
8,1223,0
8,1224,0
8,1225,0.000130014
8,1226,0
8,1227,0
8,1228,0
8,1229,0
8,1230,0.000215918
8,1231,0
8,1232,0
8,1233,0
8,1234,0
8,1235,0
8,1236,0
8,1237,0
8,1238,0.000351039
8,1239,0
8,1240,0
8,1241,0
8,1242,0
8,1243,2.16691e-05
8,1244,0
8,1245,0
8,1246,1.90473e-05
8,1247,0
8,1248,0
8,1249,0
8,1250,0
8,1251,0.000327775
8,1252,0
8,1253,0
8,1254,0
8,1255,0
8,1256,0
8,1257,0
8,1258,0
8,1259,0.000203024
8,1260,0
8,1261,0
8,1262,0
8,1263,0
8,1264,0.000108218
8,1265,0
8,1266,0
8,1267,0
8,1268,0
8,1269,0
8,1270,0
8,1271,0
8,1272,0.000350246
8,1273,0
8,1274,0
8,1275,0
8,1276,0
8,1277,0
8,1278,0
8,1279,0
8,1280,6.1231e-05
8,1281,0
8,1282,0
8,1283,0
8,1284,0
8,1285,0.000223343
8,1286,0
8,1287,0
8,1288,0
8,1289,0
8,1290,0
8,1291,0
8,1292,0
8,1293,0.000259784
8,1294,0
8,1295,0
8,1296,0
8,1297,0
8,1298,3.22541e-05
8,1299,0
8,1300,0
8,1301,0
8,1302,0
8,1303,0
8,1304,0
8,1305,0
8,1306,0.000302369
8,1307,0
8,1308,0
8,1309,0
8,1310,0
8,1311,0
8,1312,0
8,1313,0
8,1314,0.000114528
8,1315,0
8,1316,0
8,1317,0
8,1318,0
8,1319,0.000123098
8,1320,0
8,1321,0
8,1322,0
8,1323,0
8,1324,0
8,1325,0
8,1326,0
8,1327,0.000278313
8,1328,0
8,1329,0
8,1330,0
8,1331,0
8,1332,0
8,1333,0
8,1334,0
8,1335,1.69635e-05
8,1336,0
8,1337,0
8,1338,0
8,1339,0
8,1340,0.000218129
8,1341,0
8,1342,0
8,1343,0
8,1344,0
8,1345,0
8,1346,0
8,1347,0
8,1348,0.000164186
8,1349,0
8,1350,0
8,1351,0
8,1352,0
8,1353,4.11468e-05
8,1354,0
8,1355,0
8,1356,0
8,1357,0
8,1358,0
8,1359,0
8,1360,0
8,1361,0.000255656
8,1362,0
8,1363,0
8,1364,0
8,1365,0
8,1366,0
8,1367,0
8,1368,0
8,1369,4.37197e-05
8,1370,0
8,1371,0
8,1372,0
8,1373,0
8,1374,0.000126483
8,1375,0
8,1376,0
8,1377,0
8,1378,0
8,1379,0
8,1380,0
8,1381,0
8,1382,0.00019691
8,1383,0
8,1384,0
8,1385,0
8,1386,0
8,1387,9.39156e-07
8,1388,0
8,1389,0
8,1390,0
8,1391,0
8,1392,0
8,1393,0
8,1394,0
8,1395,0.000194581
8,1396,0
8,1397,0
8,1398,0
8,1399,0
8,1400,0
8,1401,0
8,1402,0
8,1403,8.54925e-05
8,1404,0
8,1405,0
8,1406,0
8,1407,0
8,1408,4.5911e-05
8,1409,0
8,1410,0
8,1411,0
8,1412,0
8,1413,0
8,1414,0
8,1415,0
8,1416,0.000195217
8,1417,0
8,1418,0
8,1419,0
8,1420,0
8,1421,0
8,1422,0
8,1423,0
8,1424,1.23362e-05
8,1425,0
8,1426,0
8,1427,0
8,1428,0
8,1429,0.000118881
8,1430,0
8,1431,0
8,1432,0
8,1433,0
8,1434,0
8,1435,0
8,1436,0
8,1437,0.00011535
8,1438,0
8,1439,0
8,1440,0
8,1441,0
8,1442,4.45121e-06
8,1443,0
8,1444,0
8,1445,0
8,1446,0
8,1447,0
8,1448,0
8,1449,0
8,1450,0.000157475
8,1451,0
8,1452,0
8,1453,0
8,1454,0
8,1455,0
8,1456,0
8,1457,0
8,1458,2.96323e-05
8,1459,0
8,1460,0
8,1461,0
8,1462,0
8,1463,4.82198e-05
8,1464,0
8,1465,0
8,1466,0
8,1467,0
8,1468,0
8,1469,0
8,1470,0
8,1471,0.000125837
8,1472,0
8,1473,0
8,1474,0
8,1475,0
8,1476,0
8,1477,0
8,1478,0
8,1479,0
8,1480,0
8,1481,0
8,1482,0
8,1483,0
8,1484,0.000102593
8,1485,0
8,1486,0
8,1487,0
8,1488,0
8,1489,0
8,1490,0
8,1491,0
8,1492,5.0147e-05
8,1493,0
8,1494,0
8,1495,0
8,1496,0
8,1497,7.12193e-06
8,1498,0
8,1499,0
8,1500,0
8,1501,0
8,1502,0
8,1503,0
8,1504,0
8,1505,0.000113931
8,1506,0
8,1507,0
8,1508,0
8,1509,0
8,1510,0
8,1511,0
8,1512,0
8,1513,3.8251e-06
8,1514,0
8,1515,0
8,1516,0
8,1517,0
8,1518,4.61752e-05
8,1519,0
8,1520,0
8,1521,0
8,1522,0
8,1523,0
8,1524,0
8,1525,0
8,1526,7.03193e-05
8,1527,0
8,1528,0
8,1529,0
8,1530,0
8,1531,0
8,1532,0
8,1533,0
8,1534,0
8,1535,0
8,1536,0
8,1537,0
8,1538,0
8,1539,7.93782e-05
8,1540,0
8,1541,0
8,1542,0
8,1543,0
8,1544,0
8,1545,0
8,1546,0
8,1547,1.5095e-05
8,1548,0
8,1549,0
8,1550,0
8,1551,0
8,1552,7.80673e-06
8,1553,0
8,1554,0
8,1555,0
8,1556,0
8,1557,0
8,1558,0
8,1559,0
8,1560,6.58974e-05
8,1561,0
8,1562,0
8,1563,0
8,1564,0
8,1565,0
8,1566,0
8,1567,0
8,1568,0
8,1569,0
8,1570,0
8,1571,0
8,1572,0
8,1573,3.49053e-05
8,1574,0
8,1575,0
8,1576,0
8,1577,0
8,1578,0
8,1579,0
8,1580,0
8,1581,2.13756e-05
8,1582,0
8,1583,0
8,1584,0
8,1585,0
8,1586,0
8,1587,0
8,1588,0
8,1589,0
8,1590,0
8,1591,0
8,1592,0
8,1593,0
8,1594,4.67034e-05
8,1595,0
8,1596,0
8,1597,0
8,1598,0
8,1599,0
8,1600,0
8,1601,0
8,1602,0
8,1603,0
8,1604,0
8,1605,0
8,1606,0
8,1607,7.26868e-06
8,1608,0
8,1609,0
8,1610,0
8,1611,0
8,1612,0
8,1613,0
8,1614,0
8,1615,2.43496e-05
8,1616,0
8,1617,0
8,1618,0
8,1619,0
8,1620,0
8,1621,0
8,1622,0
8,1623,0
8,1624,0
8,1625,0
8,1626,0
8,1627,0
8,1628,2.35767e-05
8,1629,0
8,1630,0
8,1631,0
8,1632,0
8,1633,0
8,1634,0
8,1635,0
8,1636,2.61203e-06
8,1637,0
8,1638,0
8,1639,0
8,1640,0
8,1641,0
8,1642,0
8,1643,0
8,1644,0
8,1645,0
8,1646,0
8,1647,0
8,1648,0
8,1649,2.2305e-05
8,1650,0
8,1651,0
8,1652,0
8,1653,0
8,1654,0
8,1655,0
8,1656,0
8,1657,0
8,1658,0
8,1659,0
8,1660,0
8,1661,0
8,1662,4.74469e-06
8,1663,0
8,1664,0
8,1665,0
8,1666,0
8,1667,0
8,1668,0
8,1669,0
8,1670,6.72084e-06
8,1671,0
8,1672,0
8,1673,0
8,1674,0
8,1675,0
8,1676,0
8,1677,0
8,1678,0
8,1679,0
8,1680,0
8,1681,0
8,1682,0
8,1683,1.31971e-05
8,1684,0
8,1685,0
8,1686,0
8,1687,0
8,1688,0
8,1689,0
8,1690,0
8,1691,0
8,1692,0
8,1693,0
8,1694,0
8,1695,0
8,1696,0
8,1697,0
8,1698,0
8,1699,0
8,1700,0
8,1701,0
8,1702,0
8,1703,0
8,1704,6.53496e-06
8,1705,0
8,1706,0
8,1707,0
8,1708,0
8,1709,0
8,1710,0
8,1711,0
8,1712,0
8,1713,0
8,1714,0
8,1715,0
8,1716,0
8,1717,1.46743e-07
8,1718,0
8,1719,0
8,1720,0
8,1721,0
8,1722,0
8,1723,0
8,1724,0
8,1725,0
8,1726,0
8,1727,0
8,1728,0
8,1729,0
8,1730,0
8,1731,0
8,1732,0
8,1733,0
8,1734,0
8,1735,0
8,1736,0
8,1737,0
8,1738,2.62181e-06
8,1739,0
8,1740,0
8,1741,0
8,1742,0
8,1743,0
8,1744,0
8,1745,0
8,1746,0
8,1747,0
8,1748,0
8,1749,0
8,1750,0
8,1751,0
8,1752,0
8,1753,0
8,1754,0
8,1755,0
8,1756,0
8,1757,0
8,1758,0
8,1759,0
8,1760,0
8,1761,0
8,1762,0
8,1763,0
8,1764,0
8,1765,0
8,1766,0
8,1767,0
8,1768,0
8,1769,0
8,1770,0
8,1771,0
8,1772,0
8,1773,0
8,1774,0
8,1775,0
8,1776,0
8,1777,0
8,1778,0
8,1779,0
8,1780,0
8,1781,0
8,1782,0
8,1783,0
8,1784,0
8,1785,0
8,1786,0
8,1787,0
8,1788,0
8,1789,0
8,1790,0
8,1791,0
8,1792,0
8,1793,1.43808e-06
8,1794,0
8,1795,0
8,1796,0
8,1797,0
8,1798,0
8,1799,0
8,1800,0
8,1801,0
8,1802,0
8,1803,0
8,1804,0
8,1805,0
8,1806,0
8,1807,0
8,1808,0
8,1809,0
8,1810,0
8,1811,0
8,1812,0
8,1813,0
8,1814,5.47841e-07
8,1815,0
8,1816,0
8,1817,0
8,1818,0
8,1819,0
8,1820,0
8,1821,0
8,1822,0
8,1823,0
8,1824,0
8,1825,0
8,1826,0
8,1827,7.79695e-06
8,1828,0
8,1829,0
8,1830,0
8,1831,0
8,1832,0
8,1833,0
8,1834,0
8,1835,0
8,1836,0
8,1837,0
8,1838,0
8,1839,0
8,1840,0
8,1841,0
8,1842,0
8,1843,0
8,1844,0
8,1845,0
8,1846,0
8,1847,0
8,1848,1.00764e-05
8,1849,0
8,1850,0
8,1851,0
8,1852,0
8,1853,0
8,1854,0
8,1855,0
8,1856,0
8,1857,0
8,1858,0
8,1859,0
8,1860,0
8,1861,1.06144e-05
8,1862,0
8,1863,0
8,1864,0
8,1865,0
8,1866,0
8,1867,0
8,1868,0
8,1869,6.32952e-06
8,1870,0
8,1871,0
8,1872,0
8,1873,0
8,1874,0
8,1875,0
8,1876,0
8,1877,0
8,1878,0
8,1879,0
8,1880,0
8,1881,0
8,1882,2.03288e-05
8,1883,0
8,1884,0
8,1885,0
8,1886,0
8,1887,0
8,1888,0
8,1889,0
8,1890,0
8,1891,0
8,1892,0
8,1893,0
8,1894,0
8,1895,1.06536e-05
8,1896,0
8,1897,0
8,1898,0
8,1899,0
8,1900,0
8,1901,0
8,1902,0
8,1903,1.9331e-05
8,1904,0
8,1905,0
8,1906,0
8,1907,0
8,1908,0
8,1909,0
8,1910,0
8,1911,0
8,1912,0
8,1913,0
8,1914,0
8,1915,0
8,1916,3.12856e-05
8,1917,0
8,1918,0
8,1919,0
8,1920,0
8,1921,0
8,1922,0
8,1923,0
8,1924,8.05131e-06
8,1925,0
8,1926,0
8,1927,0
8,1928,0
8,1929,9.17634e-06
8,1930,0
8,1931,0
8,1932,0
8,1933,0
8,1934,0
8,1935,0
8,1936,0
8,1937,4.27218e-05
8,1938,0
8,1939,0
8,1940,0
8,1941,0
8,1942,0
8,1943,0
8,1944,0
8,1945,0
8,1946,0
8,1947,0
8,1948,0
8,1949,0
8,1950,3.85445e-05
8,1951,0
8,1952,0
8,1953,0
8,1954,0
8,1955,0
8,1956,0
8,1957,0
8,1958,3.22346e-05
8,1959,0
8,1960,0
8,1961,0
8,1962,0
8,1963,5.3121e-06
8,1964,0
8,1965,0
8,1966,0
8,1967,0
8,1968,0
8,1969,0
8,1970,0
8,1971,6.81084e-05
8,1972,0
8,1973,0
8,1974,0
8,1975,0
8,1976,0
8,1977,0
8,1978,0
8,1979,9.64591e-06
8,1980,0
8,1981,0
8,1982,0
8,1983,0
8,1984,3.72532e-05
8,1985,0
8,1986,0
8,1987,0
8,1988,0
8,1989,0
8,1990,0
8,1991,0
8,1992,6.53496e-05
8,1993,0
8,1994,0
8,1995,0
8,1996,0
8,1997,6.94584e-07
8,1998,0
8,1999,0
8,2000,0
8,2001,0
8,2002,0
8,2003,0
8,2004,0
8,2005,8.23718e-05
8,2006,0
8,2007,0
8,2008,0
8,2009,0
8,2010,0
8,2011,0
8,2012,0
8,2013,4.07652e-05
8,2014,0
8,2015,0
8,2016,0
8,2017,0
8,2018,3.19411e-05
8,2019,0
8,2020,0
8,2021,0
8,2022,0
8,2023,0
8,2024,0
8,2025,0
8,2026,0.000100822
8,2027,0
8,2028,0
8,2029,0
8,2030,0
8,2031,0
8,2032,0
8,2033,0
8,2034,9.20569e-06
8,2035,0
8,2036,0
8,2037,0
8,2038,0
8,2039,8.67545e-05
8,2040,0
8,2041,0
8,2042,0
8,2043,0
8,2044,0
8,2045,0
8,2046,0
8,2047,8.23131e-05
8,2048,0
8,2049,0
8,2050,0
8,2051,0
8,2052,2.52887e-05
8,2053,0
8,2054,0
8,2055,0
8,2056,0
8,2057,0
8,2058,0
8,2059,2.16202e-06
8,2060,0.000123264
8,2061,0
8,2062,0
8,2063,0
8,2064,0
8,2065,0
8,2066,0
8,2067,0
8,2068,3.68227e-05
8,2069,0
8,2070,0
8,2071,0
8,2072,0
8,2073,8.05033e-05
8,2074,0
8,2075,0
8,2076,0
8,2077,0
8,2078,0
8,2079,0
8,2080,4.3436e-06
8,2081,0.000127706
8,2082,0
8,2083,0
8,2084,0
8,2085,0
8,2086,1.62494e-05
8,2087,0
8,2088,0
8,2089,4.686e-06
8,2090,0
8,2091,0
8,2092,0
8,2093,2.44572e-07
8,2094,0.000126258
8,2095,0
8,2096,0
8,2097,0
8,2098,0
8,2099,0
8,2100,0
8,2101,2.16202e-06
8,2102,8.06402e-05
8,2103,0
8,2104,0
8,2105,0
8,2106,0
8,2107,6.09669e-05
8,2108,0
8,2109,0
8,2110,0
8,2111,0
8,2112,0
8,2113,0
8,2114,3.12074e-06
8,2115,0.00015228
8,2116,0
8,2117,0
8,2118,0
8,2119,0
8,2120,9.11764e-06
8,2121,0
8,2122,0
8,2123,2.79888e-05
8,2124,0
8,2125,0
8,2126,0
8,2127,0
8,2128,0.000108962
8,2129,0
8,2130,0
8,2131,0
8,2132,0
8,2133,0
8,2134,0
8,2135,3.64901e-06
8,2136,0.000122032
8,2137,0
8,2138,0
8,2139,0
8,2140,0
8,2141,4.03739e-05
8,2142,0
8,2143,0
8,2144,1.61417e-06
8,2145,0
8,2146,0
8,2147,0
8,2148,6.00669e-06
8,2149,0.000141294
8,2150,0
8,2151,0
8,2152,0
8,2153,0
8,2154,2.7979e-06
8,2155,0
8,2156,6.65236e-07
8,2157,5.65548e-05
8,2158,0
8,2159,0
8,2160,0
8,2161,4.10881e-07
8,2162,9.04231e-05
8,2163,0
8,2164,0
8,2165,0
8,2166,0
8,2167,0
8,2168,0
8,2169,1.15927e-05
8,2170,0.000150167
8,2171,0
8,2172,0
8,2173,0
8,2174,0
8,2175,2.70203e-05
8,2176,0
8,2177,0
8,2178,1.41265e-05
8,2179,0
8,2180,0
8,2181,0
8,2182,4.90122e-06
8,2183,0.000124438
8,2184,0
8,2185,0
8,2186,0
8,2187,0
8,2188,0
8,2189,0
8,2190,9.5383e-06
8,2191,0.00010184
8,2192,0
8,2193,0
8,2194,0
8,2195,0
8,2196,5.76798e-05
8,2197,0
8,2198,0
8,2199,0
8,2200,0
8,2201,0
8,2202,0
8,2203,7.80673e-06
8,2204,0.000148328
8,2205,0
8,2206,0
8,2207,0
8,2208,0
8,2209,1.1221e-05
8,2210,0
8,2211,3.33596e-06
8,2212,4.70263e-05
8,2213,0
8,2214,0
8,2215,0
8,2216,7.53281e-07
8,2217,9.65374e-05
8,2218,0
8,2219,0
8,2220,0
8,2221,0
8,2222,0
8,2223,0
8,2224,6.73062e-06
8,2225,0.000125123
8,2226,0
8,2227,0
8,2228,0
8,2229,0
8,2230,4.09413e-05
8,2231,0
8,2232,0
8,2233,8.74589e-06
9,0,0
9,1,0
9,2,0
9,3,0
9,4,2.24028e-05
9,5,0
9,6,0
9,7,0
9,8,0
9,9,1.26884e-05
9,10,0
9,11,0
9,12,9.82201e-06
9,13,0
9,14,6.61714e-05
9,15,0
9,16,0
9,17,2.15223e-05
9,18,0
9,19,0
9,20,0.000760971
9,21,0
9,22,1.2796e-05
9,23,0
9,24,0
9,25,9.83179e-06
9,26,0
9,27,4.83078e-05
9,28,0
9,29,0
9,30,2.16984e-05
9,31,0
9,32,0
9,33,0.00011488
9,34,0
9,35,2.36452e-05
9,36,0
9,37,0
9,38,3.64119e-05
9,39,0
9,40,0
9,41,4.01098e-07
9,42,0
9,43,1.11623e-05
9,44,0
9,45,0
9,46,8.43186e-05
9,47,0
9,48,0.000623619
9,49,0
9,50,0
9,51,3.86913e-05
9,52,0
9,53,0
9,54,4.61654e-05
9,55,0
9,56,4.14794e-06
9,57,0
9,58,0
9,59,4.3661e-05
9,60,0
9,61,0
9,62,0
9,63,0
9,64,4.02957e-05
9,65,0
9,66,0
9,67,0.000654318
9,68,0
9,69,0.000683803
9,70,0
9,71,0
9,72,8.98557e-05
9,73,0
9,74,0
9,75,6.29039e-06
9,76,0
9,77,2.97889e-05
9,78,0
9,79,0
9,80,5.1321e-05
9,81,0
9,82,0.000104491
9,83,0
9,84,0
9,85,8.38099e-05
9,86,0
9,87,0
9,88,0.000692285
9,89,0
9,90,5.0509e-05
9,91,0
9,92,0
9,93,0.000117884
9,94,0
9,95,0
9,96,0
9,97,0
9,98,6.27767e-05
9,99,0
9,100,0
9,101,0.000130924
9,102,0
9,103,9.76331e-05
9,104,0
9,105,0
9,106,0.000112669
9,107,0
9,108,0
9,109,5.48721e-05
9,110,0
9,111,1.09373e-05
9,112,0
9,113,0
9,114,9.64689e-05
9,115,0
9,116,0
9,117,0
9,118,0
9,119,9.76135e-05
9,120,0
9,121,0
9,122,0.00011041
9,123,0
9,124,0.000115438
9,125,0
9,126,0
9,127,0.000134329
9,128,0
9,129,0
9,130,0
9,131,0
9,132,4.69774e-05
9,133,0
9,134,0
9,135,5.89516e-05
9,136,0
9,137,8.1824e-05
9,138,0
9,139,0
9,140,0.000125436
9,141,7.1415e-07
9,142,0
9,143,0.000127314
9,144,0
9,145,2.54355e-07
9,146,0
9,147,0
9,148,0.000107905
9,149,0
9,150,0
9,151,0
9,152,0
9,153,8.53654e-05
9,154,0
9,155,0
9,156,0.000120799
9,157,0
9,158,8.34675e-05
9,159,0
9,160,0
9,161,0.000130817
9,162,1.22286e-06
9,163,0
9,164,0
9,165,0
9,166,2.13365e-05
9,167,0
9,168,0
9,169,6.39507e-05
9,170,0
9,171,0
9,172,0
9,173,0
9,174,0.00010181
9,175,2.74899e-06
9,176,0
9,177,0.000105058
9,178,0
9,179,0
9,180,0
9,181,0
9,182,0.000105782
9,183,0
9,184,0
9,185,0
9,186,0
9,187,5.78951e-05
9,188,0
9,189,0
9,190,2.98573e-05
9,191,0
9,192,9.35243e-06
9,193,0
9,194,0
9,195,0.000106986
9,196,7.55238e-06
9,197,0
9,198,0
9,199,0
9,200,5.0284e-06
9,201,0
9,202,0
9,203,7.0065e-05
9,204,0
9,205,0
9,206,0
9,207,0
9,208,8.10707e-05
9,209,2.97399e-06
9,210,0
9,211,3.25868e-05
9,212,0
9,213,0
9,214,0
9,215,0
9,216,9.23406e-05
9,217,6.59366e-06
9,218,0
9,219,0
9,220,0
9,221,3.11487e-05
9,222,0
9,223,0
9,224,3.77717e-05
9,225,0
9,226,0
9,227,0
9,228,0
9,229,8.49349e-05
9,230,1.21601e-05
9,231,0
9,232,0
9,233,0
9,234,0
9,235,0
9,236,0
9,237,6.75508e-05
9,238,0
9,239,0
9,240,0
9,241,0
9,242,5.86288e-05
9,243,0
9,244,0
9,245,9.58722e-06
9,246,0
9,247,0
9,248,0
9,249,0
9,250,7.92217e-05
9,251,1.67874e-05
9,252,0
9,253,0
9,254,0
9,255,8.73611e-06
9,256,0
9,257,0
9,258,3.63532e-05
9,259,0
9,260,0
9,261,0
9,262,0
9,263,6.77562e-05
9,264,1.3021e-05
9,265,0
9,266,0
9,267,0
9,268,0
9,269,0
9,270,0
9,271,6.41757e-05
9,272,1.34417e-05
9,273,0
9,274,0
9,275,0
9,276,3.41129e-05
9,277,0
9,278,0
9,279,1.14851e-05
9,280,0
9,281,0
9,282,0
9,283,0
9,284,6.3667e-05
9,285,2.96421e-05
9,286,0
9,287,0
9,288,0
9,289,0
9,290,0
9,291,0
9,292,3.48368e-05
9,293,2.89573e-06
9,294,0
9,295,0
9,296,0
9,297,4.87481e-05
9,298,1.19938e-05
9,299,0
9,300,0
9,301,0
9,302,0
9,303,0
9,304,0
9,305,5.19666e-05
9,306,3.18922e-05
9,307,0
9,308,0
9,309,0
9,310,1.2659e-05
9,311,0
9,312,0
9,313,1.23166e-05
9,314,0
9,315,0
9,316,0
9,317,0
9,318,4.956e-05
9,319,3.92e-05
9,320,0
9,321,0
9,322,0
9,323,0
9,324,0
9,325,0
9,326,2.94562e-05
9,327,2.10527e-05
9,328,0
9,329,0
9,330,0
9,331,3.4514e-05
9,332,7.49368e-06
9,333,0
9,334,0
9,335,0
9,336,0
9,337,0
9,338,0
9,339,3.6451e-05
9,340,5.74744e-05
9,341,0
9,342,0
9,343,0
9,344,0
9,345,0
9,346,0
9,347,1.21014e-05
9,348,4.48056e-06
9,349,0
9,350,0
9,351,0
9,352,3.65195e-05
9,353,3.96011e-05
9,354,0
9,355,0
9,356,0
9,357,0
9,358,0
9,359,0
9,360,2.12778e-05
9,361,5.20547e-05
9,362,0
9,363,0
9,364,0
9,365,1.44787e-05
9,366,0
9,367,0
9,368,0
9,369,0
9,370,0
9,371,0
9,372,0
9,373,2.32735e-05
9,374,7.18552e-05
9,375,0
9,376,0
9,377,0
9,378,0
9,379,0
9,380,0
9,381,9.62635e-06
9,382,2.85562e-05
9,383,0
9,384,0
9,385,0
9,386,2.7754e-05
9,387,2.9016e-05
9,388,0
9,389,0
9,390,0
9,391,0
9,392,0
9,393,0
9,394,1.51048e-05
9,395,8.47099e-05
9,396,0
9,397,0
9,398,0
9,399,7.33716e-07
9,400,0
9,401,0
9,402,0
9,403,4.79361e-06
9,404,0
9,405,0
9,406,0
9,407,1.70516e-05
9,408,7.9975e-05
9,409,0
9,410,0
9,411,0
9,412,0
9,413,0
9,414,0
9,415,7.07302e-06
9,416,6.99182e-05
9,417,0
9,418,0
9,419,0
9,420,1.08199e-05
9,421,1.7482e-05
9,422,0
9,423,0
9,424,0
9,425,0
9,426,0
9,427,0
9,428,8.7948e-06
9,429,0.000114851
9,430,0
9,431,0
9,432,0
9,433,0
9,434,0
9,435,0
9,436,0
9,437,3.46803e-05
9,438,0
9,439,0
9,440,0
9,441,9.5383e-06
9,442,7.56021e-05
9,443,0
9,444,0
9,445,0
9,446,0
9,447,0
9,448,0
9,449,1.67287e-06
9,450,0.000115819
9,451,0
9,452,0
9,453,0
9,454,1.35004e-06
9,455,5.62515e-06
9,456,0
9,457,0
9,458,3.31639e-06
9,459,0
9,460,0
9,461,0
9,462,3.57075e-06
9,463,0.000135415
9,464,0
9,465,0
9,466,0
9,467,0
9,468,0
9,469,0
9,470,0
9,471,8.32523e-05
9,472,0
9,473,0
9,474,0
9,475,6.8578e-06
9,476,5.70439e-05
9,477,0
9,478,0
9,479,0
9,480,0
9,481,0
9,482,0
9,483,0
9,484,0.000162044
9,485,0
9,486,0
9,487,0
9,488,0
9,489,0
9,490,0
9,491,0
9,492,3.30074e-05
9,493,0
9,494,0
9,495,0
9,496,9.29373e-07
9,497,0.000133781
9,498,0
9,499,0
9,500,0
9,501,0
9,502,0
9,503,0
9,504,0
9,505,0.000143593
9,506,0
9,507,0
9,508,0
9,509,0
9,510,2.87225e-05
9,511,0
9,512,0
9,513,0
9,514,0
9,515,0
9,516,0
9,517,0
9,518,0.000193045
9,519,0
9,520,0
9,521,0
9,522,0
9,523,0
9,524,0
9,525,0
9,526,9.00122e-05
9,527,0
9,528,0
9,529,0
9,530,2.34789e-07
9,531,0.000116338
9,532,0
9,533,0
9,534,0
9,535,0
9,536,0
9,537,0
9,538,0
9,539,0.000201557
9,540,0
9,541,0
9,542,0
9,543,0
9,544,1.08883e-05
9,545,0
9,546,0
9,547,2.56703e-05
9,548,0
9,549,0
9,550,0
9,551,0
9,552,0.0002077
9,553,0
9,554,0
9,555,0
9,556,0
9,557,0
9,558,0
9,559,0
9,560,0.000161398
9,561,0
9,562,0
9,563,0
9,564,0
9,565,8.51404e-05
9,566,0
9,567,0
9,568,0
9,569,0
9,570,0
9,571,0
9,572,0
9,573,0.000251302
9,574,0
9,575,0
9,576,0
9,577,0
9,578,0
9,579,0
9,580,0
9,581,8.86622e-05
9,582,0
9,583,0
9,584,0
9,585,0
9,586,0.000194503
9,587,0
9,588,0
9,589,0
9,590,0
9,591,0
9,592,0
9,593,0
9,594,0.000236922
9,595,0
9,596,0
9,597,0
9,598,0
9,599,4.50795e-05
9,600,0
9,601,0
9,602,1.87538e-05
9,603,0
9,604,0
9,605,0
9,606,0
9,607,0.000279888
9,608,0
9,609,0
9,610,0
9,611,0
9,612,0
9,613,1.94679e-06
9,614,0
9,615,0.000166426
9,616,0
9,617,0
9,618,0
9,619,0
9,620,0.000157201
9,621,0
9,622,0
9,623,0
9,624,0
9,625,0
9,626,0
9,627,0
9,628,0.000303064
9,629,0
9,630,0
9,631,0
9,632,0
9,633,1.21992e-05
9,634,3.91315e-06
9,635,0
9,636,7.56314e-05
9,637,0
9,638,0
9,639,0
9,640,0
9,641,0.000280485
9,642,0
9,643,0
9,644,0
9,645,0
9,646,0
9,647,6.87736e-06
9,648,0
9,649,0.000257544
9,650,0
9,651,0
9,652,0
9,653,0
9,654,0.000107396
9,655,0
9,656,0
9,657,3.17943e-06
9,658,0
9,659,0
9,660,0
9,661,0
9,662,0.000349053
9,663,0
9,664,0
9,665,0
9,666,0
9,667,0
9,668,1.56819e-05
9,669,0
9,670,0.000156898
9,671,0
9,672,0
9,673,0
9,674,0
9,675,0.000251117
9,676,0
9,677,0
9,678,0
9,679,0
9,680,0
9,681,4.17729e-06
9,682,0
9,683,0.000337793
9,684,0
9,685,0
9,686,0
9,687,0
9,688,5.69266e-05
9,689,8.6285e-06
9,690,0
9,691,4.45414e-05
9,692,0
9,693,0
9,694,0
9,695,0
9,696,0.000366173
9,697,0
9,698,0
9,699,0
9,700,0
9,701,0
9,702,2.14147e-05
9,703,0
9,704,0.000259364
9,705,0
9,706,0
9,707,0
9,708,0
9,709,0.000193124
9,710,0
9,711,0
9,712,0
9,713,0
9,714,0
9,715,0
9,716,0
9,717,0.000403739
9,718,0
9,719,0
9,720,0
9,721,0
9,722,1.44297e-05
9,723,2.49855e-05
9,724,0
9,725,0.000135483
9,726,0
9,727,0
9,728,0
9,729,0
9,730,0.000345893
9,731,0
9,732,0
9,733,0
9,734,0
9,735,0
9,736,2.26278e-05
9,737,0
9,738,0.000357134
9,739,0
9,740,0
9,741,0
9,742,0
9,743,0.000123988
9,744,1.12307e-05
9,745,0
9,746,2.74605e-05
9,747,0
9,748,0
9,749,0
9,750,0
9,751,0.000439046
9,752,0
9,753,0
9,754,0
9,755,0
9,756,0
9,757,5.28373e-05
9,758,0
9,759,0.000243212
9,760,0
9,761,0
9,762,0
9,763,0
9,764,0.000293701
9,765,0
9,766,0
9,767,0
9,768,0
9,769,0
9,770,1.80788e-05
9,771,0
9,772,0.000440728
9,773,0
9,774,0
9,775,0
9,776,0
9,777,5.53417e-05
9,778,4.18903e-05
9,779,0
9,780,0.000105195
9,781,0
9,782,0
9,783,0
9,784,0
9,785,0.00043705
9,786,0
9,787,0
9,788,0
9,789,0
9,790,0
9,791,6.78638e-05
9,792,0
9,793,0.000353935
9,794,0
9,795,0
9,796,0
9,797,0
9,798,0.000211496
9,799,1.08883e-05
9,800,0
9,801,3.62945e-06
9,802,0
9,803,0
9,804,7.03389e-06
9,805,0
9,806,0.00049832
9,807,0
9,808,0
9,809,0
9,810,0
9,811,1.40384e-05
9,812,7.88206e-05
9,813,0
9,814,0.000203044
9,815,0
9,816,0
9,817,0
9,818,0
9,819,0.000393594
9,820,0
9,821,0
9,822,0
9,823,0
9,824,0
9,825,6.00375e-05
9,826,0
9,827,0.000453466
9,828,0
9,829,0
9,830,0
9,831,0
9,832,0.000130601
9,833,4.20468e-05
9,834,0
9,835,4.9022e-05
9,836,0
9,837,0
9,838,0
9,839,0
9,840,0.000515978
9,841,0
9,842,0
9,843,0
9,844,0
9,845,0
9,846,0.000103796
9,847,0
9,848,0.00032803
9,849,0
9,850,0
9,851,0
9,852,0
9,853,0.000315341
9,854,6.72084e-06
9,855,0
9,856,0
9,857,0
9,858,0
9,859,3.27237e-05
9,860,0
9,861,0.000531259
9,862,0
9,863,0
9,864,0
9,865,0
9,866,5.18786e-05
9,867,9.18123e-05
9,868,0
9,869,0.000161408
9,870,0
9,871,0
9,872,0
9,873,0
9,874,0.000486571
9,875,0
9,876,0
9,877,0
9,878,0
9,879,0
9,880,0.000107132
9,881,0
9,882,0.000441169
9,883,0
9,884,0
9,885,0
9,886,0
9,887,0.000218373
9,888,3.90728e-05
9,889,0
9,890,2.74214e-05
9,891,0
9,892,0
9,893,1.19449e-05
9,894,0
9,895,0.000569637
9,896,0
9,897,0
9,898,0
9,899,0
9,900,1.0634e-05
9,901,0.000137352
9,902,0
9,903,0.000277736
9,904,0
9,905,0
9,906,0
9,907,0
9,908,0.000417308
9,909,0
9,910,0
9,911,0
9,912,0
9,913,0
9,914,8.77817e-05
9,915,0
9,916,0.000537461
9,917,0
9,918,0
9,919,0
9,920,0
9,921,0.00012075
9,922,9.31036e-05
9,923,0
9,924,9.77407e-05
9,925,0
9,926,0
9,927,0
9,928,0
9,929,0.000560363
9,930,0
9,931,0
9,932,0
9,933,0
9,934,0
9,935,0.000161682
9,936,0
9,937,0.000405911
9,938,0
9,939,0
9,940,0
9,941,0
9,942,0.00031493
9,943,2.32343e-05
9,944,0
9,945,0
9,946,0
9,947,0
9,948,4.68991e-05
9,949,0
9,950,0.000596276
9,951,0
9,952,0
9,953,0
9,954,0
9,955,4.44925e-05
9,956,0.000153014
9,957,0
9,958,0.000213208
9,959,0
9,960,0
9,961,0
9,962,0
9,963,0.000503887
9,964,0
9,965,0
9,966,0
9,967,0
9,968,0
9,969,0.000145628
9,970,0
9,971,0.000513728
9,972,0
9,973,0
9,974,0
9,975,0
9,976,0.000201703
9,977,7.87228e-05
9,978,0
9,979,4.60089e-05
9,980,0
9,981,0
9,982,1.36471e-05
9,983,0
9,984,0.000610833
9,985,0
9,986,0
9,987,0
9,988,0
9,989,6.6817e-06
9,990,0.000194082
9,991,0
9,992,0.000342997
9,993,0
9,994,0
9,995,0
9,996,0
9,997,0.000407594
9,998,1.37547e-05
9,999,0
9,1000,0
9,1001,0
9,1002,0
9,1003,0.000103268
9,1004,0
9,1005,0.000594535
9,1006,0
9,1007,0
9,1008,0
9,1009,0
9,1010,0.000106046
9,1011,0.00014689
9,1012,0
9,1013,0.000153826
9,1014,0
9,1015,0
9,1016,0
9,1017,0
9,1018,0.000571525
9,1019,0
9,1020,0
9,1021,0
9,1022,0
9,1023,0
9,1024,0.000198915
9,1025,0
9,1026,0.000461566
9,1027,0
9,1028,0
9,1029,0
9,1030,0
9,1031,0.000294611
9,1032,5.69852e-05
9,1033,0
9,1034,1.56722e-05
9,1035,0
9,1036,0
9,1037,4.55588e-05
9,1038,0
9,1039,0.000629587
9,1040,0
9,1041,0
9,1042,0
9,1043,0
9,1044,3.33009e-05
9,1045,0.000206458
9,1046,0
9,1047,0.000260753
9,1048,0
9,1049,0
9,1050,0
9,1051,0
9,1052,0.000488625
9,1053,7.92413e-07
9,1054,0
9,1055,0
9,1056,0
9,1057,0
9,1058,0.000160204
9,1059,0
9,1060,0.000558005
9,1061,0
9,1062,0
9,1063,0
9,1064,0
9,1065,0.000173529
9,1066,0.000123626
9,1067,0
9,1068,6.7316e-05
9,1069,0
9,1070,0
9,1071,1.32949e-05
9,1072,0
9,1073,0.000610794
9,1074,0
9,1075,0
9,1076,0
9,1077,0
9,1078,2.07397e-06
9,1079,0.000231111
9,1080,0
9,1081,0.00038976
9,1082,0
9,1083,0
9,1084,0
9,1085,0
9,1086,0.000373676
9,1087,2.77834e-05
9,1088,0
9,1089,0
9,1090,0
9,1091,0
9,1092,9.99027e-05
9,1093,0
9,1094,0.00061365
9,1095,0
9,1096,0
9,1097,0
9,1098,0
9,1099,8.13446e-05
9,1100,0.000194914
9,1101,0
9,1102,0.000185464
9,1103,0
9,1104,0
9,1105,0
9,1106,0
9,1107,0.00054428
9,1108,0
9,1109,0
9,1110,0
9,1111,0
9,1112,0
9,1113,0.000212181
9,1114,0
9,1115,0.000492206
9,1116,0
9,1117,0
9,1118,0
9,1119,0
9,1120,0.000249013
9,1121,9.06677e-05
9,1122,0
9,1123,3.20487e-05
9,1124,0
9,1125,0
9,1126,3.46999e-05
9,1127,0
9,1128,0.000619951
9,1129,0
9,1130,0
9,1131,0
9,1132,0
9,1133,2.20799e-05
9,1134,0.000238927
9,1135,0
9,1136,0.000297986
9,1137,0
9,1138,0
9,1139,0
9,1140,0
9,1141,0.000440445
9,1142,1.19155e-05
9,1143,0
9,1144,0
9,1145,0
9,1146,0
9,1147,0.000151869
9,1148,0
9,1149,0.000566722
9,1150,0
9,1151,0
9,1152,0
9,1153,0
9,1154,0.000135894
9,1155,0.000161095
9,1156,0
9,1157,0.00011263
9,1158,0
9,1159,0
9,1160,5.5958e-06
9,1161,0
9,1162,0.000573003
9,1163,0
9,1164,0
9,1165,0
9,1166,0
9,1167,0
9,1168,0.000240717
9,1169,0
9,1170,0.000408132
9,1171,0
9,1172,0
9,1173,0
9,1174,0
9,1175,0.000315292
9,1176,4.956e-05
9,1177,0
9,1178,0
9,1179,0
9,1180,0
9,1181,8.06892e-05
9,1182,0
9,1183,0.000593449
9,1184,0
9,1185,0
9,1186,0
9,1187,0
9,1188,5.43537e-05
9,1189,0.000222981
9,1190,0
9,1191,0.000203102
9,1192,0
9,1193,0
9,1194,0
9,1195,0
9,1196,0.000482638
9,1197,0
9,1198,0
9,1199,0
9,1200,0
9,1201,0
9,1202,0.000195667
9,1203,0
9,1204,0.000489222
9,1205,0
9,1206,0
9,1207,0
9,1208,0
9,1209,0.000191656
9,1210,0.00011895
9,1211,0
9,1212,3.9425e-05
9,1213,0
9,1214,0
9,1215,2.60811e-05
9,1216,0
9,1217,0.000568737
9,1218,0
9,1219,0
9,1220,0
9,1221,0
9,1222,1.25416e-05
9,1223,0.000244983
9,1224,0
9,1225,0.000306478
9,1226,0
9,1227,0
9,1228,0
9,1229,0
9,1230,0.000364471
9,1231,1.99473e-05
9,1232,0
9,1233,0
9,1234,0
9,1235,0
9,1236,0.00012392
9,1237,0
9,1238,0.000535524
9,1239,0
9,1240,0
9,1241,0
9,1242,0
9,1243,9.38373e-05
9,1244,0.000185777
9,1245,0
9,1246,0.00012933
9,1247,0
9,1248,0
9,1249,0
9,1250,0
9,1251,0.000497997
9,1252,0
9,1253,0
9,1254,0
9,1255,0
9,1256,0
9,1257,0.00022168
9,1258,0
9,1259,0.000390738
9,1260,0
9,1261,0
9,1262,0
9,1263,0
9,1264,0.000239573
9,1265,6.85486e-05
9,1266,0
9,1267,9.91984e-06
9,1268,0
9,1269,0
9,1270,5.11351e-05
9,1271,0
9,1272,0.000534302
9,1273,0
9,1274,0
9,1275,0
9,1276,0
9,1277,2.67562e-05
9,1278,0.000225847
9,1279,0
9,1280,0.000209784
9,1281,0
9,1282,0
9,1283,0
9,1284,0
9,1285,0.000392176
9,1286,2.0544e-06
9,1287,0
9,1288,0
9,1289,0
9,1290,0
9,1291,0.000160263
9,1292,0
9,1293,0.000449269
9,1294,0
9,1295,0
9,1296,0
9,1297,0
9,1298,0.000126688
9,1299,0.000129065
9,1300,0
9,1301,5.542e-05
9,1302,0
9,1303,0
9,1304,1.21601e-05
9,1305,0
9,1306,0.000484321
9,1307,0
9,1308,0
9,1309,0
9,1310,0
9,1311,1.80005e-06
9,1312,0.00022305
9,1313,0
9,1314,0.000290806
9,1315,0
9,1316,0
9,1317,0
9,1318,0
9,1319,0.000272884
9,1320,2.64627e-05
9,1321,0
9,1322,0
9,1323,0
9,1324,0
9,1325,8.55219e-05
9,1326,0
9,1327,0.000465743
9,1328,0
9,1329,0
9,1330,0
9,1331,0
9,1332,5.18982e-05
9,1333,0.000183605
9,1334,0
9,1335,0.000124976
9,1336,0
9,1337,0
9,1338,0
9,1339,0
9,1340,0.000396715
9,1341,0
9,1342,0
9,1343,0
9,1344,0
9,1345,0
9,1346,0.000179281
9,1347,0
9,1348,0.000347136
9,1349,0
9,1350,0
9,1351,0
9,1352,0
9,1353,0.00015726
9,1354,7.92413e-05
9,1355,0
9,1356,1.49971e-05
9,1357,0
9,1358,0
9,1359,2.88693e-05
9,1360,0
9,1361,0.000438576
9,1362,0
9,1363,0
9,1364,0
9,1365,0
9,1366,1.15927e-05
9,1367,0.00020184
9,1368,0
9,1369,0.000186217
9,1370,0
9,1371,0
9,1372,0
9,1373,0
9,1374,0.000286785
9,1375,5.7719e-06
9,1376,0
9,1377,0
9,1378,0
9,1379,0
9,1380,0.000109979
9,1381,0
9,1382,0.000376592
9,1383,0
9,1384,0
9,1385,0
9,1386,0
9,1387,7.15226e-05
9,1388,0.000128302
9,1389,0
9,1390,6.35593e-05
9,1391,0
9,1392,0
9,1393,1.18373e-06
9,1394,0
9,1395,0.000371338
9,1396,0
9,1397,0
9,1398,0
9,1399,0
9,1400,0
9,1401,0.000178635
9,1402,0
9,1403,0.000241686
9,1404,0
9,1405,0
9,1406,0
9,1407,0
9,1408,0.000175965
9,1409,2.86834e-05
9,1410,0
9,1411,0
9,1412,0
9,1413,0
9,1414,5.0284e-05
9,1415,0
9,1416,0.000367807
9,1417,0
9,1418,0
9,1419,0
9,1420,0
9,1421,1.85777e-05
9,1422,0.000160195
9,1423,0
9,1424,0.000108003
9,1425,0
9,1426,0
9,1427,0
9,1428,0
9,1429,0.000278646
9,1430,0
9,1431,0
9,1432,0
9,1433,0
9,1434,0
9,1435,0.000125739
9,1436,0
9,1437,0.000272913
9,1438,0
9,1439,0
9,1440,0
9,1441,0
9,1442,8.51208e-05
9,1443,7.08867e-05
9,1444,0
9,1445,1.52319e-05
9,1446,0
9,1447,0
9,1448,1.2571e-05
9,1449,0
9,1450,0.000320908
9,1451,0
9,1452,0
9,1453,0
9,1454,0
9,1455,0
9,1456,0.000156272
9,1457,0
9,1458,0.000148553
9,1459,0
9,1460,0
9,1461,0
9,1462,0
9,1463,0.000177941
9,1464,6.46648e-06
9,1465,0
9,1466,0
9,1467,0
9,1468,0
9,1469,6.63475e-05
9,1470,0
9,1471,0.000276464
9,1472,0
9,1473,0
9,1474,0
9,1475,0
9,1476,2.63355e-05
9,1477,0.0001059
9,1478,0
9,1479,4.49425e-05
9,1480,0
9,1481,0
9,1482,0
9,1483,0
9,1484,0.000247712
9,1485,0
9,1486,0
9,1487,0
9,1488,0
9,1489,0
9,1490,0.000122726
9,1491,0
9,1492,0.000173715
9,1493,0
9,1494,0
9,1495,0
9,1496,0
9,1497,9.0746e-05
9,1498,2.87323e-05
9,1499,0
9,1500,0
9,1501,0
9,1502,0
9,1503,2.2481e-05
9,1504,0
9,1505,0.000251978
9,1506,0
9,1507,0
9,1508,0
9,1509,0
9,1510,1.94679e-06
9,1511,0.000121533
9,1512,0
9,1513,7.89869e-05
9,1514,0
9,1515,0
9,1516,0
9,1517,0
9,1518,0.000164274
9,1519,0
9,1520,0
9,1521,0
9,1522,0
9,1523,0
9,1524,7.5651e-05
9,1525,0
9,1526,0.000185699
9,1527,0
9,1528,0
9,1529,0
9,1530,0
9,1531,3.14519e-05
9,1532,6.16712e-05
9,1533,0
9,1534,1.33438e-05
9,1535,0
9,1536,0
9,1537,2.54355e-06
9,1538,0
9,1539,0.000198896
9,1540,0
9,1541,0
9,1542,0
9,1543,0
9,1544,0
9,1545,0.000110077
9,1546,0
9,1547,9.52265e-05
9,1548,0
9,1549,0
9,1550,0
9,1551,0
9,1552,8.93177e-05
9,1553,8.17848e-06
9,1554,0
9,1555,0
9,1556,0
9,1557,0
9,1558,3.78695e-05
9,1559,0
9,1560,0.000169831
9,1561,0
9,1562,0
9,1563,0
9,1564,0
9,1565,3.22835e-06
9,1566,8.31544e-05
9,1567,0
9,1568,2.44083e-05
9,1569,0
9,1570,0
9,1571,0
9,1572,0
9,1573,0.000136021
9,1574,0
9,1575,0
9,1576,0
9,1577,0
9,1578,0
9,1579,7.98576e-05
9,1580,0
9,1581,0.000104227
9,1582,0
9,1583,0
9,1584,0
9,1585,0
9,1586,3.17454e-05
9,1587,2.83801e-05
9,1588,0
9,1589,0
9,1590,0
9,1591,0
9,1592,9.21547e-06
9,1593,0
9,1594,0.000139377
9,1595,0
9,1596,0
9,1597,0
9,1598,0
9,1599,0
9,1600,8.60991e-05
9,1601,0
9,1602,4.01098e-05
9,1603,0
9,1604,0
9,1605,0
9,1606,0
9,1607,7.69717e-05
9,1608,8.02196e-07
9,1609,0
9,1610,0
9,1611,0
9,1612,0
9,1613,4.28001e-05
9,1614,0
9,1615,9.88168e-05
9,1616,0
9,1617,0
9,1618,0
9,1619,0
9,1620,2.94465e-06
9,1621,5.15362e-05
9,1622,0
9,1623,3.99141e-06
9,1624,0
9,1625,0
9,1626,0
9,1627,0
9,1628,9.8807e-05
9,1629,0
9,1630,0
9,1631,0
9,1632,0
9,1633,0
9,1634,7.18357e-05
9,1635,0
9,1636,4.4111e-05
9,1637,0
9,1638,0
9,1639,0
9,1640,0
9,1641,2.67757e-05
9,1642,1.32656e-05
9,1643,0
9,1644,0
9,1645,0
9,1646,0
9,1647,1.82744e-05
9,1648,0
9,1649,8.24403e-05
9,1650,0
9,1651,0
9,1652,0
9,1653,0
9,1654,0
9,1655,6.63181e-05
9,1656,0
9,1657,1.01351e-05
9,1658,0
9,1659,0
9,1660,0
9,1661,0
9,1662,4.89926e-05
9,1663,0
9,1664,0
9,1665,0
9,1666,0
9,1667,0
9,1668,4.86894e-05
9,1669,0
9,1670,3.96109e-05
9,1671,0
9,1672,0
9,1673,0
9,1674,0
9,1675,2.3968e-06
9,1676,3.20585e-05
9,1677,0
9,1678,0
9,1679,0
9,1680,0
9,1681,1.55548e-06
9,1682,0
9,1683,5.29449e-05
9,1684,0
9,1685,0
9,1686,0
9,1687,0
9,1688,0
9,1689,6.67486e-05
9,1690,0
9,1691,1.22579e-05
9,1692,0
9,1693,0
9,1694,0
9,1695,0
9,1696,2.02114e-05
9,1697,6.56431e-06
9,1698,0
9,1699,0
9,1700,0
9,1701,0
9,1702,2.88008e-05
9,1703,0
9,1704,3.24694e-05
9,1705,0
9,1706,0
9,1707,0
9,1708,0
9,1709,0
9,1710,5.1634e-05
9,1711,0
9,1712,0
9,1713,0
9,1714,0
9,1715,0
9,1716,0
9,1717,2.90845e-05
9,1718,0
9,1719,0
9,1720,0
9,1721,0
9,1722,0
9,1723,5.29449e-05
9,1724,0
9,1725,1.25612e-05
9,1726,0
9,1727,0
9,1728,0
9,1729,0
9,1730,3.71749e-07
9,1731,2.5367e-05
9,1732,0
9,1733,0
9,1734,0
9,1735,0
9,1736,6.07517e-06
9,1737,0
9,1738,2.27256e-05
9,1739,0
9,1740,0
9,1741,0
9,1742,0
9,1743,0
9,1744,6.10647e-05
9,1745,0
9,1746,0
9,1747,0
9,1748,0
9,1749,0
9,1750,0
9,1751,1.02818e-05
9,1752,2.50442e-06
9,1753,0
9,1754,0
9,1755,0
9,1756,0
9,1757,3.42401e-05
9,1758,0
9,1759,6.87736e-06
9,1760,0
9,1761,0
9,1762,0
9,1763,0
9,1764,0
9,1765,4.59502e-05
9,1766,0
9,1767,0
9,1768,0
9,1769,0
9,1770,0
9,1771,0
9,1772,9.96875e-06
9,1773,0
9,1774,0
9,1775,0
9,1776,0
9,1777,0
9,1778,5.62515e-05
9,1779,0
9,1780,0
9,1781,0
9,1782,0
9,1783,0
9,1784,0
9,1785,0
9,1786,1.6083e-05
9,1787,0
9,1788,0
9,1789,0
9,1790,0
9,1791,1.22286e-05
9,1792,0
9,1793,3.13052e-07
9,1794,0
9,1795,0
9,1796,0
9,1797,0
9,1798,0
9,1799,5.44906e-05
9,1800,0
9,1801,0
9,1802,0
9,1803,0
9,1804,0
9,1805,0
9,1806,0
9,1807,0
9,1808,0
9,1809,0
9,1810,0
9,1811,0
9,1812,4.0775e-05
9,1813,0
9,1814,0
9,1815,0
9,1816,0
9,1817,0
9,1818,0
9,1819,0
9,1820,2.82921e-05
9,1821,0
9,1822,0
9,1823,0
9,1824,0
9,1825,0
9,1826,0
9,1827,0
9,1828,0
9,1829,0
9,1830,0
9,1831,0
9,1832,0
9,1833,5.45297e-05
9,1834,0
9,1835,0
9,1836,0
9,1837,0
9,1838,0
9,1839,0
9,1840,0
9,1841,4.37295e-06
9,1842,0
9,1843,0
9,1844,0
9,1845,0
9,1846,1.667e-05
9,1847,0
9,1848,0
9,1849,0
9,1850,0
9,1851,0
9,1852,0
9,1853,0
9,1854,4.02761e-05
9,1855,0
9,1856,0
9,1857,0
9,1858,0
9,1859,0
9,1860,0
9,1861,0
9,1862,0
9,1863,0
9,1864,0
9,1865,0
9,1866,0
9,1867,3.89456e-05
9,1868,0
9,1869,0
9,1870,0
9,1871,0
9,1872,0
9,1873,0
9,1874,0
9,1875,1.5408e-05
9,1876,0
9,1877,0
9,1878,0
9,1879,0
9,1880,4.66643e-06
9,1881,0
9,1882,0
9,1883,0
9,1884,0
9,1885,0
9,1886,0
9,1887,0
9,1888,4.63806e-05
9,1889,0
9,1890,0
9,1891,0
9,1892,0
9,1893,0
9,1894,0
9,1895,0
9,1896,0
9,1897,0
9,1898,0
9,1899,0
9,1900,0
9,1901,2.39876e-05
9,1902,2.49463e-06
9,1903,0
9,1904,0
9,1905,0
9,1906,0
9,1907,0
9,1908,0
9,1909,3.13052e-05
9,1910,0
9,1911,0
9,1912,0
9,1913,0
9,1914,0
9,1915,1.03698e-06
9,1916,0
9,1917,0
9,1918,0
9,1919,0
9,1920,0
9,1921,0
9,1922,3.72825e-05
9,1923,3.63923e-06
9,1924,0
9,1925,0
9,1926,0
9,1927,0
9,1928,0
9,1929,0
9,1930,5.32188e-06
9,1931,0
9,1932,0
9,1933,0
9,1934,0
9,1935,6.4567e-06
9,1936,8.33501e-06
9,1937,0
9,1938,0
9,1939,0
9,1940,0
9,1941,0
9,1942,0
9,1943,3.11976e-05
9,1944,1.99571e-06
9,1945,0
9,1946,0
9,1947,0
9,1948,0
9,1949,2.5142e-06
9,1950,0
9,1951,0
9,1952,0
9,1953,0
9,1954,0
9,1955,0
9,1956,2.28626e-05
9,1957,1.21992e-05
9,1958,0
9,1959,0
9,1960,0
9,1961,0
9,1962,0
9,1963,0
9,1964,1.00177e-05
9,1965,0
9,1966,0
9,1967,0
9,1968,0
9,1969,0
9,1970,1.01938e-05
9,1971,0
9,1972,0
9,1973,0
9,1974,0
9,1975,0
9,1976,0
9,1977,2.57583e-05
9,1978,1.05459e-05
9,1979,0
9,1980,0
9,1981,0
9,1982,0
9,1983,1.33047e-06
9,1984,0
9,1985,0
9,1986,0
9,1987,0
9,1988,0
9,1989,0
9,1990,6.1143e-06
9,1991,1.67581e-05
9,1992,0
9,1993,0
9,1994,0
9,1995,0
9,1996,0
9,1997,0
9,1998,1.37254e-05
9,1999,5.9969e-06
9,2000,0
9,2001,0
9,2002,0
9,2003,0
9,2004,1.25906e-05
9,2005,0
9,2006,0
9,2007,0
9,2008,0
9,2009,0
9,2010,0
9,2011,1.60733e-05
9,2012,1.76483e-05
9,2013,0
9,2014,0
9,2015,0
9,2016,0
9,2017,1.76092e-07
9,2018,0
9,2019,1.03698e-06
9,2020,0
9,2021,0
9,2022,0
9,2023,0
9,2024,0
9,2025,2.81551e-05
9,2026,0
9,2027,0
9,2028,0
9,2029,0
9,2030,0
9,2031,0
9,2032,1.54667e-05
9,2033,1.36373e-05
9,2034,0
9,2035,0
9,2036,0
9,2037,0
9,2038,1.25514e-05
9,2039,0
9,2040,0
9,2041,0
9,2042,0
9,2043,0
9,2044,0
9,2045,5.61537e-06
9,2046,3.61673e-05
9,2047,0
9,2048,0
9,2049,0
9,2050,0
9,2051,0
9,2052,0
9,2053,4.50012e-06
9,2054,5.38058e-06
9,2055,0
9,2056,0
9,2057,0
9,2058,0
9,2059,3.21857e-05
9,2060,0
9,2061,0
9,2062,0
9,2063,0
9,2064,0
9,2065,0
9,2066,7.86543e-06
9,2067,2.98573e-05
9,2068,0
9,2069,0
9,2070,0
9,2071,0
9,2072,9.78288e-06
9,2073,0
9,2074,0
9,2075,0
9,2076,0
9,2077,0
9,2078,0
9,2079,0
9,2080,4.87383e-05
9,2081,0
9,2082,0
9,2083,0
9,2084,0
9,2085,0
9,2086,0
9,2087,3.4827e-06
9,2088,1.43319e-05
9,2089,0
9,2090,0
9,2091,0
9,2092,0
9,2093,2.65312e-05
9,2094,0
9,2095,0
9,2096,0
9,2097,0
9,2098,0
9,2099,0
9,2100,2.21093e-06
9,2101,4.68111e-05
9,2102,0
9,2103,0
9,2104,0
9,2105,0
9,2106,4.30447e-06
9,2107,0
9,2108,0
9,2109,3.53162e-06
9,2110,0
9,2111,0
9,2112,0
9,2113,0
9,2114,4.67034e-05
9,2115,0
9,2116,0
9,2117,0
9,2118,0
9,2119,0
9,2120,0
9,2121,1.16416e-06
9,2122,3.60695e-05
9,2123,0
9,2124,0
9,2125,0
9,2126,0
9,2127,1.80005e-05
9,2128,0
9,2129,0
9,2130,0
9,2131,0
9,2132,0
9,2133,0
9,2134,0
9,2135,5.30134e-05
9,2136,0
9,2137,0
9,2138,0
9,2139,0
9,2140,1.63374e-06
9,2141,0
9,2142,0
9,2143,1.96538e-05
9,2144,0
9,2145,0
9,2146,0
9,2147,0
9,2148,4.00902e-05
9,2149,0
9,2150,0
9,2151,0
9,2152,0
9,2153,0
9,2154,0
9,2155,0
9,2156,4.14794e-05
9,2157,0
9,2158,0
9,2159,0
9,2160,0
9,2161,1.40678e-05
9,2162,0
9,2163,0
9,2164,2.00549e-06
9,2165,0
9,2166,0
9,2167,0
9,2168,0
9,2169,5.90983e-05
9,2170,0
9,2171,0
9,2172,0
9,2173,0
9,2174,1.11525e-06
9,2175,0
9,2176,0
9,2177,2.83606e-05
9,2178,0
9,2179,0
9,2180,0
9,2181,0
9,2182,2.89475e-05
9,2183,0
9,2184,0
9,2185,0
9,2186,0
9,2187,0
9,2188,0
9,2189,0
9,2190,5.13405e-05
9,2191,0
9,2192,0
9,2193,0
9,2194,0
9,2195,8.53067e-06
9,2196,0
9,2197,0
9,2198,7.53281e-06
9,2199,0
9,2200,0
9,2201,0
9,2202,0
9,2203,4.83372e-05
9,2204,0
9,2205,0
9,2206,0
9,2207,0
9,2208,0
9,2209,0
9,2210,0
9,2211,3.56194e-05
9,2212,0
9,2213,0
9,2214,0
9,2215,0
9,2216,1.75211e-05
9,2217,0
9,2218,0
9,2219,0
9,2220,0
9,2221,0
9,2222,0
9,2223,0
9,2224,5.29351e-05
9,2225,0
9,2226,0
9,2227,0
9,2228,0
9,2229,3.30661e-06
9,2230,0
9,2231,0
9,2232,2.0094e-05
9,2233,0
10,0,0
10,1,0
10,2,9.74374e-06
10,3,0
10,4,0
10,5,1.66798e-05
10,6,0
10,7,0
10,8,0
10,9,0
10,10,2.7754e-05
10,11,0
10,12,0
10,13,0.000765216
10,14,0
10,15,7.4477e-05
10,16,0
10,17,0
10,18,2.32148e-05
10,19,0
10,20,0
10,21,0
10,22,0
10,23,3.12074e-05
10,24,0
10,25,0
10,26,0.000119058
10,27,0
10,28,5.46569e-05
10,29,0
10,30,0
10,31,2.95638e-05
10,32,0
10,33,0
10,34,5.09688e-06
10,35,0
10,36,3.23911e-05
10,37,0
10,38,0
10,39,0.000102505
10,40,0
10,41,0
10,42,0
10,43,0
10,44,4.66839e-05
10,45,0
10,46,0
10,47,5.4745e-05
10,48,0
10,49,0.000622729
10,50,0
10,51,0
10,52,6.14756e-05
10,53,0
10,54,0
10,55,0
10,56,0
10,57,2.61007e-05
10,58,0
10,59,0
10,60,0.000670998
10,61,0
10,62,0
10,63,0
10,64,0
10,65,8.90144e-05
10,66,0
10,67,0
10,68,1.11036e-05
10,69,0
10,70,0.000699789
10,71,0
10,72,0
10,73,9.32308e-05
10,74,0
10,75,0
10,76,0
10,77,0
10,78,9.35439e-05
10,79,0
10,80,0
10,81,0.000706959
10,82,0
10,83,0.000114117
10,84,0
10,85,0
10,86,0.000138349
10,87,0
10,88,0
10,89,0
10,90,0
10,91,9.84549e-05
10,92,0
10,93,0
10,94,0.000189807
10,95,0
10,96,0
10,97,0
10,98,0
10,99,0.000158952
10,100,0
10,101,0
10,102,6.34028e-05
10,103,0
10,104,0.000108952
10,105,0
10,106,0
10,107,0.000153063
10,108,0
10,109,0
10,110,0
10,111,0
10,112,9.01198e-05
10,113,0
10,114,0
10,115,0.000152055
10,116,0
10,117,0
10,118,0
10,119,0
10,120,0.000191754
10,121,0
10,122,0
10,123,0
10,124,0
10,125,0.000143456
10,126,0
10,127,0
10,128,0.000135248
10,129,0
10,130,0
10,131,0
10,132,0
10,133,0.00015771
10,134,0
10,135,0
10,136,0.000142977
10,137,0
10,138,9.10297e-05
10,139,0
10,140,0
10,141,0.000195462
10,142,0
10,143,0
10,144,0
10,145,0
10,146,5.24753e-05
10,147,0
10,148,0
10,149,0.000170692
10,150,0
10,151,0
10,152,0
10,153,0
10,154,0.000200304
10,155,0
10,156,0
10,157,0
10,158,0
10,159,9.642e-05
10,160,0
10,161,0
10,162,0.000161417
10,163,0
10,164,0
10,165,0
10,166,0
10,167,0.000106516
10,168,0
10,169,0
10,170,0.000123509
10,171,0
10,172,0
10,173,0
10,174,0
10,175,0.000196284
10,176,0
10,177,0
10,178,0
10,179,0
10,180,1.60635e-05
10,181,0
10,182,0
10,183,9.69972e-05
10,184,0
10,185,0
10,186,0
10,187,0
10,188,0.000157524
10,189,0
10,190,0
10,191,5.28275e-07
10,192,0
10,193,1.38917e-05
10,194,0
10,195,0
10,196,0.000167669
10,197,0
10,198,0
10,199,0
10,200,0
10,201,6.07223e-05
10,202,0
10,203,0
10,204,6.46061e-05
10,205,0
10,206,0
10,207,0
10,208,0
10,209,0.000180836
10,210,0
10,211,0
10,212,0
10,213,0
10,214,0
10,215,0
10,216,0
10,217,0.000112591
10,218,0
10,219,0
10,220,0
10,221,0
10,222,0.000112591
10,223,0
10,224,0
10,225,4.85231e-06
10,226,0
10,227,0
10,228,0
10,229,0
10,230,0.000167864
10,231,0
10,232,0
10,233,0
10,234,0
10,235,1.99668e-05
10,236,0
10,237,0
10,238,5.6545e-05
10,239,0
10,240,0
10,241,0
10,242,0
10,243,0.000149531
10,244,0
10,245,0
10,246,0
10,247,0
10,248,0
10,249,0
10,250,0
10,251,0.000125671
10,252,0
10,253,0
10,254,0
10,255,0
10,256,6.13582e-05
10,257,0
10,258,0
10,259,1.33047e-05
10,260,0
10,261,0
10,262,0
10,263,0
10,264,0.000153493
10,265,0
10,266,0
10,267,0
10,268,0
10,269,0
10,270,0
10,271,0
10,272,7.12487e-05
10,273,0
10,274,0
10,275,0
10,276,0
10,277,0.000106956
10,278,0
10,279,0
10,280,0
10,281,0
10,282,0
10,283,0
10,284,0
10,285,0.000127569
10,286,0
10,287,0
10,288,0
10,289,0
10,290,2.17375e-05
10,291,0
10,292,0
10,293,2.1943e-05
10,294,0
10,295,0
10,296,0
10,297,0
10,298,0.000131541
10,299,0
10,300,0
10,301,0
10,302,0
10,303,0
10,304,0
10,305,0
10,306,8.09142e-05
10,307,0
10,308,0
10,309,0
10,310,0
10,311,6.43224e-05
10,312,3.99141e-06
10,313,0
10,314,0
10,315,0
10,316,0
10,317,0
10,318,0
10,319,0.000123626
10,320,0
10,321,0
10,322,0
10,323,0
10,324,0
10,325,0
10,326,0
10,327,3.45727e-05
10,328,0
10,329,0
10,330,0
10,331,0
10,332,9.70853e-05
10,333,4.25555e-06
10,334,0
10,335,0
10,336,0
10,337,0
10,338,0
10,339,0
10,340,8.92003e-05
10,341,0
10,342,0
10,343,0
10,344,0
10,345,2.29604e-05
10,346,1.05949e-05
10,347,0
10,348,4.83274e-06
10,349,0
10,350,0
10,351,0
10,352,0
10,353,0.000106878
10,354,0
10,355,0
10,356,0
10,357,0
10,358,0
10,359,0
10,360,0
10,361,4.54023e-05
10,362,0
10,363,0
10,364,0
10,365,0
10,366,5.83549e-05
10,367,1.79124e-05
10,368,0
10,369,0
10,370,0
10,371,0
10,372,0
10,373,0
10,374,8.60306e-05
10,375,0
10,376,0
10,377,0
10,378,0
10,379,0
10,380,9.82201e-06
10,381,0
10,382,1.06731e-05
10,383,0
10,384,0
10,385,0
10,386,0
10,387,7.9662e-05
10,388,1.21503e-05
10,389,0
10,390,0
10,391,0
10,392,0
10,393,0
10,394,0
10,395,5.00883e-05
10,396,0
10,397,0
10,398,0
10,399,0
10,400,2.23343e-05
10,401,2.568e-05
10,402,0
10,403,0
10,404,0
10,405,0
10,406,0
10,407,0
10,408,7.69227e-05
10,409,0
10,410,0
10,411,0
10,412,0
10,413,0
10,414,8.88285e-06
10,415,0
10,416,1.47819e-05
10,417,0
10,418,0
10,419,0
10,420,0
10,421,4.99416e-05
10,422,2.95834e-05
10,423,0
10,424,0
10,425,0
10,426,0
10,427,0
10,428,0
10,429,5.23482e-05
10,430,0
10,431,0
10,432,0
10,433,0
10,434,0
10,435,3.68717e-05
10,436,0
10,437,0
10,438,0
10,439,0
10,440,0
10,441,0
10,442,6.08984e-05
10,443,1.82744e-05
10,444,0
10,445,0
10,446,0
10,447,0
10,448,5.97734e-06
10,449,0
10,450,2.13071e-05
10,451,0
10,452,0
10,453,0
10,454,0
10,455,2.02701e-05
10,456,5.81201e-05
10,457,0
10,458,0
10,459,0
10,460,0
10,461,0
10,462,0
10,463,5.0059e-05
10,464,0
10,465,0
10,466,0
10,467,0
10,468,0
10,469,3.55999e-05
10,470,0
10,471,2.1718e-06
10,472,0
10,473,0
10,474,0
10,475,0
10,476,3.80163e-05
10,477,5.15655e-05
10,478,0
10,479,0
10,480,0
10,481,0
10,482,0
10,483,0
10,484,2.59051e-05
10,485,0
10,486,0
10,487,0
10,488,0
10,489,6.06538e-07
10,490,7.25792e-05
10,491,0
10,492,0
10,493,0
10,494,0
10,495,0
10,496,0
10,497,3.93369e-05
10,498,2.19332e-05
10,499,0
10,500,0
10,501,0
10,502,0
10,503,2.22071e-05
10,504,0
10,505,6.17299e-06
10,506,0
10,507,0
10,508,0
10,509,0
10,510,1.59852e-05
10,511,8.57567e-05
10,512,0
10,513,0
10,514,0
10,515,0
10,516,0
10,517,0
10,518,2.57387e-05
10,519,0
10,520,0
10,521,0
10,522,0
10,523,0
10,524,7.51423e-05
10,525,0
10,526,0
10,527,0
10,528,0
10,529,0
10,530,0
10,531,2.63942e-05
10,532,6.0869e-05
10,533,0
10,534,0
10,535,0
10,536,0
10,537,1.1221e-05
10,538,0
10,539,7.7676e-06
10,540,0
10,541,0
10,542,0
10,543,0
10,544,8.02196e-07
10,545,0.00011176
10,546,0
10,547,0
10,548,0
10,549,0
10,550,0
10,551,0
10,552,2.37039e-05
10,553,2.01723e-05
10,554,0
10,555,0
10,556,0
10,557,0
10,558,6.05071e-05
10,559,0
10,560,0
10,561,0
10,562,0
10,563,0
10,564,0
10,565,1.05753e-05
10,566,0.000105812
10,567,0
10,568,0
10,569,0
10,570,0
10,571,2.22071e-06
10,572,0
10,573,9.81222e-06
10,574,0
10,575,0
10,576,0
10,577,0
10,578,0
10,579,0.000122579
10,580,0
10,581,0
10,582,0
10,583,0
10,584,0
10,585,0
10,586,1.44297e-05
10,587,6.45083e-05
10,588,0
10,589,0
10,590,0
10,591,0
10,592,4.22425e-05
10,593,0
10,594,0
10,595,0
10,596,0
10,597,0
10,598,0
10,599,0
10,600,0.000147369
10,601,0
10,602,0
10,603,0
10,604,0
10,605,0
10,606,0
10,607,1.05655e-05
10,608,1.50461e-05
10,609,0
10,610,0
10,611,0
10,612,0
10,613,0.000120349
10,614,0
10,615,0
10,616,0
10,617,0
10,618,0
10,619,0
10,620,5.88929e-06
10,621,0.000119889
10,622,0
10,623,0
10,624,0
10,625,0
10,626,2.04951e-05
10,627,0
10,628,2.88595e-06
10,629,0
10,630,0
10,631,0
10,632,0
10,633,0
10,634,0.000175065
10,635,0
10,636,0
10,637,0
10,638,0
10,639,0
10,640,0
10,641,7.26868e-06
10,642,5.85799e-05
10,643,0
10,644,0
10,645,0
10,646,0
10,647,9.9981e-05
10,648,0
10,649,0
10,650,0
10,651,0
10,652,0
10,653,0
10,654,0
10,655,0.000175573
10,656,0
10,657,0
10,658,0
10,659,0
10,660,5.80125e-06
10,661,0
10,662,5.97734e-06
10,663,7.71869e-06
10,664,0
10,665,0
10,666,0
10,667,0
10,668,0.000184172
10,669,0
10,670,0
10,671,0
10,672,0
10,673,0
10,674,0
10,675,2.93486e-06
10,676,0.000119468
10,677,0
10,678,0
10,679,0
10,680,0
10,681,6.40094e-05
10,682,0
10,683,0
10,684,0
10,685,0
10,686,0
10,687,0
10,688,0
10,689,0.00021223
10,690,0
10,691,0
10,692,0
10,693,0
10,694,0
10,695,0
10,696,6.62301e-06
10,697,4.38371e-05
10,698,0
10,699,0
10,700,0
10,701,0
10,702,0.000168784
10,703,0
10,704,0
10,705,0
10,706,0
10,707,0
10,708,0
10,709,0
10,710,0.000179506
10,711,0
10,712,0
10,713,0
10,714,0
10,715,2.91432e-05
10,716,0
10,717,5.17514e-06
10,718,0
10,719,0
10,720,0
10,721,0
10,722,0
10,723,0.000237049
10,724,0
10,725,0
10,726,0
10,727,0
10,728,0
10,729,0
10,730,3.33596e-06
10,731,0.000103014
10,732,0
10,733,0
10,734,0
10,735,0
10,736,0.000133419
10,737,0
10,738,1.46743e-07
10,739,0
10,740,0
10,741,0
10,742,0
10,743,0
10,744,0.000233967
10,745,0
10,746,0
10,747,0
10,748,0
10,749,8.08065e-06
10,750,0
10,751,8.71654e-06
10,752,2.49855e-05
10,753,0
10,754,0
10,755,0
10,756,0
10,757,0.000241295
10,758,0
10,759,0
10,760,0
10,761,0
10,762,0
10,763,0
10,764,0
10,765,0.000172991
10,766,0
10,767,0
10,768,0
10,769,0
10,770,8.36338e-05
10,771,0
10,772,7.80673e-06
10,773,0
10,774,0
10,775,0
10,776,0
10,777,0
10,778,0.00027844
10,779,0
10,780,0
10,781,0
10,782,0
10,783,0
10,784,0
10,785,6.75997e-06
10,786,8.21859e-05
10,787,0
10,788,0
10,789,0
10,790,0
10,791,0.000214421
10,792,0
10,793,5.86973e-08
10,794,0
10,795,0
10,796,0
10,797,0
10,798,0
10,799,0.000240717
10,800,0
10,801,0
10,802,0
10,803,0
10,804,3.30857e-05
10,805,0
10,806,1.74135e-05
10,807,1.26101e-05
10,808,0
10,809,0
10,810,0
10,811,0
10,812,0.00029604
10,813,0
10,814,0
10,815,0
10,816,0
10,817,0
10,818,0
10,819,2.89573e-06
10,820,0.00015366
10,821,0
10,822,0
10,823,0
10,824,0
10,825,0.000159079
10,826,0
10,827,1.00764e-05
10,828,0
10,829,0
10,830,0
10,831,0
10,832,0
10,833,0.000288702
10,834,0
10,835,0
10,836,0
10,837,0
10,838,7.99261e-06
10,839,0
10,840,2.03484e-05
10,841,5.33754e-05
10,842,0
10,843,0
10,844,0
10,845,0
10,846,0.000286227
10,847,0
10,848,0
10,849,0
10,850,0
10,851,0
10,852,0
10,853,0
10,854,0.000218765
10,855,0
10,856,0
10,857,0
10,858,0
10,859,9.27612e-05
10,860,0
10,861,2.47507e-05
10,862,0
10,863,0
10,864,0
10,865,0
10,866,0
10,867,0.0003271
10,868,0
10,869,0
10,870,0
10,871,0
10,872,0
10,873,0
10,874,1.37939e-05
10,875,0.000115213
10,876,0
10,877,0
10,878,0
10,879,0
10,880,0.000239318
10,881,0
10,882,1.00372e-05
10,883,0
10,884,0
10,885,0
10,886,0
10,887,0
10,888,0.000283821
10,889,0
10,890,0
10,891,0
10,892,0
10,893,3.08552e-05
10,894,0
10,895,3.16378e-05
10,896,2.48094e-05
10,897,0
10,898,0
10,899,0
10,900,0
10,901,0.000336345
10,902,0
10,903,0
10,904,0
10,905,0
10,906,0
10,907,0
10,908,3.39466e-06
10,909,0.000187068
10,910,0
10,911,0
10,912,0
10,913,0
10,914,0.000162425
10,915,0
10,916,2.9241e-05
10,917,0
10,918,0
10,919,0
10,920,0
10,921,0
10,922,0.000333166
10,923,0
10,924,0
10,925,0
10,926,0
10,927,3.13052e-06
10,928,0
10,929,2.80084e-05
10,930,8.06109e-05
10,931,0
10,932,0
10,933,0
10,934,0
10,935,0.000308444
10,936,0
10,937,8.34479e-06
10,938,0
10,939,0
10,940,0
10,941,0
10,942,0
10,943,0.000255421
10,944,0
10,945,0
10,946,0
10,947,0
10,948,8.3986e-05
10,949,0
10,950,4.35338e-05
10,951,8.81437e-06
10,952,0
10,953,0
10,954,0
10,955,0
10,956,0.000358357
10,957,0
10,958,0
10,959,0
10,960,0
10,961,0
10,962,0
10,963,1.56917e-05
10,964,0.00014553
10,965,0
10,966,0
10,967,0
10,968,0
10,969,0.000239485
10,970,0
10,971,2.98769e-05
10,972,0
10,973,0
10,974,0
10,975,0
10,976,0
10,977,0.000310704
10,978,0
10,979,0
10,980,0
10,981,0
10,982,2.50833e-05
10,983,0
10,984,4.69774e-05
10,985,4.19098e-05
10,986,0
10,987,0
10,988,0
10,989,0
10,990,0.00034694
10,991,0
10,992,4.69578e-06
10,993,0
10,994,0
10,995,0
10,996,0
10,997,3.03269e-06
10,998,0.000209852
10,999,0
10,1000,0
10,1001,0
10,1002,0
10,1003,0.000149062
10,1004,0
10,1005,5.20938e-05
10,1006,0
10,1007,0
10,1008,0
10,1009,0
10,1010,0
10,1011,0.000351489
10,1012,0
10,1013,0
10,1014,0
10,1015,0
10,1016,0
10,1017,0
10,1018,3.47683e-05
10,1019,9.72516e-05
10,1020,0
10,1021,0
10,1022,0
10,1023,0
10,1024,0.000295805
10,1025,0
10,1026,2.3518e-05
10,1027,0
10,1028,0
10,1029,0
10,1030,0
10,1031,0
10,1032,0.000271181
10,1033,0
10,1034,0
10,1035,0
10,1036,0
10,1037,5.8257e-05
10,1038,0
10,1039,6.308e-05
10,1040,1.53689e-05
10,1041,0
10,1042,0
10,1043,0
10,1044,0
10,1045,0.000359198
10,1046,0
10,1047,0
10,1048,0
10,1049,0
10,1050,0
10,1051,0
10,1052,1.39895e-05
10,1053,0.000155939
10,1054,0
10,1055,0
10,1056,0
10,1057,0
10,1058,0.000207055
10,1059,0
10,1060,4.95698e-05
10,1061,0
10,1062,0
10,1063,0
10,1064,0
10,1065,0
10,1066,0.000319313
10,1067,0
10,1068,0
10,1069,0
10,1070,0
10,1071,1.42439e-05
10,1072,0
10,1073,5.29645e-05
10,1074,5.25536e-05
10,1075,0
10,1076,0
10,1077,0
10,1078,0
10,1079,0.000326288
10,1080,0
10,1081,1.27373e-05
10,1082,0
10,1083,0
10,1084,0
10,1085,0
10,1086,1.3696e-06
10,1087,0.000214343
10,1088,0
10,1089,0
10,1090,0
10,1091,0
10,1092,0.000114597
10,1093,0
10,1094,6.95954e-05
10,1095,0
10,1096,0
10,1097,0
10,1098,0
10,1099,0
10,1100,0.000341373
10,1101,0
10,1102,0
10,1103,0
10,1104,0
10,1105,0
10,1106,0
10,1107,3.46118e-05
10,1108,0.00010049
10,1109,0
10,1110,0
10,1111,0
10,1112,0
10,1113,0.000254658
10,1114,0
10,1115,4.16261e-05
10,1116,0
10,1117,0
10,1118,0
10,1119,0
10,1120,0
10,1121,0.000263854
10,1122,0
10,1123,0
10,1124,0
10,1125,0
10,1126,3.48564e-05
10,1127,0
10,1128,7.21389e-05
10,1129,1.8607e-05
10,1130,0
10,1131,0
10,1132,0
10,1133,0
10,1134,0.000327462
10,1135,0
10,1136,5.78168e-06
10,1137,0
10,1138,0
10,1139,0
10,1140,0
10,1141,1.09079e-05
10,1142,0.00015272
10,1143,0
10,1144,0
10,1145,0
10,1146,0
10,1147,0.000157289
10,1148,0
10,1149,6.66507e-05
10,1150,0
10,1151,0
10,1152,0
10,1153,0
10,1154,0
10,1155,0.000296959
10,1156,0
10,1157,0
10,1158,0
10,1159,0
10,1160,0
10,1161,0
10,1162,5.27688e-05
10,1163,5.59091e-05
10,1164,0
10,1165,0
10,1166,0
10,1167,0
10,1168,0.000274282
10,1169,0
10,1170,2.75094e-05
10,1171,0
10,1172,0
10,1173,0
10,1174,0
10,1175,0
10,1176,0.000197311
10,1177,0
10,1178,0
10,1179,0
10,1180,0
10,1181,6.44594e-05
10,1182,0
10,1183,7.86152e-05
10,1184,1.0859e-06
10,1185,0
10,1186,0
10,1187,0
10,1188,0
10,1189,0.000301185
10,1190,0
10,1191,0
10,1192,0
10,1193,0
10,1194,0
10,1195,0
10,1196,2.82529e-05
10,1197,8.78991e-05
10,1198,0
10,1199,0
10,1200,0
10,1201,0
10,1202,0.000186031
10,1203,0
10,1204,5.24558e-05
10,1205,0
10,1206,0
10,1207,0
10,1208,0
10,1209,0
10,1210,0.000235963
10,1211,0
10,1212,0
10,1213,0
10,1214,0
10,1215,1.5633e-05
10,1216,0
10,1217,6.86073e-05
10,1218,1.64939e-05
10,1219,0
10,1220,0
10,1221,0
10,1222,0
10,1223,0.00026672
10,1224,0
10,1225,9.37199e-06
10,1226,0
10,1227,0
10,1228,0
10,1229,0
10,1230,7.61108e-06
10,1231,0.000122315
10,1232,0
10,1233,0
10,1234,0
10,1235,0
10,1236,9.95897e-05
10,1237,0
10,1238,7.3577e-05
10,1239,0
10,1240,0
10,1241,0
10,1242,0
10,1243,0
10,1244,0.000251234
10,1245,0
10,1246,0
10,1247,0
10,1248,0
10,1249,0
10,1250,0
10,1251,4.47567e-05
10,1252,4.1949e-05
10,1253,0
10,1254,0
10,1255,0
10,1256,0
10,1257,0.000197595
10,1258,0
10,1259,3.24107e-05
10,1260,0
10,1261,0
10,1262,0
10,1263,0
10,1264,0
10,1265,0.000158404
10,1266,0
10,1267,0
10,1268,0
10,1269,0
10,1270,2.91236e-05
10,1271,0
10,1272,7.62771e-05
10,1273,0
10,1274,0
10,1275,0
10,1276,0
10,1277,0
10,1278,0.000234271
10,1279,0
10,1280,1.80983e-06
10,1281,0
10,1282,0
10,1283,0
10,1284,0
10,1285,1.57798e-05
10,1286,7.35379e-05
10,1287,0
10,1288,0
10,1289,0
10,1290,0
10,1291,0.000116485
10,1292,0
10,1293,5.51265e-05
10,1294,0
10,1295,0
10,1296,0
10,1297,0
10,1298,0
10,1299,0.000177422
10,1300,0
10,1301,0
10,1302,0
10,1303,0
10,1304,0
10,1305,0
10,1306,5.78266e-05
10,1307,1.23851e-05
10,1308,0
10,1309,0
10,1310,0
10,1311,0
10,1312,0.000183566
10,1313,0
10,1314,1.3383e-05
10,1315,0
10,1316,0
10,1317,0
10,1318,0
10,1319,2.18158e-06
10,1320,9.19982e-05
10,1321,0
10,1322,0
10,1323,0
10,1324,0
10,1325,3.99141e-05
10,1326,0
10,1327,6.64257e-05
10,1328,0
10,1329,0
10,1330,0
10,1331,0
10,1332,0
10,1333,0.000177285
10,1334,0
10,1335,0
10,1336,0
10,1337,0
10,1338,0
10,1339,0
10,1340,3.33107e-05
10,1341,2.27061e-05
10,1342,0
10,1343,0
10,1344,0
10,1345,0
10,1346,0.000116915
10,1347,0
10,1348,3.39661e-05
10,1349,0
10,1350,0
10,1351,0
10,1352,0
10,1353,0
10,1354,0.00011398
10,1355,2.73921e-06
10,1356,0
10,1357,0
10,1358,0
10,1359,5.9969e-06
10,1360,0
10,1361,6.03897e-05
10,1362,0
10,1363,0
10,1364,0
10,1365,0
10,1366,0
10,1367,0.000148798
10,1368,0
10,1369,2.42615e-06
10,1370,0
10,1371,0
10,1372,0
10,1373,0
10,1374,9.68505e-06
10,1375,3.61966e-05
10,1376,0
10,1377,0
10,1378,0
10,1379,0
10,1380,5.00883e-05
10,1381,0
10,1382,4.7848e-05
10,1383,0
10,1384,0
10,1385,0
10,1386,0
10,1387,0
10,1388,0.000119762
10,1389,3.6588e-06
10,1390,0
10,1391,0
10,1392,0
10,1393,0
10,1394,0
10,1395,3.91608e-05
10,1396,4.29468e-06
10,1397,0
10,1398,0
10,1399,0
10,1400,0
10,1401,0.000103072
10,1402,0
10,1403,1.17101e-05
10,1404,0
10,1405,0
10,1406,0
10,1407,0
10,1408,0
10,1409,4.71535e-05
10,1410,3.22835e-06
10,1411,0
10,1412,0
10,1413,0
10,1414,1.10351e-05
10,1415,0
10,1416,5.04112e-05
10,1417,0
10,1418,0
10,1419,0
10,1420,0
10,1421,0
10,1422,0.000108189
10,1423,0
10,1424,0
10,1425,0
10,1426,0
10,1427,0
10,1428,0
10,1429,1.64744e-05
10,1430,1.13286e-05
10,1431,0
10,1432,0
10,1433,0
10,1434,0
10,1435,4.74665e-05
10,1436,0
10,1437,2.57192e-05
10,1438,0
10,1439,0
10,1440,0
10,1441,0
10,1442,0
10,1443,5.49015e-05
10,1444,1.33438e-05
10,1445,0
10,1446,0
10,1447,0
10,1448,0
10,1449,0
10,1450,3.81728e-05
10,1451,0
10,1452,0
10,1453,0
10,1454,0
10,1455,0
10,1456,7.48292e-05
10,1457,0
10,1458,2.44572e-06
10,1459,0
10,1460,0
10,1461,0
10,1462,0
10,1463,2.82725e-06
10,1464,1.57211e-05
10,1465,3.26748e-06
10,1466,0
10,1467,0
10,1468,0
10,1469,1.0859e-05
10,1470,0
10,1471,3.45042e-05
10,1472,0
10,1473,0
10,1474,0
10,1475,0
10,1476,0
10,1477,5.28764e-05
10,1478,9.33286e-06
10,1479,0
10,1480,0
10,1481,0
10,1482,0
10,1483,0
10,1484,2.17571e-05
10,1485,0
10,1486,0
10,1487,0
10,1488,0
10,1489,0
10,1490,3.33205e-05
10,1491,0
10,1492,8.14914e-06
10,1493,0
10,1494,0
10,1495,0
10,1496,0
10,1497,0
10,1498,2.00549e-05
10,1499,1.71396e-05
10,1500,0
10,1501,0
10,1502,0
10,1503,0
10,1504,0
10,1505,3.32618e-05
10,1506,0
10,1507,0
10,1508,0
10,1509,0
10,1510,0
10,1511,3.51694e-05
10,1512,6.27082e-06
10,1513,0
10,1514,0
10,1515,0
10,1516,0
10,1517,0
10,1518,6.94584e-06
10,1519,0
10,1520,0
10,1521,0
10,1522,0
10,1523,0
10,1524,9.06873e-06
10,1525,0
10,1526,1.5183e-05
10,1527,0
10,1528,0
10,1529,0
10,1530,0
10,1531,0
10,1532,1.94092e-05
10,1533,2.79692e-05
10,1534,0
10,1535,0
10,1536,0
10,1537,0
10,1538,0
10,1539,2.15908e-05
10,1540,0
10,1541,0
10,1542,0
10,1543,0
10,1544,0
10,1545,2.13658e-05
10,1546,0
10,1547,0
10,1548,0
10,1549,0
10,1550,0
10,1551,0
10,1552,0
10,1553,0
10,1554,1.00861e-05
10,1555,0
10,1556,0
10,1557,0
10,1558,0
10,1559,0
10,1560,1.45374e-05
10,1561,0
10,1562,0
10,1563,0
10,1564,0
10,1565,0
10,1566,1.63765e-05
10,1567,2.17865e-05
10,1568,0
10,1569,0
10,1570,0
10,1571,0
10,1572,0
10,1573,7.92413e-06
10,1574,0
10,1575,0
10,1576,0
10,1577,0
10,1578,0
10,1579,2.8566e-06
10,1580,0
10,1581,2.3968e-06
10,1582,0
10,1583,0
10,1584,0
10,1585,0
10,1586,0
10,1587,0
10,1588,3.03269e-05
10,1589,0
10,1590,0
10,1591,0
10,1592,0
10,1593,0
10,1594,1.08981e-05
10,1595,0
10,1596,0
10,1597,0
10,1598,0
10,1599,0
10,1600,5.18492e-06
10,1601,8.48175e-06
10,1602,0
10,1603,0
10,1604,0
10,1605,0
10,1606,0
10,1607,2.26963e-06
10,1608,0
10,1609,5.67407e-06
10,1610,0
10,1611,0
10,1612,0
10,1613,0
10,1614,0
10,1615,5.39036e-06
10,1616,0
10,1617,0
10,1618,0
10,1619,0
10,1620,0
10,1621,0
10,1622,3.29389e-05
10,1623,0
10,1624,0
10,1625,0
10,1626,0
10,1627,0
10,1628,6.55453e-06
10,1629,0
10,1630,0
10,1631,0
10,1632,0
10,1633,0
10,1634,0
10,1635,1.12503e-06
10,1636,0
10,1637,0
10,1638,0
10,1639,0
10,1640,0
10,1641,0
10,1642,0
10,1643,2.13267e-05
10,1644,0
10,1645,0
10,1646,0
10,1647,0
10,1648,0
10,1649,6.41757e-06
10,1650,0
10,1651,0
10,1652,0
10,1653,0
10,1654,0
10,1655,0
10,1656,2.67562e-05
10,1657,0
10,1658,0
10,1659,0
10,1660,0
10,1661,0
10,1662,2.7979e-06
10,1663,0
10,1664,0
10,1665,0
10,1666,0
10,1667,0
10,1668,0
10,1669,0
10,1670,0
10,1671,0
10,1672,0
10,1673,0
10,1674,0
10,1675,0
10,1676,0
10,1677,3.14813e-05
10,1678,0
10,1679,0
10,1680,0
10,1681,0
10,1682,0
10,1683,3.98163e-06
10,1684,0
10,1685,0
10,1686,0
10,1687,0
10,1688,0
10,1689,0
10,1690,8.8535e-06
10,1691,0
10,1692,0
10,1693,0
10,1694,0
10,1695,0
10,1696,1.79027e-06
10,1697,0
10,1698,7.72847e-06
10,1699,0
10,1700,0
10,1701,0
10,1702,0
10,1703,0
10,1704,0
10,1705,0
10,1706,0
10,1707,0
10,1708,0
10,1709,0
10,1710,0
10,1711,3.15106e-05
10,1712,0
10,1713,0
10,1714,0
10,1715,0
10,1716,0
10,1717,1.86853e-06
10,1718,0
10,1719,0
10,1720,0
10,1721,0
10,1722,0
10,1723,0
10,1724,6.94584e-07
10,1725,0
10,1726,0
10,1727,0
10,1728,0
10,1729,0
10,1730,2.48485e-06
10,1731,0
10,1732,2.57192e-05
10,1733,0
10,1734,0
10,1735,0
10,1736,0
10,1737,0
10,1738,0
10,1739,0
10,1740,0
10,1741,0
10,1742,0
10,1743,0
10,1744,0
10,1745,2.08571e-05
10,1746,0
10,1747,0
10,1748,0
10,1749,0
10,1750,0
10,1751,4.48056e-06
10,1752,0
10,1753,0
10,1754,0
10,1755,0
10,1756,0
10,1757,0
10,1758,0
10,1759,0
10,1760,0
10,1761,0
10,1762,0
10,1763,0
10,1764,2.83703e-06
10,1765,0
10,1766,2.61496e-05
10,1767,0
10,1768,0
10,1769,0
10,1770,0
10,1771,0
10,1772,4.40229e-07
10,1773,0
10,1774,0
10,1775,0
10,1776,0
10,1777,0
10,1778,0
10,1779,7.11215e-06
10,1780,0
10,1781,0
10,1782,0
10,1783,0
10,1784,0
10,1785,8.92198e-06
10,1786,0
10,1787,6.82845e-06
10,1788,0
10,1789,0
10,1790,0
10,1791,0
10,1792,0
10,1793,0
10,1794,0
10,1795,0
10,1796,0
10,1797,0
10,1798,2.4555e-06
10,1799,0
10,1800,1.89201e-05
10,1801,0
10,1802,0
10,1803,0
10,1804,0
10,1805,0
10,1806,4.95992e-06
10,1807,0
10,1808,0
10,1809,0
10,1810,0
10,1811,0
10,1812,0
10,1813,0
10,1814,0
10,1815,0
10,1816,0
10,1817,0
10,1818,0
10,1819,9.66548e-06
10,1820,0
10,1821,1.62591e-05
10,1822,0
10,1823,0
10,1824,0
10,1825,0
10,1826,0
10,1827,0
10,1828,0
10,1829,0
10,1830,0
10,1831,0
10,1832,9.97853e-07
10,1833,0
10,1834,6.95562e-06
10,1835,0
10,1836,0
10,1837,0
10,1838,0
10,1839,0
10,1840,1.20721e-05
10,1841,0
10,1842,0
10,1843,0
10,1844,0
10,1845,0
10,1846,0
10,1847,0
10,1848,0
10,1849,0
10,1850,0
10,1851,0
10,1852,0
10,1853,1.03503e-05
10,1854,0
10,1855,1.38428e-05
10,1856,0
10,1857,0
10,1858,0
10,1859,0
10,1860,0
10,1861,5.43928e-06
10,1862,0
10,1863,0
10,1864,0
10,1865,0
10,1866,0
10,1867,0
10,1868,2.15223e-07
10,1869,0
10,1870,0
10,1871,0
10,1872,0
10,1873,0
10,1874,2.05245e-05
10,1875,0
10,1876,4.30447e-06
10,1877,0
10,1878,0
10,1879,0
10,1880,0
10,1881,0
10,1882,0
10,1883,0
10,1884,0
10,1885,0
10,1886,0
10,1887,1.08883e-05
10,1888,0
10,1889,6.64257e-06
10,1890,0
10,1891,0
10,1892,0
10,1893,0
10,1894,0
10,1895,1.51537e-05
10,1896,0
10,1897,0
10,1898,0
10,1899,0
10,1900,0
10,1901,0
10,1902,0
10,1903,0
10,1904,0
10,1905,0
10,1906,0
10,1907,0
10,1908,2.64627e-05
10,1909,0
10,1910,4.66643e-06
10,1911,0
10,1912,0
10,1913,0
10,1914,0
10,1915,0
10,1916,5.35123e-06
10,1917,0
10,1918,0
10,1919,0
10,1920,0
10,1921,8.96111e-06
10,1922,0
10,1923,0
10,1924,0
10,1925,0
10,1926,0
10,1927,0
10,1928,0
10,1929,2.73334e-05
10,1930,0
10,1931,0
10,1932,0
10,1933,0
10,1934,0
10,1935,0
10,1936,0
10,1937,0
10,1938,0
10,1939,0
10,1940,0
10,1941,0
10,1942,2.75681e-05
10,1943,0
10,1944,2.16202e-06
10,1945,0
10,1946,0
10,1947,0
10,1948,0
10,1949,0
10,1950,1.80885e-05
10,1951,0
10,1952,0
10,1953,0
10,1954,0
10,1955,6.15343e-06
10,1956,0
10,1957,0
10,1958,0
10,1959,0
10,1960,0
10,1961,0
10,1962,0
10,1963,3.78499e-05
10,1964,0
10,1965,0
10,1966,0
10,1967,0
10,1968,0
10,1969,0
10,1970,0
10,1971,6.23169e-06
10,1972,0
10,1973,0
10,1974,0
10,1975,0
10,1976,2.55333e-05
10,1977,0
10,1978,0
10,1979,0
10,1980,0
10,1981,0
10,1982,0
10,1983,0
10,1984,3.47586e-05
10,1985,0
10,1986,0
10,1987,0
10,1988,0
10,1989,2.78812e-06
10,1990,0
10,1991,0
10,1992,0
10,1993,0
10,1994,0
10,1995,0
10,1996,0
10,1997,4.47077e-05
10,1998,0
10,1999,0
10,2000,0
10,2001,0
10,2002,0
10,2003,0
10,2004,0
10,2005,1.93016e-05
10,2006,0
10,2007,0
10,2008,0
10,2009,0
10,2010,2.18941e-05
10,2011,0
10,2012,0
10,2013,0
10,2014,0
10,2015,0
10,2016,0
10,2017,0
10,2018,4.86992e-05
10,2019,0
10,2020,0
10,2021,0
10,2022,0
10,2023,0
10,2024,0
10,2025,0
10,2026,5.06753e-06
10,2027,0
10,2028,0
10,2029,0
10,2030,0
10,2031,4.65469e-05
10,2032,0
10,2033,0
10,2034,0
10,2035,0
10,2036,0
10,2037,0
10,2038,0
10,2039,3.53064e-05
10,2040,0
10,2041,0
10,2042,0
10,2043,0
10,2044,1.15242e-05
10,2045,0
10,2046,0
10,2047,0
10,2048,0
10,2049,0
10,2050,0
10,2051,0
10,2052,5.94603e-05
10,2053,0
10,2054,0
10,2055,0
10,2056,0
10,2057,0
10,2058,0
10,2059,0
10,2060,1.71396e-05
10,2061,0
10,2062,0
10,2063,0
10,2064,0
10,2065,3.99043e-05
10,2066,0
10,2067,0
10,2068,0
10,2069,0
10,2070,0
10,2071,0
10,2072,0
10,2073,5.24264e-05
10,2074,0
10,2075,0
10,2076,0
10,2077,0
10,2078,5.4295e-06
10,2079,0
10,2080,0
10,2081,2.87617e-06
10,2082,0
10,2083,0
10,2084,0
10,2085,0
10,2086,6.17495e-05
10,2087,0
10,2088,0
10,2089,0
10,2090,0
10,2091,0
10,2092,0
10,2093,0
10,2094,3.59521e-05
10,2095,0
10,2096,0
10,2097,0
10,2098,0
10,2099,2.96323e-05
10,2100,0
10,2101,0
10,2102,0
10,2103,0
10,2104,0
10,2105,0
10,2106,0
10,2107,6.3618e-05
10,2108,0
10,2109,0
10,2110,0
10,2111,0
10,2112,8.5111e-07
10,2113,0
10,2114,0
10,2115,1.61613e-05
10,2116,0
10,2117,0
10,2118,0
10,2119,0
10,2120,5.85016e-05
10,2121,0
10,2122,0
10,2123,0
10,2124,0
10,2125,0
10,2126,0
10,2127,0
10,2128,4.95111e-05
10,2129,0
10,2130,0
10,2131,0
10,2132,0
10,2133,1.79124e-05
10,2134,0
10,2135,0
10,2136,1.94679e-06
10,2137,0
10,2138,0
10,2139,0
10,2140,0
10,2141,6.9928e-05
10,2142,0
10,2143,0
10,2144,0
10,2145,0
10,2146,0
10,2147,0
10,2148,0
10,2149,2.41637e-05
10,2150,0
10,2151,0
10,2152,0
10,2153,0
10,2154,4.10881e-05
10,2155,0
10,2156,0
10,2157,0
10,2158,0
10,2159,0
10,2160,0
10,2161,0
10,2162,6.02527e-05
10,2163,0
10,2164,0
10,2165,0
10,2166,0
10,2167,6.32952e-06
10,2168,0
10,2169,0
10,2170,8.59915e-06
10,2171,0
10,2172,0
10,2173,0
10,2174,0
10,2175,6.36963e-05
10,2176,0
10,2177,0
10,2178,0
10,2179,0
10,2180,0
10,2181,0
10,2182,0
10,2183,3.9425e-05
10,2184,0
10,2185,0
10,2186,0
10,2187,0
10,2188,2.34202e-05
10,2189,0
10,2190,0
10,2191,2.54355e-07
10,2192,0
10,2193,0
10,2194,0
10,2195,0
10,2196,5.69266e-05
10,2197,0
10,2198,0
10,2199,0
10,2200,0
10,2201,1.75113e-06
10,2202,0
10,2203,0
10,2204,1.99766e-05
10,2205,0
10,2206,0
10,2207,0
10,2208,0
10,2209,4.91981e-05
10,2210,0
10,2211,0
10,2212,0
10,2213,0
10,2214,0
10,2215,0
10,2216,0
10,2217,4.50893e-05
10,2218,0
10,2219,0
10,2220,0
10,2221,0
10,2222,1.12601e-05
10,2223,0
10,2224,0
10,2225,4.66643e-06
10,2226,0
10,2227,0
10,2228,0
10,2229,0
10,2230,5.68092e-05
10,2231,0
10,2232,0
10,2233,0
11,0,0
11,1,0
11,2,0
11,3,0
11,4,0
11,5,0
11,6,0
11,7,0
11,8,0
11,9,0
11,10,4.686e-06
11,11,0
11,12,0
11,13,0
11,14,0
11,15,7.13759e-05
11,16,0
11,17,0
11,18,8.00044e-05
11,19,0
11,20,0
11,21,0
11,22,0
11,23,8.66763e-06
11,24,0
11,25,0
11,26,0
11,27,0
11,28,5.30721e-05
11,29,0
11,30,0
11,31,7.27259e-05
11,32,0
11,33,0
11,34,0
11,35,0
11,36,2.77442e-05
11,37,0
11,38,0
11,39,3.12759e-05
11,40,0
11,41,0
11,42,0
11,43,0
11,44,1.16612e-05
11,45,0
11,46,0
11,47,0
11,48,0
11,49,0.00062356
11,50,0
11,51,0
11,52,0.000635026
11,53,0
11,54,0
11,55,0
11,56,0
11,57,2.03484e-06
11,58,0
11,59,0
11,60,0
11,61,0
11,62,0
11,63,0
11,64,0
11,65,3.16769e-05
11,66,0
11,67,0
11,68,0
11,69,0
11,70,0.00068487
11,71,0
11,72,0
11,73,0.000691913
11,74,0
11,75,0
11,76,0
11,77,0
11,78,1.4733e-05
11,79,0
11,80,0
11,81,0
11,82,0
11,83,0.0001113
11,84,0
11,85,0
11,86,0.000154902
11,87,0
11,88,0
11,89,0
11,90,0
11,91,5.56352e-05
11,92,0
11,93,0
11,94,5.55472e-05
11,95,0
11,96,0
11,97,0
11,98,0
11,99,3.65684e-05
11,100,0
11,101,0
11,102,0
11,103,0
11,104,0.000104432
11,105,0
11,106,0
11,107,0.000138643
11,108,0
11,109,0
11,110,0
11,111,0
11,112,1.33341e-05
11,113,0
11,114,0
11,115,0
11,116,0
11,117,0
11,118,0
11,119,0
11,120,5.01568e-05
11,121,0
11,122,0
11,123,0
11,124,0
11,125,0.000122599
11,126,0
11,127,0
11,128,0.000137479
11,129,0
11,130,0
11,131,0
11,132,0
11,133,3.49053e-05
11,134,0
11,135,0
11,136,0
11,137,0
11,138,8.84763e-05
11,139,0
11,140,0
11,141,0.000143583
11,142,0
11,143,0
11,144,0
11,145,0
11,146,6.55453e-07
11,147,0
11,148,0
11,149,0
11,150,0
11,151,0
11,152,0
11,153,0
11,154,5.09786e-05
11,155,0
11,156,0
11,157,0
11,158,0
11,159,8.99046e-05
11,160,0
11,161,0
11,162,0.000122198
11,163,0
11,164,0
11,165,0
11,166,0
11,167,1.442e-05
11,168,0
11,169,0
11,170,0
11,171,0
11,172,0
11,173,0
11,174,0
11,175,4.69382e-05
11,176,0
11,177,0
11,178,0
11,179,0
11,180,0
11,181,0
11,182,0
11,183,9.68505e-07
11,184,0
11,185,0
11,186,0
11,187,0
11,188,3.47194e-05
11,189,0
11,190,0
11,191,0
11,192,0
11,193,1.26297e-05
11,194,0
11,195,0
11,196,5.39134e-05
11,197,0
11,198,0
11,199,0
11,200,0
11,201,3.53162e-06
11,202,0
11,203,0
11,204,0
11,205,0
11,206,0
11,207,0
11,208,0
11,209,4.81611e-05
11,210,0
11,211,0
11,212,0
11,213,0
11,214,0
11,215,0
11,216,0
11,217,4.9697e-06
11,218,0
11,219,0
11,220,0
11,221,0
11,222,2.05049e-05
11,223,0
11,224,0
11,225,0
11,226,0
11,227,0
11,228,0
11,229,0
11,230,3.83e-05
11,231,0
11,232,0
11,233,0
11,234,0
11,235,0
11,236,0
11,237,0
11,238,0
11,239,0
11,240,0
11,241,0
11,242,0
11,243,3.57271e-05
11,244,0
11,245,0
11,246,0
11,247,0
11,248,0
11,249,0
11,250,0
11,251,1.68559e-05
11,252,0
11,253,0
11,254,0
11,255,0
11,256,5.03818e-06
11,257,0
11,258,0
11,259,0
11,260,0
11,261,0
11,262,0
11,263,0
11,264,3.58347e-05
11,265,0
11,266,0
11,267,0
11,268,0
11,269,0
11,270,0
11,271,0
11,272,1.47721e-06
11,273,0
11,274,0
11,275,0
11,276,0
11,277,2.00158e-05
11,278,0
11,279,0
11,280,0
11,281,0
11,282,0
11,283,0
11,284,0
11,285,2.31854e-05
11,286,0
11,287,0
11,288,0
11,289,0
11,290,0
11,291,0
11,292,0
11,293,0
11,294,0
11,295,0
11,296,0
11,297,0
11,298,2.95541e-05
11,299,0
11,300,0
11,301,0
11,302,0
11,303,0
11,304,0
11,305,0
11,306,5.41971e-06
11,307,0
11,308,0
11,309,0
11,310,0
11,311,5.74255e-06
11,312,0
11,313,0
11,314,0
11,315,0
11,316,0
11,317,0
11,318,0
11,319,2.66192e-05
11,320,0
11,321,0
11,322,0
11,323,0
11,324,0
11,325,0
11,326,0
11,327,0
11,328,0
11,329,0
11,330,0
11,331,0
11,332,1.72961e-05
11,333,0
11,334,0
11,335,0
11,336,0
11,337,0
11,338,0
11,339,0
11,340,1.21014e-05
11,341,0
11,342,0
11,343,0
11,344,0
11,345,0
11,346,0
11,347,0
11,348,0
11,349,0
11,350,0
11,351,0
11,352,0
11,353,2.22854e-05
11,354,0
11,355,0
11,356,0
11,357,0
11,358,0
11,359,0
11,360,0
11,361,0
11,362,0
11,363,0
11,364,0
11,365,0
11,366,4.83274e-06
11,367,0
11,368,0
11,369,0
11,370,0
11,371,0
11,372,0
11,373,0
11,374,1.26688e-05
11,375,0
11,376,0
11,377,0
11,378,0
11,379,0
11,380,0
11,381,0
11,382,0
11,383,0
11,384,0
11,385,0
11,386,0
11,387,1.02427e-05
11,388,0
11,389,0
11,390,0
11,391,0
11,392,0
11,393,0
11,394,0
11,395,2.14245e-06
11,396,0
11,397,0
11,398,0
11,399,0
11,400,0
11,401,0
11,402,0
11,403,0
11,404,0
11,405,0
11,406,0
11,407,0
11,408,9.3133e-06
11,409,0
11,410,0
11,411,0
11,412,0
11,413,0
11,414,0
11,415,0
11,416,0
11,417,0
11,418,0
11,419,0
11,420,0
11,421,3.17943e-06
11,422,0
11,423,0
11,424,0
11,425,0
11,426,0
11,427,0
11,428,0
11,429,3.62945e-06
11,430,0
11,431,0
11,432,0
11,433,0
11,434,0
11,435,0
11,436,0
11,437,0
11,438,0
11,439,0
11,440,0
11,441,0
11,442,6.08495e-06
11,443,0
11,444,0
11,445,0
11,446,0
11,447,0
11,448,0
11,449,0
11,450,0
11,451,0
11,452,0
11,453,0
11,454,0
11,455,0
11,456,0
11,457,0
11,458,0
11,459,0
11,460,0
11,461,0
11,462,0
11,463,4.1675e-06
11,464,0
11,465,0
11,466,0
11,467,0
11,468,0
11,469,0
11,470,0
11,471,0
11,472,0
11,473,0
11,474,0
11,475,0
11,476,5.47841e-07
11,477,0
11,478,0
11,479,0
11,480,0
11,481,0
11,482,0
11,483,0
11,484,0
11,485,0
11,486,0
11,487,0
11,488,0
11,489,0
11,490,2.30876e-06
11,491,0
11,492,0
11,493,0
11,494,0
11,495,0
11,496,0
11,497,1.18373e-06
11,498,0
11,499,0
11,500,0
11,501,0
11,502,0
11,503,0
11,504,0
11,505,0
11,506,0
11,507,0
11,508,0
11,509,0
11,510,0
11,511,3.78597e-06
11,512,0
11,513,0
11,514,0
11,515,0
11,516,0
11,517,0
11,518,0
11,519,0
11,520,0
11,521,0
11,522,0
11,523,0
11,524,8.21762e-06
11,525,0
11,526,0
11,527,0
11,528,0
11,529,0
11,530,0
11,531,0
11,532,0
11,533,0
11,534,0
11,535,0
11,536,0
11,537,0
11,538,0
11,539,0
11,540,0
11,541,0
11,542,0
11,543,0
11,544,0
11,545,1.45178e-05
11,546,0
11,547,0
11,548,0
11,549,0
11,550,0
11,551,0
11,552,0
11,553,0
11,554,0
11,555,0
11,556,0
11,557,0
11,558,9.5383e-06
11,559,0
11,560,0
11,561,0
11,562,0
11,563,0
11,564,0
11,565,0
11,566,9.36221e-06
11,567,0
11,568,0
11,569,0
11,570,0
11,571,0
11,572,0
11,573,0
11,574,0
11,575,0
11,576,0
11,577,0
11,578,0
11,579,2.33811e-05
11,580,0
11,581,0
11,582,0
11,583,0
11,584,0
11,585,0
11,586,0
11,587,0
11,588,0
11,589,0
11,590,0
11,591,0
11,592,7.19041e-06
11,593,0
11,594,0
11,595,0
11,596,0
11,597,0
11,598,0
11,599,0
11,600,2.78323e-05
11,601,0
11,602,0
11,603,0
11,604,0
11,605,0
11,606,0
11,607,0
11,608,0
11,609,0
11,610,0
11,611,0
11,612,0
11,613,3.0865e-05
11,614,0
11,615,0
11,616,0
11,617,0
11,618,0
11,619,0
11,620,0
11,621,1.53689e-05
11,622,0
11,623,0
11,624,0
11,625,0
11,626,0
11,627,0
11,628,0
11,629,0
11,630,0
11,631,0
11,632,0
11,633,0
11,634,5.27297e-05
11,635,0
11,636,0
11,637,0
11,638,0
11,639,0
11,640,0
11,641,0
11,642,0
11,643,0
11,644,0
11,645,0
11,646,0
11,647,2.93878e-05
11,648,0
11,649,0
11,650,0
11,651,0
11,652,0
11,653,0
11,654,0
11,655,4.69578e-05
11,656,0
11,657,0
11,658,0
11,659,0
11,660,0
11,661,0
11,662,0
11,663,0
11,664,0
11,665,0
11,666,0
11,667,0
11,668,7.49075e-05
11,669,0
11,670,0
11,671,0
11,672,0
11,673,0
11,674,0
11,675,0
11,676,1.87244e-05
11,677,0
11,678,0
11,679,0
11,680,0
11,681,2.30582e-05
11,682,0
11,683,0
11,684,0
11,685,0
11,686,0
11,687,0
11,688,0
11,689,7.82532e-05
11,690,0
11,691,0
11,692,0
11,693,0
11,694,0
11,695,0
11,696,0
11,697,0
11,698,0
11,699,0
11,700,0
11,701,0
11,702,8.41327e-05
11,703,0
11,704,0
11,705,0
11,706,0
11,707,0
11,708,0
11,709,0
11,710,5.09492e-05
11,711,0
11,712,0
11,713,0
11,714,0
11,715,1.08981e-05
11,716,0
11,717,0
11,718,0
11,719,0
11,720,0
11,721,0
11,722,0
11,723,0.000113315
11,724,0
11,725,0
11,726,0
11,727,0
11,728,0
11,729,0
11,730,0
11,731,1.39504e-05
11,732,0
11,733,0
11,734,0
11,735,0
11,736,7.2677e-05
11,737,0
11,738,0
11,739,0
11,740,0
11,741,0
11,742,0
11,743,0
11,744,9.71342e-05
11,745,0
11,746,0
11,747,0
11,748,0
11,749,0
11,750,0
11,751,0
11,752,0
11,753,0
11,754,0
11,755,0
11,756,0
11,757,0.000137939
11,758,0
11,759,0
11,760,0
11,761,0
11,762,0
11,763,0
11,764,0
11,765,5.27688e-05
11,766,0
11,767,0
11,768,0
11,769,0
11,770,4.08533e-05
11,771,0
11,772,0
11,773,0
11,774,0
11,775,0
11,776,0
11,777,0
11,778,0.000154305
11,779,0
11,780,0
11,781,0
11,782,0
11,783,0
11,784,0
11,785,0
11,786,1.02916e-05
11,787,0
11,788,0
11,789,0
11,790,0
11,791,0.000136217
11,792,0
11,793,0
11,794,0
11,795,0
11,796,0
11,797,0
11,798,0
11,799,0.000110077
11,800,0
11,801,0
11,802,0
11,803,0
11,804,1.71396e-05
11,805,0
11,806,0
11,807,0
11,808,0
11,809,0
11,810,0
11,811,0
11,812,0.000194405
11,813,0
11,814,0
11,815,0
11,816,0
11,817,0
11,818,0
11,819,0
11,820,4.97166e-05
11,821,0
11,822,0
11,823,0
11,824,0
11,825,0.000110967
11,826,0
11,827,0
11,828,0
11,829,0
11,830,0
11,831,0
11,832,0
11,833,0.000170897
11,834,0
11,835,0
11,836,0
11,837,0
11,838,1.95658e-07
11,839,0
11,840,0
11,841,4.03054e-06
11,842,0
11,843,0
11,844,0
11,845,0
11,846,0.000209119
11,847,0
11,848,0
11,849,0
11,850,0
11,851,0
11,852,0
11,853,0
11,854,9.93842e-05
11,855,0
11,856,0
11,857,0
11,858,0
11,859,6.27767e-05
11,860,0
11,861,0
11,862,0
11,863,0
11,864,0
11,865,0
11,866,0
11,867,0.000232011
11,868,0
11,869,0
11,870,0
11,871,0
11,872,0
11,873,0
11,874,0
11,875,2.90747e-05
11,876,0
11,877,0
11,878,0
11,879,0
11,880,0.000184075
11,881,0
11,882,0
11,883,0
11,884,0
11,885,0
11,886,0
11,887,0
11,888,0.000175906
11,889,0
11,890,0
11,891,0
11,892,0
11,893,1.88809e-05
11,894,0
11,895,0
11,896,0
11,897,0
11,898,0
11,899,0
11,900,0
11,901,0.000266681
11,902,0
11,903,0
11,904,0
11,905,0
11,906,0
11,907,0
11,908,0
11,909,8.40153e-05
11,910,0
11,911,0
11,912,0
11,913,0
11,914,0.000129555
11,915,0
11,916,0
11,917,0
11,918,0
11,919,0
11,920,0
11,921,0
11,922,0.000248514
11,923,0
11,924,0
11,925,0
11,926,0
11,927,0
11,928,0
11,929,0
11,930,1.72766e-05
11,931,0
11,932,0
11,933,0
11,934,0
11,935,0.000262113
11,936,0
11,937,0
11,938,0
11,939,0
11,940,0
11,941,0
11,942,0
11,943,0.00015907
11,944,0
11,945,0
11,946,0
11,947,0
11,948,6.54279e-05
11,949,0
11,950,0
11,951,0
11,952,0
11,953,0
11,954,0
11,955,0
11,956,0.000300774
11,957,0
11,958,0
11,959,0
11,960,0
11,961,0
11,962,0
11,963,0
11,964,6.54083e-05
11,965,0
11,966,0
11,967,0
11,968,0
11,969,0.000210351
11,970,0
11,971,0
11,972,0
11,973,0
11,974,0
11,975,0
11,976,0
11,977,0.000237988
11,978,0
11,979,0
11,980,0
11,981,0
11,982,1.88418e-05
11,983,0
11,984,0
11,985,5.24362e-06
11,986,0
11,987,0
11,988,0
11,989,0
11,990,0.000313473
11,991,0
11,992,0
11,993,0
11,994,0
11,995,0
11,996,0
11,997,0
11,998,0.000125847
11,999,0
11,1000,0
11,1001,0
11,1002,0
11,1003,0.000134231
11,1004,0
11,1005,0
11,1006,0
11,1007,0
11,1008,0
11,1009,0
11,1010,0
11,1011,0.000307124
11,1012,0
11,1013,0
11,1014,0
11,1015,0
11,1016,0
11,1017,0
11,1018,0
11,1019,3.30955e-05
11,1020,0
11,1021,0
11,1022,0
11,1023,0
11,1024,0.000280103
11,1025,0
11,1026,0
11,1027,0
11,1028,0
11,1029,0
11,1030,0
11,1031,0
11,1032,0.000210293
11,1033,0
11,1034,0
11,1035,0
11,1036,0
11,1037,4.94427e-05
11,1038,0
11,1039,0
11,1040,0
11,1041,0
11,1042,0
11,1043,0
11,1044,0
11,1045,0.000341139
11,1046,0
11,1047,0
11,1048,0
11,1049,0
11,1050,0
11,1051,0
11,1052,0
11,1053,8.831e-05
11,1054,0
11,1055,0
11,1056,0
11,1057,0
11,1058,0.000200705
11,1059,0
11,1060,0
11,1061,0
11,1062,0
11,1063,0
11,1064,0
11,1065,0
11,1066,0.000287665
11,1067,0
11,1068,0
11,1069,0
11,1070,0
11,1071,1.06731e-05
11,1072,0
11,1073,0
11,1074,1.35297e-05
11,1075,0
11,1076,0
11,1077,0
11,1078,0
11,1079,0.000327394
11,1080,0
11,1081,0
11,1082,0
11,1083,0
11,1084,0
11,1085,0
11,1086,0
11,1087,0.000163844
11,1088,0
11,1089,0
11,1090,0
11,1091,0
11,1092,0.000112777
11,1093,0
11,1094,0
11,1095,0
11,1096,0
11,1097,0
11,1098,0
11,1099,0
11,1100,0.000338399
11,1101,0
11,1102,0
11,1103,0
11,1104,0
11,1105,0
11,1106,0
11,1107,0
11,1108,5.38156e-05
11,1109,0
11,1110,0
11,1111,0
11,1112,0
11,1113,0.000264725
11,1114,0
11,1115,0
11,1116,0
11,1117,0
11,1118,0
11,1119,0
11,1120,0
11,1121,0.000242782
11,1122,0
11,1123,0
11,1124,0
11,1125,0
11,1126,3.43672e-05
11,1127,0
11,1128,0
11,1129,0
11,1130,0
11,1131,0
11,1132,0
11,1133,0
11,1134,0.000345697
11,1135,0
11,1136,0
11,1137,0
11,1138,0
11,1139,0
11,1140,0
11,1141,0
11,1142,0.000111036
11,1143,0
11,1144,0
11,1145,0
11,1146,0
11,1147,0.000167317
11,1148,0
11,1149,0
11,1150,0
11,1151,0
11,1152,0
11,1153,0
11,1154,0
11,1155,0.000306488
11,1156,0
11,1157,0
11,1158,0
11,1159,0
11,1160,0
11,1161,0
11,1162,0
11,1163,2.01429e-05
11,1164,0
11,1165,0
11,1166,0
11,1167,0
11,1168,0.000302809
11,1169,0
11,1170,0
11,1171,0
11,1172,0
11,1173,0
11,1174,0
11,1175,0
11,1176,0.00018337
11,1177,0
11,1178,0
11,1179,0
11,1180,0
11,1181,6.9791e-05
11,1182,0
11,1183,0
11,1184,0
11,1185,0
11,1186,0
11,1187,0
11,1188,0
11,1189,0.000334799
11,1190,0
11,1191,0
11,1192,0
11,1193,0
11,1194,0
11,1195,0
11,1196,0
11,1197,6.08886e-05
11,1198,0
11,1199,0
11,1200,0
11,1201,0
11,1202,0.0002131
11,1203,0
11,1204,0
11,1205,0
11,1206,0
11,1207,0
11,1208,0
11,1209,0
11,1210,0.000253318
11,1211,0
11,1212,0
11,1213,0
11,1214,0
11,1215,1.71494e-05
11,1216,0
11,1217,0
11,1218,2.97399e-06
11,1219,0
11,1220,0
11,1221,0
11,1222,0
11,1223,0.000312925
11,1224,0
11,1225,0
11,1226,0
11,1227,0
11,1228,0
11,1229,0
11,1230,0
11,1231,0.000113364
11,1232,0
11,1233,0
11,1234,0
11,1235,0
11,1236,0.000118148
11,1237,0
11,1238,0
11,1239,0
11,1240,0
11,1241,0
11,1242,0
11,1243,0
11,1244,0.000295267
11,1245,0
11,1246,0
11,1247,0
11,1248,0
11,1249,0
11,1250,0
11,1251,0
11,1252,2.24419e-05
11,1253,0
11,1254,0
11,1255,0
11,1256,0
11,1257,0.000243388
11,1258,0
11,1259,0
11,1260,0
11,1261,0
11,1262,0
11,1263,0
11,1264,0
11,1265,0.000180142
11,1266,0
11,1267,0
11,1268,0
11,1269,0
11,1270,3.5414e-05
11,1271,0
11,1272,0
11,1273,0
11,1274,0
11,1275,0
11,1276,0
11,1277,0
11,1278,0.000294181
11,1279,0
11,1280,0
11,1281,0
11,1282,0
11,1283,0
11,1284,0
11,1285,0
11,1286,6.56137e-05
11,1287,0
11,1288,0
11,1289,0
11,1290,0
11,1291,0.000148915
11,1292,0
11,1293,0
11,1294,0
11,1295,0
11,1296,0
11,1297,0
11,1298,0
11,1299,0.000227657
11,1300,0
11,1301,0
11,1302,0
11,1303,0
11,1304,0
11,1305,0
11,1306,0
11,1307,3.56097e-06
11,1308,0
11,1309,0
11,1310,0
11,1311,0
11,1312,0.000245609
11,1313,0
11,1314,0
11,1315,0
11,1316,0
11,1317,0
11,1318,0
11,1319,0
11,1320,0.000105009
11,1321,0
11,1322,0
11,1323,0
11,1324,0
11,1325,5.67896e-05
11,1326,0
11,1327,0
11,1328,0
11,1329,0
11,1330,0
11,1331,0
11,1332,0
11,1333,0.000246822
11,1334,0
11,1335,0
11,1336,0
11,1337,0
11,1338,0
11,1339,0
11,1340,0
11,1341,1.82353e-05
11,1342,0
11,1343,0
11,1344,0
11,1345,0
11,1346,0.000163912
11,1347,0
11,1348,0
11,1349,0
11,1350,0
11,1351,0
11,1352,0
11,1353,0
11,1354,0.000152945
11,1355,0
11,1356,0
11,1357,0
11,1358,0
11,1359,1.13579e-05
11,1360,0
11,1361,0
11,1362,0
11,1363,0
11,1364,0
11,1365,0
11,1366,0
11,1367,0.000220917
11,1368,0
11,1369,0
11,1370,0
11,1371,0
11,1372,0
11,1373,0
11,1374,0
11,1375,4.88655e-05
11,1376,0
11,1377,0
11,1378,0
11,1379,0
11,1380,7.85761e-05
11,1381,0
11,1382,0
11,1383,0
11,1384,0
11,1385,0
11,1386,0
11,1387,0
11,1388,0.000178684
11,1389,0
11,1390,0
11,1391,0
11,1392,0
11,1393,0
11,1394,0
11,1395,0
11,1396,1.33047e-06
11,1397,0
11,1398,0
11,1399,0
11,1400,0
11,1401,0.000159187
11,1402,0
11,1403,0
11,1404,0
11,1405,0
11,1406,0
11,1407,0
11,1408,0
11,1409,8.19218e-05
11,1410,0
11,1411,0
11,1412,0
11,1413,0
11,1414,2.09941e-05
11,1415,0
11,1416,0
11,1417,0
11,1418,0
11,1419,0
11,1420,0
11,1421,0
11,1422,0.000171005
11,1423,0
11,1424,0
11,1425,0
11,1426,0
11,1427,0
11,1428,0
11,1429,0
11,1430,1.44982e-05
11,1431,0
11,1432,0
11,1433,0
11,1434,0
11,1435,8.55219e-05
11,1436,0
11,1437,0
11,1438,0
11,1439,0
11,1440,0
11,1441,0
11,1442,0
11,1443,0.000106007
11,1444,0
11,1445,0
11,1446,0
11,1447,0
11,1448,0
11,1449,0
11,1450,0
11,1451,0
11,1452,0
11,1453,0
11,1454,0
11,1455,0
11,1456,0.00013335
11,1457,0
11,1458,0
11,1459,0
11,1460,0
11,1461,0
11,1462,0
11,1463,0
11,1464,2.70986e-05
11,1465,0
11,1466,0
11,1467,0
11,1468,0
11,1469,2.62964e-05
11,1470,0
11,1471,0
11,1472,0
11,1473,0
11,1474,0
11,1475,0
11,1476,0
11,1477,0.000114244
11,1478,0
11,1479,0
11,1480,0
11,1481,0
11,1482,0
11,1483,0
11,1484,0
11,1485,0
11,1486,0
11,1487,0
11,1488,0
11,1489,0
11,1490,7.81945e-05
11,1491,0
11,1492,0
11,1493,0
11,1494,0
11,1495,0
11,1496,0
11,1497,0
11,1498,4.67719e-05
11,1499,0
11,1500,0
11,1501,0
11,1502,0
11,1503,0
11,1504,0
11,1505,0
11,1506,0
11,1507,0
11,1508,0
11,1509,0
11,1510,0
11,1511,9.64885e-05
11,1512,0
11,1513,0
11,1514,0
11,1515,0
11,1516,0
11,1517,0
11,1518,0
11,1519,5.88929e-06
11,1520,0
11,1521,0
11,1522,0
11,1523,0
11,1524,2.72453e-05
11,1525,0
11,1526,0
11,1527,0
11,1528,0
11,1529,0
11,1530,0
11,1531,0
11,1532,5.58015e-05
11,1533,0
11,1534,0
11,1535,0
11,1536,0
11,1537,0
11,1538,0
11,1539,0
11,1540,0
11,1541,0
11,1542,0
11,1543,0
11,1544,0
11,1545,5.71613e-05
11,1546,0
11,1547,0
11,1548,0
11,1549,0
11,1550,0
11,1551,0
11,1552,0
11,1553,1.30797e-05
11,1554,0
11,1555,0
11,1556,0
11,1557,0
11,1558,1.09568e-06
11,1559,0
11,1560,0
11,1561,0
11,1562,0
11,1563,0
11,1564,0
11,1565,0
11,1566,4.776e-05
11,1567,0
11,1568,0
11,1569,0
11,1570,0
11,1571,0
11,1572,0
11,1573,0
11,1574,0
11,1575,0
11,1576,0
11,1577,0
11,1578,0
11,1579,2.19919e-05
11,1580,0
11,1581,0
11,1582,0
11,1583,0
11,1584,0
11,1585,0
11,1586,0
11,1587,1.74233e-05
11,1588,0
11,1589,0
11,1590,0
11,1591,0
11,1592,0
11,1593,0
11,1594,0
11,1595,0
11,1596,0
11,1597,0
11,1598,0
11,1599,0
11,1600,3.02291e-05
11,1601,0
11,1602,0
11,1603,0
11,1604,0
11,1605,0
11,1606,0
11,1607,0
11,1608,0
11,1609,0
11,1610,0
11,1611,0
11,1612,0
11,1613,5.67407e-07
11,1614,0
11,1615,0
11,1616,0
11,1617,0
11,1618,0
11,1619,0
11,1620,0
11,1621,1.84016e-05
11,1622,0
11,1623,0
11,1624,0
11,1625,0
11,1626,0
11,1627,0
11,1628,0
11,1629,0
11,1630,0
11,1631,0
11,1632,0
11,1633,0
11,1634,1.28058e-05
11,1635,0
11,1636,0
11,1637,0
11,1638,0
11,1639,0
11,1640,0
11,1641,0
11,1642,0
11,1643,0
11,1644,0
11,1645,0
11,1646,0
11,1647,0
11,1648,0
11,1649,0
11,1650,0
11,1651,0
11,1652,0
11,1653,0
11,1654,0
11,1655,1.34515e-05
11,1656,0
11,1657,0
11,1658,0
11,1659,0
11,1660,0
11,1661,0
11,1662,0
11,1663,0
11,1664,0
11,1665,0
11,1666,0
11,1667,0
11,1668,0
11,1669,0
11,1670,0
11,1671,0
11,1672,0
11,1673,0
11,1674,0
11,1675,0
11,1676,3.91315e-08
11,1677,0
11,1678,0
11,1679,0
11,1680,0
11,1681,0
11,1682,0
11,1683,0
11,1684,0
11,1685,0
11,1686,0
11,1687,0
11,1688,0
11,1689,2.32832e-06
11,1690,0
11,1691,0
11,1692,0
11,1693,0
11,1694,0
11,1695,0
11,1696,0
11,1697,0
11,1698,0
11,1699,0
11,1700,0
11,1701,0
11,1702,0
11,1703,0
11,1704,0
11,1705,0
11,1706,0
11,1707,0
11,1708,0
11,1709,0
11,1710,0
11,1711,0
11,1712,0
11,1713,0
11,1714,0
11,1715,0
11,1716,0
11,1717,0
11,1718,0
11,1719,0
11,1720,0
11,1721,0
11,1722,0
11,1723,0
11,1724,0
11,1725,0
11,1726,0
11,1727,0
11,1728,0
11,1729,0
11,1730,0
11,1731,0
11,1732,0
11,1733,0
11,1734,0
11,1735,0
11,1736,0
11,1737,0
11,1738,0
11,1739,0
11,1740,0
11,1741,0
11,1742,0
11,1743,0
11,1744,0
11,1745,0
11,1746,0
11,1747,0
11,1748,0
11,1749,0
11,1750,0
11,1751,0
11,1752,0
11,1753,0
11,1754,0
11,1755,0
11,1756,0
11,1757,0
11,1758,0
11,1759,0
11,1760,0
11,1761,0
11,1762,0
11,1763,0
11,1764,0
11,1765,0
11,1766,0
11,1767,0
11,1768,0
11,1769,0
11,1770,0
11,1771,0
11,1772,0
11,1773,0
11,1774,0
11,1775,0
11,1776,0
11,1777,0
11,1778,0
11,1779,0
11,1780,0
11,1781,0
11,1782,0
11,1783,0
11,1784,0
11,1785,0
11,1786,0
11,1787,0
11,1788,0
11,1789,0
11,1790,0
11,1791,0
11,1792,0
11,1793,0
11,1794,0
11,1795,0
11,1796,0
11,1797,0
11,1798,0
11,1799,0
11,1800,0
11,1801,0
11,1802,0
11,1803,0
11,1804,0
11,1805,0
11,1806,0
11,1807,0
11,1808,0
11,1809,0
11,1810,0
11,1811,0
11,1812,0
11,1813,0
11,1814,0
11,1815,0
11,1816,0
11,1817,0
11,1818,0
11,1819,0
11,1820,0
11,1821,0
11,1822,0
11,1823,0
11,1824,0
11,1825,0
11,1826,0
11,1827,0
11,1828,0
11,1829,0
11,1830,0
11,1831,0
11,1832,0
11,1833,0
11,1834,0
11,1835,0
11,1836,0
11,1837,0
11,1838,0
11,1839,0
11,1840,0
11,1841,0
11,1842,0
11,1843,0
11,1844,0
11,1845,0
11,1846,0
11,1847,0
11,1848,0
11,1849,0
11,1850,0
11,1851,0
11,1852,0
11,1853,0
11,1854,0
11,1855,0
11,1856,0
11,1857,0
11,1858,0
11,1859,0
11,1860,0
11,1861,0
11,1862,0
11,1863,0
11,1864,0
11,1865,0
11,1866,0
11,1867,0
11,1868,0
11,1869,0
11,1870,0
11,1871,0
11,1872,0
11,1873,0
11,1874,0
11,1875,0
11,1876,0
11,1877,0
11,1878,0
11,1879,0
11,1880,0
11,1881,0
11,1882,0
11,1883,0
11,1884,0
11,1885,0
11,1886,0
11,1887,0
11,1888,0
11,1889,0
11,1890,0
11,1891,0
11,1892,0
11,1893,0
11,1894,0
11,1895,0
11,1896,0
11,1897,0
11,1898,0
11,1899,0
11,1900,0
11,1901,0
11,1902,0
11,1903,0
11,1904,0
11,1905,0
11,1906,0
11,1907,0
11,1908,0
11,1909,0
11,1910,0
11,1911,0
11,1912,0
11,1913,0
11,1914,0
11,1915,0
11,1916,0
11,1917,0
11,1918,0
11,1919,0
11,1920,0
11,1921,0
11,1922,0
11,1923,0
11,1924,0
11,1925,0
11,1926,0
11,1927,0
11,1928,0
11,1929,0
11,1930,0
11,1931,0
11,1932,0
11,1933,0
11,1934,0
11,1935,0
11,1936,0
11,1937,0
11,1938,0
11,1939,0
11,1940,0
11,1941,0
11,1942,0
11,1943,0
11,1944,0
11,1945,0
11,1946,0
11,1947,0
11,1948,0
11,1949,0
11,1950,0
11,1951,0
11,1952,0
11,1953,0
11,1954,0
11,1955,0
11,1956,0
11,1957,0
11,1958,0
11,1959,0
11,1960,0
11,1961,0
11,1962,0
11,1963,0
11,1964,0
11,1965,0
11,1966,0
11,1967,0
11,1968,0
11,1969,0
11,1970,1.21308e-06
11,1971,0
11,1972,0
11,1973,0
11,1974,0
11,1975,0
11,1976,0
11,1977,0
11,1978,0
11,1979,0
11,1980,0
11,1981,0
11,1982,0
11,1983,0
11,1984,0
11,1985,0
11,1986,0
11,1987,0
11,1988,0
11,1989,0
11,1990,0
11,1991,2.47507e-06
11,1992,0
11,1993,0
11,1994,0
11,1995,0
11,1996,0
11,1997,0
11,1998,0
11,1999,0
11,2000,0
11,2001,0
11,2002,0
11,2003,0
11,2004,2.01527e-06
11,2005,0
11,2006,0
11,2007,0
11,2008,0
11,2009,0
11,2010,0
11,2011,0
11,2012,0
11,2013,0
11,2014,0
11,2015,0
11,2016,0
11,2017,0
11,2018,0
11,2019,0
11,2020,0
11,2021,0
11,2022,0
11,2023,0
11,2024,0
11,2025,4.49034e-06
11,2026,0
11,2027,0
11,2028,0
11,2029,0
11,2030,0
11,2031,0
11,2032,0
11,2033,0
11,2034,0
11,2035,0
11,2036,0
11,2037,0
11,2038,1.17395e-06
11,2039,0
11,2040,0
11,2041,0
11,2042,0
11,2043,0
11,2044,0
11,2045,0
11,2046,3.61966e-06
11,2047,0
11,2048,0
11,2049,0
11,2050,0
11,2051,0
11,2052,0
11,2053,0
11,2054,0
11,2055,0
11,2056,0
11,2057,0
11,2058,0
11,2059,6.19256e-06
11,2060,0
11,2061,0
11,2062,0
11,2063,0
11,2064,0
11,2065,0
11,2066,0
11,2067,0
11,2068,0
11,2069,0
11,2070,0
11,2071,0
11,2072,0
11,2073,0
11,2074,0
11,2075,0
11,2076,0
11,2077,0
11,2078,0
11,2079,0
11,2080,1.01448e-05
11,2081,0
11,2082,0
11,2083,0
11,2084,0
11,2085,0
11,2086,0
11,2087,0
11,2088,0
11,2089,0
11,2090,0
11,2091,0
11,2092,0
11,2093,2.53376e-06
11,2094,0
11,2095,0
11,2096,0
11,2097,0
11,2098,0
11,2099,0
11,2100,0
11,2101,5.35123e-06
11,2102,0
11,2103,0
11,2104,0
11,2105,0
11,2106,0
11,2107,0
11,2108,0
11,2109,0
11,2110,0
11,2111,0
11,2112,0
11,2113,0
11,2114,1.05655e-05
11,2115,0
11,2116,0
11,2117,0
11,2118,0
11,2119,0
11,2120,0
11,2121,0
11,2122,5.18492e-07
11,2123,0
11,2124,0
11,2125,0
11,2126,0
11,2127,1.53591e-06
11,2128,0
11,2129,0
11,2130,0
11,2131,0
11,2132,0
11,2133,0
11,2134,0
11,2135,1.17981e-05
11,2136,0
11,2137,0
11,2138,0
11,2139,0
11,2140,0
11,2141,0
11,2142,0
11,2143,0
11,2144,0
11,2145,0
11,2146,0
11,2147,0
11,2148,1.06242e-05
11,2149,0
11,2150,0
11,2151,0
11,2152,0
11,2153,0
11,2154,0
11,2155,0
11,2156,4.92079e-06
11,2157,0
11,2158,0
11,2159,0
11,2160,0
11,2161,6.84801e-07
11,2162,0
11,2163,0
11,2164,0
11,2165,0
11,2166,0
11,2167,0
11,2168,0
11,2169,1.46254e-05
11,2170,0
11,2171,0
11,2172,0
11,2173,0
11,2174,0
11,2175,0
11,2176,0
11,2177,0
11,2178,0
11,2179,0
11,2180,0
11,2181,0
11,2182,4.70556e-06
11,2183,0
11,2184,0
11,2185,0
11,2186,0
11,2187,0
11,2188,0
11,2189,0
11,2190,9.17634e-06
11,2191,0
11,2192,0
11,2193,0
11,2194,0
11,2195,0
11,2196,0
11,2197,0
11,2198,0
11,2199,0
11,2200,0
11,2201,0
11,2202,0
11,2203,8.9709e-06
11,2204,0
11,2205,0
11,2206,0
11,2207,0
11,2208,0
11,2209,0
11,2210,0
11,2211,8.31544e-07
11,2212,0
11,2213,0
11,2214,0
11,2215,0
11,2216,4.40229e-07
11,2217,0
11,2218,0
11,2219,0
11,2220,0
11,2221,0
11,2222,0
11,2223,0
11,2224,8.88285e-06
11,2225,0
11,2226,0
11,2227,0
11,2228,0
11,2229,0
11,2230,0
11,2231,0
11,2232,0
11,2233,0
12,0,0
12,1,0
12,2,0
12,3,0
12,4,0
12,5,0
12,6,0
12,7,0
12,8,0
12,9,0
12,10,0
12,11,0
12,12,0
12,13,0
12,14,0
12,15,0
12,16,0
12,17,0
12,18,0
12,19,0
12,20,0
12,21,0
12,22,0
12,23,0
12,24,0
12,25,0
12,26,0
12,27,0
12,28,0
12,29,0
12,30,0
12,31,0
12,32,0
12,33,0
12,34,0
12,35,0
12,36,0
12,37,0
12,38,0
12,39,0
12,40,0
12,41,0
12,42,0
12,43,0
12,44,0
12,45,0
12,46,0
12,47,0
12,48,0
12,49,0
12,50,0
12,51,0
12,52,0
12,53,0
12,54,0
12,55,0
12,56,0
12,57,0
12,58,0
12,59,0
12,60,0
12,61,0
12,62,0
12,63,0
12,64,0
12,65,0
12,66,0
12,67,0
12,68,0
12,69,0
12,70,0
12,71,0
12,72,0
12,73,0
12,74,0
12,75,0
12,76,0
12,77,0
12,78,0
12,79,0
12,80,0
12,81,0
12,82,0
12,83,0
12,84,0
12,85,0
12,86,0
12,87,0
12,88,0
12,89,0
12,90,0
12,91,0
12,92,0
12,93,0
12,94,0
12,95,0
12,96,0
12,97,0
12,98,0
12,99,0
12,100,0
12,101,0
12,102,0
12,103,0
12,104,0
12,105,0
12,106,0
12,107,0
12,108,0
12,109,0
12,110,0
12,111,0
12,112,0
12,113,0
12,114,0
12,115,0
12,116,0
12,117,0
12,118,0
12,119,0
12,120,0
12,121,0
12,122,0
12,123,0
12,124,0
12,125,0
12,126,0
12,127,0
12,128,0
12,129,0
12,130,0
12,131,0
12,132,0
12,133,0
12,134,0
12,135,0
12,136,0
12,137,0
12,138,0
12,139,0
12,140,0
12,141,0
12,142,0
12,143,0
12,144,0
12,145,0
12,146,0
12,147,0
12,148,0
12,149,0
12,150,0
12,151,0
12,152,0
12,153,0
12,154,0
12,155,0
12,156,0
12,157,0
12,158,0
12,159,0
12,160,0
12,161,0
12,162,0
12,163,0
12,164,0
12,165,0
12,166,0
12,167,0
12,168,0
12,169,0
12,170,0
12,171,0
12,172,0
12,173,0
12,174,0
12,175,0
12,176,0
12,177,0
12,178,0
12,179,0
12,180,0
12,181,0
12,182,0
12,183,0
12,184,0
12,185,0
12,186,0
12,187,0
12,188,0
12,189,0
12,190,0
12,191,0
12,192,0
12,193,0
12,194,0
12,195,0
12,196,0
12,197,0
12,198,0
12,199,0
12,200,0
12,201,0
12,202,0
12,203,0
12,204,0
12,205,0
12,206,0
12,207,0
12,208,0
12,209,0
12,210,0
12,211,0
12,212,0
12,213,0
12,214,0
12,215,0
12,216,0
12,217,0
12,218,0
12,219,0
12,220,0
12,221,0
12,222,0
12,223,0
12,224,0
12,225,0
12,226,0
12,227,0
12,228,0
12,229,0
12,230,0
12,231,0
12,232,0
12,233,0
12,234,0
12,235,0
12,236,0
12,237,0
12,238,0
12,239,0
12,240,0
12,241,0
12,242,0
12,243,0
12,244,0
12,245,0
12,246,0
12,247,0
12,248,0
12,249,0
12,250,0
12,251,0
12,252,0
12,253,0
12,254,0
12,255,0
12,256,0
12,257,0
12,258,0
12,259,0
12,260,0
12,261,0
12,262,0
12,263,0
12,264,0
12,265,0
12,266,0
12,267,0
12,268,0
12,269,0
12,270,0
12,271,0
12,272,0
12,273,0
12,274,0
12,275,0
12,276,0
12,277,0
12,278,0
12,279,0
12,280,0
12,281,0
12,282,0
12,283,0
12,284,0
12,285,0
12,286,0
12,287,0
12,288,0
12,289,0
12,290,0
12,291,0
12,292,0
12,293,0
12,294,0
12,295,0
12,296,0
12,297,0
12,298,0
12,299,0
12,300,0
12,301,0
12,302,0
12,303,0
12,304,0
12,305,0
12,306,0
12,307,0
12,308,0
12,309,0
12,310,0
12,311,0
12,312,0
12,313,0
12,314,0
12,315,0
12,316,0
12,317,0
12,318,0
12,319,0
12,320,0
12,321,0
12,322,0
12,323,0
12,324,0
12,325,0
12,326,0
12,327,0
12,328,0
12,329,0
12,330,0
12,331,0
12,332,0
12,333,0
12,334,0
12,335,0
12,336,0
12,337,0
12,338,0
12,339,0
12,340,0
12,341,0
12,342,0
12,343,0
12,344,0
12,345,0
12,346,0
12,347,0
12,348,0
12,349,0
12,350,0
12,351,0
12,352,0
12,353,0
12,354,0
12,355,0
12,356,0
12,357,0
12,358,0
12,359,0
12,360,0
12,361,0
12,362,0
12,363,0
12,364,0
12,365,0
12,366,0
12,367,0
12,368,0
12,369,0
12,370,0
12,371,0
12,372,0
12,373,0
12,374,0
12,375,0
12,376,0
12,377,0
12,378,0
12,379,0
12,380,0
12,381,0
12,382,0
12,383,0
12,384,0
12,385,0
12,386,0
12,387,0
12,388,0
12,389,0
12,390,0
12,391,0
12,392,0
12,393,0
12,394,0
12,395,0
12,396,0
12,397,0
12,398,0
12,399,0
12,400,0
12,401,0
12,402,0
12,403,0
12,404,0
12,405,0
12,406,0
12,407,0
12,408,0
12,409,0
12,410,0
12,411,0
12,412,0
12,413,0
12,414,0
12,415,0
12,416,0
12,417,0
12,418,0
12,419,0
12,420,0
12,421,0
12,422,0
12,423,0
12,424,0
12,425,0
12,426,0
12,427,0
12,428,0
12,429,0
12,430,0
12,431,0
12,432,0
12,433,0
12,434,0
12,435,0
12,436,0
12,437,0
12,438,0
12,439,0
12,440,0
12,441,0
12,442,0
12,443,0
12,444,0
12,445,0
12,446,0
12,447,0
12,448,0
12,449,0
12,450,0
12,451,0
12,452,0
12,453,0
12,454,0
12,455,0
12,456,0
12,457,0
12,458,0
12,459,0
12,460,0
12,461,0
12,462,0
12,463,0
12,464,0
12,465,0
12,466,0
12,467,0
12,468,0
12,469,0
12,470,0
12,471,0
12,472,0
12,473,0
12,474,0
12,475,0
12,476,0
12,477,0
12,478,0
12,479,0
12,480,0
12,481,0
12,482,0
12,483,0
12,484,0
12,485,0
12,486,0
12,487,0
12,488,0
12,489,0
12,490,0
12,491,0
12,492,0
12,493,0
12,494,0
12,495,0
12,496,0
12,497,0
12,498,0
12,499,0
12,500,0
12,501,0
12,502,0
12,503,0
12,504,0
12,505,0
12,506,0
12,507,0
12,508,0
12,509,0
12,510,0
12,511,0
12,512,0
12,513,0
12,514,0
12,515,0
12,516,0
12,517,0
12,518,0
12,519,0
12,520,0
12,521,0
12,522,0
12,523,0
12,524,0
12,525,0
12,526,0
12,527,0
12,528,0
12,529,0
12,530,0
12,531,0
12,532,0
12,533,0
12,534,0
12,535,0
12,536,0
12,537,0
12,538,0
12,539,0
12,540,0
12,541,0
12,542,0
12,543,0
12,544,0
12,545,0
12,546,0
12,547,0
12,548,0
12,549,0
12,550,0
12,551,0
12,552,0
12,553,0
12,554,0
12,555,0
12,556,0
12,557,0
12,558,0
12,559,0
12,560,0
12,561,0
12,562,0
12,563,0
12,564,0
12,565,0
12,566,0
12,567,0
12,568,0
12,569,0
12,570,0
12,571,0
12,572,0
12,573,0
12,574,0
12,575,0
12,576,0
12,577,0
12,578,0
12,579,0
12,580,0
12,581,0
12,582,0
12,583,0
12,584,0
12,585,0
12,586,0
12,587,0
12,588,0
12,589,0
12,590,0
12,591,0
12,592,0
12,593,0
12,594,0
12,595,0
12,596,0
12,597,0
12,598,0
12,599,0
12,600,0
12,601,0
12,602,0
12,603,0
12,604,0
12,605,0
12,606,0
12,607,0
12,608,0
12,609,0
12,610,0
12,611,0
12,612,0
12,613,0
12,614,0
12,615,0
12,616,0
12,617,0
12,618,0
12,619,0
12,620,0
12,621,0
12,622,0
12,623,0
12,624,0
12,625,0
12,626,0
12,627,0
12,628,0
12,629,0
12,630,0
12,631,0
12,632,0
12,633,0
12,634,0
12,635,0
12,636,0
12,637,0
12,638,0
12,639,0
12,640,0
12,641,0
12,642,0
12,643,0
12,644,0
12,645,0
12,646,0
12,647,0
12,648,0
12,649,0
12,650,0
12,651,0
12,652,0
12,653,0
12,654,0
12,655,0
12,656,0
12,657,0
12,658,0
12,659,0
12,660,0
12,661,0
12,662,0
12,663,0
12,664,0
12,665,0
12,666,0
12,667,0
12,668,0
12,669,0
12,670,0
12,671,0
12,672,0
12,673,0
12,674,0
12,675,0
12,676,0
12,677,0
12,678,0
12,679,0
12,680,0
12,681,0
12,682,0
12,683,0
12,684,0
12,685,0
12,686,0
12,687,0
12,688,0
12,689,0
12,690,0
12,691,0
12,692,0
12,693,0
12,694,0
12,695,0
12,696,0
12,697,0
12,698,0
12,699,0
12,700,0
12,701,0
12,702,0
12,703,0
12,704,0
12,705,0
12,706,0
12,707,0
12,708,0
12,709,0
12,710,0
12,711,0
12,712,0
12,713,0
12,714,0
12,715,0
12,716,0
12,717,0
12,718,0
12,719,0
12,720,0
12,721,0
12,722,0
12,723,0
12,724,0
12,725,0
12,726,0
12,727,0
12,728,0
12,729,0
12,730,0
12,731,0
12,732,0
12,733,0
12,734,0
12,735,0
12,736,0
12,737,0
12,738,0
12,739,0
12,740,0
12,741,0
12,742,0
12,743,0
12,744,0
12,745,0
12,746,0
12,747,0
12,748,0
12,749,0
12,750,0
12,751,0
12,752,0
12,753,0
12,754,0
12,755,0
12,756,0
12,757,0
12,758,0
12,759,0
12,760,0
12,761,0
12,762,0
12,763,0
12,764,0
12,765,0
12,766,0
12,767,0
12,768,0
12,769,0
12,770,0
12,771,0
12,772,0
12,773,0
12,774,0
12,775,0
12,776,0
12,777,0
12,778,0
12,779,0
12,780,0
12,781,0
12,782,0
12,783,0
12,784,0
12,785,0
12,786,0
12,787,0
12,788,0
12,789,0
12,790,0
12,791,0
12,792,0
12,793,0
12,794,0
12,795,0
12,796,0
12,797,0
12,798,0
12,799,0
12,800,0
12,801,0
12,802,0
12,803,0
12,804,0
12,805,0
12,806,0
12,807,0
12,808,0
12,809,0
12,810,0
12,811,0
12,812,0
12,813,0
12,814,0
12,815,0
12,816,0
12,817,0
12,818,0
12,819,0
12,820,0
12,821,0
12,822,0
12,823,0
12,824,0
12,825,0
12,826,0
12,827,0
12,828,0
12,829,0
12,830,0
12,831,0
12,832,0
12,833,0
12,834,0
12,835,0
12,836,0
12,837,0
12,838,0
12,839,0
12,840,0
12,841,0
12,842,0
12,843,0
12,844,0
12,845,0
12,846,0
12,847,0
12,848,0
12,849,0
12,850,0
12,851,0
12,852,0
12,853,0
12,854,0
12,855,0
12,856,0
12,857,0
12,858,0
12,859,0
12,860,0
12,861,0
12,862,0
12,863,0
12,864,0
12,865,0
12,866,0
12,867,0
12,868,0
12,869,0
12,870,0
12,871,0
12,872,0
12,873,0
12,874,0
12,875,0
12,876,0
12,877,0
12,878,0
12,879,0
12,880,0
12,881,0
12,882,0
12,883,0
12,884,0
12,885,0
12,886,0
12,887,0
12,888,0
12,889,0
12,890,0
12,891,0
12,892,0
12,893,0
12,894,0
12,895,0
12,896,0
12,897,0
12,898,0
12,899,0
12,900,0
12,901,0
12,902,0
12,903,0
12,904,0
12,905,0
12,906,0
12,907,0
12,908,0
12,909,0
12,910,0
12,911,0
12,912,0
12,913,0
12,914,0
12,915,0
12,916,0
12,917,0
12,918,0
12,919,0
12,920,0
12,921,0
12,922,0
12,923,0
12,924,0
12,925,0
12,926,0
12,927,0
12,928,0
12,929,0
12,930,0
12,931,0
12,932,0
12,933,0
12,934,0
12,935,0
12,936,0
12,937,0
12,938,0
12,939,0
12,940,0
12,941,0
12,942,0
12,943,0
12,944,0
12,945,0
12,946,0
12,947,0
12,948,0
12,949,0
12,950,0
12,951,0
12,952,0
12,953,0
12,954,0
12,955,0
12,956,0
12,957,0
12,958,0
12,959,0
12,960,0
12,961,0
12,962,0
12,963,0
12,964,0
12,965,0
12,966,0
12,967,0
12,968,0
12,969,0
12,970,0
12,971,0
12,972,0
12,973,0
12,974,0
12,975,0
12,976,0
12,977,0
12,978,0
12,979,0
12,980,0
12,981,0
12,982,0
12,983,0
12,984,0
12,985,0
12,986,0
12,987,0
12,988,0
12,989,0
12,990,0
12,991,0
12,992,0
12,993,0
12,994,0
12,995,0
12,996,0
12,997,0
12,998,0
12,999,0
12,1000,0
12,1001,0
12,1002,0
12,1003,0
12,1004,0
12,1005,0
12,1006,0
12,1007,0
12,1008,0
12,1009,0
12,1010,0
12,1011,0
12,1012,0
12,1013,0
12,1014,0
12,1015,0
12,1016,0
12,1017,0
12,1018,0
12,1019,0
12,1020,0
12,1021,0
12,1022,0
12,1023,0
12,1024,0
12,1025,0
12,1026,0
12,1027,0
12,1028,0
12,1029,0
12,1030,0
12,1031,0
12,1032,0
12,1033,0
12,1034,0
12,1035,0
12,1036,0
12,1037,0
12,1038,0
12,1039,0
12,1040,0
12,1041,0
12,1042,0
12,1043,0
12,1044,0
12,1045,0
12,1046,0
12,1047,0
12,1048,0
12,1049,0
12,1050,0
12,1051,0
12,1052,0
12,1053,0
12,1054,0
12,1055,0
12,1056,0
12,1057,0
12,1058,0
12,1059,0
12,1060,0
12,1061,0
12,1062,0
12,1063,0
12,1064,0
12,1065,0
12,1066,0
12,1067,0
12,1068,0
12,1069,0
12,1070,0
12,1071,0
12,1072,0
12,1073,0
12,1074,0
12,1075,0
12,1076,0
12,1077,0
12,1078,0
12,1079,0
12,1080,0
12,1081,0
12,1082,0
12,1083,0
12,1084,0
12,1085,0
12,1086,0
12,1087,0
12,1088,0
12,1089,0
12,1090,0
12,1091,0
12,1092,0
12,1093,0
12,1094,0
12,1095,0
12,1096,0
12,1097,0
12,1098,0
12,1099,0
12,1100,0
12,1101,0
12,1102,0
12,1103,0
12,1104,0
12,1105,0
12,1106,0
12,1107,0
12,1108,0
12,1109,0
12,1110,0
12,1111,0
12,1112,0
12,1113,0
12,1114,0
12,1115,0
12,1116,0
12,1117,0
12,1118,0
12,1119,0
12,1120,0
12,1121,0
12,1122,0
12,1123,0
12,1124,0
12,1125,0
12,1126,0
12,1127,0
12,1128,0
12,1129,0
12,1130,0
12,1131,0
12,1132,0
12,1133,0
12,1134,0
12,1135,0
12,1136,0
12,1137,0
12,1138,0
12,1139,0
12,1140,0
12,1141,0
12,1142,0
12,1143,0
12,1144,0
12,1145,0
12,1146,0
12,1147,0
12,1148,0
12,1149,0
12,1150,0
12,1151,0
12,1152,0
12,1153,0
12,1154,0
12,1155,0
12,1156,0
12,1157,0
12,1158,0
12,1159,0
12,1160,0
12,1161,0
12,1162,0
12,1163,0
12,1164,0
12,1165,0
12,1166,0
12,1167,0
12,1168,0
12,1169,0
12,1170,0
12,1171,0
12,1172,0
12,1173,0
12,1174,0
12,1175,0
12,1176,0
12,1177,0
12,1178,0
12,1179,0
12,1180,0
12,1181,0
12,1182,0
12,1183,0
12,1184,0
12,1185,0
12,1186,0
12,1187,0
12,1188,0
12,1189,0
12,1190,0
12,1191,0
12,1192,0
12,1193,0
12,1194,0
12,1195,0
12,1196,0
12,1197,0
12,1198,0
12,1199,0
12,1200,0
12,1201,0
12,1202,0
12,1203,0
12,1204,0
12,1205,0
12,1206,0
12,1207,0
12,1208,0
12,1209,0
12,1210,0
12,1211,0
12,1212,0
12,1213,0
12,1214,0
12,1215,0
12,1216,0
12,1217,0
12,1218,0
12,1219,0
12,1220,0
12,1221,0
12,1222,0
12,1223,0
12,1224,0
12,1225,0
12,1226,0
12,1227,0
12,1228,0
12,1229,0
12,1230,0
12,1231,0
12,1232,0
12,1233,0
12,1234,0
12,1235,0
12,1236,0
12,1237,0
12,1238,0
12,1239,0
12,1240,0
12,1241,0
12,1242,0
12,1243,0
12,1244,0
12,1245,0
12,1246,0
12,1247,0
12,1248,0
12,1249,0
12,1250,0
12,1251,0
12,1252,0
12,1253,0
12,1254,0
12,1255,0
12,1256,0
12,1257,0
12,1258,0
12,1259,0
12,1260,0
12,1261,0
12,1262,0
12,1263,0
12,1264,0
12,1265,0
12,1266,0
12,1267,0
12,1268,0
12,1269,0
12,1270,0
12,1271,0
12,1272,0
12,1273,0
12,1274,0
12,1275,0
12,1276,0
12,1277,0
12,1278,0
12,1279,0
12,1280,0
12,1281,0
12,1282,0
12,1283,0
12,1284,0
12,1285,0
12,1286,0
12,1287,0
12,1288,0
12,1289,0
12,1290,0
12,1291,0
12,1292,0
12,1293,0
12,1294,0
12,1295,0
12,1296,0
12,1297,0
12,1298,0
12,1299,0
12,1300,0
12,1301,0
12,1302,0
12,1303,0
12,1304,0
12,1305,0
12,1306,0
12,1307,0
12,1308,0
12,1309,0
12,1310,0
12,1311,0
12,1312,0
12,1313,0
12,1314,0
12,1315,0
12,1316,0
12,1317,0
12,1318,0
12,1319,0
12,1320,0
12,1321,0
12,1322,0
12,1323,0
12,1324,0
12,1325,0
12,1326,0
12,1327,0
12,1328,0
12,1329,0
12,1330,0
12,1331,0
12,1332,0
12,1333,0
12,1334,0
12,1335,0
12,1336,0
12,1337,0
12,1338,0
12,1339,0
12,1340,0
12,1341,0
12,1342,0
12,1343,0
12,1344,0
12,1345,0
12,1346,0
12,1347,0
12,1348,0
12,1349,0
12,1350,0
12,1351,0
12,1352,0
12,1353,0
12,1354,0
12,1355,0
12,1356,0
12,1357,0
12,1358,0
12,1359,0
12,1360,0
12,1361,0
12,1362,0
12,1363,0
12,1364,0
12,1365,0
12,1366,0
12,1367,0
12,1368,0
12,1369,0
12,1370,0
12,1371,0
12,1372,0
12,1373,0
12,1374,0
12,1375,0
12,1376,0
12,1377,0
12,1378,0
12,1379,0
12,1380,0
12,1381,0
12,1382,0
12,1383,0
12,1384,0
12,1385,0
12,1386,0
12,1387,0
12,1388,0
12,1389,0
12,1390,0
12,1391,0
12,1392,0
12,1393,0
12,1394,0
12,1395,0
12,1396,0
12,1397,0
12,1398,0
12,1399,0
12,1400,0
12,1401,0
12,1402,0
12,1403,0
12,1404,0
12,1405,0
12,1406,0
12,1407,0
12,1408,0
12,1409,0
12,1410,0
12,1411,0
12,1412,0
12,1413,0
12,1414,0
12,1415,0
12,1416,0
12,1417,0
12,1418,0
12,1419,0
12,1420,0
12,1421,0
12,1422,0
12,1423,0
12,1424,0
12,1425,0
12,1426,0
12,1427,0
12,1428,0
12,1429,0
12,1430,0
12,1431,0
12,1432,0
12,1433,0
12,1434,0
12,1435,0
12,1436,0
12,1437,0
12,1438,0
12,1439,0
12,1440,0
12,1441,0
12,1442,0
12,1443,0
12,1444,0
12,1445,0
12,1446,0
12,1447,0
12,1448,0
12,1449,0
12,1450,0
12,1451,0
12,1452,0
12,1453,0
12,1454,0
12,1455,0
12,1456,0
12,1457,0
12,1458,0
12,1459,0
12,1460,0
12,1461,0
12,1462,0
12,1463,0
12,1464,0
12,1465,0
12,1466,0
12,1467,0
12,1468,0
12,1469,0
12,1470,0
12,1471,0
12,1472,0
12,1473,0
12,1474,0
12,1475,0
12,1476,0
12,1477,0
12,1478,0
12,1479,0
12,1480,0
12,1481,0
12,1482,0
12,1483,0
12,1484,0
12,1485,0
12,1486,0
12,1487,0
12,1488,0
12,1489,0
12,1490,0
12,1491,0
12,1492,0
12,1493,0
12,1494,0
12,1495,0
12,1496,0
12,1497,0
12,1498,0
12,1499,0
12,1500,0
12,1501,0
12,1502,0
12,1503,0
12,1504,0
12,1505,0
12,1506,0
12,1507,0
12,1508,0
12,1509,0
12,1510,0
12,1511,0
12,1512,0
12,1513,0
12,1514,0
12,1515,0
12,1516,0
12,1517,0
12,1518,0
12,1519,0
12,1520,0
12,1521,0
12,1522,0
12,1523,0
12,1524,0
12,1525,0
12,1526,0
12,1527,0
12,1528,0
12,1529,0
12,1530,0
12,1531,0
12,1532,0
12,1533,0
12,1534,0
12,1535,0
12,1536,0
12,1537,0
12,1538,0
12,1539,0
12,1540,0
12,1541,0
12,1542,0
12,1543,0
12,1544,0
12,1545,0
12,1546,0
12,1547,0
12,1548,0
12,1549,0
12,1550,0
12,1551,0
12,1552,0
12,1553,0
12,1554,0
12,1555,0
12,1556,0
12,1557,0
12,1558,0
12,1559,0
12,1560,0
12,1561,0
12,1562,0
12,1563,0
12,1564,0
12,1565,0
12,1566,0
12,1567,0
12,1568,0
12,1569,0
12,1570,0
12,1571,0
12,1572,0
12,1573,0
12,1574,0
12,1575,0
12,1576,0
12,1577,0
12,1578,0
12,1579,0
12,1580,0
12,1581,0
12,1582,0
12,1583,0
12,1584,0
12,1585,0
12,1586,0
12,1587,0
12,1588,0
12,1589,0
12,1590,0
12,1591,0
12,1592,0
12,1593,0
12,1594,0
12,1595,0
12,1596,0
12,1597,0
12,1598,0
12,1599,0
12,1600,0
12,1601,0
12,1602,0
12,1603,0
12,1604,0
12,1605,0
12,1606,0
12,1607,0
12,1608,0
12,1609,0
12,1610,0
12,1611,0
12,1612,0
12,1613,0
12,1614,0
12,1615,0
12,1616,0
12,1617,0
12,1618,0
12,1619,0
12,1620,0
12,1621,0
12,1622,0
12,1623,0
12,1624,0
12,1625,0
12,1626,0
12,1627,0
12,1628,0
12,1629,0
12,1630,0
12,1631,0
12,1632,0
12,1633,0
12,1634,0
12,1635,0
12,1636,0
12,1637,0
12,1638,0
12,1639,0
12,1640,0
12,1641,0
12,1642,0
12,1643,0
12,1644,0
12,1645,0
12,1646,0
12,1647,0
12,1648,0
12,1649,0
12,1650,0
12,1651,0
12,1652,0
12,1653,0
12,1654,0
12,1655,0
12,1656,0
12,1657,0
12,1658,0
12,1659,0
12,1660,0
12,1661,0
12,1662,0
12,1663,0
12,1664,0
12,1665,0
12,1666,0
12,1667,0
12,1668,0
12,1669,0
12,1670,0
12,1671,0
12,1672,0
12,1673,0
12,1674,0
12,1675,0
12,1676,0
12,1677,0
12,1678,0
12,1679,0
12,1680,0
12,1681,0
12,1682,0
12,1683,0
12,1684,0
12,1685,0
12,1686,0
12,1687,0
12,1688,0
12,1689,0
12,1690,0
12,1691,0
12,1692,0
12,1693,0
12,1694,0
12,1695,0
12,1696,0
12,1697,0
12,1698,0
12,1699,0
12,1700,0
12,1701,0
12,1702,0
12,1703,0
12,1704,0
12,1705,0
12,1706,0
12,1707,0
12,1708,0
12,1709,0
12,1710,0
12,1711,0
12,1712,0
12,1713,0
12,1714,0
12,1715,0
12,1716,0
12,1717,0
12,1718,0
12,1719,0
12,1720,0
12,1721,0
12,1722,0
12,1723,0
12,1724,0
12,1725,0
12,1726,0
12,1727,0
12,1728,0
12,1729,0
12,1730,0
12,1731,0
12,1732,0
12,1733,0
12,1734,0
12,1735,0
12,1736,0
12,1737,0
12,1738,0
12,1739,0
12,1740,0
12,1741,0
12,1742,0
12,1743,0
12,1744,0
12,1745,0
12,1746,0
12,1747,0
12,1748,0
12,1749,0
12,1750,0
12,1751,0
12,1752,0
12,1753,0
12,1754,0
12,1755,0
12,1756,0
12,1757,0
12,1758,0
12,1759,0
12,1760,0
12,1761,0
12,1762,0
12,1763,0
12,1764,0
12,1765,0
12,1766,0
12,1767,0
12,1768,0
12,1769,0
12,1770,0
12,1771,0
12,1772,0
12,1773,0
12,1774,0
12,1775,0
12,1776,0
12,1777,0
12,1778,0
12,1779,0
12,1780,0
12,1781,0
12,1782,0
12,1783,0
12,1784,0
12,1785,0
12,1786,0
12,1787,0
12,1788,0
12,1789,0
12,1790,0
12,1791,0
12,1792,0
12,1793,0
12,1794,0
12,1795,0
12,1796,0
12,1797,0
12,1798,0
12,1799,0
12,1800,0
12,1801,0
12,1802,0
12,1803,0
12,1804,0
12,1805,0
12,1806,0
12,1807,0
12,1808,0
12,1809,0
12,1810,0
12,1811,0
12,1812,0
12,1813,0
12,1814,0
12,1815,0
12,1816,0
12,1817,0
12,1818,0
12,1819,0
12,1820,0
12,1821,0
12,1822,0
12,1823,0
12,1824,0
12,1825,0
12,1826,0
12,1827,0
12,1828,0
12,1829,0
12,1830,0
12,1831,0
12,1832,0
12,1833,0
12,1834,0
12,1835,0
12,1836,0
12,1837,0
12,1838,0
12,1839,0
12,1840,0
12,1841,0
12,1842,0
12,1843,0
12,1844,0
12,1845,0
12,1846,0
12,1847,0
12,1848,0
12,1849,0
12,1850,0
12,1851,0
12,1852,0
12,1853,0
12,1854,0
12,1855,0
12,1856,0
12,1857,0
12,1858,0
12,1859,0
12,1860,0
12,1861,0
12,1862,0
12,1863,0
12,1864,0
12,1865,0
12,1866,0
12,1867,0
12,1868,0
12,1869,0
12,1870,0
12,1871,0
12,1872,0
12,1873,0
12,1874,0
12,1875,0
12,1876,0
12,1877,0
12,1878,0
12,1879,0
12,1880,0
12,1881,0
12,1882,0
12,1883,0
12,1884,0
12,1885,0
12,1886,0
12,1887,0
12,1888,0
12,1889,0
12,1890,0
12,1891,0
12,1892,0
12,1893,0
12,1894,0
12,1895,0
12,1896,0
12,1897,0
12,1898,0
12,1899,0
12,1900,0
12,1901,0
12,1902,0
12,1903,0
12,1904,0
12,1905,0
12,1906,0
12,1907,0
12,1908,0
12,1909,0
12,1910,0
12,1911,0
12,1912,0
12,1913,0
12,1914,0
12,1915,0
12,1916,0
12,1917,0
12,1918,0
12,1919,0
12,1920,0
12,1921,0
12,1922,0
12,1923,0
12,1924,0
12,1925,0
12,1926,0
12,1927,0
12,1928,0
12,1929,0
12,1930,0
12,1931,0
12,1932,0
12,1933,0
12,1934,0
12,1935,0
12,1936,0
12,1937,0
12,1938,0
12,1939,0
12,1940,0
12,1941,0
12,1942,0
12,1943,0
12,1944,0
12,1945,0
12,1946,0
12,1947,0
12,1948,0
12,1949,0
12,1950,0
12,1951,0
12,1952,0
12,1953,0
12,1954,0
12,1955,0
12,1956,0
12,1957,0
12,1958,0
12,1959,0
12,1960,0
12,1961,0
12,1962,0
12,1963,0
12,1964,0
12,1965,0
12,1966,0
12,1967,0
12,1968,0
12,1969,0
12,1970,0
12,1971,0
12,1972,0
12,1973,0
12,1974,0
12,1975,0
12,1976,0
12,1977,0
12,1978,0
12,1979,0
12,1980,0
12,1981,0
12,1982,0
12,1983,0
12,1984,0
12,1985,0
12,1986,0
12,1987,0
12,1988,0
12,1989,0
12,1990,0
12,1991,0
12,1992,0
12,1993,0
12,1994,0
12,1995,0
12,1996,0
12,1997,0
12,1998,0
12,1999,0
12,2000,0
12,2001,0
12,2002,0
12,2003,0
12,2004,0
12,2005,0
12,2006,0
12,2007,0
12,2008,0
12,2009,0
12,2010,0
12,2011,0
12,2012,0
12,2013,0
12,2014,0
12,2015,0
12,2016,0
12,2017,0
12,2018,0
12,2019,0
12,2020,0
12,2021,0
12,2022,0
12,2023,0
12,2024,0
12,2025,0
12,2026,0
12,2027,0
12,2028,0
12,2029,0
12,2030,0
12,2031,0
12,2032,0
12,2033,0
12,2034,0
12,2035,0
12,2036,0
12,2037,0
12,2038,0
12,2039,0
12,2040,0
12,2041,0
12,2042,0
12,2043,0
12,2044,0
12,2045,0
12,2046,0
12,2047,0
12,2048,0
12,2049,0
12,2050,0
12,2051,0
12,2052,0
12,2053,0
12,2054,0
12,2055,0
12,2056,0
12,2057,0
12,2058,0
12,2059,0
12,2060,0
12,2061,0
12,2062,0
12,2063,0
12,2064,0
12,2065,0
12,2066,0
12,2067,0
12,2068,0
12,2069,0
12,2070,0
12,2071,0
12,2072,0
12,2073,0
12,2074,0
12,2075,0
12,2076,0
12,2077,0
12,2078,0
12,2079,0
12,2080,0
12,2081,0
12,2082,0
12,2083,0
12,2084,0
12,2085,0
12,2086,0
12,2087,0
12,2088,0
12,2089,0
12,2090,0
12,2091,0
12,2092,0
12,2093,0
12,2094,0
12,2095,0
12,2096,0
12,2097,0
12,2098,0
12,2099,0
12,2100,0
12,2101,0
12,2102,0
12,2103,0
12,2104,0
12,2105,0
12,2106,0
12,2107,0
12,2108,0
12,2109,0
12,2110,0
12,2111,0
12,2112,0
12,2113,0
12,2114,0
12,2115,0
12,2116,0
12,2117,0
12,2118,0
12,2119,0
12,2120,0
12,2121,0
12,2122,0
12,2123,0
12,2124,0
12,2125,0
12,2126,0
12,2127,0
12,2128,0
12,2129,0
12,2130,0
12,2131,0
12,2132,0
12,2133,0
12,2134,0
12,2135,0
12,2136,0
12,2137,0
12,2138,0
12,2139,0
12,2140,0
12,2141,0
12,2142,0
12,2143,0
12,2144,0
12,2145,0
12,2146,0
12,2147,0
12,2148,0
12,2149,0
12,2150,0
12,2151,0
12,2152,0
12,2153,0
12,2154,0
12,2155,0
12,2156,0
12,2157,0
12,2158,0
12,2159,0
12,2160,0
12,2161,0
12,2162,0
12,2163,0
12,2164,0
12,2165,0
12,2166,0
12,2167,0
12,2168,0
12,2169,0
12,2170,0
12,2171,0
12,2172,0
12,2173,0
12,2174,0
12,2175,0
12,2176,0
12,2177,0
12,2178,0
12,2179,0
12,2180,0
12,2181,0
12,2182,0
12,2183,0
12,2184,0
12,2185,0
12,2186,0
12,2187,0
12,2188,0
12,2189,0
12,2190,0
12,2191,0
12,2192,0
12,2193,0
12,2194,0
12,2195,0
12,2196,0
12,2197,0
12,2198,0
12,2199,0
12,2200,0
12,2201,0
12,2202,0
12,2203,0
12,2204,0
12,2205,0
12,2206,0
12,2207,0
12,2208,0
12,2209,0
12,2210,0
12,2211,0
12,2212,0
12,2213,0
12,2214,0
12,2215,0
12,2216,0
12,2217,0
12,2218,0
12,2219,0
12,2220,0
12,2221,0
12,2222,0
12,2223,0
12,2224,0
12,2225,0
12,2226,0
12,2227,0
12,2228,0
12,2229,0
12,2230,0
12,2231,0
12,2232,0
12,2233,0
13,0,0
13,1,0
13,2,0
13,3,0
13,4,2.43789e-05
13,5,0
13,6,0
13,7,0
13,8,0
13,9,1.84896e-05
13,10,0
13,11,0
13,12,8.41327e-07
13,13,0
13,14,6.87345e-05
13,15,0
13,16,0
13,17,2.81551e-05
13,18,0
13,19,0
13,20,0.000755189
13,21,0
13,22,1.91157e-05
13,23,0
13,24,0
13,25,0.000122394
13,26,0
13,27,5.09003e-05
13,28,0
13,29,0
13,30,3.01508e-05
13,31,0
13,32,0
13,33,0.000112435
13,34,0
13,35,2.67855e-05
13,36,0
13,37,0
13,38,0.000116524
13,39,0
13,40,0
13,41,0
13,42,0
13,43,1.84603e-05
13,44,0
13,45,0
13,46,0.000113354
13,47,0
13,48,0.00062312
13,49,0
13,50,0
13,51,5.8257e-05
13,52,0
13,53,0
13,54,3.51205e-05
13,55,0
13,56,6.69149e-06
13,57,0
13,58,0
13,59,0.000697157
13,60,0
13,61,0
13,62,0
13,63,0
13,64,6.1818e-05
13,65,0
13,66,0
13,67,0.000653428
13,68,0
13,69,0.000683588
13,70,0
13,71,0
13,72,0.000124966
13,73,0
13,74,0
13,75,1.17395e-07
13,76,0
13,77,4.45121e-05
13,78,0
13,79,0
13,80,0.000728286
13,81,0
13,82,0.000107269
13,83,0
13,84,0
13,85,0.000126463
13,86,0
13,87,0
13,88,0.000684694
13,89,0
13,90,5.46276e-05
13,91,0
13,92,0
13,93,0.000247869
13,94,0
13,95,0
13,96,0
13,97,0
13,98,9.50015e-05
13,99,0
13,100,0
13,101,0.00015948
13,102,0
13,103,9.97951e-05
13,104,0
13,105,0
13,106,0.000171171
13,107,0
13,108,0
13,109,4.57545e-05
13,110,0
13,111,2.03679e-05
13,112,0
13,113,0
13,114,0.000205078
13,115,0
13,116,0
13,117,0
13,118,0
13,119,0.000148533
13,120,0
13,121,0
13,122,8.80557e-05
13,123,0
13,124,0.000117306
13,125,0
13,126,0
13,127,0.00019192
13,128,0
13,129,0
13,130,0
13,131,0
13,132,7.20704e-05
13,133,0
13,134,0
13,135,0.000174624
13,136,0
13,137,8.36827e-05
13,138,0
13,139,0
13,140,0.000193329
13,141,0
13,142,0
13,143,0.000114225
13,144,0
13,145,4.42186e-06
13,146,0
13,147,0
13,148,0.000236393
13,149,0
13,150,0
13,151,0
13,152,0
13,153,0.000129985
13,154,0
13,155,0
13,156,9.70657e-05
13,157,0
13,158,8.46512e-05
13,159,0
13,160,0
13,161,0.000202339
13,162,0
13,163,0
13,164,0
13,165,0
13,166,3.46901e-05
13,167,0
13,168,0
13,169,0.000166544
13,170,0
13,171,0
13,172,0
13,173,0
13,174,0.000163374
13,175,0
13,176,0
13,177,9.07851e-05
13,178,0
13,179,0
13,180,0
13,181,0
13,182,0.00016038
13,183,0
13,184,0
13,185,0
13,186,0
13,187,8.60795e-05
13,188,0
13,189,0
13,190,1.27764e-05
13,191,0
13,192,9.51874e-06
13,193,0
13,194,0
13,195,0.00017931
13,196,0
13,197,0
13,198,0
13,199,0
13,200,8.90242e-06
13,201,0
13,202,0
13,203,0.000118197
13,204,0
13,205,0
13,206,0
13,207,0
13,208,0.00012798
13,209,0
13,210,0
13,211,2.10038e-05
13,212,0
13,213,0
13,214,0
13,215,0
13,216,0.000158424
13,217,0
13,218,0
13,219,0
13,220,0
13,221,4.46882e-05
13,222,0
13,223,0
13,224,3.40346e-05
13,225,0
13,226,0
13,227,0
13,228,0
13,229,0.000148475
13,230,0
13,231,0
13,232,0
13,233,0
13,234,0
13,235,0
13,236,0
13,237,0.000107465
13,238,0
13,239,0
13,240,0
13,241,0
13,242,8.84372e-05
13,243,0
13,244,0
13,245,2.37724e-06
13,246,0
13,247,0
13,248,0
13,249,0
13,250,0.000144297
13,251,0
13,252,0
13,253,0
13,254,0
13,255,1.28645e-05
13,256,0
13,257,0
13,258,5.01177e-05
13,259,0
13,260,0
13,261,0
13,262,0
13,263,0.000115506
13,264,0
13,265,0
13,266,0
13,267,0
13,268,0
13,269,0
13,270,0
13,271,0.000114019
13,272,0
13,273,0
13,274,0
13,275,0
13,276,4.87579e-05
13,277,0
13,278,0
13,279,8.7948e-06
13,280,0
13,281,0
13,282,0
13,283,0
13,284,0.000119077
13,285,2.25006e-06
13,286,0
13,287,0
13,288,0
13,289,0
13,290,0
13,291,0
13,292,6.43518e-05
13,293,0
13,294,0
13,295,0
13,296,0
13,297,7.86445e-05
13,298,3.20878e-06
13,299,0
13,300,0
13,301,0
13,302,0
13,303,0
13,304,0
13,305,0.000104765
13,306,0
13,307,0
13,308,0
13,309,0
13,310,1.71298e-05
13,311,0
13,312,0
13,313,1.61711e-05
13,314,0
13,315,0
13,316,0
13,317,0
13,318,9.23993e-05
13,319,1.06242e-05
13,320,0
13,321,0
13,322,0
13,323,0
13,324,0
13,325,0
13,326,6.90573e-05
13,327,0
13,328,0
13,329,0
13,330,0
13,331,4.93253e-05
13,332,3.22835e-06
13,333,0
13,334,0
13,335,0
13,336,0
13,337,0
13,338,0
13,339,8.7635e-05
13,340,1.28938e-05
13,341,0
13,342,0
13,343,0
13,344,0
13,345,0
13,346,0
13,347,2.33419e-05
13,348,0
13,349,0
13,350,0
13,351,0
13,352,6.66018e-05
13,353,1.4371e-05
13,354,0
13,355,0
13,356,0
13,357,0
13,358,0
13,359,0
13,360,6.33735e-05
13,361,7.78717e-06
13,362,0
13,363,0
13,364,0
13,365,1.84799e-05
13,366,0
13,367,0
13,368,0
13,369,0
13,370,0
13,371,0
13,372,0
13,373,6.443e-05
13,374,2.31756e-05
13,375,0
13,376,0
13,377,0
13,378,0
13,379,0
13,380,0
13,381,2.56409e-05
13,382,0
13,383,0
13,384,0
13,385,0
13,386,4.21642e-05
13,387,1.50852e-05
13,388,0
13,389,0
13,390,0
13,391,0
13,392,0
13,393,0
13,394,4.77893e-05
13,395,2.388e-05
13,396,0
13,397,0
13,398,0
13,399,0
13,400,0
13,401,0
13,402,3.61966e-06
13,403,0
13,404,0
13,405,0
13,406,0
13,407,3.9787e-05
13,408,3.91413e-05
13,409,0
13,410,0
13,411,0
13,412,0
13,413,0
13,414,0
13,415,2.40463e-05
13,416,1.47232e-05
13,417,0
13,418,0
13,419,0
13,420,1.4283e-05
13,421,1.26297e-05
13,422,0
13,423,0
13,424,0
13,425,0
13,426,0
13,427,0
13,428,2.88693e-05
13,429,5.00101e-05
13,430,0
13,431,0
13,432,0
13,433,0
13,434,0
13,435,0
13,436,5.72298e-06
13,437,4.89144e-08
13,438,0
13,439,0
13,440,0
13,441,1.94973e-05
13,442,4.74763e-05
13,443,0
13,444,0
13,445,0
13,446,0
13,447,0
13,448,0
13,449,1.92331e-05
13,450,4.17729e-05
13,451,0
13,452,0
13,453,0
13,454,1.66309e-07
13,455,6.08495e-06
13,456,0
13,457,0
13,458,0
13,459,0
13,460,0
13,461,0
13,462,1.81375e-05
13,463,7.67467e-05
13,464,0
13,465,0
13,466,0
13,467,0
13,468,0
13,469,0
13,470,5.33167e-06
13,471,2.10332e-05
13,472,0
13,473,0
13,474,0
13,475,1.02916e-05
13,476,4.19588e-05
13,477,0
13,478,0
13,479,0
13,480,0
13,481,0
13,482,0
13,483,1.24829e-05
13,484,8.27533e-05
13,485,0
13,486,0
13,487,0
13,488,0
13,489,0
13,490,0
13,491,0
13,492,0
13,493,0
13,494,0
13,495,0
13,496,9.76331e-06
13,497,8.78991e-05
13,498,0
13,499,0
13,500,0
13,501,0
13,502,0
13,503,0
13,504,1.33047e-06
13,505,6.2131e-05
13,506,0
13,507,0
13,508,0
13,509,0
13,510,2.56214e-05
13,511,0
13,512,0
13,513,0
13,514,0
13,515,0
13,516,0
13,517,2.21093e-06
13,518,0.000117424
13,519,0
13,520,0
13,521,0
13,522,0
13,523,0
13,524,0
13,525,0
13,526,2.58855e-05
13,527,0
13,528,0
13,529,0
13,530,2.42615e-06
13,531,8.71752e-05
13,532,0
13,533,0
13,534,0
13,535,0
13,536,0
13,537,0
13,538,0
13,539,0.000111388
13,540,0
13,541,0
13,542,0
13,543,0
13,544,1.07612e-05
13,545,0
13,546,0
13,547,0
13,548,0
13,549,0
13,550,0
13,551,0
13,552,0.000145687
13,553,0
13,554,0
13,555,0
13,556,0
13,557,0
13,558,0
13,559,0
13,560,7.48488e-05
13,561,0
13,562,0
13,563,0
13,564,0
13,565,6.92921e-05
13,566,0
13,567,0
13,568,0
13,569,0
13,570,0
13,571,0
13,572,0
13,573,0.000165057
13,574,0
13,575,0
13,576,0
13,577,0
13,578,0
13,579,0
13,580,0
13,581,2.58268e-05
13,582,0
13,583,0
13,584,0
13,585,0
13,586,0.000150089
13,587,0
13,588,0
13,589,0
13,590,0
13,591,0
13,592,0
13,593,0
13,594,0.000140345
13,595,0
13,596,0
13,597,0
13,598,0
13,599,4.08142e-05
13,600,0
13,601,0
13,602,0
13,603,0
13,604,0
13,605,0
13,606,0
13,607,0.00020725
13,608,0
13,609,0
13,610,0
13,611,0
13,612,0
13,613,0
13,614,0
13,615,8.12174e-05
13,616,0
13,617,0
13,618,0
13,619,0
13,620,0.000129388
13,621,0
13,622,0
13,623,0
13,624,0
13,625,0
13,626,0
13,627,0
13,628,0.0002113
13,629,0
13,630,0
13,631,0
13,632,0
13,633,1.06242e-05
13,634,0
13,635,0
13,636,1.99375e-05
13,637,0
13,638,0
13,639,0
13,640,0
13,641,0.000223226
13,642,0
13,643,0
13,644,0
13,645,0
13,646,0
13,647,0
13,648,0
13,649,0.000160195
13,650,0
13,651,0
13,652,0
13,653,0
13,654,8.99046e-05
13,655,0
13,656,0
13,657,0
13,658,0
13,659,0
13,660,0
13,661,0
13,662,0.000269538
13,663,0
13,664,0
13,665,0
13,666,0
13,667,0
13,668,0
13,669,0
13,670,7.88108e-05
13,671,0
13,672,0
13,673,0
13,674,0
13,675,0.00020816
13,676,0
13,677,0
13,678,0
13,679,0
13,680,0
13,681,0
13,682,0
13,683,0.0002451
13,684,0
13,685,0
13,686,0
13,687,0
13,688,4.91785e-05
13,689,0
13,690,0
13,691,1.34025e-05
13,692,0
13,693,0
13,694,0
13,695,0
13,696,0.000299953
13,697,0
13,698,0
13,699,0
13,700,0
13,701,0
13,702,0
13,703,0
13,704,0.000165487
13,705,0
13,706,0
13,707,0
13,708,0
13,709,0.00016265
13,710,0
13,711,0
13,712,0
13,713,0
13,714,0
13,715,0
13,716,0
13,717,0.000322238
13,718,0
13,719,0
13,720,0
13,721,0
13,722,1.17297e-05
13,723,1.86853e-06
13,724,0
13,725,6.80986e-05
13,726,0
13,727,0
13,728,0
13,729,0
13,730,0.000291686
13,731,0
13,732,0
13,733,0
13,734,0
13,735,0
13,736,0
13,737,0
13,738,0.000267464
13,739,0
13,740,0
13,741,0
13,742,0
13,743,0.000102358
13,744,0
13,745,0
13,746,0
13,747,0
13,748,0
13,749,0
13,750,0
13,751,0.000368765
13,752,0
13,753,0
13,754,0
13,755,0
13,756,0
13,757,1.08786e-05
13,758,0
13,759,0.000158502
13,760,0
13,761,0
13,762,0
13,763,0
13,764,0.000248876
13,765,0
13,766,0
13,767,0
13,768,0
13,769,0
13,770,0
13,771,0
13,772,0.000361428
13,773,0
13,774,0
13,775,0
13,776,0
13,777,3.95815e-05
13,778,8.14914e-06
13,779,0
13,780,4.1362e-05
13,781,0
13,782,0
13,783,0
13,784,0
13,785,0.00037577
13,786,0
13,787,0
13,788,0
13,789,0
13,790,0
13,791,1.2708e-05
13,792,0
13,793,0.000271162
13,794,0
13,795,0
13,796,0
13,797,0
13,798,0.000173626
13,799,0
13,800,0
13,801,0
13,802,0
13,803,0
13,804,0
13,805,0
13,806,0.000428627
13,807,0
13,808,0
13,809,0
13,810,0
13,811,7.25889e-06
13,812,2.04462e-05
13,813,0
13,814,0.00013785
13,815,0
13,816,0
13,817,0
13,818,0
13,819,0.000338302
13,820,0
13,821,0
13,822,0
13,823,0
13,824,0
13,825,1.26101e-05
13,826,0
13,827,0.000380789
13,828,0
13,829,0
13,830,0
13,831,0
13,832,0.000101536
13,833,1.04285e-05
13,834,0
13,835,2.88986e-05
13,836,0
13,837,0
13,838,0
13,839,0
13,840,0.000452908
13,841,0
13,842,0
13,843,0
13,844,0
13,845,0
13,846,3.68423e-05
13,847,0
13,848,0.000255225
13,849,0
13,850,0
13,851,0
13,852,0
13,853,0.000263394
13,854,0
13,855,0
13,856,0
13,857,0
13,858,0
13,859,4.55882e-06
13,860,0
13,861,0.000467387
13,862,0
13,863,0
13,864,0
13,865,0
13,866,3.28705e-05
13,867,3.60695e-05
13,868,0
13,869,0.000113423
13,870,0
13,871,0
13,872,0
13,873,0
13,874,0.000425995
13,875,0
13,876,0
13,877,0
13,878,0
13,879,0
13,880,3.80456e-05
13,881,0
13,882,0.000378764
13,883,0
13,884,0
13,885,0
13,886,0
13,887,0.000170535
13,888,1.08786e-05
13,889,0
13,890,4.69578e-06
13,891,0
13,892,0
13,893,0
13,894,0
13,895,0.000510079
13,896,0
13,897,0
13,898,0
13,899,0
13,900,0
13,901,6.1593e-05
13,902,0
13,903,0.000218921
13,904,0
13,905,0
13,906,0
13,907,0
13,908,0.000355862
13,909,0
13,910,0
13,911,0
13,912,0
13,913,0
13,914,2.27745e-05
13,915,0
13,916,0.000483362
13,917,0
13,918,0
13,919,0
13,920,0
13,921,8.03957e-05
13,922,3.97967e-05
13,923,0
13,924,5.33656e-05
13,925,0
13,926,0
13,927,0
13,928,0
13,929,0.000500032
13,930,0
13,931,0
13,932,0
13,933,0
13,934,0
13,935,7.19922e-05
13,936,0
13,937,0.000357114
13,938,0
13,939,0
13,940,0
13,941,0
13,942,0.000251351
13,943,7.80673e-06
13,944,0
13,945,0
13,946,0
13,947,0
13,948,8.54045e-06
13,949,0
13,950,0.000545307
13,951,0
13,952,0
13,953,0
13,954,0
13,955,2.24224e-05
13,956,7.46336e-05
13,957,0
13,958,0.000177549
13,959,0
13,960,0
13,961,0
13,962,0
13,963,0.000438674
13,964,0
13,965,0
13,966,0
13,967,0
13,968,0
13,969,6.58779e-05
13,970,0
13,971,0.000473344
13,972,0
13,973,0
13,974,0
13,975,0
13,976,0.000143857
13,977,3.52379e-05
13,978,0
13,979,3.79086e-05
13,980,0
13,981,0
13,982,0
13,983,0
13,984,0.000556675
13,985,0
13,986,0
13,987,0
13,988,0
13,989,0
13,990,9.91103e-05
13,991,0
13,992,0.000308914
13,993,0
13,994,0
13,995,0
13,996,0
13,997,0.00033568
13,998,4.79361e-07
13,999,0
13,1000,0
13,1001,0
13,1002,0
13,1003,4.00022e-05
13,1004,0
13,1005,0.000556871
13,1006,0
13,1007,0
13,1008,0
13,1009,0
13,1010,5.61537e-05
13,1011,7.74706e-05
13,1012,0
13,1013,0.000135444
13,1014,0
13,1015,0
13,1016,0
13,1017,0
13,1018,0.00050871
13,1019,0
13,1020,0
13,1021,0
13,1022,0
13,1023,0
13,1024,0.000100724
13,1025,0
13,1026,0.000437304
13,1027,0
13,1028,0
13,1029,0
13,1030,0
13,1031,0.00021715
13,1032,2.16104e-05
13,1033,0
13,1034,6.23169e-06
13,1035,0
13,1036,0
13,1037,9.97853e-06
13,1038,0
13,1039,0.000586845
13,1040,0
13,1041,0
13,1042,0
13,1043,0
13,1044,1.02035e-05
13,1045,0.000117766
13,1046,0
13,1047,0.000243506
13,1048,0
13,1049,0
13,1050,0
13,1051,0
13,1052,0.000414236
13,1053,0
13,1054,0
13,1055,0
13,1056,0
13,1057,0
13,1058,7.75195e-05
13,1059,0
13,1060,0.000536923
13,1061,0
13,1062,0
13,1063,0
13,1064,0
13,1065,0.000108267
13,1066,6.88225e-05
13,1067,0
13,1068,5.44808e-05
13,1069,0
13,1070,0
13,1071,0
13,1072,0
13,1073,0.000556421
13,1074,0
13,1075,0
13,1076,0
13,1077,0
13,1078,0
13,1079,0.000135415
13,1080,0
13,1081,0.000383127
13,1082,0
13,1083,0
13,1084,0
13,1085,0
13,1086,0.000289025
13,1087,1.29623e-05
13,1088,0
13,1089,0
13,1090,0
13,1091,0
13,1092,3.97283e-05
13,1093,0
13,1094,0.000587188
13,1095,0
13,1096,0
13,1097,0
13,1098,0
13,1099,3.09139e-05
13,1100,0.000115859
13,1101,0
13,1102,0.000185033
13,1103,0
13,1104,0
13,1105,0
13,1106,0
13,1107,0.000474147
13,1108,0
13,1109,0
13,1110,0
13,1111,0
13,1112,0
13,1113,0.000119693
13,1114,0
13,1115,0.000490191
13,1116,0
13,1117,0
13,1118,0
13,1119,0
13,1120,0.000161652
13,1121,4.76622e-05
13,1122,0
13,1123,3.6089e-05
13,1124,0
13,1125,0
13,1126,1.03307e-05
13,1127,0
13,1128,0.00057986
13,1129,0
13,1130,0
13,1131,0
13,1132,0
13,1133,0
13,1134,0.000149688
13,1135,0
13,1136,0.000308258
13,1137,0
13,1138,0
13,1139,0
13,1140,0
13,1141,0.000354805
13,1142,1.95658e-08
13,1143,0
13,1144,0
13,1145,0
13,1146,0
13,1147,8.21077e-05
13,1148,0
13,1149,0.000559942
13,1150,0
13,1151,0
13,1152,0
13,1153,0
13,1154,6.46159e-05
13,1155,9.59504e-05
13,1156,0
13,1157,0.000126727
13,1158,0
13,1159,0
13,1160,0
13,1161,0
13,1162,0.000513748
13,1163,0
13,1164,0
13,1165,0
13,1166,0
13,1167,0
13,1168,0.000151517
13,1169,0
13,1170,0.000425584
13,1171,0
13,1172,0
13,1173,0
13,1174,0
13,1175,0.000218911
13,1176,2.14049e-05
13,1177,0
13,1178,1.39895e-06
13,1179,0
13,1180,0
13,1181,3.08845e-05
13,1182,0
13,1183,0.000572191
13,1184,0
13,1185,0
13,1186,0
13,1187,0
13,1188,1.31188e-05
13,1189,0.00014464
13,1190,0
13,1191,0.000227393
13,1192,0
13,1193,0
13,1194,0
13,1195,0
13,1196,0.000403074
13,1197,0
13,1198,0
13,1199,0
13,1200,0
13,1201,0
13,1202,0.000116543
13,1203,0
13,1204,0.000503838
13,1205,0
13,1206,0
13,1207,0
13,1208,0
13,1209,0.00010588
13,1210,7.21194e-05
13,1211,0
13,1212,4.84644e-05
13,1213,0
13,1214,0
13,1215,6.6817e-06
13,1216,0
13,1217,0.000525898
13,1218,0
13,1219,0
13,1220,0
13,1221,0
13,1222,0
13,1223,0.000163296
13,1224,0
13,1225,0.000342293
13,1226,0
13,1227,0
13,1228,0
13,1229,0
13,1230,0.000268413
13,1231,7.20998e-06
13,1232,0
13,1233,0
13,1234,0
13,1235,0
13,1236,7.11606e-05
13,1237,0
13,1238,0.000536454
13,1239,0
13,1240,0
13,1241,0
13,1242,0
13,1243,2.96323e-05
13,1244,0.000119645
13,1245,0
13,1246,0.000161124
13,1247,0
13,1248,0
13,1249,0
13,1250,0
13,1251,0.000431043
13,1252,0
13,1253,0
13,1254,0
13,1255,0
13,1256,0
13,1257,0.000147721
13,1258,0
13,1259,0.000426895
13,1260,0
13,1261,0
13,1262,0
13,1263,0
13,1264,0.000143172
13,1265,3.44259e-05
13,1266,0
13,1267,2.45061e-05
13,1268,0
13,1269,0
13,1270,2.39583e-05
13,1271,0
13,1272,0.000512809
13,1273,0
13,1274,0
13,1275,0
13,1276,0
13,1277,0
13,1278,0.000154922
13,1279,0
13,1280,0.000260489
13,1281,0
13,1282,0
13,1283,0
13,1284,0
13,1285,0.000303788
13,1286,0
13,1287,0
13,1288,0
13,1289,0
13,1290,0
13,1291,0.00010362
13,1292,0
13,1293,0.000473804
13,1294,0
13,1295,0
13,1296,0
13,1297,0
13,1298,4.85231e-05
13,1299,8.13348e-05
13,1300,0
13,1301,9.41504e-05
13,1302,0
13,1303,0
13,1304,9.78288e-07
13,1305,0
13,1306,0.000435905
13,1307,0
13,1308,0
13,1309,0
13,1310,0
13,1311,0
13,1312,0.00015726
13,1313,0
13,1314,0.000346157
13,1315,0
13,1316,0
13,1317,0
13,1318,0
13,1319,0.000176199
13,1320,1.13775e-05
13,1321,0
13,1322,0
13,1323,0
13,1324,0
13,1325,5.06753e-05
13,1326,0
13,1327,0.000468355
13,1328,0
13,1329,0
13,1330,0
13,1331,0
13,1332,7.12193e-06
13,1333,0.000124644
13,1334,0
13,1335,0.00017841
13,1336,0
13,1337,0
13,1338,0
13,1339,0
13,1340,0.000322532
13,1341,0
13,1342,0
13,1343,0
13,1344,0
13,1345,0
13,1346,0.000127774
13,1347,0
13,1348,0.00039469
13,1349,0
13,1350,0
13,1351,0
13,1352,0
13,1353,7.34205e-05
13,1354,4.51186e-05
13,1355,0
13,1356,3.37118e-05
13,1357,0
13,1358,0
13,1359,1.71005e-05
13,1360,0
13,1361,0.000412925
13,1362,0
13,1363,0
13,1364,0
13,1365,0
13,1366,0
13,1367,0.000146655
13,1368,0
13,1369,0.000256654
13,1370,0
13,1371,0
13,1372,0
13,1373,0
13,1374,0.000197683
13,1375,0
13,1376,0
13,1377,0
13,1378,0
13,1379,0
13,1380,8.05033e-05
13,1381,0
13,1382,0.000404268
13,1383,0
13,1384,0
13,1385,0
13,1386,0
13,1387,1.69342e-05
13,1388,8.62067e-05
13,1389,0
13,1390,0.000114998
13,1391,0
13,1392,0
13,1393,0
13,1394,0
13,1395,0.000317034
13,1396,0
13,1397,0
13,1398,0
13,1399,0
13,1400,0
13,1401,0.000136412
13,1402,0
13,1403,0.000308679
13,1404,0
13,1405,0
13,1406,0
13,1407,0
13,1408,9.20275e-05
13,1409,1.30308e-05
13,1410,5.03329e-05
13,1411,7.25889e-06
13,1412,0
13,1413,0
13,1414,3.86619e-05
13,1415,0
13,1416,0.000367601
13,1417,0
13,1418,0
13,1419,0
13,1420,0
13,1421,0
13,1422,0.000116123
13,1423,0
13,1424,0.000180064
13,1425,0
13,1426,0
13,1427,0
13,1428,0
13,1429,0.000203386
13,1430,0
13,1431,0
13,1432,0
13,1433,0
13,1434,0
13,1435,0.000102867
13,1436,0
13,1437,0.000324038
13,1438,0
13,1439,0
13,1440,0
13,1441,0
13,1442,2.45648e-05
13,1443,4.15674e-05
13,1444,0.000182695
13,1445,5.31014e-05
13,1446,0
13,1447,0
13,1448,1.25416e-05
13,1449,0
13,1450,0.000289798
13,1451,0
13,1452,0
13,1453,0
13,1454,0
13,1455,0
13,1456,0.00012436
13,1457,0
13,1458,0.000230348
13,1459,0
13,1460,0
13,1461,0
13,1462,0
13,1463,0.00010275
13,1464,0
13,1465,7.02215e-05
13,1466,0
13,1467,0
13,1468,0
13,1469,6.32463e-05
13,1470,0
13,1471,0.000301694
13,1472,0
13,1473,0
13,1474,0
13,1475,0
13,1476,0
13,1477,7.6639e-05
13,1478,0.000198583
13,1479,0.000107641
13,1480,0
13,1481,0
13,1482,0
13,1483,0
13,1484,0.000193319
13,1485,0
13,1486,0
13,1487,0
13,1488,0
13,1489,0
13,1490,0.000109813
13,1491,0
13,1492,0.00024467
13,1493,0
13,1494,0
13,1495,0
13,1496,0
13,1497,3.19704e-05
13,1498,1.52809e-05
13,1499,3.19215e-05
13,1500,1.51341e-05
13,1501,0
13,1502,0
13,1503,3.28215e-05
13,1504,0
13,1505,0.00024648
13,1506,0
13,1507,0
13,1508,0
13,1509,0
13,1510,0
13,1511,9.95897e-05
13,1512,6.30213e-05
13,1513,0.000154706
13,1514,0
13,1515,0
13,1516,0
13,1517,0
13,1518,0.000104687
13,1519,0
13,1520,1.64744e-05
13,1521,0
13,1522,0
13,1523,0
13,1524,8.4299e-05
13,1525,0
13,1526,0.000232206
13,1527,0
13,1528,0
13,1529,0
13,1530,0
13,1531,0
13,1532,4.18707e-05
13,1533,0.000657732
13,1534,5.43928e-05
13,1535,0
13,1536,0
13,1537,1.0047e-05
13,1538,0
13,1539,0.000169547
13,1540,0
13,1541,0
13,1542,0
13,1543,0
13,1544,0
13,1545,0.000107201
13,1546,0
13,1547,0.00016943
13,1548,0
13,1549,0
13,1550,0
13,1551,0
13,1552,3.54042e-05
13,1553,4.01098e-07
13,1554,0.000110106
13,1555,0
13,1556,0
13,1557,0
13,1558,5.69266e-05
13,1559,0
13,1560,0.000185464
13,1561,0
13,1562,0
13,1563,0
13,1564,0
13,1565,0
13,1566,7.20117e-05
13,1567,1.04579e-05
13,1568,8.67252e-05
13,1569,0
13,1570,0
13,1571,0
13,1572,0
13,1573,9.10003e-05
13,1574,0
13,1575,0
13,1576,0
13,1577,0
13,1578,0
13,1579,9.91201e-05
13,1580,0
13,1581,0.000159246
13,1582,0
13,1583,0
13,1584,0
13,1585,0
13,1586,1.52613e-06
13,1587,2.07984e-05
13,1588,0.000605325
13,1589,1.5408e-05
13,1590,0
13,1591,0
13,1592,3.22248e-05
13,1593,0
13,1594,0.000130425
13,1595,0
13,1596,0
13,1597,0
13,1598,0
13,1599,0
13,1600,9.17242e-05
13,1601,8.56784e-05
13,1602,0.000108208
13,1603,0
13,1604,0
13,1605,0
13,1606,0
13,1607,3.30466e-05
13,1608,0
13,1609,0.00016491
13,1610,0
13,1611,0
13,1612,0
13,1613,7.86348e-05
13,1614,0
13,1615,0.000131736
13,1616,0
13,1617,0
13,1618,0
13,1619,0
13,1620,0
13,1621,4.8797e-05
13,1622,0.000623609
13,1623,4.30642e-05
13,1624,0
13,1625,0
13,1626,9.32308e-06
13,1627,0
13,1628,7.1503e-05
13,1629,0
13,1630,0
13,1631,0
13,1632,0
13,1633,0
13,1634,0.000100314
13,1635,0
13,1636,0.000104882
13,1637,0
13,1638,0
13,1639,0
13,1640,0
13,1641,2.89573e-06
13,1642,9.62635e-06
13,1643,5.86973e-05
13,1644,0
13,1645,0
13,1646,0
13,1647,5.81788e-05
13,1648,0
13,1649,9.24873e-05
13,1650,0
13,1651,0
13,1652,0
13,1653,0
13,1654,0
13,1655,7.84391e-05
13,1656,0.000127559
13,1657,5.89907e-05
13,1658,0
13,1659,0
13,1660,0
13,1661,0
13,1662,2.5592e-05
13,1663,0
13,1664,1.90766e-05
13,1665,0
13,1666,0
13,1667,0
13,1668,9.85233e-05
13,1669,0
13,1670,8.23816e-05
13,1671,0
13,1672,0
13,1673,0
13,1674,0
13,1675,0
13,1676,3.23618e-05
13,1677,0.000560657
13,1678,9.57743e-06
13,1679,0
13,1680,0
13,1681,2.75486e-05
13,1682,0
13,1683,4.39055e-05
13,1684,0
13,1685,0
13,1686,0
13,1687,0
13,1688,0
13,1689,0.000102172
13,1690,2.53279e-05
13,1691,5.98027e-05
13,1692,0
13,1693,0
13,1694,0
13,1695,0
13,1696,9.09807e-07
13,1697,5.4295e-06
13,1698,0.000125641
13,1699,0
13,1700,0
13,1701,0
13,1702,8.34284e-05
13,1703,0
13,1704,4.68306e-05
13,1705,0
13,1706,0
13,1707,0
13,1708,0
13,1709,0
13,1710,6.81769e-05
13,1711,7.34596e-05
13,1712,1.82744e-05
13,1713,0
13,1714,0
13,1715,7.66977e-06
13,1716,0
13,1717,1.57309e-05
13,1718,0
13,1719,0
13,1720,0
13,1721,0
13,1722,0
13,1723,0.000111613
13,1724,0
13,1725,4.29664e-05
13,1726,0
13,1727,0
13,1728,0
13,1729,0
13,1730,0
13,1731,2.86638e-05
13,1732,0.000609835
13,1733,0
13,1734,0
13,1735,0
13,1736,5.29743e-05
13,1737,0
13,1738,2.51322e-05
13,1739,0
13,1740,0
13,1741,0
13,1742,0
13,1743,0
13,1744,9.96679e-05
13,1745,0.000179349
13,1746,2.46235e-05
13,1747,0
13,1748,0
13,1749,0
13,1750,0
13,1751,0
13,1752,5.0871e-07
13,1753,8.99046e-05
13,1754,0
13,1755,0
13,1756,0
13,1757,0.000104765
13,1758,0
13,1759,2.48094e-05
13,1760,0
13,1761,0
13,1762,0
13,1763,0
13,1764,0
13,1765,6.27767e-05
13,1766,0.00057539
13,1767,2.81747e-06
13,1768,0
13,1769,0
13,1770,2.08473e-05
13,1771,0
13,1772,4.42186e-06
13,1773,0
13,1774,0
13,1775,0
13,1776,0
13,1777,0
13,1778,0.000119429
13,1779,0
13,1780,1.84994e-05
13,1781,0
13,1782,0
13,1783,0
13,1784,0
13,1785,0
13,1786,1.6582e-05
13,1787,1.70222e-05
13,1788,0
13,1789,0
13,1790,0
13,1791,7.77152e-05
13,1792,0
13,1793,7.85565e-06
13,1794,0
13,1795,0
13,1796,0
13,1797,0
13,1798,0
13,1799,9.25656e-05
13,1800,8.7723e-05
13,1801,6.66214e-06
13,1802,0
13,1803,0
13,1804,2.96421e-06
13,1805,0
13,1806,0
13,1807,0
13,1808,0
13,1809,0
13,1810,0
13,1811,0
13,1812,0.000120916
13,1813,0
13,1814,7.85565e-06
13,1815,0
13,1816,0
13,1817,0
13,1818,0
13,1819,0
13,1820,4.35338e-05
13,1821,0.000680957
13,1822,0
13,1823,0
13,1824,0
13,1825,4.48643e-05
13,1826,0
13,1827,0
13,1828,0
13,1829,0
13,1830,0
13,1831,0
13,1832,0
13,1833,0.000117952
13,1834,3.34085e-05
13,1835,4.59795e-06
13,1836,0
13,1837,0
13,1838,0
13,1839,0
13,1840,0
13,1841,6.48605e-06
13,1842,6.85584e-05
13,1843,0
13,1844,0
13,1845,0
13,1846,9.63809e-05
13,1847,0
13,1848,0
13,1849,0
13,1850,0
13,1851,0
13,1852,0
13,1853,0
13,1854,7.44085e-05
13,1855,6.54572e-05
13,1856,0
13,1857,0
13,1858,0
13,1859,1.35395e-05
13,1860,0
13,1861,0
13,1862,0
13,1863,0
13,1864,0
13,1865,0
13,1866,0
13,1867,0.000121777
13,1868,0
13,1869,0
13,1870,0
13,1871,0
13,1872,0
13,1873,0
13,1874,0
13,1875,2.43496e-05
13,1876,0.000186374
13,1877,0
13,1878,0
13,1879,0
13,1880,6.46355e-05
13,1881,0
13,1882,0
13,1883,0
13,1884,0
13,1885,0
13,1886,0
13,1887,0
13,1888,0.000105244
13,1889,7.57977e-05
13,1890,0
13,1891,0
13,1892,0
13,1893,0
13,1894,0
13,1895,0
13,1896,0
13,1897,0
13,1898,0
13,1899,0
13,1900,8.31544e-07
13,1901,0.000111349
13,1902,0
13,1903,0
13,1904,0
13,1905,0
13,1906,0
13,1907,0
13,1908,0
13,1909,5.59874e-05
13,1910,0.000149903
13,1911,0
13,1912,0
13,1913,0
13,1914,2.9016e-05
13,1915,0
13,1916,0
13,1917,0
13,1918,0
13,1919,0
13,1920,0
13,1921,0
13,1922,0.000115144
13,1923,0
13,1924,0
13,1925,0
13,1926,0
13,1927,0
13,1928,0
13,1929,0
13,1930,8.92198e-06
13,1931,0
13,1932,0
13,1933,0
13,1934,2.29898e-06
13,1935,7.93489e-05
13,1936,0
13,1937,0
13,1938,0
13,1939,0
13,1940,0
13,1941,0
13,1942,0
13,1943,7.76565e-05
13,1944,3.56488e-05
13,1945,0
13,1946,0
13,1947,0
13,1948,7.26868e-06
13,1949,0
13,1950,0
13,1951,0
13,1952,0
13,1953,0
13,1954,0
13,1955,3.49249e-06
13,1956,0.000108502
13,1957,0
13,1958,0
13,1959,0
13,1960,0
13,1961,0
13,1962,0
13,1963,0
13,1964,2.79497e-05
13,1965,0
13,1966,0
13,1967,0
13,1968,1.93701e-06
13,1969,4.4199e-05
13,1970,0
13,1971,0
13,1972,0
13,1973,0
13,1974,0
13,1975,0
13,1976,0
13,1977,9.17145e-05
13,1978,0
13,1979,0
13,1980,0
13,1981,0
13,1982,0
13,1983,0
13,1984,0
13,1985,0
13,1986,0
13,1987,0
13,1988,0
13,1989,8.05131e-06
13,1990,8.30957e-05
13,1991,0
13,1992,0
13,1993,0
13,1994,0
13,1995,0
13,1996,0
13,1997,0
13,1998,4.68013e-05
13,1999,0
13,2000,0
13,2001,0
13,2002,0
13,2003,1.41754e-05
13,2004,0
13,2005,0
13,2006,0
13,2007,0
13,2008,0
13,2009,0
13,2010,4.86209e-06
13,2011,9.34656e-05
13,2012,0
13,2013,0
13,2014,0
13,2015,0
13,2016,0
13,2017,0
13,2018,0
13,2019,7.89478e-06
13,2020,0
13,2021,0
13,2022,0
13,2023,7.7676e-06
13,2024,5.12916e-05
13,2025,0
13,2026,0
13,2027,0
13,2028,0
13,2029,0
13,2030,0
13,2031,0
13,2032,6.42931e-05
13,2033,0
13,2034,0
13,2035,0
13,2036,0
13,2037,2.93486e-07
13,2038,0
13,2039,0
13,2040,0
13,2041,0
13,2042,0
13,2043,0
13,2044,1.17297e-05
13,2045,7.61695e-05
13,2046,0
13,2047,0
13,2048,0
13,2049,0
13,2050,0
13,2051,0
13,2052,0
13,2053,2.00549e-05
13,2054,0
13,2055,0
13,2056,0
13,2057,2.43594e-06
13,2058,2.19919e-05
13,2059,0
13,2060,0
13,2061,0
13,2062,0
13,2063,0
13,2064,0
13,2065,3.95228e-06
13,2066,6.49485e-05
13,2067,0
13,2068,0
13,2069,0
13,2070,0
13,2071,0
13,2072,0
13,2073,0
13,2074,0
13,2075,0
13,2076,0
13,2077,0
13,2078,1.21992e-05
13,2079,5.06851e-05
13,2080,0
13,2081,0
13,2082,0
13,2083,0
13,2084,0
13,2085,0
13,2086,0
13,2087,3.38977e-05
13,2088,0
13,2089,0
13,2090,0
13,2091,0
13,2092,5.29254e-06
13,2093,0
13,2094,0
13,2095,0
13,2096,0
13,2097,0
13,2098,0
13,2099,1.20525e-05
13,2100,5.83353e-05
13,2101,0
13,2102,0
13,2103,0
13,2104,0
13,2105,0
13,2106,0
13,2107,0
13,2108,4.17729e-06
13,2109,0
13,2110,0
13,2111,0
13,2112,1.25906e-05
13,2113,2.7529e-05
13,2114,0
13,2115,0
13,2116,0
13,2117,0
13,2118,0
13,2119,0
13,2120,2.65116e-06
13,2121,3.91413e-05
13,2122,0
13,2123,0
13,2124,0
13,2125,0
13,2126,0
13,2127,0
13,2128,0
13,2129,0
13,2130,0
13,2131,0
13,2132,0
13,2133,1.72961e-05
13,2134,4.41012e-05
13,2135,0
13,2136,0
13,2137,0
13,2138,0
13,2139,0
13,2140,0
13,2141,0
13,2142,9.91984e-06
13,2143,0
13,2144,0
13,2145,0
13,2146,4.39251e-06
13,2147,6.46648e-06
13,2148,0
13,2149,0
13,2150,0
13,2151,0
13,2152,0
13,2153,0
13,2154,9.98832e-06
13,2155,4.00217e-05
13,2156,0
13,2157,0
13,2158,0
13,2159,0
13,2160,0
13,2161,0
13,2162,0
13,2163,0
13,2164,0
13,2165,0
13,2166,0
13,2167,1.58091e-05
13,2168,2.20995e-05
13,2169,0
13,2170,0
13,2171,0
13,2172,0
13,2173,0
13,2174,0
13,2175,6.65236e-07
13,2176,1.62494e-05
13,2177,0
13,2178,0
13,2179,0
13,2180,0
13,2181,0
13,2182,0
13,2183,0
13,2184,0
13,2185,0
13,2186,0
13,2187,0
13,2188,1.24438e-05
13,2189,2.60811e-05
13,2190,0
13,2191,0
13,2192,0
13,2193,0
13,2194,0
13,2195,0
13,2196,0
13,2197,0
13,2198,0
13,2199,0
13,2200,0
13,2201,6.48605e-06
13,2202,1.09373e-05
13,2203,0
13,2204,0
13,2205,0
13,2206,0
13,2207,0
13,2208,0
13,2209,2.8566e-06
13,2210,1.77559e-05
13,2211,0
13,2212,0
13,2213,0
13,2214,0
13,2215,0
13,2216,0
13,2217,0
13,2218,0
13,2219,0
13,2220,0
13,2221,0
13,2222,1.22579e-05
13,2223,1.98201e-05
13,2224,0
13,2225,0
13,2226,0
13,2227,0
13,2228,0
13,2229,0
13,2230,0
13,2231,6.40778e-06
13,2232,0
13,2233,0
14,0,0
14,1,0
14,2,0
14,3,0
14,4,0
14,5,0
14,6,0
14,7,0
14,8,0
14,9,0
14,10,0
14,11,0
14,12,0
14,13,0
14,14,0
14,15,0
14,16,0
14,17,0
14,18,0
14,19,0
14,20,0
14,21,0
14,22,0
14,23,0
14,24,0
14,25,0
14,26,0
14,27,0
14,28,0
14,29,0
14,30,0
14,31,0
14,32,0
14,33,0
14,34,0
14,35,0
14,36,0
14,37,0
14,38,0
14,39,0
14,40,0
14,41,0
14,42,0
14,43,0
14,44,0
14,45,0
14,46,0
14,47,0
14,48,0
14,49,0
14,50,0
14,51,0
14,52,0
14,53,0
14,54,0
14,55,0
14,56,0
14,57,0
14,58,0
14,59,0
14,60,0
14,61,0
14,62,0
14,63,0
14,64,0
14,65,0
14,66,0
14,67,0
14,68,0
14,69,0
14,70,0
14,71,0
14,72,0
14,73,0
14,74,0
14,75,0
14,76,0
14,77,0
14,78,0
14,79,0
14,80,0
14,81,0
14,82,0
14,83,0
14,84,0
14,85,0
14,86,0
14,87,0
14,88,0
14,89,0
14,90,0
14,91,0
14,92,0
14,93,0
14,94,0
14,95,0
14,96,0
14,97,0
14,98,0
14,99,0
14,100,0
14,101,0
14,102,0
14,103,0
14,104,0
14,105,0
14,106,0
14,107,0
14,108,0
14,109,0
14,110,0
14,111,0
14,112,0
14,113,0
14,114,0
14,115,0
14,116,0
14,117,0
14,118,0
14,119,0
14,120,0
14,121,0
14,122,0
14,123,0
14,124,0
14,125,0
14,126,0
14,127,0
14,128,0
14,129,0
14,130,0
14,131,0
14,132,0
14,133,0
14,134,0
14,135,0
14,136,0
14,137,0
14,138,0
14,139,0
14,140,0
14,141,0
14,142,0
14,143,0
14,144,0
14,145,0
14,146,0
14,147,0
14,148,0
14,149,0
14,150,0
14,151,0
14,152,0
14,153,0
14,154,0
14,155,0
14,156,0
14,157,0
14,158,0
14,159,0
14,160,0
14,161,0
14,162,0
14,163,0
14,164,0
14,165,0
14,166,0
14,167,0
14,168,0
14,169,0
14,170,0
14,171,0
14,172,0
14,173,0
14,174,0
14,175,0
14,176,0
14,177,0
14,178,0
14,179,0
14,180,0
14,181,0
14,182,0
14,183,0
14,184,0
14,185,0
14,186,0
14,187,0
14,188,0
14,189,0
14,190,0
14,191,0
14,192,0
14,193,0
14,194,0
14,195,0
14,196,0
14,197,0
14,198,0
14,199,0
14,200,0
14,201,0
14,202,0
14,203,0
14,204,0
14,205,0
14,206,0
14,207,0
14,208,0
14,209,0
14,210,0
14,211,0
14,212,0
14,213,0
14,214,0
14,215,0
14,216,0
14,217,0
14,218,0
14,219,0
14,220,0
14,221,0
14,222,0
14,223,0
14,224,0
14,225,0
14,226,0
14,227,0
14,228,0
14,229,0
14,230,0
14,231,0
14,232,0
14,233,0
14,234,0
14,235,0
14,236,0
14,237,0
14,238,0
14,239,0
14,240,0
14,241,0
14,242,0
14,243,0
14,244,0
14,245,0
14,246,0
14,247,0
14,248,0
14,249,0
14,250,0
14,251,0
14,252,0
14,253,0
14,254,0
14,255,0
14,256,0
14,257,0
14,258,0
14,259,0
14,260,0
14,261,0
14,262,0
14,263,0
14,264,0
14,265,0
14,266,0
14,267,0
14,268,0
14,269,0
14,270,0
14,271,0
14,272,0
14,273,0
14,274,0
14,275,0
14,276,0
14,277,0
14,278,0
14,279,0
14,280,0
14,281,0
14,282,0
14,283,0
14,284,0
14,285,0
14,286,0
14,287,0
14,288,0
14,289,0
14,290,0
14,291,0
14,292,0
14,293,0
14,294,0
14,295,0
14,296,0
14,297,0
14,298,0
14,299,0
14,300,0
14,301,0
14,302,0
14,303,0
14,304,0
14,305,0
14,306,0
14,307,0
14,308,0
14,309,0
14,310,0
14,311,0
14,312,0
14,313,0
14,314,0
14,315,0
14,316,0
14,317,0
14,318,0
14,319,0
14,320,0
14,321,0
14,322,0
14,323,0
14,324,0
14,325,0
14,326,0
14,327,0
14,328,0
14,329,0
14,330,0
14,331,0
14,332,0
14,333,0
14,334,0
14,335,0
14,336,0
14,337,0
14,338,0
14,339,0
14,340,0
14,341,0
14,342,0
14,343,0
14,344,0
14,345,0
14,346,0
14,347,0
14,348,0
14,349,0
14,350,0
14,351,0
14,352,0
14,353,0
14,354,0
14,355,0
14,356,0
14,357,0
14,358,0
14,359,0
14,360,0
14,361,0
14,362,0
14,363,0
14,364,0
14,365,0
14,366,0
14,367,0
14,368,0
14,369,0
14,370,0
14,371,0
14,372,0
14,373,0
14,374,0
14,375,0
14,376,0
14,377,0
14,378,0
14,379,0
14,380,0
14,381,0
14,382,0
14,383,0
14,384,0
14,385,0
14,386,0
14,387,0
14,388,0
14,389,0
14,390,0
14,391,0
14,392,0
14,393,0
14,394,0
14,395,0
14,396,0
14,397,0
14,398,0
14,399,0
14,400,0
14,401,0
14,402,0
14,403,0
14,404,0
14,405,0
14,406,0
14,407,0
14,408,0
14,409,0
14,410,0
14,411,0
14,412,0
14,413,0
14,414,0
14,415,0
14,416,0
14,417,0
14,418,0
14,419,0
14,420,0
14,421,0
14,422,0
14,423,0
14,424,0
14,425,0
14,426,0
14,427,0
14,428,0
14,429,0
14,430,0
14,431,0
14,432,0
14,433,0
14,434,0
14,435,0
14,436,0
14,437,0
14,438,0
14,439,0
14,440,0
14,441,0
14,442,0
14,443,0
14,444,0
14,445,0
14,446,0
14,447,0
14,448,0
14,449,0
14,450,0
14,451,0
14,452,0
14,453,0
14,454,0
14,455,0
14,456,0
14,457,0
14,458,0
14,459,0
14,460,0
14,461,0
14,462,0
14,463,0
14,464,0
14,465,0
14,466,0
14,467,0
14,468,0
14,469,0
14,470,0
14,471,0
14,472,0
14,473,0
14,474,0
14,475,0
14,476,0
14,477,0
14,478,0
14,479,0
14,480,0
14,481,0
14,482,0
14,483,0
14,484,0
14,485,0
14,486,0
14,487,0
14,488,0
14,489,0
14,490,0
14,491,0
14,492,0
14,493,0
14,494,0
14,495,0
14,496,0
14,497,0
14,498,0
14,499,0
14,500,0
14,501,0
14,502,0
14,503,0
14,504,0
14,505,0
14,506,0
14,507,0
14,508,0
14,509,0
14,510,0
14,511,0
14,512,0
14,513,0
14,514,0
14,515,0
14,516,0
14,517,0
14,518,0
14,519,0
14,520,0
14,521,0
14,522,0
14,523,0
14,524,0
14,525,0
14,526,0
14,527,0
14,528,0
14,529,0
14,530,0
14,531,0
14,532,0
14,533,0
14,534,0
14,535,0
14,536,0
14,537,0
14,538,0
14,539,0
14,540,0
14,541,0
14,542,0
14,543,0
14,544,0
14,545,0
14,546,0
14,547,0
14,548,0
14,549,0
14,550,0
14,551,0
14,552,0
14,553,0
14,554,0
14,555,0
14,556,0
14,557,0
14,558,0
14,559,0
14,560,0
14,561,0
14,562,0
14,563,0
14,564,0
14,565,0
14,566,0
14,567,0
14,568,0
14,569,0
14,570,0
14,571,0
14,572,0
14,573,0
14,574,0
14,575,0
14,576,0
14,577,0
14,578,0
14,579,0
14,580,0
14,581,0
14,582,0
14,583,0
14,584,0
14,585,0
14,586,0
14,587,0
14,588,0
14,589,0
14,590,0
14,591,0
14,592,0
14,593,0
14,594,0
14,595,0
14,596,0
14,597,0
14,598,0
14,599,0
14,600,0
14,601,0
14,602,0
14,603,0
14,604,0
14,605,0
14,606,0
14,607,0
14,608,0
14,609,0
14,610,0
14,611,0
14,612,0
14,613,0
14,614,0
14,615,0
14,616,0
14,617,0
14,618,0
14,619,0
14,620,0
14,621,0
14,622,0
14,623,0
14,624,0
14,625,0
14,626,0
14,627,0
14,628,0
14,629,0
14,630,0
14,631,0
14,632,0
14,633,0
14,634,0
14,635,0
14,636,0
14,637,0
14,638,0
14,639,0
14,640,0
14,641,0
14,642,0
14,643,0
14,644,0
14,645,0
14,646,0
14,647,0
14,648,0
14,649,0
14,650,0
14,651,0
14,652,0
14,653,0
14,654,0
14,655,0
14,656,0
14,657,0
14,658,0
14,659,0
14,660,0
14,661,0
14,662,0
14,663,0
14,664,0
14,665,0
14,666,0
14,667,0
14,668,0
14,669,0
14,670,0
14,671,0
14,672,0
14,673,0
14,674,0
14,675,0
14,676,0
14,677,0
14,678,0
14,679,0
14,680,0
14,681,0
14,682,0
14,683,0
14,684,0
14,685,0
14,686,0
14,687,0
14,688,0
14,689,0
14,690,0
14,691,0
14,692,0
14,693,0
14,694,0
14,695,0
14,696,0
14,697,0
14,698,0
14,699,0
14,700,0
14,701,0
14,702,0
14,703,0
14,704,0
14,705,0
14,706,0
14,707,0
14,708,0
14,709,0
14,710,0
14,711,0
14,712,0
14,713,0
14,714,0
14,715,0
14,716,0
14,717,0
14,718,0
14,719,0
14,720,0
14,721,0
14,722,0
14,723,0
14,724,0
14,725,0
14,726,0
14,727,0
14,728,0
14,729,0
14,730,0
14,731,0
14,732,0
14,733,0
14,734,0
14,735,0
14,736,0
14,737,0
14,738,0
14,739,0
14,740,0
14,741,0
14,742,0
14,743,0
14,744,0
14,745,0
14,746,0
14,747,0
14,748,0
14,749,0
14,750,0
14,751,0
14,752,0
14,753,0
14,754,0
14,755,0
14,756,0
14,757,0
14,758,0
14,759,0
14,760,0
14,761,0
14,762,0
14,763,0
14,764,0
14,765,0
14,766,0
14,767,0
14,768,0
14,769,0
14,770,0
14,771,0
14,772,0
14,773,0
14,774,0
14,775,0
14,776,0
14,777,0
14,778,0
14,779,0
14,780,0
14,781,0
14,782,0
14,783,0
14,784,0
14,785,0
14,786,0
14,787,0
14,788,0
14,789,0
14,790,0
14,791,0
14,792,0
14,793,0
14,794,0
14,795,0
14,796,0
14,797,0
14,798,0
14,799,0
14,800,0
14,801,0
14,802,0
14,803,0
14,804,0
14,805,0
14,806,0
14,807,0
14,808,0
14,809,0
14,810,0
14,811,0
14,812,0
14,813,0
14,814,0
14,815,0
14,816,0
14,817,0
14,818,0
14,819,0
14,820,0
14,821,0
14,822,0
14,823,0
14,824,0
14,825,0
14,826,0
14,827,0
14,828,0
14,829,0
14,830,0
14,831,0
14,832,0
14,833,0
14,834,0
14,835,0
14,836,0
14,837,0
14,838,0
14,839,0
14,840,0
14,841,0
14,842,0
14,843,0
14,844,0
14,845,0
14,846,0
14,847,0
14,848,0
14,849,0
14,850,0
14,851,0
14,852,0
14,853,0
14,854,0
14,855,0
14,856,0
14,857,0
14,858,0
14,859,0
14,860,0
14,861,0
14,862,0
14,863,0
14,864,0
14,865,0
14,866,0
14,867,0
14,868,0
14,869,0
14,870,0
14,871,0
14,872,0
14,873,0
14,874,0
14,875,0
14,876,0
14,877,0
14,878,0
14,879,0
14,880,0
14,881,0
14,882,0
14,883,0
14,884,0
14,885,0
14,886,0
14,887,0
14,888,0
14,889,0
14,890,0
14,891,0
14,892,0
14,893,0
14,894,0
14,895,0
14,896,0
14,897,0
14,898,0
14,899,0
14,900,0
14,901,0
14,902,0
14,903,0
14,904,0
14,905,0
14,906,0
14,907,0
14,908,0
14,909,0
14,910,0
14,911,0
14,912,0
14,913,0
14,914,0
14,915,0
14,916,0
14,917,0
14,918,0
14,919,0
14,920,0
14,921,0
14,922,0
14,923,0
14,924,0
14,925,0
14,926,0
14,927,0
14,928,0
14,929,0
14,930,0
14,931,0
14,932,0
14,933,0
14,934,0
14,935,0
14,936,0
14,937,0
14,938,0
14,939,0
14,940,0
14,941,0
14,942,0
14,943,0
14,944,0
14,945,0
14,946,0
14,947,0
14,948,0
14,949,0
14,950,0
14,951,0
14,952,0
14,953,0
14,954,0
14,955,0
14,956,0
14,957,0
14,958,0
14,959,0
14,960,0
14,961,0
14,962,0
14,963,0
14,964,0
14,965,0
14,966,0
14,967,0
14,968,0
14,969,0
14,970,0
14,971,0
14,972,0
14,973,0
14,974,0
14,975,0
14,976,0
14,977,0
14,978,0
14,979,0
14,980,0
14,981,0
14,982,0
14,983,0
14,984,0
14,985,0
14,986,0
14,987,0
14,988,0
14,989,0
14,990,0
14,991,0
14,992,0
14,993,0
14,994,0
14,995,0
14,996,0
14,997,0
14,998,0
14,999,0
14,1000,0
14,1001,0
14,1002,0
14,1003,0
14,1004,0
14,1005,0
14,1006,0
14,1007,0
14,1008,0
14,1009,0
14,1010,0
14,1011,0
14,1012,0
14,1013,0
14,1014,0
14,1015,0
14,1016,0
14,1017,0
14,1018,0
14,1019,0
14,1020,0
14,1021,0
14,1022,0
14,1023,0
14,1024,0
14,1025,0
14,1026,0
14,1027,0
14,1028,0
14,1029,0
14,1030,0
14,1031,0
14,1032,0
14,1033,0
14,1034,0
14,1035,0
14,1036,0
14,1037,0
14,1038,0
14,1039,0
14,1040,0
14,1041,0
14,1042,0
14,1043,0
14,1044,0
14,1045,0
14,1046,0
14,1047,0
14,1048,0
14,1049,0
14,1050,0
14,1051,0
14,1052,0
14,1053,0
14,1054,0
14,1055,0
14,1056,0
14,1057,0
14,1058,0
14,1059,0
14,1060,0
14,1061,0
14,1062,0
14,1063,0
14,1064,0
14,1065,0
14,1066,0
14,1067,0
14,1068,0
14,1069,0
14,1070,0
14,1071,0
14,1072,0
14,1073,0
14,1074,0
14,1075,0
14,1076,0
14,1077,0
14,1078,0
14,1079,0
14,1080,0
14,1081,0
14,1082,0
14,1083,0
14,1084,0
14,1085,0
14,1086,0
14,1087,0
14,1088,0
14,1089,0
14,1090,0
14,1091,0
14,1092,0
14,1093,0
14,1094,0
14,1095,0
14,1096,0
14,1097,0
14,1098,0
14,1099,0
14,1100,0
14,1101,0
14,1102,0
14,1103,0
14,1104,0
14,1105,0
14,1106,0
14,1107,0
14,1108,0
14,1109,0
14,1110,0
14,1111,0
14,1112,0
14,1113,0
14,1114,0
14,1115,0
14,1116,0
14,1117,0
14,1118,0
14,1119,0
14,1120,0
14,1121,0
14,1122,0
14,1123,0
14,1124,0
14,1125,0
14,1126,0
14,1127,0
14,1128,0
14,1129,0
14,1130,0
14,1131,0
14,1132,0
14,1133,0
14,1134,0
14,1135,0
14,1136,0
14,1137,0
14,1138,0
14,1139,0
14,1140,0
14,1141,0
14,1142,0
14,1143,0
14,1144,0
14,1145,0
14,1146,0
14,1147,0
14,1148,0
14,1149,0
14,1150,0
14,1151,0
14,1152,0
14,1153,0
14,1154,0
14,1155,0
14,1156,0
14,1157,0
14,1158,0
14,1159,0
14,1160,0
14,1161,0
14,1162,0
14,1163,0
14,1164,0
14,1165,0
14,1166,0
14,1167,0
14,1168,0
14,1169,0
14,1170,0
14,1171,0
14,1172,0
14,1173,0
14,1174,0
14,1175,0
14,1176,0
14,1177,0
14,1178,0
14,1179,0
14,1180,0
14,1181,0
14,1182,0
14,1183,0
14,1184,0
14,1185,0
14,1186,0
14,1187,0
14,1188,0
14,1189,0
14,1190,0
14,1191,0
14,1192,0
14,1193,0
14,1194,0
14,1195,0
14,1196,0
14,1197,0
14,1198,0
14,1199,0
14,1200,0
14,1201,0
14,1202,0
14,1203,0
14,1204,0
14,1205,0
14,1206,0
14,1207,0
14,1208,0
14,1209,0
14,1210,0
14,1211,0
14,1212,0
14,1213,0
14,1214,0
14,1215,0
14,1216,0
14,1217,0
14,1218,0
14,1219,0
14,1220,0
14,1221,0
14,1222,0
14,1223,0
14,1224,0
14,1225,0
14,1226,0
14,1227,0
14,1228,0
14,1229,0
14,1230,0
14,1231,0
14,1232,0
14,1233,0
14,1234,0
14,1235,0
14,1236,0
14,1237,0
14,1238,0
14,1239,0
14,1240,0
14,1241,0
14,1242,0
14,1243,0
14,1244,0
14,1245,0
14,1246,0
14,1247,0
14,1248,0
14,1249,0
14,1250,0
14,1251,0
14,1252,0
14,1253,0
14,1254,0
14,1255,0
14,1256,0
14,1257,0
14,1258,0
14,1259,0
14,1260,0
14,1261,0
14,1262,0
14,1263,0
14,1264,0
14,1265,0
14,1266,0
14,1267,0
14,1268,0
14,1269,0
14,1270,0
14,1271,0
14,1272,0
14,1273,0
14,1274,0
14,1275,0
14,1276,0
14,1277,0
14,1278,0
14,1279,0
14,1280,0
14,1281,0
14,1282,0
14,1283,0
14,1284,0
14,1285,0
14,1286,0
14,1287,0
14,1288,0
14,1289,0
14,1290,0
14,1291,0
14,1292,0
14,1293,0
14,1294,0
14,1295,0
14,1296,0
14,1297,0
14,1298,0
14,1299,0
14,1300,0
14,1301,0
14,1302,0
14,1303,0
14,1304,0
14,1305,0
14,1306,0
14,1307,0
14,1308,0
14,1309,0
14,1310,0
14,1311,0
14,1312,0
14,1313,0
14,1314,0
14,1315,0
14,1316,0
14,1317,0
14,1318,0
14,1319,0
14,1320,0
14,1321,0
14,1322,0
14,1323,0
14,1324,0
14,1325,0
14,1326,0
14,1327,0
14,1328,0
14,1329,0
14,1330,0
14,1331,0
14,1332,0
14,1333,0
14,1334,0
14,1335,0
14,1336,0
14,1337,0
14,1338,0
14,1339,0
14,1340,0
14,1341,0
14,1342,0
14,1343,0
14,1344,0
14,1345,0
14,1346,0
14,1347,0
14,1348,0
14,1349,0
14,1350,0
14,1351,0
14,1352,0
14,1353,0
14,1354,0
14,1355,0
14,1356,0
14,1357,0
14,1358,0
14,1359,0
14,1360,0
14,1361,0
14,1362,0
14,1363,0
14,1364,0
14,1365,0
14,1366,0
14,1367,0
14,1368,0
14,1369,0
14,1370,0
14,1371,0
14,1372,0
14,1373,0
14,1374,0
14,1375,0
14,1376,0
14,1377,0
14,1378,0
14,1379,0
14,1380,0
14,1381,0
14,1382,0
14,1383,0
14,1384,0
14,1385,0
14,1386,0
14,1387,0
14,1388,0
14,1389,0
14,1390,0
14,1391,0
14,1392,0
14,1393,0
14,1394,0
14,1395,0
14,1396,0
14,1397,0
14,1398,0
14,1399,0
14,1400,0
14,1401,0
14,1402,0
14,1403,0
14,1404,0
14,1405,0
14,1406,0
14,1407,0
14,1408,0
14,1409,0
14,1410,0
14,1411,0
14,1412,0
14,1413,0
14,1414,0
14,1415,0
14,1416,0
14,1417,0
14,1418,0
14,1419,0
14,1420,0
14,1421,0
14,1422,0
14,1423,0
14,1424,0
14,1425,0
14,1426,0
14,1427,0
14,1428,0
14,1429,0
14,1430,0
14,1431,0
14,1432,0
14,1433,0
14,1434,0
14,1435,0
14,1436,0
14,1437,0
14,1438,0
14,1439,0
14,1440,0
14,1441,0
14,1442,0
14,1443,0
14,1444,0
14,1445,0
14,1446,0
14,1447,0
14,1448,0
14,1449,0
14,1450,0
14,1451,0
14,1452,0
14,1453,0
14,1454,0
14,1455,0
14,1456,0
14,1457,0
14,1458,0
14,1459,0
14,1460,0
14,1461,0
14,1462,0
14,1463,0
14,1464,0
14,1465,0
14,1466,0
14,1467,0
14,1468,0
14,1469,0
14,1470,0
14,1471,0
14,1472,0
14,1473,0
14,1474,0
14,1475,0
14,1476,0
14,1477,0
14,1478,0
14,1479,0
14,1480,0
14,1481,0
14,1482,0
14,1483,0
14,1484,0
14,1485,0
14,1486,0
14,1487,0
14,1488,0
14,1489,0
14,1490,0
14,1491,0
14,1492,0
14,1493,0
14,1494,0
14,1495,0
14,1496,0
14,1497,0
14,1498,0
14,1499,0
14,1500,0
14,1501,0
14,1502,0
14,1503,0
14,1504,0
14,1505,0
14,1506,0
14,1507,0
14,1508,0
14,1509,0
14,1510,0
14,1511,0
14,1512,0
14,1513,0
14,1514,0
14,1515,0
14,1516,0
14,1517,0
14,1518,0
14,1519,0
14,1520,0
14,1521,0
14,1522,0
14,1523,0
14,1524,0
14,1525,0
14,1526,0
14,1527,0
14,1528,0
14,1529,0
14,1530,0
14,1531,0
14,1532,0
14,1533,0
14,1534,0
14,1535,0
14,1536,0
14,1537,0
14,1538,0
14,1539,0
14,1540,0
14,1541,0
14,1542,0
14,1543,0
14,1544,0
14,1545,0
14,1546,0
14,1547,0
14,1548,0
14,1549,0
14,1550,0
14,1551,0
14,1552,0
14,1553,0
14,1554,0
14,1555,0
14,1556,0
14,1557,0
14,1558,0
14,1559,0
14,1560,0
14,1561,0
14,1562,0
14,1563,0
14,1564,0
14,1565,0
14,1566,0
14,1567,0
14,1568,0
14,1569,0
14,1570,0
14,1571,0
14,1572,0
14,1573,0
14,1574,0
14,1575,0
14,1576,0
14,1577,0
14,1578,0
14,1579,0
14,1580,0
14,1581,0
14,1582,0
14,1583,0
14,1584,0
14,1585,0
14,1586,0
14,1587,0
14,1588,0
14,1589,0
14,1590,0
14,1591,0
14,1592,0
14,1593,0
14,1594,0
14,1595,0
14,1596,0
14,1597,0
14,1598,0
14,1599,0
14,1600,0
14,1601,0
14,1602,0
14,1603,0
14,1604,0
14,1605,0
14,1606,0
14,1607,0
14,1608,0
14,1609,0
14,1610,0
14,1611,0
14,1612,0
14,1613,0
14,1614,0
14,1615,0
14,1616,0
14,1617,0
14,1618,0
14,1619,0
14,1620,0
14,1621,0
14,1622,0
14,1623,0
14,1624,0
14,1625,0
14,1626,0
14,1627,0
14,1628,0
14,1629,0
14,1630,0
14,1631,0
14,1632,0
14,1633,0
14,1634,0
14,1635,0
14,1636,0
14,1637,0
14,1638,0
14,1639,0
14,1640,0
14,1641,0
14,1642,0
14,1643,0
14,1644,0
14,1645,0
14,1646,0
14,1647,0
14,1648,0
14,1649,0
14,1650,0
14,1651,0
14,1652,0
14,1653,0
14,1654,0
14,1655,0
14,1656,0
14,1657,0
14,1658,0
14,1659,0
14,1660,0
14,1661,0
14,1662,0
14,1663,0
14,1664,0
14,1665,0
14,1666,0
14,1667,0
14,1668,0
14,1669,0
14,1670,0
14,1671,0
14,1672,0
14,1673,0
14,1674,0
14,1675,0
14,1676,0
14,1677,0
14,1678,0
14,1679,0
14,1680,0
14,1681,0
14,1682,0
14,1683,0
14,1684,0
14,1685,0
14,1686,0
14,1687,0
14,1688,0
14,1689,0
14,1690,0
14,1691,0
14,1692,0
14,1693,0
14,1694,0
14,1695,0
14,1696,0
14,1697,0
14,1698,0
14,1699,0
14,1700,0
14,1701,0
14,1702,0
14,1703,0
14,1704,0
14,1705,0
14,1706,0
14,1707,0
14,1708,0
14,1709,0
14,1710,0
14,1711,0
14,1712,0
14,1713,0
14,1714,0
14,1715,0
14,1716,0
14,1717,0
14,1718,0
14,1719,0
14,1720,0
14,1721,0
14,1722,0
14,1723,0
14,1724,0
14,1725,0
14,1726,0
14,1727,0
14,1728,0
14,1729,0
14,1730,0
14,1731,0
14,1732,0
14,1733,0
14,1734,0
14,1735,0
14,1736,0
14,1737,0
14,1738,0
14,1739,0
14,1740,0
14,1741,0
14,1742,0
14,1743,0
14,1744,0
14,1745,0
14,1746,0
14,1747,0
14,1748,0
14,1749,0
14,1750,0
14,1751,0
14,1752,0
14,1753,0
14,1754,0
14,1755,0
14,1756,0
14,1757,0
14,1758,0
14,1759,0
14,1760,0
14,1761,0
14,1762,0
14,1763,0
14,1764,0
14,1765,0
14,1766,0
14,1767,0
14,1768,0
14,1769,0
14,1770,0
14,1771,0
14,1772,0
14,1773,0
14,1774,0
14,1775,0
14,1776,0
14,1777,0
14,1778,0
14,1779,0
14,1780,0
14,1781,0
14,1782,0
14,1783,0
14,1784,0
14,1785,0
14,1786,0
14,1787,0
14,1788,0
14,1789,0
14,1790,0
14,1791,0
14,1792,0
14,1793,0
14,1794,0
14,1795,0
14,1796,0
14,1797,0
14,1798,0
14,1799,0
14,1800,0
14,1801,0
14,1802,0
14,1803,0
14,1804,0
14,1805,0
14,1806,0
14,1807,0
14,1808,0
14,1809,0
14,1810,0
14,1811,0
14,1812,0
14,1813,0
14,1814,0
14,1815,0
14,1816,0
14,1817,0
14,1818,0
14,1819,0
14,1820,0
14,1821,0
14,1822,0
14,1823,0
14,1824,0
14,1825,0
14,1826,0
14,1827,0
14,1828,0
14,1829,0
14,1830,0
14,1831,0
14,1832,0
14,1833,0
14,1834,0
14,1835,0
14,1836,0
14,1837,0
14,1838,0
14,1839,0
14,1840,0
14,1841,0
14,1842,0
14,1843,0
14,1844,0
14,1845,0
14,1846,0
14,1847,0
14,1848,0
14,1849,0
14,1850,0
14,1851,0
14,1852,0
14,1853,0
14,1854,0
14,1855,0
14,1856,0
14,1857,0
14,1858,0
14,1859,0
14,1860,0
14,1861,0
14,1862,0
14,1863,0
14,1864,0
14,1865,0
14,1866,0
14,1867,0
14,1868,0
14,1869,0
14,1870,0
14,1871,0
14,1872,0
14,1873,0
14,1874,0
14,1875,0
14,1876,0
14,1877,0
14,1878,0
14,1879,0
14,1880,0
14,1881,0
14,1882,0
14,1883,0
14,1884,0
14,1885,0
14,1886,0
14,1887,0
14,1888,0
14,1889,0
14,1890,0
14,1891,0
14,1892,0
14,1893,0
14,1894,0
14,1895,0
14,1896,0
14,1897,0
14,1898,0
14,1899,0
14,1900,0
14,1901,0
14,1902,0
14,1903,0
14,1904,0
14,1905,0
14,1906,0
14,1907,0
14,1908,0
14,1909,0
14,1910,0
14,1911,0
14,1912,0
14,1913,0
14,1914,0
14,1915,0
14,1916,0
14,1917,0
14,1918,0
14,1919,0
14,1920,0
14,1921,0
14,1922,0
14,1923,0
14,1924,0
14,1925,0
14,1926,0
14,1927,0
14,1928,0
14,1929,0
14,1930,0
14,1931,0
14,1932,0
14,1933,0
14,1934,0
14,1935,0
14,1936,0
14,1937,0
14,1938,0
14,1939,0
14,1940,0
14,1941,0
14,1942,0
14,1943,0
14,1944,0
14,1945,0
14,1946,0
14,1947,0
14,1948,0
14,1949,0
14,1950,0
14,1951,0
14,1952,0
14,1953,0
14,1954,0
14,1955,0
14,1956,0
14,1957,0
14,1958,0
14,1959,0
14,1960,0
14,1961,0
14,1962,0
14,1963,0
14,1964,0
14,1965,0
14,1966,0
14,1967,0
14,1968,0
14,1969,0
14,1970,0
14,1971,0
14,1972,0
14,1973,0
14,1974,0
14,1975,0
14,1976,0
14,1977,0
14,1978,0
14,1979,0
14,1980,0
14,1981,0
14,1982,0
14,1983,0
14,1984,0
14,1985,0
14,1986,0
14,1987,0
14,1988,0
14,1989,0
14,1990,0
14,1991,0
14,1992,0
14,1993,0
14,1994,0
14,1995,0
14,1996,0
14,1997,0
14,1998,0
14,1999,0
14,2000,0
14,2001,0
14,2002,0
14,2003,0
14,2004,0
14,2005,0
14,2006,0
14,2007,0
14,2008,0
14,2009,0
14,2010,0
14,2011,0
14,2012,0
14,2013,0
14,2014,0
14,2015,0
14,2016,0
14,2017,0
14,2018,0
14,2019,0
14,2020,0
14,2021,0
14,2022,0
14,2023,0
14,2024,0
14,2025,0
14,2026,0
14,2027,0
14,2028,0
14,2029,0
14,2030,0
14,2031,0
14,2032,0
14,2033,0
14,2034,0
14,2035,0
14,2036,0
14,2037,0
14,2038,0
14,2039,0
14,2040,0
14,2041,0
14,2042,0
14,2043,0
14,2044,0
14,2045,0
14,2046,0
14,2047,0
14,2048,0
14,2049,0
14,2050,0
14,2051,0
14,2052,0
14,2053,0
14,2054,0
14,2055,0
14,2056,0
14,2057,0
14,2058,0
14,2059,0
14,2060,0
14,2061,0
14,2062,0
14,2063,0
14,2064,0
14,2065,0
14,2066,0
14,2067,0
14,2068,0
14,2069,0
14,2070,0
14,2071,0
14,2072,0
14,2073,0
14,2074,0
14,2075,0
14,2076,0
14,2077,0
14,2078,0
14,2079,0
14,2080,0
14,2081,0
14,2082,0
14,2083,0
14,2084,0
14,2085,0
14,2086,0
14,2087,0
14,2088,0
14,2089,0
14,2090,0
14,2091,0
14,2092,0
14,2093,0
14,2094,0
14,2095,0
14,2096,0
14,2097,0
14,2098,0
14,2099,0
14,2100,0
14,2101,0
14,2102,0
14,2103,0
14,2104,0
14,2105,0
14,2106,0
14,2107,0
14,2108,0
14,2109,0
14,2110,0
14,2111,0
14,2112,0
14,2113,0
14,2114,0
14,2115,0
14,2116,0
14,2117,0
14,2118,0
14,2119,0
14,2120,0
14,2121,0
14,2122,0
14,2123,0
14,2124,0
14,2125,0
14,2126,0
14,2127,0
14,2128,0
14,2129,0
14,2130,0
14,2131,0
14,2132,0
14,2133,0
14,2134,0
14,2135,0
14,2136,0
14,2137,0
14,2138,0
14,2139,0
14,2140,0
14,2141,0
14,2142,0
14,2143,0
14,2144,0
14,2145,0
14,2146,0
14,2147,0
14,2148,0
14,2149,0
14,2150,0
14,2151,0
14,2152,0
14,2153,0
14,2154,0
14,2155,0
14,2156,0
14,2157,0
14,2158,0
14,2159,0
14,2160,0
14,2161,0
14,2162,0
14,2163,0
14,2164,0
14,2165,0
14,2166,0
14,2167,0
14,2168,0
14,2169,0
14,2170,0
14,2171,0
14,2172,0
14,2173,0
14,2174,0
14,2175,0
14,2176,0
14,2177,0
14,2178,0
14,2179,0
14,2180,0
14,2181,0
14,2182,0
14,2183,0
14,2184,0
14,2185,0
14,2186,0
14,2187,0
14,2188,0
14,2189,0
14,2190,0
14,2191,0
14,2192,0
14,2193,0
14,2194,0
14,2195,0
14,2196,0
14,2197,0
14,2198,0
14,2199,0
14,2200,0
14,2201,0
14,2202,0
14,2203,0
14,2204,0
14,2205,0
14,2206,0
14,2207,0
14,2208,0
14,2209,0
14,2210,0
14,2211,0
14,2212,0
14,2213,0
14,2214,0
14,2215,0
14,2216,0
14,2217,0
14,2218,0
14,2219,0
14,2220,0
14,2221,0
14,2222,0
14,2223,0
14,2224,0
14,2225,0
14,2226,0
14,2227,0
14,2228,0
14,2229,0
14,2230,0
14,2231,0
14,2232,0
14,2233,0
15,0,0
15,1,0
15,2,2.4692e-05
15,3,0
15,4,0
15,5,1.43417e-05
15,6,0
15,7,0
15,8,0
15,9,0
15,10,2.70496e-05
15,11,0
15,12,0.000766977
15,13,0.000764698
15,14,0
15,15,1.19253e-05
15,16,0
15,17,0
15,18,1.73646e-05
15,19,0
15,20,6.56724e-05
15,21,3.44357e-06
15,22,0
15,23,2.34006e-05
15,24,0
15,25,0
15,26,0.00015227
15,27,0
15,28,9.15677e-06
15,29,0
15,30,0
15,31,1.63668e-05
15,32,0
15,33,4.81122e-05
15,34,0.000563562
15,35,0
15,36,1.93505e-05
15,37,0
15,38,0
15,39,7.22563e-05
15,40,0
15,41,2.42517e-05
15,42,0
15,43,0
15,44,3.60205e-05
15,45,0
15,46,0
15,47,0.000728355
15,48,0
15,49,6.78932e-06
15,50,0
15,51,0
15,52,2.31658e-05
15,53,0
15,54,0.00062401
15,55,0
15,56,0
15,57,3.4964e-05
15,58,0
15,59,0
15,60,0.000642197
15,61,0
15,62,2.34789e-07
15,63,0
15,64,0
15,65,2.9691e-05
15,66,0
15,67,0
15,68,0.000390699
15,69,0
15,70,4.1e-05
15,71,0
15,72,0
15,73,2.75388e-05
15,74,0
15,75,0.00068214
15,76,0
15,77,0
15,78,7.68151e-05
15,79,0
15,80,0
15,81,0.000745582
15,82,0
15,83,1.65428e-05
15,84,0
15,85,0
15,86,5.32482e-05
15,87,0
15,88,0.000104041
15,89,0.000188506
15,90,0
15,91,8.08261e-05
15,92,0
15,93,0
15,94,0.000124027
15,95,0
15,96,4.73393e-05
15,97,0
15,98,0
15,99,8.64317e-05
15,100,0
15,101,0
15,102,1.67287e-06
15,103,0
15,104,3.61673e-05
15,105,0
15,106,0
15,107,4.64295e-05
15,108,0
15,109,9.63809e-05
15,110,0
15,111,0
15,112,9.70559e-05
15,113,0
15,114,0
15,115,0.000110126
15,116,0
15,117,1.81961e-06
15,118,0
15,119,0
15,120,8.07968e-05
15,121,0
15,122,0
15,123,0.000709121
15,124,0
15,125,7.44477e-05
15,126,0
15,127,0
15,128,3.33987e-05
15,129,0
15,130,0.000114685
15,131,0
15,132,0
15,133,0.000100098
15,134,0
15,135,0
15,136,0.000218892
15,137,0
15,138,1.66407e-05
15,139,0
15,140,0
15,141,5.83451e-05
15,142,0
15,143,8.36142e-05
15,144,0
15,145,0
15,146,8.53458e-05
15,147,0
15,148,0
15,149,0.000105352
15,150,0
15,151,0
15,152,0
15,153,0
15,154,8.1687e-05
15,155,0
15,156,0
15,157,4.65763e-05
15,158,0
15,159,3.56879e-05
15,160,0
15,161,0
15,162,2.97986e-05
15,163,0
15,164,8.48958e-05
15,165,0
15,166,0
15,167,7.47412e-05
15,168,0
15,169,0
15,170,9.54711e-05
15,171,0
15,172,1.60439e-06
15,173,0
15,174,0
15,175,4.47077e-05
15,176,0
15,177,0
15,178,6.66312e-05
15,179,0
15,180,4.88165e-05
15,181,0
15,182,0
15,183,8.67741e-06
15,184,0
15,185,0
15,186,0
15,187,0
15,188,5.5195e-05
15,189,0
15,190,0
15,191,6.77758e-05
15,192,0
15,193,1.38526e-05
15,194,0
15,195,0
15,196,2.16397e-05
15,197,0
15,198,1.03601e-05
15,199,0
15,200,0
15,201,4.8885e-05
15,202,0
15,203,0
15,204,2.01625e-05
15,205,0
15,206,0
15,207,0
15,208,0
15,209,3.14128e-05
15,210,0
15,211,0
15,212,7.54455e-05
15,213,0
15,214,2.25495e-05
15,215,0
15,216,0
15,217,5.40993e-06
15,218,0
15,219,0
15,220,0
15,221,0
15,222,3.73217e-05
15,223,0
15,224,0
15,225,0
15,226,0
15,227,0
15,228,0
15,229,0
15,230,1.52515e-05
15,231,0
15,232,0
15,233,0
15,234,0
15,235,2.58561e-05
15,236,0
15,237,0
15,238,0
15,239,0
15,240,0
15,241,0
15,242,0
15,243,2.35865e-05
15,244,0
15,245,0
15,246,1.06438e-05
15,247,0
15,248,6.20234e-06
15,249,0
15,250,0
15,251,4.89144e-08
15,252,0
15,253,0
15,254,0
15,255,0
15,256,2.35278e-05
15,257,0
15,258,0
15,259,0
15,260,0
15,261,0
15,262,0
15,263,0
15,264,9.62635e-06
15,265,0
15,266,0
15,267,0
15,268,0
15,269,1.14753e-05
15,270,0
15,271,0
15,272,0
15,273,0
15,274,0
15,275,0
15,276,0
15,277,1.58385e-05
15,278,0
15,279,0
15,280,0
15,281,0
15,282,0
15,283,0
15,284,0
15,285,0
15,286,0
15,287,0
15,288,0
15,289,0
15,290,1.08394e-05
15,291,0
15,292,0
15,293,0
15,294,0
15,295,0
15,296,0
15,297,0
15,298,2.14245e-06
15,299,0
15,300,0
15,301,0
15,302,0
15,303,0
15,304,0
15,305,0
15,306,0
15,307,0
15,308,0
15,309,0
15,310,0
15,311,6.29039e-06
15,312,0
15,313,0
15,314,0
15,315,0
15,316,0
15,317,0
15,318,0
15,319,0
15,320,0
15,321,0
15,322,0
15,323,0
15,324,0
15,325,0
15,326,0
15,327,0
15,328,0
15,329,0
15,330,0
15,331,0
15,332,0
15,333,0
15,334,0
15,335,0
15,336,0
15,337,0
15,338,0
15,339,0
15,340,0
15,341,0
15,342,0
15,343,0
15,344,0
15,345,0
15,346,0
15,347,0
15,348,0
15,349,0
15,350,0
15,351,0
15,352,0
15,353,0
15,354,0
15,355,0
15,356,0
15,357,0
15,358,0
15,359,0
15,360,0
15,361,0
15,362,0
15,363,0
15,364,0
15,365,0
15,366,0
15,367,0
15,368,0
15,369,0
15,370,0
15,371,0
15,372,0
15,373,0
15,374,0
15,375,0
15,376,0
15,377,0
15,378,0
15,379,0
15,380,0
15,381,0
15,382,0
15,383,0
15,384,0
15,385,0
15,386,0
15,387,0
15,388,0
15,389,0
15,390,0
15,391,0
15,392,0
15,393,0
15,394,0
15,395,0
15,396,0
15,397,0
15,398,0
15,399,0
15,400,0
15,401,0
15,402,0
15,403,0
15,404,0
15,405,0
15,406,0
15,407,0
15,408,0
15,409,0
15,410,0
15,411,0
15,412,0
15,413,0
15,414,0
15,415,0
15,416,0
15,417,0
15,418,0
15,419,0
15,420,0
15,421,0
15,422,0
15,423,0
15,424,0
15,425,0
15,426,0
15,427,0
15,428,0
15,429,0
15,430,0
15,431,0
15,432,0
15,433,0
15,434,0
15,435,0
15,436,0
15,437,0
15,438,0
15,439,0
15,440,0
15,441,0
15,442,0
15,443,0
15,444,0
15,445,0
15,446,0
15,447,0
15,448,0
15,449,0
15,450,0
15,451,0
15,452,0
15,453,0
15,454,0
15,455,0
15,456,0
15,457,0
15,458,0
15,459,0
15,460,0
15,461,0
15,462,0
15,463,0
15,464,0
15,465,0
15,466,0
15,467,0
15,468,0
15,469,0
15,470,0
15,471,0
15,472,0
15,473,0
15,474,0
15,475,0
15,476,0
15,477,5.96755e-07
15,478,0
15,479,0
15,480,0
15,481,0
15,482,0
15,483,0
15,484,0
15,485,0
15,486,0
15,487,0
15,488,0
15,489,0
15,490,0
15,491,0
15,492,0
15,493,0
15,494,0
15,495,0
15,496,0
15,497,0
15,498,4.46099e-06
15,499,0
15,500,0
15,501,0
15,502,0
15,503,0
15,504,0
15,505,0
15,506,0
15,507,0
15,508,0
15,509,0
15,510,0
15,511,0
15,512,0
15,513,0
15,514,0
15,515,0
15,516,0
15,517,0
15,518,0
15,519,2.64138e-07
15,520,0
15,521,0
15,522,0
15,523,0
15,524,0
15,525,0
15,526,0
15,527,0
15,528,0
15,529,0
15,530,0
15,531,0
15,532,5.07731e-06
15,533,0
15,534,0
15,535,0
15,536,0
15,537,0
15,538,0
15,539,0
15,540,0
15,541,0
15,542,0
15,543,0
15,544,0
15,545,0
15,546,0
15,547,0
15,548,0
15,549,0
15,550,0
15,551,0
15,552,0
15,553,8.25675e-06
15,554,0
15,555,0
15,556,0
15,557,0
15,558,0
15,559,0
15,560,0
15,561,0
15,562,0
15,563,0
15,564,0
15,565,0
15,566,4.1675e-06
15,567,0
15,568,0
15,569,0
15,570,0
15,571,0
15,572,0
15,573,0
15,574,5.28275e-07
15,575,0
15,576,0
15,577,0
15,578,0
15,579,0
15,580,0
15,581,0
15,582,0
15,583,0
15,584,0
15,585,0
15,586,0
15,587,1.53395e-05
15,588,0
15,589,0
15,590,0
15,591,0
15,592,0
15,593,0
15,594,0
15,595,0
15,596,0
15,597,0
15,598,0
15,599,0
15,600,6.35887e-07
15,601,0
15,602,0
15,603,0
15,604,0
15,605,0
15,606,0
15,607,0
15,608,1.14753e-05
15,609,0
15,610,0
15,611,0
15,612,0
15,613,0
15,614,0
15,615,0
15,616,0
15,617,0
15,618,0
15,619,0
15,620,0
15,621,1.74624e-05
15,622,0
15,623,0
15,624,0
15,625,0
15,626,0
15,627,0
15,628,0
15,629,0
15,630,0
15,631,0
15,632,0
15,633,0
15,634,0
15,635,0
15,636,0
15,637,0
15,638,0
15,639,0
15,640,0
15,641,0
15,642,2.40365e-05
15,643,0
15,644,0
15,645,0
15,646,0
15,647,0
15,648,0
15,649,0
15,650,0
15,651,0
15,652,0
15,653,0
15,654,0
15,655,6.95562e-06
15,656,0
15,657,0
15,658,0
15,659,0
15,660,0
15,661,0
15,662,0
15,663,9.17634e-06
15,664,0
15,665,0
15,666,0
15,667,0
15,668,0
15,669,0
15,670,0
15,671,0
15,672,0
15,673,0
15,674,0
15,675,0
15,676,2.64138e-05
15,677,0
15,678,0
15,679,0
15,680,0
15,681,0
15,682,0
15,683,0
15,684,0
15,685,0
15,686,0
15,687,0
15,688,0
15,689,0
15,690,0
15,691,0
15,692,0
15,693,0
15,694,0
15,695,0
15,696,0
15,697,2.67659e-05
15,698,0
15,699,0
15,700,0
15,701,0
15,702,0
15,703,0
15,704,0
15,705,0
15,706,0
15,707,0
15,708,0
15,709,0
15,710,1.67874e-05
15,711,0
15,712,0
15,713,0
15,714,0
15,715,0
15,716,0
15,717,0
15,718,6.37843e-06
15,719,0
15,720,0
15,721,0
15,722,0
15,723,0
15,724,0
15,725,0
15,726,0
15,727,0
15,728,0
15,729,0
15,730,0
15,731,3.1403e-05
15,732,0
15,733,0
15,734,0
15,735,0
15,736,0
15,737,0
15,738,0
15,739,0
15,740,0
15,741,0
15,742,0
15,743,0
15,744,4.80339e-06
15,745,0
15,746,0
15,747,0
15,748,0
15,749,0
15,750,0
15,751,0
15,752,2.21191e-05
15,753,0
15,754,0
15,755,0
15,756,0
15,757,0
15,758,0
15,759,0
15,760,0
15,761,0
15,762,0
15,763,0
15,764,0
15,765,2.72747e-05
15,766,0
15,767,0
15,768,0
15,769,0
15,770,0
15,771,0
15,772,4.17729e-06
15,773,9.00025e-07
15,774,0
15,775,0
15,776,0
15,777,0
15,778,0
15,779,0
15,780,0
15,781,0
15,782,0
15,783,0
15,784,0
15,785,0
15,786,3.29194e-05
15,787,0
15,788,0
15,789,0
15,790,0
15,791,0
15,792,0
15,793,5.49798e-06
15,794,0
15,795,0
15,796,0
15,797,0
15,798,0
15,799,1.31091e-05
15,800,0
15,801,0
15,802,0
15,803,0
15,804,0
15,805,0
15,806,1.34906e-05
15,807,1.17492e-05
15,808,0
15,809,0
15,810,0
15,811,0
15,812,0
15,813,0
15,814,0
15,815,0
15,816,0
15,817,0
15,818,0
15,819,0
15,820,3.69793e-05
15,821,0
15,822,0
15,823,0
15,824,0
15,825,0
15,826,0
15,827,2.03679e-05
15,828,0
15,829,0
15,830,0
15,831,0
15,832,0
15,833,6.06538e-07
15,834,0
15,835,0
15,836,0
15,837,0
15,838,0
15,839,0
15,840,1.40971e-05
15,841,2.70301e-05
15,842,0
15,843,0
15,844,0
15,845,0
15,846,0
15,847,0
15,848,1.23558e-05
15,849,0
15,850,0
15,851,0
15,852,0
15,853,0
15,854,1.86755e-05
15,855,0
15,856,0
15,857,0
15,858,0
15,859,0
15,860,0
15,861,3.08063e-05
15,862,4.63708e-06
15,863,0
15,864,0
15,865,0
15,866,0
15,867,0
15,868,0
15,869,0
15,870,0
15,871,0
15,872,0
15,873,0
15,874,1.26493e-05
15,875,3.06204e-05
15,876,0
15,877,0
15,878,0
15,879,0
15,880,0
15,881,0
15,882,3.23618e-05
15,883,0
15,884,0
15,885,0
15,886,0
15,887,0
15,888,5.33167e-06
15,889,0
15,890,0
15,891,0
15,892,0
15,893,0
15,894,0
15,895,4.37881e-05
15,896,1.68755e-05
15,897,0
15,898,0
15,899,0
15,900,0
15,901,0
15,902,0
15,903,1.67874e-05
15,904,0
15,905,0
15,906,0
15,907,0
15,908,4.60773e-06
15,909,2.07006e-05
15,910,0
15,911,0
15,912,0
15,913,0
15,914,0
15,915,0
15,916,6.92921e-05
15,917,0
15,918,0
15,919,0
15,920,0
15,921,0
15,922,0
15,923,0
15,924,0
15,925,0
15,926,0
15,927,0
15,928,0
15,929,4.16555e-05
15,930,2.33419e-05
15,931,0
15,932,0
15,933,0
15,934,0
15,935,0
15,936,0
15,937,5.47743e-05
15,938,0
15,939,0
15,940,0
15,941,0
15,942,0
15,943,8.57958e-06
15,944,0
15,945,0
15,946,0
15,947,0
15,948,0
15,949,0
15,950,9.10688e-05
15,951,4.65665e-06
15,952,0
15,953,0
15,954,0
15,955,0
15,956,0
15,957,0
15,958,1.88907e-05
15,959,0
15,960,0
15,961,0
15,962,0
15,963,2.74703e-05
15,964,2.23539e-05
15,965,0
15,966,0
15,967,0
15,968,0
15,969,0
15,970,0
15,971,9.69874e-05
15,972,0
15,973,0
15,974,0
15,975,0
15,976,0
15,977,0
15,978,0
15,979,0
15,980,0
15,981,0
15,982,0
15,983,0
15,984,9.57059e-05
15,985,1.25025e-05
15,986,0
15,987,0
15,988,0
15,989,0
15,990,0
15,991,0
15,992,5.63885e-05
15,993,0
15,994,0
15,995,0
15,996,0
15,997,1.50363e-05
15,998,8.57958e-06
15,999,0
15,1000,0
15,1001,0
15,1002,0
15,1003,0
15,1004,0
15,1005,0.000130552
15,1006,0
15,1007,0
15,1008,0
15,1009,0
15,1010,0
15,1011,0
15,1012,0
15,1013,1.21503e-05
15,1014,0
15,1015,0
15,1016,0
15,1017,0
15,1018,8.39566e-05
15,1019,1.46058e-05
15,1020,0
15,1021,0
15,1022,0
15,1023,0
15,1024,0
15,1025,0
15,1026,0.000109891
15,1027,0
15,1028,0
15,1029,0
15,1030,0
15,1031,8.80459e-07
15,1032,0
15,1033,0
15,1034,0
15,1035,0
15,1036,0
15,1037,0
15,1038,0
15,1039,0.000148211
15,1040,3.199e-06
15,1041,0
15,1042,0
15,1043,0
15,1044,0
15,1045,0
15,1046,0
15,1047,5.33754e-05
15,1048,0
15,1049,0
15,1050,0
15,1051,0
15,1052,5.452e-05
15,1053,5.67407e-06
15,1054,0
15,1055,0
15,1056,0
15,1057,0
15,1058,0
15,1059,0
15,1060,0.000163237
15,1061,0
15,1062,0
15,1063,0
15,1064,0
15,1065,0
15,1066,0
15,1067,0
15,1068,4.1675e-06
15,1069,0
15,1070,0
15,1071,0
15,1072,0
15,1073,0.000138946
15,1074,4.47077e-06
15,1075,0
15,1076,0
15,1077,0
15,1078,0
15,1079,0
15,1080,0
15,1081,0.000113384
15,1082,0
15,1083,0
15,1084,0
15,1085,0
15,1086,2.26865e-05
15,1087,0
15,1088,0
15,1089,0
15,1090,0
15,1091,0
15,1092,0
15,1093,0
15,1094,0.000197761
15,1095,0
15,1096,0
15,1097,0
15,1098,0
15,1099,0
15,1100,0
15,1101,0
15,1102,4.56371e-05
15,1103,0
15,1104,0
15,1105,0
15,1106,0
15,1107,0.000110546
15,1108,3.28705e-06
15,1109,0
15,1110,0
15,1111,0
15,1112,0
15,1113,0
15,1114,0
15,1115,0.000175984
15,1116,0
15,1117,0
15,1118,0
15,1119,0
15,1120,4.67621e-06
15,1121,0
15,1122,0
15,1123,0
15,1124,0
15,1125,0
15,1126,0
15,1127,0
15,1128,0.000203327
15,1129,0
15,1130,0
15,1131,0
15,1132,0
15,1133,0
15,1134,0
15,1135,0
15,1136,9.73298e-05
15,1137,0
15,1138,0
15,1139,0
15,1140,0
15,1141,7.27063e-05
15,1142,0
15,1143,0
15,1144,0
15,1145,0
15,1146,0
15,1147,0
15,1148,0
15,1149,0.000226796
15,1150,0
15,1151,0
15,1152,0
15,1153,0
15,1154,0
15,1155,0
15,1156,0
15,1157,2.11799e-05
15,1158,0
15,1159,0
15,1160,0
15,1161,0
15,1162,0.000177618
15,1163,0
15,1164,0
15,1165,0
15,1166,0
15,1167,0
15,1168,0
15,1169,0
15,1170,0.000171054
15,1171,0
15,1172,0
15,1173,0
15,1174,0
15,1175,2.91823e-05
15,1176,0
15,1177,0
15,1178,0
15,1179,0
15,1180,0
15,1181,0
15,1182,0
15,1183,0.000246391
15,1184,0
15,1185,0
15,1186,0
15,1187,0
15,1188,0
15,1189,0
15,1190,0
15,1191,7.97304e-05
15,1192,0
15,1193,0
15,1194,0
15,1195,0
15,1196,0.000128792
15,1197,0
15,1198,0
15,1199,0
15,1200,0
15,1201,0
15,1202,0
15,1203,0
15,1204,0.000230181
15,1205,0
15,1206,0
15,1207,0
15,1208,0
15,1209,5.57624e-06
15,1210,0
15,1211,0
15,1212,1.07514e-05
15,1213,0
15,1214,0
15,1215,0
15,1216,0
15,1217,0.000233243
15,1218,0
15,1219,0
15,1220,0
15,1221,0
15,1222,0
15,1223,0
15,1224,0
15,1225,0.00014283
15,1226,0
15,1227,0
15,1228,0
15,1229,0
15,1230,7.66977e-05
15,1231,0
15,1232,0
15,1233,0
15,1234,0
15,1235,0
15,1236,0
15,1237,0
15,1238,0.000267415
15,1239,0
15,1240,0
15,1241,0
15,1242,0
15,1243,0
15,1244,0
15,1245,0
15,1246,5.73276e-05
15,1247,0
15,1248,0
15,1249,0
15,1250,0
15,1251,0.000192067
15,1252,0
15,1253,0
15,1254,0
15,1255,0
15,1256,0
15,1257,0
15,1258,0
15,1259,0.000210537
15,1260,0
15,1261,0
15,1262,0
15,1263,0
15,1264,2.79008e-05
15,1265,0
15,1266,0
15,1267,0
15,1268,0
15,1269,0
15,1270,0
15,1271,0
15,1272,0.00027168
15,1273,0
15,1274,0
15,1275,0
15,1276,0
15,1277,0
15,1278,0
15,1279,0
15,1280,0.000112503
15,1281,0
15,1282,0
15,1283,0
15,1284,0
15,1285,0.000129613
15,1286,0
15,1287,0
15,1288,0
15,1289,0
15,1290,0
15,1291,0
15,1292,0
15,1293,0.000261457
15,1294,0
15,1295,0
15,1296,0
15,1297,0
15,1298,3.6001e-06
15,1299,0
15,1300,0
15,1301,2.23147e-05
15,1302,0
15,1303,0
15,1304,0
15,1305,0
15,1306,0.000241882
15,1307,0
15,1308,0
15,1309,0
15,1310,0
15,1311,0
15,1312,0
15,1313,0
15,1314,0.0001816
15,1315,0
15,1316,0
15,1317,0
15,1318,0
15,1319,7.21878e-05
15,1320,0
15,1321,0
15,1322,0
15,1323,0
15,1324,0
15,1325,0
15,1326,0
15,1327,0.000281101
15,1328,0
15,1329,0
15,1330,0
15,1331,0
15,1332,0
15,1333,0
15,1334,0
15,1335,8.18827e-05
15,1336,0
15,1337,0
15,1338,0
15,1339,0
15,1340,0.000186882
15,1341,0
15,1342,0
15,1343,0
15,1344,0
15,1345,0
15,1346,0
15,1347,0
15,1348,0.000235141
15,1349,0
15,1350,0
15,1351,0
15,1352,0
15,1353,2.25789e-05
15,1354,0
15,1355,0
15,1356,7.65021e-06
15,1357,0
15,1358,0
15,1359,0
15,1360,0
15,1361,0.000268471
15,1362,0
15,1363,0
15,1364,0
15,1365,0
15,1366,0
15,1367,0
15,1368,0
15,1369,0.000135874
15,1370,0
15,1371,0
15,1372,0
15,1373,0
15,1374,0.000118392
15,1375,0
15,1376,0
15,1377,0
15,1378,0
15,1379,0
15,1380,0
15,1381,0
15,1382,0.000269039
15,1383,0
15,1384,0
15,1385,0
15,1386,0
15,1387,4.89144e-08
15,1388,0
15,1389,0
15,1390,4.85231e-05
15,1391,0
15,1392,0
15,1393,0
15,1394,0
15,1395,0.000225779
15,1396,0
15,1397,0
15,1398,0
15,1399,0
15,1400,0
15,1401,0
15,1402,0
15,1403,0.000195188
15,1404,0
15,1405,0
15,1406,0
15,1407,0
15,1408,5.85212e-05
15,1409,0
15,1410,0
15,1411,0
15,1412,0
15,1413,0
15,1414,0
15,1415,0
15,1416,0.000272443
15,1417,0
15,1418,0
15,1419,0
15,1420,0
15,1421,0
15,1422,0
15,1423,0
15,1424,9.91494e-05
15,1425,0
15,1426,0
15,1427,0
15,1428,0
15,1429,0.000163814
15,1430,0
15,1431,0
15,1432,0
15,1433,0
15,1434,0
15,1435,0
15,1436,0
15,1437,0.000235151
15,1438,0
15,1439,0
15,1440,0
15,1441,0
15,1442,1.63961e-05
15,1443,0
15,1444,0
15,1445,1.74918e-05
15,1446,0
15,1447,0
15,1448,0
15,1449,0
15,1450,0.00024466
15,1451,0
15,1452,0
15,1453,0
15,1454,0
15,1455,0
15,1456,0
15,1457,0
15,1458,0.000154178
15,1459,0
15,1460,0
15,1461,0
15,1462,0
15,1463,9.69874e-05
15,1464,0
15,1465,0
15,1466,0
15,1467,0
15,1468,0
15,1469,0
15,1470,0
15,1471,0.000251801
15,1472,0
15,1473,0
15,1474,0
15,1475,0
15,1476,0
15,1477,0
15,1478,0
15,1479,5.99886e-05
15,1480,0
15,1481,0
15,1482,0
15,1483,0
15,1484,0.000195364
15,1485,0
15,1486,0
15,1487,0
15,1488,0
15,1489,0
15,1490,0
15,1491,0
15,1492,0.000194053
15,1493,0
15,1494,0
15,1495,0
15,1496,0
15,1497,4.03837e-05
15,1498,0
15,1499,0
15,1500,1.17395e-07
15,1501,0
15,1502,0
15,1503,0
15,1504,0
15,1505,0.000244425
15,1506,0
15,1507,0
15,1508,0
15,1509,0
15,1510,0
15,1511,0
15,1512,0
15,1513,0.00010767
15,1514,0
15,1515,0
15,1516,0
15,1517,0
15,1518,0.000133497
15,1519,0
15,1520,0
15,1521,0
15,1522,0
15,1523,0
15,1524,0
15,1525,0
15,1526,0.000220535
15,1527,0
15,1528,0
15,1529,0
15,1530,0
15,1531,1.01057e-05
15,1532,0
15,1533,0
15,1534,2.48876e-05
15,1535,0
15,1536,0
15,1537,0
15,1538,0
15,1539,0.000209344
15,1540,0
15,1541,0
15,1542,0
15,1543,0
15,1544,0
15,1545,0
15,1546,0
15,1547,0.000148259
15,1548,0
15,1549,0
15,1550,0
15,1551,0
15,1552,7.51129e-05
15,1553,0
15,1554,0
15,1555,0
15,1556,0
15,1557,0
15,1558,0
15,1559,0
15,1560,0.000218686
15,1561,0
15,1562,0
15,1563,0
15,1564,0
15,1565,0
15,1566,0
15,1567,0
15,1568,6.46061e-05
15,1569,0
15,1570,0
15,1571,0
15,1572,0
15,1573,0.000157025
15,1574,0
15,1575,0
15,1576,0
15,1577,0
15,1578,0
15,1579,0
15,1580,0
15,1581,0.000175436
15,1582,0
15,1583,0
15,1584,0
15,1585,0
15,1586,2.49561e-05
15,1587,0
15,1588,0
15,1589,5.7719e-06
15,1590,0
15,1591,0
15,1592,0
15,1593,0
15,1594,0.000198045
15,1595,0
15,1596,0
15,1597,0
15,1598,0
15,1599,0
15,1600,0
15,1601,0
15,1602,0.000106624
15,1603,0
15,1604,0
15,1605,0
15,1606,0
15,1607,0.000101067
15,1608,0
15,1609,0
15,1610,0
15,1611,0
15,1612,0
15,1613,0
15,1614,0
15,1615,0.00018426
15,1616,0
15,1617,0
15,1618,0
15,1619,0
15,1620,3.00334e-06
15,1621,0
15,1622,0
15,1623,3.20291e-05
15,1624,0
15,1625,0
15,1626,0
15,1627,0
15,1628,0.000164704
15,1629,0
15,1630,0
15,1631,0
15,1632,0
15,1633,0
15,1634,0
15,1635,0
15,1636,0.000135463
15,1637,0
15,1638,0
15,1639,0
15,1640,0
15,1641,5.21232e-05
15,1642,0
15,1643,0
15,1644,0
15,1645,0
15,1646,0
15,1647,0
15,1648,0
15,1649,0.000178772
15,1650,0
15,1651,0
15,1652,0
15,1653,0
15,1654,0
15,1655,0
15,1656,0
15,1657,6.49192e-05
15,1658,0
15,1659,0
15,1660,0
15,1661,0
15,1662,0.00011805
15,1663,0
15,1664,0
15,1665,0
15,1666,0
15,1667,0
15,1668,0
15,1669,0
15,1670,0.000147526
15,1671,0
15,1672,0
15,1673,0
15,1674,0
15,1675,1.57015e-05
15,1676,0
15,1677,0
15,1678,6.83823e-06
15,1679,0
15,1680,0
15,1681,0
15,1682,0
15,1683,0.000157005
15,1684,0
15,1685,0
15,1686,0
15,1687,0
15,1688,0
15,1689,0
15,1690,0
15,1691,9.25753e-05
15,1692,0
15,1693,0
15,1694,0
15,1695,0
15,1696,7.14052e-05
15,1697,0
15,1698,0
15,1699,0
15,1700,0
15,1701,0
15,1702,0
15,1703,0
15,1704,0.000147702
15,1705,0
15,1706,0
15,1707,0
15,1708,0
15,1709,0
15,1710,0
15,1711,0
15,1712,2.65899e-05
15,1713,0
15,1714,0
15,1715,0
15,1716,0
15,1717,0.0001212
15,1718,0
15,1719,0
15,1720,0
15,1721,0
15,1722,0
15,1723,0
15,1724,0
15,1725,0.000113207
15,1726,0
15,1727,0
15,1728,0
15,1729,0
15,1730,3.33009e-05
15,1731,0
15,1732,0
15,1733,0
15,1734,0
15,1735,0
15,1736,0
15,1737,0
15,1738,0.00013339
15,1739,0
15,1740,0
15,1741,0
15,1742,0
15,1743,0
15,1744,0
15,1745,0
15,1746,5.85896e-05
15,1747,0
15,1748,0
15,1749,0
15,1750,0
15,1751,8.49154e-05
15,1752,0
15,1753,0
15,1754,0
15,1755,0
15,1756,0
15,1757,0
15,1758,0
15,1759,0.000111897
15,1760,0
15,1761,0
15,1762,0
15,1763,0
15,1764,8.82415e-06
15,1765,0
15,1766,0
15,1767,7.97304e-06
15,1768,0
15,1769,0
15,1770,0
15,1771,0
15,1772,0.000113481
15,1773,0
15,1774,0
15,1775,0
15,1776,0
15,1777,0
15,1778,0
15,1779,0
15,1780,7.29313e-05
15,1781,0
15,1782,0
15,1783,0
15,1784,0
15,1785,4.87383e-05
15,1786,0
15,1787,0
15,1788,0
15,1789,0
15,1790,0
15,1791,0
15,1792,0
15,1793,0.000108893
15,1794,0
15,1795,0
15,1796,0
15,1797,0
15,1798,0
15,1799,0
15,1800,0
15,1801,2.52594e-05
15,1802,0
15,1803,0
15,1804,0
15,1805,0
15,1806,8.60404e-05
15,1807,0
15,1808,0
15,1809,0
15,1810,0
15,1811,0
15,1812,0
15,1813,0
15,1814,8.25186e-05
15,1815,0
15,1816,0
15,1817,0
15,1818,0
15,1819,1.96734e-05
15,1820,0
15,1821,0
15,1822,0
15,1823,0
15,1824,0
15,1825,0
15,1826,0
15,1827,9.71342e-05
15,1828,0
15,1829,0
15,1830,0
15,1831,0
15,1832,0
15,1833,0
15,1834,0
15,1835,4.35925e-05
15,1836,0
15,1837,0
15,1838,0
15,1839,0
15,1840,5.57135e-05
15,1841,0
15,1842,0
15,1843,0
15,1844,0
15,1845,0
15,1846,0
15,1847,0
15,1848,8.30957e-05
15,1849,0
15,1850,0
15,1851,0
15,1852,0
15,1853,6.13386e-06
15,1854,0
15,1855,0
15,1856,4.70556e-06
15,1857,0
15,1858,0
15,1859,0
15,1860,0
15,1861,7.98185e-05
15,1862,0
15,1863,0
15,1864,0
15,1865,0
15,1866,0
15,1867,0
15,1868,0
15,1869,5.55961e-05
15,1870,0
15,1871,0
15,1872,0
15,1873,0
15,1874,3.30074e-05
15,1875,0
15,1876,0
15,1877,0
15,1878,0
15,1879,0
15,1880,0
15,1881,0
15,1882,7.63064e-05
15,1883,0
15,1884,0
15,1885,0
15,1886,0
15,1887,1.27177e-07
15,1888,0
15,1889,0
15,1890,1.50558e-05
15,1891,0
15,1892,0
15,1893,0
15,1894,0
15,1895,5.89027e-05
15,1896,0
15,1897,0
15,1898,0
15,1899,0
15,1900,0
15,1901,0
15,1902,0
15,1903,5.33754e-05
15,1904,0
15,1905,0
15,1906,0
15,1907,0
15,1908,1.48211e-05
15,1909,0
15,1910,0
15,1911,0
15,1912,0
15,1913,0
15,1914,0
15,1915,0
15,1916,6.92432e-05
15,1917,0
15,1918,0
15,1919,0
15,1920,0
15,1921,1.46743e-07
15,1922,0
15,1923,0
15,1924,2.60714e-05
15,1925,0
15,1926,0
15,1927,0
15,1928,0
15,1929,3.88576e-05
15,1930,0
15,1931,0
15,1932,0
15,1933,0
15,1934,0
15,1935,0
15,1936,0
15,1937,5.89223e-05
15,1938,0
15,1939,0
15,1940,0
15,1941,0
15,1942,8.12957e-06
15,1943,0
15,1944,0
15,1945,1.34025e-06
15,1946,0
15,1947,0
15,1948,0
15,1949,0
15,1950,5.8032e-05
15,1951,0
15,1952,0
15,1953,0
15,1954,0
15,1955,1.45765e-06
15,1956,0
15,1957,0
15,1958,3.6089e-05
15,1959,0
15,1960,0
15,1961,0
15,1962,0
15,1963,2.54355e-05
15,1964,0
15,1965,0
15,1966,0
15,1967,0
15,1968,0
15,1969,0
15,1970,0
15,1971,5.78461e-05
15,1972,0
15,1973,0
15,1974,0
15,1975,0
15,1976,7.35672e-06
15,1977,0
15,1978,0
15,1979,8.46219e-06
15,1980,0
15,1981,0
15,1982,0
15,1983,0
15,1984,4.53925e-05
15,1985,0
15,1986,0
15,1987,0
15,1988,0
15,1989,2.36746e-06
15,1990,0
15,1991,0
15,1992,3.77325e-05
15,1993,0
15,1994,0
15,1995,0
15,1996,0
15,1997,1.88125e-05
15,1998,0
15,1999,0
15,2000,0
15,2001,0
15,2002,0
15,2003,0
15,2004,0
15,2005,5.33558e-05
15,2006,0
15,2007,0
15,2008,0
15,2009,0
15,2010,8.7948e-06
15,2011,0
15,2012,0
15,2013,1.28645e-05
15,2014,0
15,2015,0
15,2016,0
15,2017,0
15,2018,3.34281e-05
15,2019,0
15,2020,0
15,2021,0
15,2022,0
15,2023,1.55548e-06
15,2024,0
15,2025,0
15,2026,4.3524e-05
15,2027,0
15,2028,0
15,2029,0
15,2030,0
15,2031,1.77755e-05
15,2032,0
15,2033,0
15,2034,0
15,2035,0
15,2036,0
15,2037,0
15,2038,0
15,2039,4.46784e-05
15,2040,0
15,2041,0
15,2042,0
15,2043,0
15,2044,9.02959e-06
15,2045,0
15,2046,0
15,2047,2.09256e-05
15,2048,0
15,2049,0
15,2050,0
15,2051,0
15,2052,2.76562e-05
15,2053,0
15,2054,0
15,2055,0
15,2056,0
15,2057,0
15,2058,0
15,2059,0
15,2060,4.54219e-05
15,2061,0
15,2062,0
15,2063,0
15,2064,0
15,2065,1.90081e-05
15,2066,0
15,2067,0
15,2068,2.07397e-06
15,2069,0
15,2070,0
15,2071,0
15,2072,0
15,2073,3.78108e-05
15,2074,0
15,2075,0
15,2076,0
15,2077,0
15,2078,7.49368e-06
15,2079,0
15,2080,0
15,2081,3.08356e-05
15,2082,0
15,2083,0
15,2084,0
15,2085,0
15,2086,2.62279e-05
15,2087,0
15,2088,0
15,2089,0
15,2090,0
15,2091,0
15,2092,0
15,2093,0
15,2094,4.54904e-05
15,2095,0
15,2096,0
15,2097,0
15,2098,0
15,2099,1.99766e-05
15,2100,0
15,2101,0
15,2102,8.92198e-06
15,2103,0
15,2104,0
15,2105,0
15,2106,0
15,2107,3.32031e-05
15,2108,0
15,2109,0
15,2110,0
15,2111,0
15,2112,5.95777e-06
15,2113,0
15,2114,0
15,2115,3.88576e-05
15,2116,0
15,2117,0
15,2118,0
15,2119,0
15,2120,2.90551e-05
15,2121,0
15,2122,0
15,2123,0
15,2124,0
15,2125,0
15,2126,0
15,2127,0
15,2128,3.89652e-05
15,2129,0
15,2130,0
15,2131,0
15,2132,0
15,2133,1.84994e-05
15,2134,0
15,2135,0
15,2136,1.88027e-05
15,2137,0
15,2138,0
15,2139,0
15,2140,0
15,2141,3.41716e-05
15,2142,0
15,2143,0
15,2144,0
15,2145,0
15,2146,2.68051e-06
15,2147,0
15,2148,0
15,2149,3.54531e-05
15,2150,0
15,2151,0
15,2152,0
15,2153,0
15,2154,2.43398e-05
15,2155,0
15,2156,0
15,2157,4.69578e-07
15,2158,0
15,2159,0
15,2160,0
15,2161,0
15,2162,3.60108e-05
15,2163,0
15,2164,0
15,2165,0
15,2166,0
15,2167,1.50656e-05
15,2168,0
15,2169,0
15,2170,2.49072e-05
15,2171,0
15,2172,0
15,2173,0
15,2174,0
15,2175,3.06204e-05
15,2176,0
15,2177,0
15,2178,0
15,2179,0
15,2180,0
15,2181,0
15,2182,0
15,2183,3.35455e-05
15,2184,0
15,2185,0
15,2186,0
15,2187,0
15,2188,1.93114e-05
15,2189,0
15,2190,0
15,2191,8.36436e-06
15,2192,0
15,2193,0
15,2194,0
15,2195,0
15,2196,2.73334e-05
15,2197,0
15,2198,0
15,2199,0
15,2200,0
15,2201,7.39585e-06
15,2202,0
15,2203,0
15,2204,2.81551e-05
15,2205,0
15,2206,0
15,2207,0
15,2208,0
15,2209,2.7167e-05
15,2210,0
15,2211,0
15,2212,0
15,2213,0
15,2214,0
15,2215,0
15,2216,0
15,2217,2.75584e-05
15,2218,0
15,2219,0
15,2220,0
15,2221,0
15,2222,1.39602e-05
15,2223,0
15,2224,0
15,2225,1.74722e-05
15,2226,0
15,2227,0
15,2228,0
15,2229,0
15,2230,2.83214e-05
15,2231,0
15,2232,0
15,2233,0
16,0,0
16,1,0
16,2,0
16,3,0
16,4,0
16,5,0
16,6,0
16,7,0
16,8,0
16,9,0
16,10,0
16,11,0
16,12,0
16,13,0
16,14,0
16,15,0
16,16,0
16,17,0
16,18,0
16,19,0
16,20,0
16,21,0
16,22,0
16,23,0
16,24,0
16,25,0
16,26,0
16,27,0
16,28,0
16,29,0
16,30,0
16,31,0
16,32,0
16,33,0
16,34,0
16,35,0
16,36,0
16,37,0
16,38,0
16,39,0
16,40,0
16,41,0
16,42,0
16,43,0
16,44,0
16,45,0
16,46,0
16,47,0
16,48,0
16,49,0
16,50,0
16,51,0
16,52,0
16,53,0
16,54,0
16,55,0
16,56,0
16,57,0
16,58,0
16,59,0
16,60,0
16,61,0
16,62,0
16,63,0
16,64,0
16,65,0
16,66,0
16,67,0
16,68,0
16,69,0
16,70,0
16,71,0
16,72,0
16,73,0
16,74,0
16,75,0
16,76,0
16,77,0
16,78,0
16,79,0
16,80,0
16,81,0
16,82,0
16,83,0
16,84,0
16,85,0
16,86,0
16,87,0
16,88,0
16,89,0
16,90,0
16,91,0
16,92,0
16,93,0
16,94,0
16,95,0
16,96,0
16,97,0
16,98,0
16,99,0
16,100,0
16,101,0
16,102,0
16,103,0
16,104,0
16,105,0
16,106,0
16,107,0
16,108,0
16,109,0
16,110,0
16,111,0
16,112,0
16,113,0
16,114,0
16,115,0
16,116,0
16,117,0
16,118,0
16,119,0
16,120,0
16,121,0
16,122,0
16,123,0
16,124,0
16,125,0
16,126,0
16,127,0
16,128,0
16,129,0
16,130,0
16,131,0
16,132,0
16,133,0
16,134,0
16,135,0
16,136,0
16,137,0
16,138,0
16,139,0
16,140,0
16,141,0
16,142,0
16,143,0
16,144,0
16,145,0
16,146,0
16,147,0
16,148,0
16,149,0
16,150,0
16,151,0
16,152,0
16,153,0
16,154,0
16,155,0
16,156,0
16,157,0
16,158,0
16,159,0
16,160,0
16,161,0
16,162,0
16,163,0
16,164,0
16,165,0
16,166,0
16,167,0
16,168,0
16,169,0
16,170,0
16,171,0
16,172,0
16,173,0
16,174,0
16,175,0
16,176,0
16,177,0
16,178,0
16,179,0
16,180,0
16,181,0
16,182,0
16,183,0
16,184,0
16,185,0
16,186,0
16,187,0
16,188,0
16,189,0
16,190,0
16,191,0
16,192,0
16,193,0
16,194,0
16,195,0
16,196,0
16,197,0
16,198,0
16,199,0
16,200,0
16,201,0
16,202,0
16,203,0
16,204,0
16,205,0
16,206,0
16,207,0
16,208,0
16,209,0
16,210,0
16,211,0
16,212,0
16,213,0
16,214,0
16,215,0
16,216,0
16,217,0
16,218,0
16,219,0
16,220,0
16,221,0
16,222,0
16,223,0
16,224,0
16,225,0
16,226,0
16,227,0
16,228,0
16,229,0
16,230,0
16,231,0
16,232,0
16,233,0
16,234,0
16,235,0
16,236,0
16,237,0
16,238,0
16,239,0
16,240,0
16,241,0
16,242,0
16,243,0
16,244,0
16,245,0
16,246,0
16,247,0
16,248,0
16,249,0
16,250,0
16,251,0
16,252,0
16,253,0
16,254,0
16,255,0
16,256,0
16,257,0
16,258,0
16,259,0
16,260,0
16,261,0
16,262,0
16,263,0
16,264,0
16,265,0
16,266,0
16,267,0
16,268,0
16,269,0
16,270,0
16,271,0
16,272,0
16,273,0
16,274,0
16,275,0
16,276,0
16,277,0
16,278,0
16,279,0
16,280,0
16,281,0
16,282,0
16,283,0
16,284,0
16,285,0
16,286,0
16,287,0
16,288,0
16,289,0
16,290,0
16,291,0
16,292,0
16,293,0
16,294,0
16,295,0
16,296,0
16,297,0
16,298,0
16,299,0
16,300,0
16,301,0
16,302,0
16,303,0
16,304,0
16,305,0
16,306,0
16,307,0
16,308,0
16,309,0
16,310,0
16,311,0
16,312,0
16,313,0
16,314,0
16,315,0
16,316,0
16,317,0
16,318,0
16,319,0
16,320,0
16,321,0
16,322,0
16,323,0
16,324,0
16,325,0
16,326,0
16,327,0
16,328,0
16,329,0
16,330,0
16,331,0
16,332,0
16,333,0
16,334,0
16,335,0
16,336,0
16,337,0
16,338,0
16,339,0
16,340,0
16,341,0
16,342,0
16,343,0
16,344,0
16,345,0
16,346,0
16,347,0
16,348,0
16,349,0
16,350,0
16,351,0
16,352,0
16,353,0
16,354,0
16,355,0
16,356,0
16,357,0
16,358,0
16,359,0
16,360,0
16,361,0
16,362,0
16,363,0
16,364,0
16,365,0
16,366,0
16,367,0
16,368,0
16,369,0
16,370,0
16,371,0
16,372,0
16,373,0
16,374,0
16,375,0
16,376,0
16,377,0
16,378,0
16,379,0
16,380,0
16,381,0
16,382,0
16,383,0
16,384,0
16,385,0
16,386,0
16,387,0
16,388,0
16,389,0
16,390,0
16,391,0
16,392,0
16,393,0
16,394,0
16,395,0
16,396,0
16,397,0
16,398,0
16,399,0
16,400,0
16,401,0
16,402,0
16,403,0
16,404,0
16,405,0
16,406,0
16,407,0
16,408,0
16,409,0
16,410,0
16,411,0
16,412,0
16,413,0
16,414,0
16,415,0
16,416,0
16,417,0
16,418,0
16,419,0
16,420,0
16,421,0
16,422,0
16,423,0
16,424,0
16,425,0
16,426,0
16,427,0
16,428,0
16,429,0
16,430,0
16,431,0
16,432,0
16,433,0
16,434,0
16,435,0
16,436,0
16,437,0
16,438,0
16,439,0
16,440,0
16,441,0
16,442,0
16,443,0
16,444,0
16,445,0
16,446,0
16,447,0
16,448,0
16,449,0
16,450,0
16,451,0
16,452,0
16,453,0
16,454,0
16,455,0
16,456,0
16,457,0
16,458,0
16,459,0
16,460,0
16,461,0
16,462,0
16,463,0
16,464,0
16,465,0
16,466,0
16,467,0
16,468,0
16,469,0
16,470,0
16,471,0
16,472,0
16,473,0
16,474,0
16,475,0
16,476,0
16,477,0
16,478,0
16,479,0
16,480,0
16,481,0
16,482,0
16,483,0
16,484,0
16,485,0
16,486,0
16,487,0
16,488,0
16,489,0
16,490,0
16,491,0
16,492,0
16,493,0
16,494,0
16,495,0
16,496,0
16,497,0
16,498,0
16,499,0
16,500,0
16,501,0
16,502,0
16,503,0
16,504,0
16,505,0
16,506,0
16,507,0
16,508,0
16,509,0
16,510,0
16,511,0
16,512,0
16,513,0
16,514,0
16,515,0
16,516,0
16,517,0
16,518,0
16,519,0
16,520,0
16,521,0
16,522,0
16,523,0
16,524,0
16,525,0
16,526,0
16,527,0
16,528,0
16,529,0
16,530,0
16,531,0
16,532,0
16,533,0
16,534,0
16,535,0
16,536,0
16,537,0
16,538,0
16,539,0
16,540,0
16,541,0
16,542,0
16,543,0
16,544,0
16,545,0
16,546,0
16,547,0
16,548,0
16,549,0
16,550,0
16,551,0
16,552,0
16,553,0
16,554,0
16,555,0
16,556,0
16,557,0
16,558,0
16,559,0
16,560,0
16,561,0
16,562,0
16,563,0
16,564,0
16,565,0
16,566,0
16,567,0
16,568,0
16,569,0
16,570,0
16,571,0
16,572,0
16,573,0
16,574,0
16,575,0
16,576,0
16,577,0
16,578,0
16,579,0
16,580,0
16,581,0
16,582,0
16,583,0
16,584,0
16,585,0
16,586,0
16,587,0
16,588,0
16,589,0
16,590,0
16,591,0
16,592,0
16,593,0
16,594,0
16,595,0
16,596,0
16,597,0
16,598,0
16,599,0
16,600,0
16,601,0
16,602,0
16,603,0
16,604,0
16,605,0
16,606,0
16,607,0
16,608,0
16,609,0
16,610,0
16,611,0
16,612,0
16,613,0
16,614,0
16,615,0
16,616,0
16,617,0
16,618,0
16,619,0
16,620,0
16,621,0
16,622,0
16,623,0
16,624,0
16,625,0
16,626,0
16,627,0
16,628,0
16,629,0
16,630,0
16,631,0
16,632,0
16,633,0
16,634,0
16,635,0
16,636,0
16,637,0
16,638,0
16,639,0
16,640,0
16,641,0
16,642,0
16,643,0
16,644,0
16,645,0
16,646,0
16,647,0
16,648,0
16,649,0
16,650,0
16,651,0
16,652,0
16,653,0
16,654,0
16,655,0
16,656,0
16,657,0
16,658,0
16,659,0
16,660,0
16,661,0
16,662,0
16,663,0
16,664,0
16,665,0
16,666,0
16,667,0
16,668,0
16,669,0
16,670,0
16,671,0
16,672,0
16,673,0
16,674,0
16,675,0
16,676,0
16,677,0
16,678,0
16,679,0
16,680,0
16,681,0
16,682,0
16,683,0
16,684,0
16,685,0
16,686,0
16,687,0
16,688,0
16,689,0
16,690,0
16,691,0
16,692,0
16,693,0
16,694,0
16,695,0
16,696,0
16,697,0
16,698,0
16,699,0
16,700,0
16,701,0
16,702,0
16,703,0
16,704,0
16,705,0
16,706,0
16,707,0
16,708,0
16,709,0
16,710,0
16,711,0
16,712,0
16,713,0
16,714,0
16,715,0
16,716,0
16,717,0
16,718,0
16,719,0
16,720,0
16,721,0
16,722,0
16,723,0
16,724,0
16,725,0
16,726,0
16,727,0
16,728,0
16,729,0
16,730,0
16,731,0
16,732,0
16,733,0
16,734,0
16,735,0
16,736,0
16,737,0
16,738,0
16,739,0
16,740,0
16,741,0
16,742,0
16,743,0
16,744,0
16,745,0
16,746,0
16,747,0
16,748,0
16,749,0
16,750,0
16,751,0
16,752,0
16,753,0
16,754,0
16,755,0
16,756,0
16,757,0
16,758,0
16,759,0
16,760,0
16,761,0
16,762,0
16,763,0
16,764,0
16,765,0
16,766,0
16,767,0
16,768,0
16,769,0
16,770,0
16,771,0
16,772,0
16,773,0
16,774,0
16,775,0
16,776,0
16,777,0
16,778,0
16,779,0
16,780,0
16,781,0
16,782,0
16,783,0
16,784,0
16,785,0
16,786,0
16,787,0
16,788,0
16,789,0
16,790,0
16,791,0
16,792,0
16,793,0
16,794,0
16,795,0
16,796,0
16,797,0
16,798,0
16,799,0
16,800,0
16,801,0
16,802,0
16,803,0
16,804,0
16,805,0
16,806,0
16,807,0
16,808,0
16,809,0
16,810,0
16,811,0
16,812,0
16,813,0
16,814,0
16,815,0
16,816,0
16,817,0
16,818,0
16,819,0
16,820,0
16,821,0
16,822,0
16,823,0
16,824,0
16,825,0
16,826,0
16,827,0
16,828,0
16,829,0
16,830,0
16,831,0
16,832,0
16,833,0
16,834,0
16,835,0
16,836,0
16,837,0
16,838,0
16,839,0
16,840,0
16,841,0
16,842,0
16,843,0
16,844,0
16,845,0
16,846,0
16,847,0
16,848,0
16,849,0
16,850,0
16,851,0
16,852,0
16,853,0
16,854,0
16,855,0
16,856,0
16,857,0
16,858,0
16,859,0
16,860,0
16,861,0
16,862,0
16,863,0
16,864,0
16,865,0
16,866,0
16,867,0
16,868,0
16,869,0
16,870,0
16,871,0
16,872,0
16,873,0
16,874,0
16,875,0
16,876,0
16,877,0
16,878,0
16,879,0
16,880,0
16,881,0
16,882,0
16,883,0
16,884,0
16,885,0
16,886,0
16,887,0
16,888,0
16,889,0
16,890,0
16,891,0
16,892,0
16,893,0
16,894,0
16,895,0
16,896,0
16,897,0
16,898,0
16,899,0
16,900,0
16,901,0
16,902,0
16,903,0
16,904,0
16,905,0
16,906,0
16,907,0
16,908,0
16,909,0
16,910,0
16,911,0
16,912,0
16,913,0
16,914,0
16,915,0
16,916,0
16,917,0
16,918,0
16,919,0
16,920,0
16,921,0
16,922,0
16,923,0
16,924,0
16,925,0
16,926,0
16,927,0
16,928,0
16,929,0
16,930,0
16,931,0
16,932,0
16,933,0
16,934,0
16,935,0
16,936,0
16,937,0
16,938,0
16,939,0
16,940,0
16,941,0
16,942,0
16,943,0
16,944,0
16,945,0
16,946,0
16,947,0
16,948,0
16,949,0
16,950,0
16,951,0
16,952,0
16,953,0
16,954,0
16,955,0
16,956,0
16,957,0
16,958,0
16,959,0
16,960,0
16,961,0
16,962,0
16,963,0
16,964,0
16,965,0
16,966,0
16,967,0
16,968,0
16,969,0
16,970,0
16,971,0
16,972,0
16,973,0
16,974,0
16,975,0
16,976,0
16,977,0
16,978,0
16,979,0
16,980,0
16,981,0
16,982,0
16,983,0
16,984,0
16,985,0
16,986,0
16,987,0
16,988,0
16,989,0
16,990,0
16,991,0
16,992,0
16,993,0
16,994,0
16,995,0
16,996,0
16,997,0
16,998,0
16,999,0
16,1000,0
16,1001,0
16,1002,0
16,1003,0
16,1004,0
16,1005,0
16,1006,0
16,1007,0
16,1008,0
16,1009,0
16,1010,0
16,1011,0
16,1012,0
16,1013,0
16,1014,0
16,1015,0
16,1016,0
16,1017,0
16,1018,0
16,1019,0
16,1020,0
16,1021,0
16,1022,0
16,1023,0
16,1024,0
16,1025,0
16,1026,0
16,1027,0
16,1028,0
16,1029,0
16,1030,0
16,1031,0
16,1032,0
16,1033,0
16,1034,0
16,1035,0
16,1036,0
16,1037,0
16,1038,0
16,1039,0
16,1040,0
16,1041,0
16,1042,0
16,1043,0
16,1044,0
16,1045,0
16,1046,0
16,1047,0
16,1048,0
16,1049,0
16,1050,0
16,1051,0
16,1052,0
16,1053,0
16,1054,0
16,1055,0
16,1056,0
16,1057,0
16,1058,0
16,1059,0
16,1060,0
16,1061,0
16,1062,0
16,1063,0
16,1064,0
16,1065,0
16,1066,0
16,1067,0
16,1068,0
16,1069,0
16,1070,0
16,1071,0
16,1072,0
16,1073,0
16,1074,0
16,1075,0
16,1076,0
16,1077,0
16,1078,0
16,1079,0
16,1080,0
16,1081,0
16,1082,0
16,1083,0
16,1084,0
16,1085,0
16,1086,0
16,1087,0
16,1088,0
16,1089,0
16,1090,0
16,1091,0
16,1092,0
16,1093,0
16,1094,0
16,1095,0
16,1096,0
16,1097,0
16,1098,0
16,1099,0
16,1100,0
16,1101,0
16,1102,0
16,1103,0
16,1104,0
16,1105,0
16,1106,0
16,1107,0
16,1108,0
16,1109,0
16,1110,0
16,1111,0
16,1112,0
16,1113,0
16,1114,0
16,1115,0
16,1116,0
16,1117,0
16,1118,0
16,1119,0
16,1120,0
16,1121,0
16,1122,0
16,1123,0
16,1124,0
16,1125,0
16,1126,0
16,1127,0
16,1128,0
16,1129,0
16,1130,0
16,1131,0
16,1132,0
16,1133,0
16,1134,0
16,1135,0
16,1136,0
16,1137,0
16,1138,0
16,1139,0
16,1140,0
16,1141,0
16,1142,0
16,1143,0
16,1144,0
16,1145,0
16,1146,0
16,1147,0
16,1148,0
16,1149,0
16,1150,0
16,1151,0
16,1152,0
16,1153,0
16,1154,0
16,1155,0
16,1156,0
16,1157,0
16,1158,0
16,1159,0
16,1160,0
16,1161,0
16,1162,0
16,1163,0
16,1164,0
16,1165,0
16,1166,0
16,1167,0
16,1168,0
16,1169,0
16,1170,0
16,1171,0
16,1172,0
16,1173,0
16,1174,0
16,1175,0
16,1176,0
16,1177,0
16,1178,0
16,1179,0
16,1180,0
16,1181,0
16,1182,0
16,1183,0
16,1184,0
16,1185,0
16,1186,0
16,1187,0
16,1188,0
16,1189,0
16,1190,0
16,1191,0
16,1192,0
16,1193,0
16,1194,0
16,1195,0
16,1196,0
16,1197,0
16,1198,0
16,1199,0
16,1200,0
16,1201,0
16,1202,0
16,1203,0
16,1204,0
16,1205,0
16,1206,0
16,1207,0
16,1208,0
16,1209,0
16,1210,0
16,1211,0
16,1212,0
16,1213,0
16,1214,0
16,1215,0
16,1216,0
16,1217,0
16,1218,0
16,1219,0
16,1220,0
16,1221,0
16,1222,0
16,1223,0
16,1224,0
16,1225,0
16,1226,0
16,1227,0
16,1228,0
16,1229,0
16,1230,0
16,1231,0
16,1232,0
16,1233,0
16,1234,0
16,1235,0
16,1236,0
16,1237,0
16,1238,0
16,1239,0
16,1240,0
16,1241,0
16,1242,0
16,1243,0
16,1244,0
16,1245,0
16,1246,0
16,1247,0
16,1248,0
16,1249,0
16,1250,0
16,1251,0
16,1252,0
16,1253,0
16,1254,0
16,1255,0
16,1256,0
16,1257,0
16,1258,0
16,1259,0
16,1260,0
16,1261,0
16,1262,0
16,1263,0
16,1264,0
16,1265,0
16,1266,0
16,1267,0
16,1268,0
16,1269,0
16,1270,0
16,1271,0
16,1272,0
16,1273,0
16,1274,0
16,1275,0
16,1276,0
16,1277,0
16,1278,0
16,1279,0
16,1280,0
16,1281,0
16,1282,0
16,1283,0
16,1284,0
16,1285,0
16,1286,0
16,1287,0
16,1288,0
16,1289,0
16,1290,0
16,1291,0
16,1292,0
16,1293,0
16,1294,0
16,1295,0
16,1296,0
16,1297,0
16,1298,0
16,1299,0
16,1300,0
16,1301,0
16,1302,0
16,1303,0
16,1304,0
16,1305,0
16,1306,0
16,1307,0
16,1308,0
16,1309,0
16,1310,0
16,1311,0
16,1312,0
16,1313,0
16,1314,0
16,1315,0
16,1316,0
16,1317,0
16,1318,0
16,1319,0
16,1320,0
16,1321,0
16,1322,0
16,1323,0
16,1324,0
16,1325,0
16,1326,0
16,1327,0
16,1328,0
16,1329,0
16,1330,0
16,1331,0
16,1332,0
16,1333,0
16,1334,0
16,1335,0
16,1336,0
16,1337,0
16,1338,0
16,1339,0
16,1340,0
16,1341,0
16,1342,0
16,1343,0
16,1344,0
16,1345,0
16,1346,0
16,1347,0
16,1348,0
16,1349,0
16,1350,0
16,1351,0
16,1352,0
16,1353,0
16,1354,0
16,1355,0
16,1356,0
16,1357,0
16,1358,0
16,1359,0
16,1360,0
16,1361,0
16,1362,0
16,1363,0
16,1364,0
16,1365,0
16,1366,0
16,1367,0
16,1368,0
16,1369,0
16,1370,0
16,1371,0
16,1372,0
16,1373,0
16,1374,0
16,1375,0
16,1376,0
16,1377,0
16,1378,0
16,1379,0
16,1380,0
16,1381,0
16,1382,0
16,1383,0
16,1384,0
16,1385,0
16,1386,0
16,1387,0
16,1388,0
16,1389,0
16,1390,0
16,1391,0
16,1392,0
16,1393,0
16,1394,0
16,1395,0
16,1396,0
16,1397,0
16,1398,0
16,1399,0
16,1400,0
16,1401,0
16,1402,0
16,1403,0
16,1404,0
16,1405,0
16,1406,0
16,1407,0
16,1408,0
16,1409,0
16,1410,0
16,1411,0
16,1412,0
16,1413,0
16,1414,0
16,1415,0
16,1416,0
16,1417,0
16,1418,0
16,1419,0
16,1420,0
16,1421,0
16,1422,0
16,1423,0
16,1424,0
16,1425,0
16,1426,0
16,1427,0
16,1428,0
16,1429,0
16,1430,0
16,1431,0
16,1432,0
16,1433,0
16,1434,0
16,1435,0
16,1436,0
16,1437,0
16,1438,0
16,1439,0
16,1440,0
16,1441,0
16,1442,0
16,1443,0
16,1444,0
16,1445,0
16,1446,0
16,1447,0
16,1448,0
16,1449,0
16,1450,0
16,1451,0
16,1452,0
16,1453,0
16,1454,0
16,1455,0
16,1456,0
16,1457,0
16,1458,0
16,1459,0
16,1460,0
16,1461,0
16,1462,0
16,1463,0
16,1464,0
16,1465,0
16,1466,0
16,1467,0
16,1468,0
16,1469,0
16,1470,0
16,1471,0
16,1472,0
16,1473,0
16,1474,0
16,1475,0
16,1476,0
16,1477,0
16,1478,0
16,1479,0
16,1480,0
16,1481,0
16,1482,0
16,1483,0
16,1484,0
16,1485,0
16,1486,0
16,1487,0
16,1488,0
16,1489,0
16,1490,0
16,1491,0
16,1492,0
16,1493,0
16,1494,0
16,1495,0
16,1496,0
16,1497,0
16,1498,0
16,1499,0
16,1500,0
16,1501,0
16,1502,0
16,1503,0
16,1504,0
16,1505,0
16,1506,0
16,1507,0
16,1508,0
16,1509,0
16,1510,0
16,1511,0
16,1512,0
16,1513,0
16,1514,0
16,1515,0
16,1516,0
16,1517,0
16,1518,0
16,1519,0
16,1520,0
16,1521,0
16,1522,0
16,1523,0
16,1524,0
16,1525,0
16,1526,0
16,1527,0
16,1528,0
16,1529,0
16,1530,0
16,1531,0
16,1532,0
16,1533,0
16,1534,0
16,1535,0
16,1536,0
16,1537,0
16,1538,0
16,1539,0
16,1540,0
16,1541,0
16,1542,0
16,1543,0
16,1544,0
16,1545,0
16,1546,0
16,1547,0
16,1548,0
16,1549,0
16,1550,0
16,1551,0
16,1552,0
16,1553,0
16,1554,0
16,1555,0
16,1556,0
16,1557,0
16,1558,0
16,1559,0
16,1560,0
16,1561,0
16,1562,0
16,1563,0
16,1564,0
16,1565,0
16,1566,0
16,1567,0
16,1568,0
16,1569,0
16,1570,0
16,1571,0
16,1572,0
16,1573,0
16,1574,0
16,1575,0
16,1576,0
16,1577,0
16,1578,0
16,1579,0
16,1580,0
16,1581,0
16,1582,0
16,1583,0
16,1584,0
16,1585,0
16,1586,0
16,1587,0
16,1588,0
16,1589,0
16,1590,0
16,1591,0
16,1592,0
16,1593,0
16,1594,0
16,1595,0
16,1596,0
16,1597,0
16,1598,0
16,1599,0
16,1600,0
16,1601,0
16,1602,0
16,1603,0
16,1604,0
16,1605,0
16,1606,0
16,1607,0
16,1608,0
16,1609,0
16,1610,0
16,1611,0
16,1612,0
16,1613,0
16,1614,0
16,1615,0
16,1616,0
16,1617,0
16,1618,0
16,1619,0
16,1620,0
16,1621,0
16,1622,0
16,1623,0
16,1624,0
16,1625,0
16,1626,0
16,1627,0
16,1628,0
16,1629,0
16,1630,0
16,1631,0
16,1632,0
16,1633,0
16,1634,0
16,1635,0
16,1636,0
16,1637,0
16,1638,0
16,1639,0
16,1640,0
16,1641,0
16,1642,0
16,1643,0
16,1644,0
16,1645,0
16,1646,0
16,1647,0
16,1648,0
16,1649,0
16,1650,0
16,1651,0
16,1652,0
16,1653,0
16,1654,0
16,1655,0
16,1656,0
16,1657,0
16,1658,0
16,1659,0
16,1660,0
16,1661,0
16,1662,0
16,1663,0
16,1664,0
16,1665,0
16,1666,0
16,1667,0
16,1668,0
16,1669,0
16,1670,0
16,1671,0
16,1672,0
16,1673,0
16,1674,0
16,1675,0
16,1676,0
16,1677,0
16,1678,0
16,1679,0
16,1680,0
16,1681,0
16,1682,0
16,1683,0
16,1684,0
16,1685,0
16,1686,0
16,1687,0
16,1688,0
16,1689,0
16,1690,0
16,1691,0
16,1692,0
16,1693,0
16,1694,0
16,1695,0
16,1696,0
16,1697,0
16,1698,0
16,1699,0
16,1700,0
16,1701,0
16,1702,0
16,1703,0
16,1704,0
16,1705,0
16,1706,0
16,1707,0
16,1708,0
16,1709,0
16,1710,0
16,1711,0
16,1712,0
16,1713,0
16,1714,0
16,1715,0
16,1716,0
16,1717,0
16,1718,0
16,1719,0
16,1720,0
16,1721,0
16,1722,0
16,1723,0
16,1724,0
16,1725,0
16,1726,0
16,1727,0
16,1728,0
16,1729,0
16,1730,0
16,1731,0
16,1732,0
16,1733,0
16,1734,0
16,1735,0
16,1736,0
16,1737,0
16,1738,0
16,1739,0
16,1740,0
16,1741,0
16,1742,0
16,1743,0
16,1744,0
16,1745,0
16,1746,0
16,1747,0
16,1748,0
16,1749,0
16,1750,0
16,1751,0
16,1752,0
16,1753,0
16,1754,0
16,1755,0
16,1756,0
16,1757,0
16,1758,0
16,1759,0
16,1760,0
16,1761,0
16,1762,0
16,1763,0
16,1764,0
16,1765,0
16,1766,0
16,1767,0
16,1768,0
16,1769,0
16,1770,0
16,1771,0
16,1772,0
16,1773,0
16,1774,0
16,1775,0
16,1776,0
16,1777,0
16,1778,0
16,1779,0
16,1780,0
16,1781,0
16,1782,0
16,1783,0
16,1784,0
16,1785,0
16,1786,0
16,1787,0
16,1788,0
16,1789,0
16,1790,0
16,1791,0
16,1792,0
16,1793,0
16,1794,0
16,1795,0
16,1796,0
16,1797,0
16,1798,0
16,1799,0
16,1800,0
16,1801,0
16,1802,0
16,1803,0
16,1804,0
16,1805,0
16,1806,0
16,1807,0
16,1808,0
16,1809,0
16,1810,0
16,1811,0
16,1812,0
16,1813,0
16,1814,0
16,1815,0
16,1816,0
16,1817,0
16,1818,0
16,1819,0
16,1820,0
16,1821,0
16,1822,0
16,1823,0
16,1824,0
16,1825,0
16,1826,0
16,1827,0
16,1828,0
16,1829,0
16,1830,0
16,1831,0
16,1832,0
16,1833,0
16,1834,0
16,1835,0
16,1836,0
16,1837,0
16,1838,0
16,1839,0
16,1840,0
16,1841,0
16,1842,0
16,1843,0
16,1844,0
16,1845,0
16,1846,0
16,1847,0
16,1848,0
16,1849,0
16,1850,0
16,1851,0
16,1852,0
16,1853,0
16,1854,0
16,1855,0
16,1856,0
16,1857,0
16,1858,0
16,1859,0
16,1860,0
16,1861,0
16,1862,0
16,1863,0
16,1864,0
16,1865,0
16,1866,0
16,1867,0
16,1868,0
16,1869,0
16,1870,0
16,1871,0
16,1872,0
16,1873,0
16,1874,0
16,1875,0
16,1876,0
16,1877,0
16,1878,0
16,1879,0
16,1880,0
16,1881,0
16,1882,0
16,1883,0
16,1884,0
16,1885,0
16,1886,0
16,1887,0
16,1888,0
16,1889,0
16,1890,0
16,1891,0
16,1892,0
16,1893,0
16,1894,0
16,1895,0
16,1896,0
16,1897,0
16,1898,0
16,1899,0
16,1900,0
16,1901,0
16,1902,0
16,1903,0
16,1904,0
16,1905,0
16,1906,0
16,1907,0
16,1908,0
16,1909,0
16,1910,0
16,1911,0
16,1912,0
16,1913,0
16,1914,0
16,1915,0
16,1916,0
16,1917,0
16,1918,0
16,1919,0
16,1920,0
16,1921,0
16,1922,0
16,1923,0
16,1924,0
16,1925,0
16,1926,0
16,1927,0
16,1928,0
16,1929,0
16,1930,0
16,1931,0
16,1932,0
16,1933,0
16,1934,0
16,1935,0
16,1936,0
16,1937,0
16,1938,0
16,1939,0
16,1940,0
16,1941,0
16,1942,0
16,1943,0
16,1944,0
16,1945,0
16,1946,0
16,1947,0
16,1948,0
16,1949,0
16,1950,0
16,1951,0
16,1952,0
16,1953,0
16,1954,0
16,1955,0
16,1956,0
16,1957,0
16,1958,0
16,1959,0
16,1960,0
16,1961,0
16,1962,0
16,1963,0
16,1964,0
16,1965,0
16,1966,0
16,1967,0
16,1968,0
16,1969,0
16,1970,0
16,1971,0
16,1972,0
16,1973,0
16,1974,0
16,1975,0
16,1976,0
16,1977,0
16,1978,0
16,1979,0
16,1980,0
16,1981,0
16,1982,0
16,1983,0
16,1984,0
16,1985,0
16,1986,0
16,1987,0
16,1988,0
16,1989,0
16,1990,0
16,1991,0
16,1992,0
16,1993,0
16,1994,0
16,1995,0
16,1996,0
16,1997,0
16,1998,0
16,1999,0
16,2000,0
16,2001,0
16,2002,0
16,2003,0
16,2004,0
16,2005,0
16,2006,0
16,2007,0
16,2008,0
16,2009,0
16,2010,0
16,2011,0
16,2012,0
16,2013,0
16,2014,0
16,2015,0
16,2016,0
16,2017,0
16,2018,0
16,2019,0
16,2020,0
16,2021,0
16,2022,0
16,2023,0
16,2024,0
16,2025,0
16,2026,0
16,2027,0
16,2028,0
16,2029,0
16,2030,0
16,2031,0
16,2032,0
16,2033,0
16,2034,0
16,2035,0
16,2036,0
16,2037,0
16,2038,0
16,2039,0
16,2040,0
16,2041,0
16,2042,0
16,2043,0
16,2044,0
16,2045,0
16,2046,0
16,2047,0
16,2048,0
16,2049,0
16,2050,0
16,2051,0
16,2052,0
16,2053,0
16,2054,0
16,2055,0
16,2056,0
16,2057,0
16,2058,0
16,2059,0
16,2060,0
16,2061,0
16,2062,0
16,2063,0
16,2064,0
16,2065,0
16,2066,0
16,2067,0
16,2068,0
16,2069,0
16,2070,0
16,2071,0
16,2072,0
16,2073,0
16,2074,0
16,2075,0
16,2076,0
16,2077,0
16,2078,0
16,2079,0
16,2080,0
16,2081,0
16,2082,0
16,2083,0
16,2084,0
16,2085,0
16,2086,0
16,2087,0
16,2088,0
16,2089,0
16,2090,0
16,2091,0
16,2092,0
16,2093,0
16,2094,0
16,2095,0
16,2096,0
16,2097,0
16,2098,0
16,2099,0
16,2100,0
16,2101,0
16,2102,0
16,2103,0
16,2104,0
16,2105,0
16,2106,0
16,2107,0
16,2108,0
16,2109,0
16,2110,0
16,2111,0
16,2112,0
16,2113,0
16,2114,0
16,2115,0
16,2116,0
16,2117,0
16,2118,0
16,2119,0
16,2120,0
16,2121,0
16,2122,0
16,2123,0
16,2124,0
16,2125,0
16,2126,0
16,2127,0
16,2128,0
16,2129,0
16,2130,0
16,2131,0
16,2132,0
16,2133,0
16,2134,0
16,2135,0
16,2136,0
16,2137,0
16,2138,0
16,2139,0
16,2140,0
16,2141,0
16,2142,0
16,2143,0
16,2144,0
16,2145,0
16,2146,0
16,2147,0
16,2148,0
16,2149,0
16,2150,0
16,2151,0
16,2152,0
16,2153,0
16,2154,0
16,2155,0
16,2156,0
16,2157,0
16,2158,0
16,2159,0
16,2160,0
16,2161,0
16,2162,0
16,2163,0
16,2164,0
16,2165,0
16,2166,0
16,2167,0
16,2168,0
16,2169,0
16,2170,0
16,2171,0
16,2172,0
16,2173,0
16,2174,0
16,2175,0
16,2176,0
16,2177,0
16,2178,0
16,2179,0
16,2180,0
16,2181,0
16,2182,0
16,2183,0
16,2184,0
16,2185,0
16,2186,0
16,2187,0
16,2188,0
16,2189,0
16,2190,0
16,2191,0
16,2192,0
16,2193,0
16,2194,0
16,2195,0
16,2196,0
16,2197,0
16,2198,0
16,2199,0
16,2200,0
16,2201,0
16,2202,0
16,2203,0
16,2204,0
16,2205,0
16,2206,0
16,2207,0
16,2208,0
16,2209,0
16,2210,0
16,2211,0
16,2212,0
16,2213,0
16,2214,0
16,2215,0
16,2216,0
16,2217,0
16,2218,0
16,2219,0
16,2220,0
16,2221,0
16,2222,0
16,2223,0
16,2224,0
16,2225,0
16,2226,0
16,2227,0
16,2228,0
16,2229,0
16,2230,0
16,2231,0
16,2232,0
16,2233,0
17,0,0
17,1,0
17,2,2.13267e-06
17,3,0
17,4,0
17,5,0
17,6,0
17,7,0
17,8,0
17,9,0
17,10,1.20721e-05
17,11,0
17,12,0
17,13,0
17,14,0
17,15,7.40955e-05
17,16,0
17,17,0
17,18,5.94799e-06
17,19,0
17,20,0
17,21,0
17,22,0
17,23,1.712e-05
17,24,0
17,25,0
17,26,0
17,27,0
17,28,5.59091e-05
17,29,0
17,30,0
17,31,1.23166e-05
17,32,0
17,33,0
17,34,0
17,35,0
17,36,3.01215e-05
17,37,0
17,38,0
17,39,7.4839e-06
17,40,0
17,41,0
17,42,0
17,43,0
17,44,2.54746e-05
17,45,0
17,46,0
17,47,0
17,48,0
17,49,0.000623189
17,50,0
17,51,0
17,52,3.09824e-05
17,53,0
17,54,0
17,55,0
17,56,0
17,57,1.07514e-05
17,58,0
17,59,0
17,60,2.15223e-07
17,61,0
17,62,0
17,63,0
17,64,0
17,65,5.28862e-05
17,66,0
17,67,0
17,68,0
17,69,0
17,70,0.000688538
17,71,0
17,72,0
17,73,3.12074e-05
17,74,0
17,75,0
17,76,0
17,77,0
17,78,4.34555e-05
17,79,0
17,80,0
17,81,0
17,82,0
17,83,0.000114724
17,84,0
17,85,0
17,86,7.00943e-05
17,87,0
17,88,0
17,89,0
17,90,0
17,91,6.87345e-05
17,92,0
17,93,0
17,94,1.39895e-05
17,95,0
17,96,0
17,97,0
17,98,0
17,99,8.87405e-05
17,100,0
17,101,0
17,102,0
17,103,0
17,104,0.000107709
17,105,0
17,106,0
17,107,6.80105e-05
17,108,0
17,109,0
17,110,0
17,111,0
17,112,4.14892e-05
17,113,0
17,114,0
17,115,0
17,116,0
17,117,0
17,118,0
17,119,0
17,120,0.000111554
17,121,0
17,122,0
17,123,0
17,124,0
17,125,0.000129995
17,126,0
17,127,0
17,128,3.8163e-05
17,129,0
17,130,0
17,131,0
17,132,0
17,133,8.7185e-05
17,134,0
17,135,0
17,136,0
17,137,0
17,138,9.14308e-05
17,139,0
17,140,0
17,141,0.000106359
17,142,0
17,143,0
17,144,0
17,145,0
17,146,1.63374e-05
17,147,0
17,148,0
17,149,5.53711e-06
17,150,0
17,151,0
17,152,0
17,153,0
17,154,0.000122345
17,155,0
17,156,0
17,157,0
17,158,0
17,159,9.2996e-05
17,160,0
17,161,0
17,162,6.92921e-05
17,163,0
17,164,0
17,165,0
17,166,0
17,167,5.45297e-05
17,168,0
17,169,0
17,170,0
17,171,0
17,172,0
17,173,0
17,174,0
17,175,0.000124712
17,176,0
17,177,0
17,178,0
17,179,0
17,180,1.68265e-06
17,181,0
17,182,0
17,183,2.22267e-05
17,184,0
17,185,0
17,186,0
17,187,0
17,188,9.88657e-05
17,189,0
17,190,0
17,191,0
17,192,0
17,193,1.43906e-05
17,194,0
17,195,0
17,196,9.9032e-05
17,197,0
17,198,0
17,199,0
17,200,0
17,201,2.63062e-05
17,202,0
17,203,0
17,204,0
17,205,0
17,206,0
17,207,0
17,208,0
17,209,0.000127657
17,210,0
17,211,0
17,212,0
17,213,0
17,214,0
17,215,0
17,216,0
17,217,5.01275e-05
17,218,0
17,219,0
17,220,0
17,221,0
17,222,7.04171e-05
17,223,0
17,224,0
17,225,0
17,226,0
17,227,0
17,228,0
17,229,0
17,230,0.000122237
17,231,0
17,232,0
17,233,0
17,234,0
17,235,4.25555e-06
17,236,0
17,237,0
17,238,1.05557e-05
17,239,0
17,240,0
17,241,0
17,242,0
17,243,0.000112258
17,244,0
17,245,0
17,246,0
17,247,0
17,248,0
17,249,0
17,250,0
17,251,8.4573e-05
17,252,0
17,253,0
17,254,0
17,255,0
17,256,3.3389e-05
17,257,0
17,258,0
17,259,0
17,260,0
17,261,0
17,262,0
17,263,0
17,264,0.000127265
17,265,0
17,266,0
17,267,0
17,268,0
17,269,0
17,270,0
17,271,0
17,272,3.72141e-05
17,273,0
17,274,0
17,275,0
17,276,0
17,277,8.16479e-05
17,278,0
17,279,0
17,280,0
17,281,0
17,282,0
17,283,0
17,284,0
17,285,0.000110811
17,286,0
17,287,0
17,288,0
17,289,0
17,290,8.4524e-06
17,291,0
17,292,0
17,293,3.24791e-06
17,294,0
17,295,0
17,296,0
17,297,0
17,298,0.000120466
17,299,0
17,300,0
17,301,0
17,302,0
17,303,0
17,304,0
17,305,0
17,306,6.65333e-05
17,307,0
17,308,0
17,309,0
17,310,0
17,311,4.90416e-05
17,312,0
17,313,0
17,314,0
17,315,0
17,316,0
17,317,0
17,318,0
17,319,0.000128156
17,320,0
17,321,0
17,322,0
17,323,0
17,324,0
17,325,0
17,326,0
17,327,1.88809e-05
17,328,0
17,329,0
17,330,0
17,331,0
17,332,9.57157e-05
17,333,0
17,334,0
17,335,0
17,336,0
17,337,0
17,338,0
17,339,0
17,340,0.000102114
17,341,0
17,342,0
17,343,0
17,344,0
17,345,1.5408e-05
17,346,0
17,347,0
17,348,0
17,349,0
17,350,0
17,351,0
17,352,0
17,353,0.000127324
17,354,0
17,355,0
17,356,0
17,357,0
17,358,0
17,359,0
17,360,0
17,361,5.33167e-05
17,362,0
17,363,0
17,364,0
17,365,0
17,366,6.04973e-05
17,367,0
17,368,0
17,369,0
17,370,0
17,371,0
17,372,0
17,373,0
17,374,0.000122697
17,375,0
17,376,0
17,377,0
17,378,0
17,379,0
17,380,0
17,381,0
17,382,1.21601e-05
17,383,0
17,384,0
17,385,0
17,386,0
17,387,0.0001077
17,388,0
17,389,0
17,390,0
17,391,0
17,392,0
17,393,0
17,394,0
17,395,8.68915e-05
17,396,0
17,397,0
17,398,0
17,399,0
17,400,2.28626e-05
17,401,0
17,402,0
17,403,0
17,404,0
17,405,0
17,406,0
17,407,0
17,408,0.000130768
17,409,0
17,410,0
17,411,0
17,412,0
17,413,0
17,414,0
17,415,0
17,416,4.01391e-05
17,417,0
17,418,0
17,419,0
17,420,0
17,421,7.40564e-05
17,422,0
17,423,0
17,424,0
17,425,0
17,426,0
17,427,0
17,428,0
17,429,0.000117385
17,430,0
17,431,0
17,432,0
17,433,0
17,434,1.13481e-06
17,435,0
17,436,0
17,437,4.78383e-06
17,438,0
17,439,0
17,440,0
17,441,0
17,442,0.000120662
17,443,0
17,444,0
17,445,0
17,446,0
17,447,0
17,448,0
17,449,0
17,450,7.46923e-05
17,451,0
17,452,0
17,453,0
17,454,0
17,455,3.81728e-05
17,456,0
17,457,0
17,458,0
17,459,0
17,460,0
17,461,0
17,462,0
17,463,0.000135493
17,464,0
17,465,0
17,466,0
17,467,0
17,468,0
17,469,0
17,470,0
17,471,2.46528e-05
17,472,0
17,473,0
17,474,0
17,475,0
17,476,9.06873e-05
17,477,0
17,478,0
17,479,0
17,480,0
17,481,0
17,482,0
17,483,0
17,484,0.000113256
17,485,0
17,486,0
17,487,0
17,488,0
17,489,8.84372e-06
17,490,0
17,491,0
17,492,0
17,493,0
17,494,0
17,495,0
17,496,0
17,497,0.000131687
17,498,0
17,499,0
17,500,0
17,501,0
17,502,0
17,503,0
17,504,0
17,505,6.41267e-05
17,506,0
17,507,0
17,508,0
17,509,0
17,510,5.35221e-05
17,511,0
17,512,0
17,513,0
17,514,0
17,515,0
17,516,0
17,517,0
17,518,0.000136921
17,519,0
17,520,0
17,521,0
17,522,0
17,523,0
17,524,0
17,525,0
17,526,1.59363e-05
17,527,0
17,528,0
17,529,0
17,530,0
17,531,0.000110957
17,532,0
17,533,0
17,534,0
17,535,0
17,536,0
17,537,0
17,538,0
17,539,0.000102485
17,540,0
17,541,0
17,542,0
17,543,0
17,544,1.67972e-05
17,545,0
17,546,0
17,547,0
17,548,0
17,549,0
17,550,0
17,551,0
17,552,0.000146411
17,553,0
17,554,0
17,555,0
17,556,0
17,557,0
17,558,0
17,559,0
17,560,5.12427e-05
17,561,0
17,562,0
17,563,0
17,564,0
17,565,7.13563e-05
17,566,0
17,567,0
17,568,0
17,569,0
17,570,0
17,571,0
17,572,0
17,573,0.000138369
17,574,0
17,575,0
17,576,0
17,577,0
17,578,0
17,579,2.14245e-06
17,580,0
17,581,8.75567e-06
17,582,0
17,583,0
17,584,0
17,585,0
17,586,0.000130699
17,587,0
17,588,0
17,589,0
17,590,0
17,591,0
17,592,0
17,593,0
17,594,9.33678e-05
17,595,0
17,596,0
17,597,0
17,598,0
17,599,3.23226e-05
17,600,7.23933e-06
17,601,0
17,602,0
17,603,0
17,604,0
17,605,0
17,606,0
17,607,0.000156849
17,608,0
17,609,0
17,610,0
17,611,0
17,612,0
17,613,9.1959e-06
17,614,0
17,615,3.56879e-05
17,616,0
17,617,0
17,618,0
17,619,0
17,620,9.45124e-05
17,621,5.15558e-06
17,622,0
17,623,0
17,624,0
17,625,0
17,626,0
17,627,0
17,628,0.000137293
17,629,0
17,630,0
17,631,0
17,632,0
17,633,4.686e-06
17,634,1.76874e-05
17,635,0
17,636,0
17,637,0
17,638,0
17,639,0
17,640,0
17,641,0.000152486
17,642,0
17,643,0
17,644,0
17,645,0
17,646,0
17,647,1.20427e-05
17,648,0
17,649,7.9838e-05
17,650,0
17,651,0
17,652,0
17,653,0
17,654,5.29645e-05
17,655,1.73548e-05
17,656,0
17,657,0
17,658,0
17,659,0
17,660,0
17,661,0
17,662,0.000166299
17,663,0
17,664,0
17,665,0
17,666,0
17,667,0
17,668,2.68736e-05
17,669,0
17,670,1.93701e-05
17,671,0
17,672,0
17,673,0
17,674,0
17,675,0.000124018
17,676,1.04285e-05
17,677,0
17,678,0
17,679,0
17,680,0
17,681,9.45026e-06
17,682,0
17,683,0.000127265
17,684,0
17,685,0
17,686,0
17,687,0
17,688,1.59754e-05
17,689,3.08845e-05
17,690,0
17,691,0
17,692,0
17,693,0
17,694,0
17,695,0
17,696,0.000173724
17,697,2.34789e-07
17,698,0
17,699,0
17,700,0
17,701,0
17,702,3.50618e-05
17,703,0
17,704,6.27278e-05
17,705,0
17,706,0
17,707,0
17,708,0
17,709,7.75293e-05
17,710,2.54942e-05
17,711,0
17,712,0
17,713,0
17,714,0
17,715,1.92723e-06
17,716,0
17,717,0.000168119
17,718,0
17,719,0
17,720,0
17,721,0
17,722,0
17,723,5.70048e-05
17,724,0
17,725,1.11329e-05
17,726,0
17,727,0
17,728,0
17,729,0
17,730,0.000152329
17,731,1.12992e-05
17,732,0
17,733,0
17,734,0
17,735,0
17,736,3.46216e-05
17,737,0
17,738,0.000113569
17,739,0
17,740,0
17,741,0
17,742,0
17,743,3.07867e-05
17,744,5.36982e-05
17,745,0
17,746,0
17,747,0
17,748,0
17,749,0
17,750,0
17,751,0.000187
17,752,0
17,753,0
17,754,0
17,755,0
17,756,0
17,757,8.33794e-05
17,758,0
17,759,4.50599e-05
17,760,0
17,761,0
17,762,0
17,763,0
17,764,0.000108032
17,765,3.51303e-05
17,766,0
17,767,0
17,768,0
17,769,0
17,770,2.61301e-05
17,771,0
17,772,0.000162914
17,773,0
17,774,0
17,775,0
17,776,0
17,777,3.75662e-06
17,778,9.23503e-05
17,779,0
17,780,0
17,781,0
17,782,0
17,783,0
17,784,0
17,785,0.00017888
17,786,1.13286e-05
17,787,0
17,788,0
17,789,0
17,790,0
17,791,9.33188e-05
17,792,0
17,793,9.20569e-05
17,794,0
17,795,0
17,796,0
17,797,0
17,798,5.76505e-05
17,799,7.05247e-05
17,800,0
17,801,0
17,802,0
17,803,0
17,804,1.42145e-05
17,805,0
17,806,0.000195726
17,807,0
17,808,0
17,809,0
17,810,0
17,811,0
17,812,0.000123802
17,813,0
17,814,2.06125e-05
17,815,0
17,816,0
17,817,0
17,818,0
17,819,0.000141372
17,820,4.15087e-05
17,821,0
17,822,0
17,823,0
17,824,0
17,825,8.33794e-05
17,826,0
17,827,0.000147555
17,828,0
17,829,0
17,830,0
17,831,0
17,832,1.6357e-05
17,833,0.000109686
17,834,0
17,835,0
17,836,0
17,837,0
17,838,2.01527e-06
17,839,0
17,840,0.000200803
17,841,9.32308e-06
17,842,0
17,843,0
17,844,0
17,845,0
17,846,0.000145227
17,847,0
17,848,6.80105e-05
17,849,0
17,850,0
17,851,0
17,852,0
17,853,8.52871e-05
17,854,7.22074e-05
17,855,0
17,856,0
17,857,0
17,858,0
17,859,5.28764e-05
17,860,0
17,861,0.000191392
17,862,0
17,863,0
17,864,0
17,865,0
17,866,0
17,867,0.000160752
17,868,0
17,869,1.00274e-05
17,870,0
17,871,0
17,872,0
17,873,0
17,874,0.000172883
17,875,3.35259e-05
17,876,0
17,877,0
17,878,0
17,879,0
17,880,0.000143593
17,881,0
17,882,0.000122892
17,883,0
17,884,0
17,885,0
17,886,0
17,887,3.42009e-05
17,888,0.00012618
17,889,0
17,890,0
17,891,0
17,892,0
17,893,2.44768e-05
17,894,0
17,895,0.000208884
17,896,3.77619e-06
17,897,0
17,898,0
17,899,0
17,900,0
17,901,0.000200578
17,902,0
17,903,4.22522e-05
17,904,0
17,905,0
17,906,0
17,907,0
17,908,0.00011938
17,909,7.01823e-05
17,910,0
17,911,0
17,912,0
17,913,0
17,914,0.000119009
17,915,0
17,916,0.000176082
17,917,0
17,918,0
17,919,0
17,920,0
17,921,3.13052e-06
17,922,0.000184495
17,923,0
17,924,0
17,925,0
17,926,0
17,927,8.15892e-06
17,928,0
17,929,0.000194249
17,930,2.26474e-05
17,931,0
17,932,0
17,933,0
17,934,0
17,935,0.000216065
17,936,0
17,937,9.29667e-05
17,938,0
17,939,0
17,940,0
17,941,0
17,942,6.21213e-05
17,943,0.000125103
17,944,0
17,945,0
17,946,0
17,947,0
17,948,7.63064e-05
17,949,0
17,950,0.000205078
17,951,0
17,952,0
17,953,0
17,954,0
17,955,0
17,956,0.000236648
17,957,0
17,958,1.78831e-05
17,959,0
17,960,0
17,961,0
17,962,0
17,963,0.000149443
17,964,6.16419e-05
17,965,0
17,966,0
17,967,0
17,968,0
17,969,0.000195609
17,970,0
17,971,0.000148436
17,972,0
17,973,0
17,974,0
17,975,0
17,976,1.66113e-05
17,977,0.000186168
17,978,0
17,979,0
17,980,0
17,981,0
17,982,3.04737e-05
17,983,0
17,984,0.000206389
17,985,1.28449e-05
17,986,0
17,987,0
17,988,0
17,989,0
17,990,0.000265977
17,991,0
17,992,5.76994e-05
17,993,0
17,994,0
17,995,0
17,996,0
17,997,8.71459e-05
17,998,0.000109363
17,999,0
17,1000,0
17,1001,0
17,1002,0
17,1003,0.000147017
17,1004,0
17,1005,0.00019014
17,1006,0
17,1007,0
17,1008,0
17,1009,0
17,1010,0
17,1011,0.000250559
17,1012,0
17,1013,3.30661e-06
17,1014,0
17,1015,0
17,1016,7.39585e-06
17,1017,0
17,1018,0.000172228
17,1019,4.44534e-05
17,1020,0
17,1021,0
17,1022,0
17,1023,0
17,1024,0.000263208
17,1025,0
17,1026,0.000109421
17,1027,0
17,1028,0
17,1029,0
17,1030,0
17,1031,3.14715e-05
17,1032,0.000174223
17,1033,0
17,1034,0
17,1035,0
17,1036,0
17,1037,8.63045e-05
17,1038,0
17,1039,0.000202731
17,1040,3.03269e-06
17,1041,0
17,1042,0
17,1043,0
17,1044,0
17,1045,0.000296548
17,1046,0
17,1047,2.6854e-05
17,1048,0
17,1049,0
17,1050,0
17,1051,0
17,1052,0.000113912
17,1053,8.47197e-05
17,1054,0
17,1055,0
17,1056,0
17,1057,0
17,1058,0.000221846
17,1059,0
17,1060,0.000158404
17,1061,0
17,1062,0
17,1063,0
17,1064,0
17,1065,2.27941e-06
17,1066,0.00024332
17,1067,0
17,1068,0
17,1069,0
17,1070,0
17,1071,4.04718e-05
17,1072,0
17,1073,0.00018115
17,1074,1.98005e-05
17,1075,0
17,1076,0
17,1077,0
17,1078,0
17,1079,0.000310587
17,1080,0
17,1081,7.02704e-05
17,1082,0
17,1083,0
17,1084,0
17,1085,0
17,1086,5.5733e-05
17,1087,0.000145491
17,1088,0
17,1089,0
17,1090,0
17,1091,0
17,1092,0.000155489
17,1093,0
17,1094,0.000182685
17,1095,0
17,1096,0
17,1097,0
17,1098,0
17,1099,0
17,1100,0.000301136
17,1101,0
17,1102,8.55023e-06
17,1103,0
17,1104,0
17,1105,6.13386e-06
17,1106,0
17,1107,0.00013245
17,1108,5.81885e-05
17,1109,0
17,1110,0
17,1111,0
17,1112,0
17,1113,0.000286325
17,1114,0
17,1115,0.000114959
17,1116,0
17,1117,0
17,1118,0
17,1119,0
17,1120,1.38917e-05
17,1121,0.000213785
17,1122,0
17,1123,0
17,1124,0
17,1125,0
17,1126,7.93587e-05
17,1127,0
17,1128,0.000177618
17,1129,7.65999e-06
17,1130,0
17,1131,0
17,1132,0
17,1133,0
17,1134,0.000332256
17,1135,0
17,1136,3.1853e-05
17,1137,0
17,1138,0
17,1139,0
17,1140,0
17,1141,7.5651e-05
17,1142,0.000108844
17,1143,0
17,1144,0
17,1145,0
17,1146,0
17,1147,0.000224781
17,1148,0
17,1149,0.000150089
17,1150,0
17,1151,0
17,1152,0
17,1153,0
17,1154,0
17,1155,0.00028026
17,1156,0
17,1157,0
17,1158,0
17,1159,0
17,1160,3.33596e-05
17,1161,0
17,1162,0.000140658
17,1163,3.30368e-05
17,1164,0
17,1165,0
17,1166,0
17,1167,0
17,1168,0.000326044
17,1169,0
17,1170,7.17378e-05
17,1171,0
17,1172,0
17,1173,0
17,1174,0
17,1175,2.2755e-05
17,1176,0.000170496
17,1177,0
17,1178,0
17,1179,0
17,1180,0
17,1181,0.000146
17,1182,0
17,1183,0.000156379
17,1184,0
17,1185,0
17,1186,0
17,1187,0
17,1188,0
17,1189,0.000327648
17,1190,0
17,1191,9.67526e-06
17,1192,0
17,1193,0
17,1194,3.67836e-06
17,1195,0
17,1196,8.71556e-05
17,1197,6.62398e-05
17,1198,0
17,1199,0
17,1200,0
17,1201,0
17,1202,0.000278274
17,1203,0
17,1204,0.000103434
17,1205,0
17,1206,0
17,1207,0
17,1208,0
17,1209,0
17,1210,0.000240434
17,1211,0
17,1212,0
17,1213,0
17,1214,0
17,1215,8.0112e-05
17,1216,0
17,1217,0.000133213
17,1218,8.64806e-06
17,1219,0
17,1220,0
17,1221,0
17,1222,0
17,1223,0.000339182
17,1224,0
17,1225,2.93975e-05
17,1226,0
17,1227,0
17,1228,0
17,1229,0
17,1230,3.48662e-05
17,1231,0.000115428
17,1232,0
17,1233,0
17,1234,0
17,1235,0
17,1236,0.000205734
17,1237,0
17,1238,0.000121738
17,1239,0
17,1240,0
17,1241,0
17,1242,0
17,1243,0
17,1244,0.000297135
17,1245,0
17,1246,0
17,1247,0
17,1248,0
17,1249,2.40463e-05
17,1250,0
17,1251,9.02568e-05
17,1252,3.2127e-05
17,1253,0
17,1254,0
17,1255,0
17,1256,0
17,1257,0.000311154
17,1258,0
17,1259,5.92353e-05
17,1260,0
17,1261,0
17,1262,0
17,1263,0
17,1264,5.22406e-06
17,1265,0.000180895
17,1266,0
17,1267,0
17,1268,0
17,1269,0
17,1270,0.000118314
17,1271,0
17,1272,0.00011352
17,1273,0
17,1274,0
17,1275,0
17,1276,0
17,1277,0
17,1278,0.000325114
17,1279,0
17,1280,8.59915e-06
17,1281,0
17,1282,0
17,1283,0
17,1284,0
17,1285,4.34947e-05
17,1286,7.29216e-05
17,1287,0
17,1288,0
17,1289,0
17,1290,0
17,1291,0.00024918
17,1292,0
17,1293,7.83706e-05
17,1294,0
17,1295,0
17,1296,0
17,1297,0
17,1298,0
17,1299,0.000239328
17,1300,0
17,1301,0
17,1302,0
17,1303,0
17,1304,6.00082e-05
17,1305,0
17,1306,8.37512e-05
17,1307,9.89049e-06
17,1308,0
17,1309,0
17,1310,0
17,1311,0
17,1312,0.000315517
17,1313,0
17,1314,2.08669e-05
17,1315,0
17,1316,0
17,1317,0
17,1318,0
17,1319,1.05557e-05
17,1320,0.000115457
17,1321,0
17,1322,0
17,1323,0
17,1324,0
17,1325,0.000169958
17,1326,0
17,1327,7.95054e-05
17,1328,0
17,1329,0
17,1330,0
17,1331,0
17,1332,0
17,1333,0.000282979
17,1334,0
17,1335,0
17,1336,0
17,1337,0
17,1338,1.60341e-05
17,1339,0
17,1340,4.55002e-05
17,1341,2.9691e-05
17,1342,0
17,1343,0
17,1344,0
17,1345,0
17,1346,0.000270095
17,1347,0
17,1348,3.89163e-05
17,1349,0
17,1350,0
17,1351,0
17,1352,0
17,1353,0
17,1354,0.000174135
17,1355,0
17,1356,0
17,1357,0
17,1358,0
17,1359,9.78874e-05
17,1360,0
17,1361,6.58094e-05
17,1362,0
17,1363,0
17,1364,0
17,1365,0
17,1366,0
17,1367,0.000292811
17,1368,0
17,1369,3.39466e-06
17,1370,0
17,1371,0
17,1372,0
17,1373,0
17,1374,1.26493e-05
17,1375,6.25517e-05
17,1376,0
17,1377,0
17,1378,0
17,1379,0
17,1380,0.00020096
17,1381,0
17,1382,4.86502e-05
17,1383,0
17,1384,0
17,1385,0
17,1386,0
17,1387,0
17,1388,0.000221181
17,1389,0
17,1390,0
17,1391,0
17,1392,0
17,1393,4.08239e-05
17,1394,0
17,1395,3.7351e-05
17,1396,7.06324e-06
17,1397,0
17,1398,0
17,1399,0
17,1400,0
17,1401,0.000266446
17,1402,0
17,1403,1.1446e-05
17,1404,0
17,1405,0
17,1406,0
17,1407,0
17,1408,0
17,1409,0.000101214
17,1410,0
17,1411,0
17,1412,0
17,1413,0
17,1414,0.000128097
17,1415,0
17,1416,4.26338e-05
17,1417,0
17,1418,0
17,1419,0
17,1420,0
17,1421,0
17,1422,0.000244014
17,1423,0
17,1424,0
17,1425,0
17,1426,0
17,1427,7.57195e-06
17,1428,0
17,1429,1.17981e-05
17,1430,2.23734e-05
17,1431,0
17,1432,0
17,1433,0
17,1434,0
17,1435,0.000213854
17,1436,0
17,1437,1.56037e-05
17,1438,0
17,1439,0
17,1440,0
17,1441,0
17,1442,0
17,1443,0.00014328
17,1444,0
17,1445,0
17,1446,0
17,1447,0
17,1448,7.07595e-05
17,1449,0
17,1450,2.34202e-05
17,1451,0
17,1452,0
17,1453,0
17,1454,0
17,1455,0
17,1456,0.000235826
17,1457,0
17,1458,0
17,1459,0
17,1460,0
17,1461,0
17,1462,0
17,1463,0
17,1464,4.70654e-05
17,1465,0
17,1466,0
17,1467,0
17,1468,0
17,1469,0.000151752
17,1470,0
17,1471,1.55059e-05
17,1472,0
17,1473,0
17,1474,0
17,1475,0
17,1476,0
17,1477,0.00017706
17,1478,0
17,1479,0
17,1480,0
17,1481,0
17,1482,2.06125e-05
17,1483,0
17,1484,9.11764e-06
17,1485,2.5729e-06
17,1486,0
17,1487,0
17,1488,0
17,1489,0
17,1490,0.000202173
17,1491,0
17,1492,7.63064e-07
17,1493,0
17,1494,0
17,1495,0
17,1496,0
17,1497,0
17,1498,8.14424e-05
17,1499,0
17,1500,0
17,1501,0
17,1502,0
17,1503,9.03644e-05
17,1504,0
17,1505,1.23069e-05
17,1506,0
17,1507,0
17,1508,0
17,1509,0
17,1510,0
17,1511,0.000187322
17,1512,0
17,1513,0
17,1514,0
17,1515,0
17,1516,0
17,1517,0
17,1518,0
17,1519,1.54472e-05
17,1520,0
17,1521,0
17,1522,0
17,1523,0
17,1524,0.000156047
17,1525,0
17,1526,3.75662e-06
17,1527,0
17,1528,0
17,1529,0
17,1530,0
17,1531,0
17,1532,0.000110292
17,1533,0
17,1534,0
17,1535,0
17,1536,0
17,1537,4.38077e-05
17,1538,0
17,1539,3.199e-06
17,1540,0
17,1541,0
17,1542,0
17,1543,0
17,1544,0
17,1545,0.000175192
17,1546,0
17,1547,0
17,1548,0
17,1549,0
17,1550,0
17,1551,0
17,1552,0
17,1553,2.94856e-05
17,1554,0
17,1555,0
17,1556,0
17,1557,0
17,1558,0.000106085
17,1559,0
17,1560,1.27177e-07
17,1561,0
17,1562,0
17,1563,0
17,1564,0
17,1565,0
17,1566,0.000130083
17,1567,0
17,1568,0
17,1569,0
17,1570,0
17,1571,1.06927e-05
17,1572,0
17,1573,0
17,1574,0
17,1575,0
17,1576,0
17,1577,0
17,1578,0
17,1579,0.000146675
17,1580,0
17,1581,0
17,1582,0
17,1583,0
17,1584,0
17,1585,0
17,1586,0
17,1587,5.38058e-05
17,1588,0
17,1589,0
17,1590,0
17,1591,0
17,1592,6.06343e-05
17,1593,0
17,1594,0
17,1595,0
17,1596,0
17,1597,0
17,1598,0
17,1599,0
17,1600,0.000131501
17,1601,0
17,1602,0
17,1603,0
17,1604,0
17,1605,0
17,1606,0
17,1607,0
17,1608,8.35458e-06
17,1609,0
17,1610,0
17,1611,0
17,1612,0
17,1613,0.000106575
17,1614,0
17,1615,0
17,1616,0
17,1617,0
17,1618,0
17,1619,0
17,1620,0
17,1621,7.45064e-05
17,1622,0
17,1623,0
17,1624,0
17,1625,0
17,1626,1.87146e-05
17,1627,0
17,1628,0
17,1629,0
17,1630,0
17,1631,0
17,1632,0
17,1633,0
17,1634,0.000119351
17,1635,0
17,1636,0
17,1637,0
17,1638,0
17,1639,0
17,1640,0
17,1641,0
17,1642,1.94973e-05
17,1643,0
17,1644,0
17,1645,0
17,1646,0
17,1647,7.01628e-05
17,1648,0
17,1649,0
17,1650,0
17,1651,0
17,1652,0
17,1653,0
17,1654,0
17,1655,8.85546e-05
17,1656,0
17,1657,0
17,1658,0
17,1659,0
17,1660,0
17,1661,0
17,1662,0
17,1663,0
17,1664,0
17,1665,0
17,1666,0
17,1667,0
17,1668,9.81125e-05
17,1669,0
17,1670,0
17,1671,0
17,1672,0
17,1673,0
17,1674,0
17,1675,0
17,1676,3.44064e-05
17,1677,0
17,1678,0
17,1679,0
17,1680,0
17,1681,2.9153e-05
17,1682,0
17,1683,0
17,1684,0
17,1685,0
17,1686,0
17,1687,0
17,1688,0
17,1689,9.09612e-05
17,1690,0
17,1691,0
17,1692,0
17,1693,0
17,1694,0
17,1695,0
17,1696,0
17,1697,2.88595e-06
17,1698,0
17,1699,0
17,1700,0
17,1701,0
17,1702,7.05052e-05
17,1703,0
17,1704,0
17,1705,0
17,1706,0
17,1707,0
17,1708,0
17,1709,0
17,1710,4.86894e-05
17,1711,0
17,1712,0
17,1713,0
17,1714,0
17,1715,5.57624e-06
17,1716,0
17,1717,0
17,1718,0
17,1719,0
17,1720,0
17,1721,0
17,1722,0
17,1723,8.08946e-05
17,1724,0
17,1725,0
17,1726,0
17,1727,0
17,1728,0
17,1729,0
17,1730,0
17,1731,1.18275e-05
17,1732,0
17,1733,0
17,1734,0
17,1735,0
17,1736,3.45922e-05
17,1737,0
17,1738,0
17,1739,0
17,1740,0
17,1741,0
17,1742,0
17,1743,0
17,1744,5.90494e-05
17,1745,0
17,1746,0
17,1747,0
17,1748,0
17,1749,0
17,1750,0
17,1751,0
17,1752,0
17,1753,0
17,1754,0
17,1755,0
17,1756,0
17,1757,6.16125e-05
17,1758,0
17,1759,0
17,1760,0
17,1761,0
17,1762,0
17,1763,0
17,1764,0
17,1765,2.88301e-05
17,1766,0
17,1767,0
17,1768,0
17,1769,0
17,1770,9.91984e-06
17,1771,0
17,1772,0
17,1773,0
17,1774,0
17,1775,0
17,1776,0
17,1777,0
17,1778,5.92744e-05
17,1779,0
17,1780,0
17,1781,0
17,1782,0
17,1783,0
17,1784,0
17,1785,0
17,1786,8.41327e-07
17,1787,0
17,1788,0
17,1789,0
17,1790,0
17,1791,3.61477e-05
17,1792,0
17,1793,0
17,1794,0
17,1795,0
17,1796,0
17,1797,0
17,1798,0
17,1799,3.52575e-05
17,1800,0
17,1801,0
17,1802,0
17,1803,0
17,1804,0
17,1805,0
17,1806,0
17,1807,0
17,1808,0
17,1809,0
17,1810,0
17,1811,0
17,1812,5.06264e-05
17,1813,0
17,1814,0
17,1815,0
17,1816,0
17,1817,0
17,1818,0
17,1819,0
17,1820,4.95013e-06
17,1821,0
17,1822,0
17,1823,0
17,1824,0
17,1825,1.12992e-05
17,1826,0
17,1827,0
17,1828,0
17,1829,0
17,1830,0
17,1831,0
17,1832,0
17,1833,4.01587e-05
17,1834,0
17,1835,0
17,1836,0
17,1837,0
17,1838,0
17,1839,0
17,1840,0
17,1841,0
17,1842,0
17,1843,0
17,1844,0
17,1845,0
17,1846,2.82138e-05
17,1847,0
17,1848,0
17,1849,0
17,1850,0
17,1851,0
17,1852,0
17,1853,0
17,1854,1.12112e-05
17,1855,0
17,1856,0
17,1857,0
17,1858,0
17,1859,0
17,1860,0
17,1861,0
17,1862,0
17,1863,0
17,1864,0
17,1865,0
17,1866,0
17,1867,3.29292e-05
17,1868,0
17,1869,0
17,1870,0
17,1871,0
17,1872,0
17,1873,0
17,1874,0
17,1875,0
17,1876,0
17,1877,0
17,1878,0
17,1879,0
17,1880,1.0947e-05
17,1881,0
17,1882,0
17,1883,0
17,1884,0
17,1885,0
17,1886,0
17,1887,0
17,1888,1.80788e-05
17,1889,0
17,1890,0
17,1891,0
17,1892,0
17,1893,0
17,1894,0
17,1895,0
17,1896,0
17,1897,0
17,1898,0
17,1899,0
17,1900,0
17,1901,2.05147e-05
17,1902,0
17,1903,0
17,1904,0
17,1905,0
17,1906,0
17,1907,0
17,1908,0
17,1909,3.2577e-06
17,1910,0
17,1911,0
17,1912,0
17,1913,0
17,1914,0
17,1915,0
17,1916,0
17,1917,0
17,1918,0
17,1919,0
17,1920,0
17,1921,0
17,1922,1.42634e-05
17,1923,0
17,1924,0
17,1925,0
17,1926,0
17,1927,0
17,1928,0
17,1929,0
17,1930,0
17,1931,0
17,1932,0
17,1933,0
17,1934,0
17,1935,7.7676e-06
17,1936,0
17,1937,0
17,1938,0
17,1939,0
17,1940,0
17,1941,0
17,1942,0
17,1943,4.41208e-06
17,1944,0
17,1945,0
17,1946,0
17,1947,0
17,1948,0
17,1949,0
17,1950,0
17,1951,0
17,1952,0
17,1953,0
17,1954,0
17,1955,0
17,1956,1.11916e-05
17,1957,0
17,1958,0
17,1959,0
17,1960,0
17,1961,0
17,1962,0
17,1963,0
17,1964,0
17,1965,0
17,1966,0
17,1967,0
17,1968,0
17,1969,0
17,1970,0
17,1971,0
17,1972,0
17,1973,0
17,1974,0
17,1975,0
17,1976,0
17,1977,4.92079e-06
17,1978,0
17,1979,0
17,1980,0
17,1981,0
17,1982,0
17,1983,0
17,1984,0
17,1985,0
17,1986,0
17,1987,0
17,1988,0
17,1989,0
17,1990,2.21093e-06
17,1991,0
17,1992,0
17,1993,0
17,1994,0
17,1995,0
17,1996,0
17,1997,2.56311e-05
17,1998,0
17,1999,0
17,2000,0
17,2001,0
17,2002,0
17,2003,0
17,2004,0
17,2005,0
17,2006,0
17,2007,0
17,2008,0
17,2009,0
17,2010,0
17,2011,2.21093e-06
17,2012,0
17,2013,0
17,2014,0
17,2015,0
17,2016,0
17,2017,0
17,2018,2.43594e-05
17,2019,0
17,2020,0
17,2021,0
17,2022,0
17,2023,0
17,2024,0
17,2025,0
17,2026,0
17,2027,0
17,2028,0
17,2029,0
17,2030,0
17,2031,9.25167e-05
17,2032,0
17,2033,1.19351e-06
17,2034,0
17,2035,0
17,2036,0
17,2037,0
17,2038,0
17,2039,0
17,2040,0
17,2041,0
17,2042,0
17,2043,0
17,2044,2.12875e-05
17,2045,0
17,2046,4.69578e-07
17,2047,0
17,2048,0
17,2049,0
17,2050,0
17,2051,0
17,2052,0.000174399
17,2053,0
17,2054,4.98927e-07
17,2055,0
17,2056,0
17,2057,0
17,2058,0
17,2059,0
17,2060,0
17,2061,0
17,2062,0
17,2063,0
17,2064,0
17,2065,7.35868e-05
17,2066,0
17,2067,1.91744e-06
17,2068,0
17,2069,0
17,2070,0
17,2071,0
17,2072,0
17,2073,8.1462e-05
17,2074,0
17,2075,0
17,2076,0
17,2077,0
17,2078,8.46806e-05
17,2079,0
17,2080,2.54355e-07
17,2081,0
17,2082,0
17,2083,0
17,2084,0
17,2085,0
17,2086,0.000114244
17,2087,0
17,2088,7.43499e-07
17,2089,0
17,2090,0
17,2091,0
17,2092,0
17,2093,0
17,2094,0
17,2095,0
17,2096,0
17,2097,0
17,2098,0
17,2099,8.41914e-05
17,2100,0
17,2101,3.86424e-06
17,2102,0
17,2103,0
17,2104,0
17,2105,0
17,2106,0
17,2107,0.000108414
17,2108,0
17,2109,0
17,2110,0
17,2111,0
17,2112,9.8582e-05
17,2113,0
17,2114,0
17,2115,0
17,2116,0
17,2117,0
17,2118,0
17,2119,0
17,2120,0.000714698
17,2121,0
17,2122,7.28824e-06
17,2123,0
17,2124,0
17,2125,0
17,2126,0
17,2127,0
17,2128,9.62244e-05
17,2129,0
17,2130,0
17,2131,0
17,2132,0
17,2133,6.2405e-05
17,2134,0
17,2135,4.51969e-06
17,2136,0
17,2137,0
17,2138,0
17,2139,0
17,2140,0
17,2141,0.00067992
17,2142,0
17,2143,3.79576e-06
17,2144,0
17,2145,0
17,2146,3.99337e-05
17,2147,0
17,2148,0
17,2149,0
17,2150,0
17,2151,0
17,2152,0
17,2153,0
17,2154,0.000252868
17,2155,0
17,2156,7.92413e-06
17,2157,0
17,2158,0
17,2159,0
17,2160,0
17,2161,0
17,2162,0.000725478
17,2163,0
17,2164,0
17,2165,0
17,2166,0
17,2167,0.000700121
17,2168,0
17,2169,3.21857e-06
17,2170,0
17,2171,0
17,2172,0
17,2173,0
17,2174,0
17,2175,0.000643821
17,2176,0
17,2177,8.10022e-06
17,2178,0
17,2179,0
17,2180,0
17,2181,0
17,2182,0
17,2183,5.76114e-05
17,2184,0
17,2185,0
17,2186,0
17,2187,0
17,2188,0.000650463
17,2189,0
17,2190,5.85016e-06
17,2191,0
17,2192,0
17,2193,0
17,2194,0
17,2195,0
17,2196,0.000588743
17,2197,0
17,2198,1.51635e-06
17,2199,0
17,2200,0
17,2201,0
17,2202,0
17,2203,6.4567e-07
17,2204,0
17,2205,0
17,2206,0
17,2207,0
17,2208,0
17,2209,3.34868e-05
17,2210,0
17,2211,4.36316e-06
17,2212,0
17,2213,0
17,2214,0
17,2215,0
17,2216,0
17,2217,6.43713e-06
17,2218,0
17,2219,0
17,2220,0
17,2221,0
17,2222,0.000363453
17,2223,0
17,2224,2.86638e-06
17,2225,0
17,2226,0
17,2227,0
17,2228,0
17,2229,0
17,2230,0.0005123
17,2231,0
17,2232,1.44787e-06
17,2233,0
18,0,0
18,1,0
18,2,1.43123e-05
18,3,0
18,4,0
18,5,1.20525e-05
18,6,0
18,7,0
18,8,0
18,9,0
18,10,2.83801e-05
18,11,0
18,12,0
18,13,0.000760354
18,14,0
18,15,8.05522e-05
18,16,0
18,17,0
18,18,2.14538e-05
18,19,0
18,20,0
18,21,0
18,22,0
18,23,2.9916e-05
18,24,0
18,25,0
18,26,0.000114205
18,27,0
18,28,6.16712e-05
18,29,0
18,30,0
18,31,2.65409e-05
18,32,0
18,33,0
18,34,8.41327e-07
18,35,0
18,36,3.70282e-05
18,37,0
18,38,0
18,39,9.52265e-05
18,40,0
18,41,0
18,42,0
18,43,0
18,44,4.2712e-05
18,45,0
18,46,0
18,47,4.59208e-05
18,48,0
18,49,0.00062356
18,50,0
18,51,0
18,52,5.4608e-05
18,53,0
18,54,0
18,55,0
18,56,0
18,57,2.2256e-05
18,58,0
18,59,0
18,60,0.000662575
18,61,0
18,62,1.46743e-06
18,63,0
18,64,0
18,65,7.34303e-05
18,66,0
18,67,0
18,68,6.55453e-06
18,69,0
18,70,0.000701354
18,71,0
18,72,0
18,73,7.46433e-05
18,74,0
18,75,0
18,76,0
18,77,0
18,78,8.42893e-05
18,79,0
18,80,0
18,81,0.000696433
18,82,0
18,83,0.000122501
18,84,0
18,85,0
18,86,0.000118911
18,87,0
18,88,0
18,89,0
18,90,0
18,91,0.000102975
18,92,0
18,93,0
18,94,0.000161936
18,95,0
18,96,0
18,97,0
18,98,0
18,99,0.000135307
18,100,0
18,101,0
18,102,5.46765e-05
18,103,0
18,104,0.000118099
18,105,0
18,106,0
18,107,0.000127588
18,108,0
18,109,0
18,110,0
18,111,0
18,112,8.38099e-05
18,113,0
18,114,0
18,115,0.000125495
18,116,0
18,117,0
18,118,0
18,119,0
18,120,0.000161505
18,121,0
18,122,0
18,123,0
18,124,0
18,125,0.00015274
18,126,0
18,127,0
18,128,0.000105362
18,129,0
18,130,0
18,131,0
18,132,0
18,133,0.00013065
18,134,0
18,135,0
18,136,0.000126992
18,137,0
18,138,9.8044e-05
18,139,0
18,140,0
18,141,0.000161867
18,142,0
18,143,0
18,144,0
18,145,0
18,146,5.06753e-05
18,147,0
18,148,0
18,149,0.000144444
18,150,0
18,151,0
18,152,0
18,153,0
18,154,0.000160478
18,155,0
18,156,0
18,157,0
18,158,0
18,159,0.000104696
18,160,0
18,161,0
18,162,0.00012887
18,163,0
18,164,0
18,165,0
18,166,0
18,167,8.38784e-05
18,168,0
18,169,0
18,170,0.000107934
18,171,0
18,172,0
18,173,0
18,174,0
18,175,0.000153092
18,176,0
18,177,0
18,178,0
18,179,0
18,180,1.69537e-05
18,181,0
18,182,0
18,183,6.77855e-05
18,184,0
18,185,0
18,186,0
18,187,0
18,188,0.000112767
18,189,0
18,190,0
18,191,0
18,192,0
18,193,1.77559e-05
18,194,0
18,195,0
18,196,0.000127696
18,197,0
18,198,0
18,199,0
18,200,0
18,201,4.44436e-05
18,202,0
18,203,0
18,204,4.24381e-05
18,205,0
18,206,0
18,207,0
18,208,0
18,209,0.000127099
18,210,0
18,211,0
18,212,0
18,213,0
18,214,0
18,215,0
18,216,0
18,217,7.97598e-05
18,218,0
18,219,0
18,220,0
18,221,0
18,222,7.47705e-05
18,223,0
18,224,0
18,225,0
18,226,0
18,227,0
18,228,0
18,229,0
18,230,0.000116592
18,231,0
18,232,0
18,233,0
18,234,0
18,235,1.34612e-05
18,236,0
18,237,0
18,238,3.43966e-05
18,239,0
18,240,0
18,241,0
18,242,0
18,243,9.29373e-05
18,244,0
18,245,0
18,246,0
18,247,0
18,248,0
18,249,0
18,250,0
18,251,8.51404e-05
18,252,0
18,253,0
18,254,0
18,255,0
18,256,3.25672e-05
18,257,0
18,258,0
18,259,4.30447e-06
18,260,0
18,261,0
18,262,0
18,263,0
18,264,9.3221e-05
18,265,0
18,266,0
18,267,0
18,268,0
18,269,0
18,270,0
18,271,0
18,272,4.69871e-05
18,273,0
18,274,0
18,275,0
18,276,0
18,277,5.74646e-05
18,278,0
18,279,0
18,280,0
18,281,0
18,282,0
18,283,0
18,284,0
18,285,7.78815e-05
18,286,0
18,287,0
18,288,0
18,289,0
18,290,8.46219e-06
18,291,0
18,292,0
18,293,1.10546e-05
18,294,0
18,295,0
18,296,0
18,297,0
18,298,6.90964e-05
18,299,0
18,300,0
18,301,0
18,302,0
18,303,0
18,304,0
18,305,0
18,306,4.90807e-05
18,307,0
18,308,0
18,309,0
18,310,0
18,311,2.4242e-05
18,312,0
18,313,0
18,314,0
18,315,0
18,316,0
18,317,0
18,318,0
18,319,6.49974e-05
18,320,0
18,321,0
18,322,0
18,323,0
18,324,0
18,325,0
18,326,0
18,327,1.56917e-05
18,328,0
18,329,0
18,330,0
18,331,0
18,332,3.56292e-05
18,333,0
18,334,0
18,335,0
18,336,0
18,337,0
18,338,0
18,339,0
18,340,4.60871e-05
18,341,0
18,342,0
18,343,0
18,344,0
18,345,4.05011e-06
18,346,0
18,347,0
18,348,0
18,349,0
18,350,0
18,351,0
18,352,0
18,353,3.89945e-05
18,354,0
18,355,0
18,356,0
18,357,0
18,358,0
18,359,0
18,360,0
18,361,1.94581e-05
18,362,0
18,363,0
18,364,0
18,365,0
18,366,1.49287e-05
18,367,0
18,368,0
18,369,0
18,370,0
18,371,0
18,372,0
18,373,0
18,374,2.89769e-05
18,375,0
18,376,0
18,377,0
18,378,0
18,379,0
18,380,0
18,381,0
18,382,2.81747e-06
18,383,0
18,384,0
18,385,0
18,386,0
18,387,2.05245e-05
18,388,0
18,389,0
18,390,0
18,391,0
18,392,0
18,393,0
18,394,0
18,395,1.58483e-05
18,396,0
18,397,0
18,398,0
18,399,0
18,400,0
18,401,0
18,402,0
18,403,0
18,404,0
18,405,0
18,406,0
18,407,0
18,408,1.90277e-05
18,409,0
18,410,0
18,411,0
18,412,0
18,413,0
18,414,0
18,415,0
18,416,4.74469e-06
18,417,0
18,418,0
18,419,0
18,420,0
18,421,5.5958e-06
18,422,0
18,423,0
18,424,0
18,425,0
18,426,0
18,427,0
18,428,0
18,429,1.28351e-05
18,430,0
18,431,0
18,432,0
18,433,0
18,434,0
18,435,0
18,436,0
18,437,0
18,438,0
18,439,0
18,440,0
18,441,0
18,442,7.46433e-06
18,443,0
18,444,0
18,445,0
18,446,0
18,447,0
18,448,0
18,449,0
18,450,3.9425e-06
18,451,0
18,452,0
18,453,0
18,454,0
18,455,0
18,456,0
18,457,0
18,458,0
18,459,0
18,460,0
18,461,0
18,462,0
18,463,5.52732e-06
18,464,0
18,465,0
18,466,0
18,467,0
18,468,0
18,469,5.15558e-06
18,470,0
18,471,0
18,472,0
18,473,0
18,474,0
18,475,0
18,476,0
18,477,4.98927e-07
18,478,0
18,479,0
18,480,0
18,481,0
18,482,2.90551e-06
18,483,0
18,484,0
18,485,0
18,486,0
18,487,0
18,488,0
18,489,0
18,490,1.14166e-05
18,491,0
18,492,0
18,493,0
18,494,0
18,495,0
18,496,0
18,497,0
18,498,0
18,499,0
18,500,0
18,501,0
18,502,0
18,503,1.22971e-05
18,504,0
18,505,0
18,506,0
18,507,0
18,508,0
18,509,0
18,510,0
18,511,1.17492e-05
18,512,0
18,513,0
18,514,0
18,515,0
18,516,3.66858e-06
18,517,0
18,518,0
18,519,0
18,520,0
18,521,0
18,522,0
18,523,0
18,524,2.39876e-05
18,525,0
18,526,0
18,527,0
18,528,0
18,529,0
18,530,0
18,531,0
18,532,6.97519e-06
18,533,0
18,534,0
18,535,0
18,536,0
18,537,1.57113e-05
18,538,0
18,539,0
18,540,0
18,541,0
18,542,0
18,543,0
18,544,0
18,545,2.6179e-05
18,546,0
18,547,0
18,548,0
18,549,0
18,550,4.01098e-07
18,551,0
18,552,0
18,553,4.98927e-07
18,554,0
18,555,0
18,556,0
18,557,0
18,558,3.26161e-05
18,559,0
18,560,0
18,561,0
18,562,0
18,563,0
18,564,0
18,565,0
18,566,1.95658e-05
18,567,0
18,568,0
18,569,0
18,570,0
18,571,1.8969e-05
18,572,0
18,573,0
18,574,0
18,575,0
18,576,0
18,577,0
18,578,0
18,579,4.956e-05
18,580,0
18,581,0
18,582,0
18,583,0
18,584,0
18,585,0
18,586,0
18,587,1.01448e-05
18,588,0
18,589,0
18,590,0
18,591,0
18,592,4.32403e-05
18,593,0
18,594,0
18,595,0
18,596,0
18,597,0
18,598,0
18,599,0
18,600,4.97459e-05
18,601,0
18,602,0
18,603,0
18,604,0
18,605,8.7948e-06
18,606,0
18,607,0
18,608,6.16321e-07
18,609,0
18,610,0
18,611,0
18,612,0
18,613,7.96326e-05
18,614,0
18,615,0
18,616,0
18,617,0
18,618,0
18,619,0
18,620,0
18,621,3.33205e-05
18,622,0
18,623,0
18,624,0
18,625,0
18,626,4.36316e-05
18,627,0
18,628,0
18,629,0
18,630,0
18,631,0
18,632,0
18,633,0
18,634,8.95231e-05
18,635,0
18,636,0
18,637,0
18,638,0
18,639,3.17943e-06
18,640,0
18,641,0
18,642,1.18862e-05
18,643,0
18,644,0
18,645,0
18,646,0
18,647,9.96484e-05
18,648,0
18,649,0
18,650,0
18,651,0
18,652,0
18,653,0
18,654,0
18,655,7.37335e-05
18,656,0
18,657,0
18,658,0
18,659,0
18,660,4.04228e-05
18,661,0
18,662,0
18,663,0
18,664,0
18,665,0
18,666,0
18,667,0
18,668,0.000132098
18,669,0
18,670,0
18,671,0
18,672,0
18,673,0
18,674,0
18,675,0
18,676,4.10881e-05
18,677,0
18,678,0
18,679,0
18,680,0
18,681,0.000100079
18,682,0
18,683,0
18,684,0
18,685,0
18,686,0
18,687,0
18,688,0
18,689,0.000117991
18,690,0
18,691,0
18,692,0
18,693,0
18,694,2.2393e-05
18,695,0
18,696,0
18,697,1.06242e-05
18,698,0
18,699,0
18,700,0
18,701,0
18,702,0.000163834
18,703,0
18,704,0
18,705,0
18,706,0
18,707,0
18,708,0
18,709,0
18,710,7.99359e-05
18,711,0
18,712,0
18,713,0
18,714,0
18,715,8.04935e-05
18,716,0
18,717,0
18,718,0
18,719,0
18,720,0
18,721,0
18,722,0
18,723,0.000178753
18,724,0
18,725,0
18,726,0
18,727,0
18,728,2.81747e-06
18,729,0
18,730,0
18,731,3.62456e-05
18,732,0
18,733,0
18,734,0
18,735,0
18,736,0.000174106
18,737,0
18,738,0
18,739,0
18,740,0
18,741,0
18,742,0
18,743,0
18,744,0.000141372
18,745,0
18,746,0
18,747,0
18,748,0
18,749,5.33754e-05
18,750,0
18,751,0
18,752,5.50776e-06
18,753,0
18,754,0
18,755,0
18,756,0
18,757,0.000235562
18,758,0
18,759,0
18,760,0
18,761,0
18,762,0
18,763,0
18,764,0
18,765,8.25479e-05
18,766,0
18,767,0
18,768,0
18,769,0
18,770,0.000154344
18,771,0
18,772,0
18,773,0
18,774,0
18,775,0
18,776,0
18,777,0
18,778,0.000222463
18,779,0
18,780,0
18,781,0
18,782,0
18,783,2.52985e-05
18,784,0
18,785,0
18,786,2.69127e-05
18,787,0
18,788,0
18,789,0
18,790,0
18,791,0.000262934
18,792,0
18,793,0
18,794,0
18,795,0
18,796,0
18,797,0
18,798,0
18,799,0.000154736
18,800,0
18,801,0
18,802,0
18,803,0
18,804,0.000109157
18,805,0
18,806,0
18,807,0
18,808,0
18,809,0
18,810,0
18,811,0
18,812,0.000293936
18,813,0
18,814,0
18,815,0
18,816,0
18,817,1.22286e-06
18,818,0
18,819,0
18,820,7.68836e-05
18,821,0
18,822,0
18,823,0
18,824,0
18,825,0.000248299
18,826,0
18,827,0
18,828,0
18,829,0
18,830,0
18,831,0
18,832,0
18,833,0.000236217
18,834,0
18,835,0
18,836,0
18,837,0
18,838,6.3755e-05
18,839,0
18,840,0
18,841,1.622e-05
18,842,0
18,843,0
18,844,0
18,845,0
18,846,0.00034154
18,847,0
18,848,0
18,849,0
18,850,0
18,851,0
18,852,0
18,853,0
18,854,0.000140639
18,855,0
18,856,0
18,857,0
18,858,0
18,859,0.000195384
18,860,0
18,861,0
18,862,0
18,863,0
18,864,0
18,865,0
18,866,0
18,867,0.000327736
18,868,0
18,869,0
18,870,0
18,871,0
18,872,1.59461e-05
18,873,0
18,874,0
18,875,5.53417e-05
18,876,0
18,877,0
18,878,0
18,879,0
18,880,0.00034197
18,881,0
18,882,0
18,883,0
18,884,0
18,885,0
18,886,0
18,887,0
18,888,0.000234809
18,889,0
18,890,0
18,891,0
18,892,0
18,893,0.000115986
18,894,0
18,895,0
18,896,5.60559e-06
18,897,0
18,898,0
18,899,0
18,900,0
18,901,0.000397234
18,902,0
18,903,0
18,904,0
18,905,0
18,906,0
18,907,0
18,908,0
18,909,0.000116817
18,910,0
18,911,0
18,912,0
18,913,0
18,914,0.000289309
18,915,0
18,916,0
18,917,0
18,918,0
18,919,0
18,920,0
18,921,0
18,922,0.000335533
18,923,0
18,924,0
18,925,0
18,926,0
18,927,5.83646e-05
18,928,0
18,929,0
18,930,3.04639e-05
18,931,0
18,932,0
18,933,0
18,934,0
18,935,0.000421476
18,936,0
18,937,0
18,938,0
18,939,0
18,940,0
18,941,0
18,942,0
18,943,0.000209031
18,944,0
18,945,0
18,946,0
18,947,0
18,948,0.000201772
18,949,0
18,950,0
18,951,0
18,952,0
18,953,0
18,954,0
18,955,0
18,956,0.00042216
18,957,0
18,958,0
18,959,0
18,960,0
18,961,1.16318e-05
18,962,0
18,963,0
18,964,8.78307e-05
18,965,0
18,966,0
18,967,0
18,968,0
18,969,0.000384633
18,970,0
18,971,0
18,972,0
18,973,0
18,974,0
18,975,0
18,976,0
18,977,0.000312211
18,978,0
18,979,0
18,980,0
18,981,0
18,982,0.000103513
18,983,0
18,984,0
18,985,1.34319e-05
18,986,0
18,987,0
18,988,0
18,989,0
18,990,0.000466761
18,991,0
18,992,0
18,993,0
18,994,0
18,995,0
18,996,0
18,997,0
18,998,0.000165262
18,999,0
18,1000,0
18,1001,0
18,1002,0
18,1003,0.000294103
18,1004,0
18,1005,0
18,1006,0
18,1007,0
18,1008,0
18,1009,0
18,1010,0
18,1011,0.000413776
18,1012,0
18,1013,0
18,1014,0
18,1015,0
18,1016,2.91432e-05
18,1017,0
18,1018,0
18,1019,5.18199e-05
18,1020,0
18,1021,0
18,1022,0
18,1023,0
18,1024,0.000453104
18,1025,0
18,1026,0
18,1027,0
18,1028,0
18,1029,0
18,1030,0
18,1031,0
18,1032,0.000269068
18,1033,0
18,1034,0
18,1035,0
18,1036,0
18,1037,0.000174311
18,1038,0
18,1039,0
18,1040,0
18,1041,0
18,1042,0
18,1043,0
18,1044,0
18,1045,0.000480378
18,1046,0
18,1047,0
18,1048,0
18,1049,0
18,1050,0
18,1051,0
18,1052,0
18,1053,0.000114362
18,1054,0
18,1055,0
18,1056,0
18,1057,0
18,1058,0.000375154
18,1059,0
18,1060,0
18,1061,0
18,1062,0
18,1063,0
18,1064,0
18,1065,0
18,1066,0.000375506
18,1067,0
18,1068,0
18,1069,0
18,1070,0
18,1071,8.42208e-05
18,1072,0
18,1073,0
18,1074,1.98592e-05
18,1075,0
18,1076,0
18,1077,0
18,1078,0
18,1079,0.000490151
18,1080,0
18,1081,0
18,1082,0
18,1083,0
18,1084,0
18,1085,0
18,1086,0
18,1087,0.000207162
18,1088,0
18,1089,0
18,1090,0
18,1091,0
18,1092,0.000254482
18,1093,0
18,1094,0
18,1095,0
18,1096,0
18,1097,0
18,1098,0
18,1099,0
18,1100,0.000457614
18,1101,0
18,1102,0
18,1103,0
18,1104,0
18,1105,1.82255e-05
18,1106,0
18,1107,0
18,1108,6.92138e-05
18,1109,0
18,1110,0
18,1111,0
18,1112,0
18,1113,0.000434771
18,1114,0
18,1115,0
18,1116,0
18,1117,0
18,1118,0
18,1119,0
18,1120,0
18,1121,0.000310137
18,1122,0
18,1123,0
18,1124,0
18,1125,0
18,1126,0.000124301
18,1127,0
18,1128,0
18,1129,3.62945e-06
18,1130,0
18,1131,0
18,1132,0
18,1133,0
18,1134,0.000490641
18,1135,0
18,1136,0
18,1137,0
18,1138,0
18,1139,0
18,1140,0
18,1141,0
18,1142,0.000140022
18,1143,0
18,1144,0
18,1145,0
18,1146,0
18,1147,0.000321641
18,1148,0
18,1149,0
18,1150,0
18,1151,0
18,1152,0
18,1153,0
18,1154,0
18,1155,0.000402291
18,1156,0
18,1157,0
18,1158,0
18,1159,0
18,1160,3.61575e-05
18,1161,0
18,1162,0
18,1163,2.91628e-05
18,1164,0
18,1165,0
18,1166,0
18,1167,0
18,1168,0.000459717
18,1169,0
18,1170,0
18,1171,0
18,1172,0
18,1173,0
18,1174,0
18,1175,0
18,1176,0.000231003
18,1177,0
18,1178,0
18,1179,0
18,1180,0
18,1181,0.000185933
18,1182,0
18,1183,0
18,1184,0
18,1185,0
18,1186,0
18,1187,0
18,1188,0
18,1189,0.00045598
18,1190,0
18,1191,0
18,1192,0
18,1193,0
18,1194,0
18,1195,0
18,1196,0
18,1197,7.79695e-05
18,1198,0
18,1199,0
18,1200,0
18,1201,0
18,1202,0.000364539
18,1203,0
18,1204,0
18,1205,0
18,1206,0
18,1207,0
18,1208,0
18,1209,0
18,1210,0.000324762
18,1211,0
18,1212,0
18,1213,0
18,1214,0
18,1215,8.0875e-05
18,1216,0
18,1217,0
18,1218,6.32952e-06
18,1219,0
18,1220,0
18,1221,0
18,1222,0
18,1223,0.000448868
18,1224,0
18,1225,0
18,1226,0
18,1227,0
18,1228,0
18,1229,0
18,1230,0
18,1231,0.000144845
18,1232,0
18,1233,0
18,1234,0
18,1235,0
18,1236,0.00023384
18,1237,0
18,1238,0
18,1239,0
18,1240,0
18,1241,0
18,1242,0
18,1243,0
18,1244,0.000389857
18,1245,0
18,1246,0
18,1247,0
18,1248,0
18,1249,1.52026e-05
18,1250,0
18,1251,0
18,1252,3.10606e-05
18,1253,0
18,1254,0
18,1255,0
18,1256,0
18,1257,0.00037938
18,1258,0
18,1259,0
18,1260,0
18,1261,0
18,1262,0
18,1263,0
18,1264,0
18,1265,0.000229692
18,1266,0
18,1267,0
18,1268,0
18,1269,0
18,1270,0.000106819
18,1271,0
18,1272,0
18,1273,0
18,1274,0
18,1275,0
18,1276,0
18,1277,0
18,1278,0.00040462
18,1279,0
18,1280,0
18,1281,0
18,1282,0
18,1283,0
18,1284,0
18,1285,0
18,1286,8.24501e-05
18,1287,0
18,1288,0
18,1289,0
18,1290,0
18,1291,0.00026178
18,1292,0
18,1293,0
18,1294,0
18,1295,0
18,1296,0
18,1297,0
18,1298,0
18,1299,0.000296079
18,1300,0
18,1301,0
18,1302,0
18,1303,0
18,1304,2.86736e-05
18,1305,0
18,1306,0
18,1307,7.24911e-06
18,1308,0
18,1309,0
18,1310,0
18,1311,0
18,1312,0.00035954
18,1313,0
18,1314,0
18,1315,0
18,1316,0
18,1317,0
18,1318,0
18,1319,0
18,1320,0.000135571
18,1321,0
18,1322,0
18,1323,0
18,1324,0
18,1325,0.000138437
18,1326,0
18,1327,0
18,1328,0
18,1329,0
18,1330,0
18,1331,0
18,1332,0
18,1333,0.000329702
18,1334,0
18,1335,0
18,1336,0
18,1337,0
18,1338,0
18,1339,0
18,1340,0
18,1341,2.87421e-05
18,1342,0
18,1343,0
18,1344,0
18,1345,0
18,1346,0.000263218
18,1347,0
18,1348,0
18,1349,0
18,1350,0
18,1351,0
18,1352,0
18,1353,0
18,1354,0.000198866
18,1355,0
18,1356,0
18,1357,0
18,1358,0
18,1359,4.70752e-05
18,1360,0
18,1361,0
18,1362,0
18,1363,0
18,1364,0
18,1365,0
18,1366,0
18,1367,0.000309021
18,1368,0
18,1369,0
18,1370,0
18,1371,0
18,1372,0
18,1373,0
18,1374,0
18,1375,6.73747e-05
18,1376,0
18,1377,0
18,1378,0
18,1379,0
18,1380,0.000149923
18,1381,0
18,1382,0
18,1383,0
18,1384,0
18,1385,0
18,1386,0
18,1387,0
18,1388,0.000236188
18,1389,0
18,1390,0
18,1391,0
18,1392,0
18,1393,2.98378e-06
18,1394,0
18,1395,0
18,1396,5.60559e-06
18,1397,0
18,1398,0
18,1399,0
18,1400,0
18,1401,0.000238213
18,1402,0
18,1403,0
18,1404,0
18,1405,0
18,1406,0
18,1407,0
18,1408,0
18,1409,0.00010768
18,1410,0
18,1411,0
18,1412,0
18,1413,0
18,1414,5.66428e-05
18,1415,0
18,1416,0
18,1417,0
18,1418,0
18,1419,0
18,1420,0
18,1421,0
18,1422,0.000232793
18,1423,0
18,1424,0
18,1425,0
18,1426,0
18,1427,0
18,1428,0
18,1429,0
18,1430,2.10821e-05
18,1431,0
18,1432,0
18,1433,0
18,1434,0
18,1435,0.000146538
18,1436,0
18,1437,0
18,1438,0
18,1439,0
18,1440,0
18,1441,0
18,1442,0
18,1443,0.000139876
18,1444,0
18,1445,0
18,1446,0
18,1447,0
18,1448,9.02959e-06
18,1449,0
18,1450,0
18,1451,0
18,1452,0
18,1453,0
18,1454,0
18,1455,0
18,1456,0.000190179
18,1457,0
18,1458,0
18,1459,0
18,1460,0
18,1461,0
18,1462,0
18,1463,0
18,1464,4.16555e-05
18,1465,0
18,1466,0
18,1467,0
18,1468,0
18,1469,5.98712e-05
18,1470,0
18,1471,0
18,1472,0
18,1473,0
18,1474,0
18,1475,0
18,1476,0
18,1477,0.000152584
18,1478,0
18,1479,0
18,1480,0
18,1481,0
18,1482,0
18,1483,0
18,1484,0
18,1485,1.46743e-06
18,1486,0
18,1487,0
18,1488,0
18,1489,0
18,1490,0.000122951
18,1491,0
18,1492,0
18,1493,0
18,1494,0
18,1495,0
18,1496,0
18,1497,0
18,1498,6.77464e-05
18,1499,0
18,1500,0
18,1501,0
18,1502,0
18,1503,1.15438e-05
18,1504,0
18,1505,0
18,1506,0
18,1507,0
18,1508,0
18,1509,0
18,1510,0
18,1511,0.000134378
18,1512,0
18,1513,0
18,1514,0
18,1515,0
18,1516,0
18,1517,0
18,1518,0
18,1519,1.28351e-05
18,1520,0
18,1521,0
18,1522,0
18,1523,0
18,1524,5.10079e-05
18,1525,0
18,1526,0
18,1527,0
18,1528,0
18,1529,0
18,1530,0
18,1531,0
18,1532,7.85369e-05
18,1533,0
18,1534,0
18,1535,0
18,1536,0
18,1537,0
18,1538,0
18,1539,0
18,1540,0
18,1541,0
18,1542,0
18,1543,0
18,1544,0
18,1545,8.6236e-05
18,1546,0
18,1547,0
18,1548,0
18,1549,0
18,1550,0
18,1551,0
18,1552,0
18,1553,2.02212e-05
18,1554,0
18,1555,0
18,1556,0
18,1557,0
18,1558,1.16514e-05
18,1559,0
18,1560,0
18,1561,0
18,1562,0
18,1563,0
18,1564,0
18,1565,0
18,1566,6.82845e-05
18,1567,0
18,1568,0
18,1569,0
18,1570,0
18,1571,0
18,1572,0
18,1573,0
18,1574,0
18,1575,0
18,1576,0
18,1577,0
18,1578,0
18,1579,3.78304e-05
18,1580,0
18,1581,0
18,1582,0
18,1583,0
18,1584,0
18,1585,0
18,1586,0
18,1587,2.56018e-05
18,1588,0
18,1589,0
18,1590,0
18,1591,0
18,1592,0
18,1593,0
18,1594,0
18,1595,0
18,1596,0
18,1597,0
18,1598,0
18,1599,0
18,1600,4.31425e-05
18,1601,0
18,1602,0
18,1603,0
18,1604,0
18,1605,0
18,1606,0
18,1607,0
18,1608,1.53591e-06
18,1609,0
18,1610,0
18,1611,0
18,1612,0
18,1613,7.37629e-06
18,1614,0
18,1615,0
18,1616,0
18,1617,0
18,1618,0
18,1619,0
18,1620,0
18,1621,2.61594e-05
18,1622,0
18,1623,0
18,1624,0
18,1625,0
18,1626,0
18,1627,0
18,1628,0
18,1629,0
18,1630,0
18,1631,0
18,1632,0
18,1633,0
18,1634,2.12778e-05
18,1635,0
18,1636,0
18,1637,0
18,1638,0
18,1639,0
18,1640,0
18,1641,0
18,1642,4.05989e-06
18,1643,0
18,1644,0
18,1645,0
18,1646,0
18,1647,0
18,1648,0
18,1649,0
18,1650,0
18,1651,0
18,1652,0
18,1653,0
18,1654,0
18,1655,2.02701e-05
18,1656,0
18,1657,0
18,1658,7.61108e-06
18,1659,0
18,1660,0
18,1661,0
18,1662,0
18,1663,0
18,1664,0
18,1665,0
18,1666,0
18,1667,0
18,1668,0
18,1669,0
18,1670,0
18,1671,0
18,1672,0
18,1673,0
18,1674,0
18,1675,0
18,1676,3.93272e-06
18,1677,0
18,1678,0
18,1679,7.0241e-06
18,1680,0
18,1681,0
18,1682,0
18,1683,0
18,1684,0
18,1685,0
18,1686,0
18,1687,0
18,1688,0
18,1689,5.19471e-06
18,1690,0
18,1691,0
18,1692,7.65021e-06
18,1693,0
18,1694,0
18,1695,0
18,1696,0
18,1697,0
18,1698,0
18,1699,0
18,1700,9.78288e-07
18,1701,0
18,1702,0
18,1703,0
18,1704,0
18,1705,0
18,1706,0
18,1707,0
18,1708,0
18,1709,0
18,1710,0
18,1711,0
18,1712,0
18,1713,1.77951e-05
18,1714,0
18,1715,0
18,1716,0
18,1717,0
18,1718,0
18,1719,0
18,1720,0
18,1721,0
18,1722,0
18,1723,0
18,1724,0
18,1725,0
18,1726,6.04582e-06
18,1727,0
18,1728,0
18,1729,0
18,1730,0
18,1731,0
18,1732,0
18,1733,0
18,1734,1.79222e-05
18,1735,0
18,1736,0
18,1737,0
18,1738,0
18,1739,0
18,1740,0
18,1741,0
18,1742,0
18,1743,0
18,1744,0
18,1745,0
18,1746,0
18,1747,2.48192e-05
18,1748,0
18,1749,0
18,1750,0
18,1751,0
18,1752,0
18,1753,0
18,1754,0
18,1755,9.70461e-06
18,1756,0
18,1757,0
18,1758,0
18,1759,0
18,1760,6.94584e-07
18,1761,0
18,1762,0
18,1763,0
18,1764,0
18,1765,0
18,1766,0
18,1767,0
18,1768,3.61477e-05
18,1769,0
18,1770,0
18,1771,0
18,1772,0
18,1773,0
18,1774,0
18,1775,0
18,1776,0
18,1777,0
18,1778,0
18,1779,0
18,1780,0
18,1781,2.29311e-05
18,1782,0
18,1783,0
18,1784,0
18,1785,0
18,1786,0
18,1787,0
18,1788,0
18,1789,2.97302e-05
18,1790,0
18,1791,0
18,1792,0
18,1793,0
18,1794,0
18,1795,0
18,1796,0
18,1797,0
18,1798,0
18,1799,0
18,1800,0
18,1801,0
18,1802,5.20547e-05
18,1803,0
18,1804,0
18,1805,1.22286e-06
18,1806,0
18,1807,0
18,1808,0
18,1809,0
18,1810,1.71298e-05
18,1811,0
18,1812,0
18,1813,0
18,1814,0
18,1815,1.1984e-05
18,1816,0
18,1817,0
18,1818,0
18,1819,9.58722e-07
18,1820,0
18,1821,0
18,1822,0
18,1823,5.74646e-05
18,1824,0
18,1825,0
18,1826,3.42401e-07
18,1827,0
18,1828,0
18,1829,0
18,1830,0
18,1831,6.99476e-06
18,1832,0
18,1833,0
18,1834,0
18,1835,0
18,1836,4.97264e-05
18,1837,0
18,1838,0
18,1839,5.47841e-06
18,1840,0
18,1841,0
18,1842,0
18,1843,0
18,1844,4.28001e-05
18,1845,0
18,1846,0
18,1847,0
18,1848,0
18,1849,4.35338e-06
18,1850,0
18,1851,0
18,1852,5.87951e-06
18,1853,4.29468e-06
18,1854,0
18,1855,0
18,1856,0
18,1857,8.01315e-05
18,1858,0
18,1859,0
18,1860,7.80673e-06
18,1861,0
18,1862,0
18,1863,0
18,1864,0
18,1865,2.48779e-05
18,1866,0
18,1867,0
18,1868,0
18,1869,0
18,1870,3.55021e-05
18,1871,0
18,1872,0
18,1873,9.05894e-06
18,1874,4.41208e-06
18,1875,0
18,1876,0
18,1877,0
18,1878,8.07772e-05
18,1879,0
18,1880,0
18,1881,7.72847e-06
18,1882,0
18,1883,0
18,1884,0
18,1885,0
18,1886,1.66015e-05
18,1887,6.41757e-06
18,1888,0
18,1889,0
18,1890,0
18,1891,7.60032e-05
18,1892,0
18,1893,0
18,1894,1.3471e-05
18,1895,0
18,1896,0
18,1897,0
18,1898,0
18,1899,6.29332e-05
18,1900,0
18,1901,0
18,1902,5.69363e-06
18,1903,0
18,1904,1.442e-05
18,1905,0
18,1906,0
18,1907,1.51732e-05
18,1908,1.15242e-05
18,1909,0
18,1910,0
18,1911,0
18,1912,0.000104843
18,1913,0
18,1914,0
18,1915,1.43221e-05
18,1916,0
18,1917,0
18,1918,0
18,1919,0
18,1920,4.0325e-05
18,1921,6.42735e-06
18,1922,0
18,1923,1.69244e-06
18,1924,0
18,1925,6.12799e-05
18,1926,0
18,1927,0
18,1928,2.08375e-05
18,1929,6.94584e-06
18,1930,0
18,1931,0
18,1932,0
18,1933,9.99125e-05
18,1934,0
18,1935,0
18,1936,1.43906e-05
18,1937,0
18,1938,3.15009e-06
18,1939,0
18,1940,0
18,1941,2.94269e-05
18,1942,1.77951e-05
18,1943,0
18,1944,0
18,1945,0
18,1946,0.000110243
18,1947,0
18,1948,0
18,1949,2.77736e-05
18,1950,0
18,1951,0
18,1952,0
18,1953,0
18,1954,7.58271e-05
18,1955,4.50991e-06
18,1956,0
18,1957,1.14264e-05
18,1958,0
18,1959,3.89163e-05
18,1960,0
18,1961,0
18,1962,3.27922e-05
18,1963,2.00842e-05
18,1964,0
18,1965,0
18,1966,0
18,1967,0.000125182
18,1968,0
18,1969,0
18,1970,2.67855e-05
18,1971,0
18,1972,0
18,1973,0
18,1974,0
18,1975,5.56646e-05
18,1976,1.97516e-05
18,1977,0
18,1978,5.68385e-06
18,1979,0
18,1980,9.94723e-05
18,1981,0
18,1982,0
18,1983,3.7263e-05
18,1984,1.02035e-05
18,1985,0
18,1986,0
18,1987,0
18,1988,0.000108091
18,1989,1.4283e-06
18,1990,0
18,1991,2.30289e-05
18,1992,0
18,1993,1.27764e-05
18,1994,0
18,1995,0
18,1996,4.83959e-05
18,1997,3.24694e-05
18,1998,0
18,1999,3.61966e-07
18,2000,0
18,2001,0.000138506
18,2002,0
18,2003,0
18,2004,4.20664e-05
18,2005,0
18,2006,0
18,2007,0
18,2008,0
18,2009,8.34381e-05
18,2010,1.8294e-05
18,2011,0
18,2012,1.50069e-05
18,2013,0
18,2014,6.29235e-05
18,2015,0
18,2016,0
18,2017,4.88557e-05
18,2018,2.64333e-05
18,2019,0
18,2020,0
18,2021,0
18,2022,0.000143769
18,2023,0
18,2024,0
18,2025,4.26436e-05
18,2026,0
18,2027,0
18,2028,0
18,2029,0
18,2030,6.71301e-05
18,2031,3.95228e-05
18,2032,0
18,2033,6.90671e-06
18,2034,0
18,2035,0.000121865
18,2036,0
18,2037,0
18,2038,5.13307e-05
18,2039,1.14949e-05
18,2040,0
18,2041,0
18,2042,0
18,2043,0.000124115
18,2044,1.11329e-05
18,2045,0
18,2046,3.35455e-05
18,2047,0
18,2048,3.1853e-05
18,2049,0
18,2050,0
18,2051,6.06538e-05
18,2052,4.26729e-05
18,2053,0
18,2054,8.02196e-07
18,2055,0
18,2056,0.00015274
18,2057,0
18,2058,0
18,2059,5.37471e-05
18,2060,0
18,2061,0
18,2062,0
18,2063,0
18,2064,9.72222e-05
18,2065,3.76739e-05
18,2066,0
18,2067,1.79711e-05
18,2068,0
18,2069,9.02275e-05
18,2070,0
18,2071,0
18,2072,6.0869e-05
18,2073,2.76464e-05
18,2074,0
18,2075,0
18,2076,0
18,2077,0.000148788
18,2078,5.94799e-06
18,2079,0
18,2080,5.16829e-05
18,2081,0
18,2082,9.67526e-06
18,2083,0
18,2084,0
18,2085,8.16479e-05
18,2086,5.25243e-05
18,2087,0
18,2088,4.76426e-06
18,2089,0
18,2090,0.000136598
18,2091,0
18,2092,0
18,2093,5.98223e-05
18,2094,9.57743e-06
18,2095,0
18,2096,0
18,2097,0
18,2098,0.000118676
18,2099,2.92312e-05
18,2100,0
18,2101,3.83978e-05
18,2102,0
18,2103,5.22112e-05
18,2104,0
18,2105,0
18,2106,6.84214e-05
18,2107,4.59893e-05
18,2108,0
18,2109,0
18,2110,0
18,2111,0.00015227
18,2112,2.16202e-06
18,2113,0
18,2114,5.98516e-05
18,2115,0
18,2116,0
18,2117,0
18,2118,0
18,2119,9.5833e-05
18,2120,5.4608e-05
18,2121,0
18,2122,2.14734e-05
18,2123,0
18,2124,0.000101781
18,2125,0
18,2126,0
18,2127,6.45572e-05
18,2128,2.64333e-05
18,2129,0
18,2130,0
18,2131,0
18,2132,0.000135375
18,2133,1.87342e-05
18,2134,0
18,2135,5.02938e-05
18,2136,0
18,2137,1.84994e-05
18,2138,0
18,2139,0
18,2140,8.11979e-05
18,2141,5.99299e-05
18,2142,0
18,2143,6.41757e-06
18,2144,0
18,2145,0.000132832
18,2146,0
18,2147,0
18,2148,6.3843e-05
18,2149,5.81103e-06
18,2150,0
18,2151,0
18,2152,0
18,2153,0.000105313
18,2154,4.04913e-05
18,2155,0
18,2156,3.01997e-05
18,2157,0
18,2158,6.90964e-05
18,2159,0
18,2160,0
18,2161,6.98008e-05
18,2162,4.16359e-05
18,2163,0
18,2164,0
18,2165,0
18,2166,0.000143916
18,2167,8.01217e-06
18,2168,0
18,2169,6.32072e-05
18,2170,0
18,2171,6.55453e-06
18,2172,0
18,2173,0
18,2174,9.14503e-05
18,2175,5.97538e-05
18,2176,0
18,2177,1.7844e-05
18,2178,0
18,2179,9.9531e-05
18,2180,0
18,2181,0
18,2182,6.13288e-05
18,2183,2.16886e-05
18,2184,0
18,2185,0
18,2186,0
18,2187,0.000112572
18,2188,2.44181e-05
18,2189,0
18,2190,4.22522e-05
18,2191,0
18,2192,3.06204e-05
18,2193,0
18,2194,0
18,2195,6.9116e-05
18,2196,4.77209e-05
18,2197,0
18,2198,4.50991e-06
18,2199,0
18,2200,0.000122951
18,2201,3.15987e-06
18,2202,0
18,2203,5.82277e-05
18,2204,4.81317e-06
18,2205,0
18,2206,0
18,2207,0
18,2208,9.39352e-05
18,2209,4.87774e-05
18,2210,0
18,2211,2.09354e-05
18,2212,0
18,2213,6.52126e-05
18,2214,0
18,2215,0
18,2216,5.68581e-05
18,2217,2.89377e-05
18,2218,0
18,2219,0
18,2220,0
18,2221,0.000113912
18,2222,1.41656e-05
18,2223,0
18,2224,4.8885e-05
18,2225,0
18,2226,9.09807e-06
18,2227,0
18,2228,0
18,2229,7.39683e-05
18,2230,5.27884e-05
18,2231,0
18,2232,5.85994e-06
18,2233,0
19,0,0
19,1,0
19,2,0
19,3,0
19,4,0
19,5,0
19,6,0
19,7,0
19,8,0
19,9,0
19,10,0
19,11,0
19,12,0
19,13,0
19,14,0
19,15,0
19,16,0
19,17,0
19,18,0
19,19,0
19,20,0
19,21,0
19,22,0
19,23,0
19,24,0
19,25,0
19,26,0
19,27,0
19,28,0
19,29,0
19,30,0
19,31,0
19,32,0
19,33,0
19,34,0
19,35,0
19,36,0
19,37,0
19,38,0
19,39,0
19,40,0
19,41,0
19,42,0
19,43,0
19,44,0
19,45,0
19,46,0
19,47,0
19,48,0
19,49,0
19,50,0
19,51,0
19,52,0
19,53,0
19,54,0
19,55,0
19,56,0
19,57,0
19,58,0
19,59,0
19,60,0
19,61,0
19,62,0
19,63,0
19,64,0
19,65,0
19,66,0
19,67,0
19,68,0
19,69,0
19,70,0
19,71,0
19,72,0
19,73,0
19,74,0
19,75,0
19,76,0
19,77,0
19,78,0
19,79,0
19,80,0
19,81,0
19,82,0
19,83,0
19,84,0
19,85,0
19,86,0
19,87,0
19,88,0
19,89,0
19,90,0
19,91,0
19,92,0
19,93,0
19,94,0
19,95,0
19,96,0
19,97,0
19,98,0
19,99,0
19,100,0
19,101,0
19,102,0
19,103,0
19,104,0
19,105,0
19,106,0
19,107,0
19,108,0
19,109,0
19,110,0
19,111,0
19,112,0
19,113,0
19,114,0
19,115,0
19,116,0
19,117,0
19,118,0
19,119,0
19,120,0
19,121,0
19,122,0
19,123,0
19,124,0
19,125,0
19,126,0
19,127,0
19,128,0
19,129,0
19,130,0
19,131,0
19,132,0
19,133,0
19,134,0
19,135,0
19,136,0
19,137,0
19,138,0
19,139,0
19,140,0
19,141,0
19,142,0
19,143,0
19,144,0
19,145,0
19,146,0
19,147,0
19,148,0
19,149,0
19,150,0
19,151,0
19,152,0
19,153,0
19,154,0
19,155,0
19,156,0
19,157,0
19,158,0
19,159,0
19,160,0
19,161,0
19,162,0
19,163,0
19,164,0
19,165,0
19,166,0
19,167,0
19,168,0
19,169,0
19,170,0
19,171,0
19,172,0
19,173,0
19,174,0
19,175,0
19,176,0
19,177,0
19,178,0
19,179,0
19,180,0
19,181,0
19,182,0
19,183,0
19,184,0
19,185,0
19,186,0
19,187,0
19,188,0
19,189,0
19,190,0
19,191,0
19,192,0
19,193,0
19,194,0
19,195,0
19,196,0
19,197,0
19,198,0
19,199,0
19,200,0
19,201,0
19,202,0
19,203,0
19,204,0
19,205,0
19,206,0
19,207,0
19,208,0
19,209,0
19,210,0
19,211,0
19,212,0
19,213,0
19,214,0
19,215,0
19,216,0
19,217,0
19,218,0
19,219,0
19,220,0
19,221,0
19,222,0
19,223,0
19,224,0
19,225,0
19,226,0
19,227,0
19,228,0
19,229,0
19,230,0
19,231,0
19,232,0
19,233,0
19,234,0
19,235,0
19,236,0
19,237,0
19,238,0
19,239,0
19,240,0
19,241,0
19,242,0
19,243,0
19,244,0
19,245,0
19,246,0
19,247,0
19,248,0
19,249,0
19,250,0
19,251,0
19,252,0
19,253,0
19,254,0
19,255,0
19,256,0
19,257,0
19,258,0
19,259,0
19,260,0
19,261,0
19,262,0
19,263,0
19,264,0
19,265,0
19,266,0
19,267,0
19,268,0
19,269,0
19,270,0
19,271,0
19,272,0
19,273,0
19,274,0
19,275,0
19,276,0
19,277,0
19,278,0
19,279,0
19,280,0
19,281,0
19,282,0
19,283,0
19,284,0
19,285,0
19,286,0
19,287,0
19,288,0
19,289,0
19,290,0
19,291,0
19,292,0
19,293,0
19,294,0
19,295,0
19,296,0
19,297,0
19,298,0
19,299,0
19,300,0
19,301,0
19,302,0
19,303,0
19,304,0
19,305,0
19,306,0
19,307,0
19,308,0
19,309,0
19,310,0
19,311,0
19,312,0
19,313,0
19,314,0
19,315,0
19,316,0
19,317,0
19,318,0
19,319,0
19,320,0
19,321,0
19,322,0
19,323,0
19,324,0
19,325,0
19,326,0
19,327,0
19,328,0
19,329,0
19,330,0
19,331,0
19,332,0
19,333,0
19,334,0
19,335,0
19,336,0
19,337,0
19,338,0
19,339,0
19,340,0
19,341,0
19,342,0
19,343,0
19,344,0
19,345,0
19,346,0
19,347,0
19,348,0
19,349,0
19,350,0
19,351,0
19,352,0
19,353,0
19,354,0
19,355,0
19,356,0
19,357,0
19,358,0
19,359,0
19,360,0
19,361,0
19,362,0
19,363,0
19,364,0
19,365,0
19,366,0
19,367,0
19,368,0
19,369,0
19,370,0
19,371,0
19,372,0
19,373,0
19,374,0
19,375,0
19,376,0
19,377,0
19,378,0
19,379,0
19,380,0
19,381,0
19,382,0
19,383,0
19,384,0
19,385,0
19,386,0
19,387,0
19,388,0
19,389,0
19,390,0
19,391,0
19,392,0
19,393,0
19,394,0
19,395,0
19,396,0
19,397,0
19,398,0
19,399,0
19,400,0
19,401,0
19,402,0
19,403,0
19,404,0
19,405,0
19,406,0
19,407,0
19,408,0
19,409,0
19,410,0
19,411,0
19,412,0
19,413,0
19,414,0
19,415,0
19,416,0
19,417,0
19,418,0
19,419,0
19,420,0
19,421,0
19,422,0
19,423,0
19,424,0
19,425,0
19,426,0
19,427,0
19,428,0
19,429,0
19,430,0
19,431,0
19,432,0
19,433,0
19,434,0
19,435,0
19,436,0
19,437,0
19,438,0
19,439,0
19,440,0
19,441,0
19,442,0
19,443,0
19,444,0
19,445,0
19,446,0
19,447,0
19,448,0
19,449,0
19,450,0
19,451,0
19,452,0
19,453,0
19,454,0
19,455,0
19,456,0
19,457,0
19,458,0
19,459,0
19,460,0
19,461,0
19,462,0
19,463,0
19,464,0
19,465,0
19,466,0
19,467,0
19,468,0
19,469,0
19,470,0
19,471,0
19,472,0
19,473,0
19,474,0
19,475,0
19,476,0
19,477,0
19,478,0
19,479,0
19,480,0
19,481,0
19,482,0
19,483,0
19,484,0
19,485,0
19,486,0
19,487,0
19,488,0
19,489,0
19,490,0
19,491,0
19,492,0
19,493,0
19,494,0
19,495,0
19,496,0
19,497,0
19,498,0
19,499,0
19,500,0
19,501,0
19,502,0
19,503,0
19,504,0
19,505,0
19,506,0
19,507,0
19,508,0
19,509,0
19,510,0
19,511,0
19,512,0
19,513,0
19,514,0
19,515,0
19,516,0
19,517,0
19,518,0
19,519,0
19,520,0
19,521,0
19,522,0
19,523,0
19,524,0
19,525,0
19,526,0
19,527,0
19,528,0
19,529,0
19,530,0
19,531,0
19,532,0
19,533,0
19,534,0
19,535,0
19,536,0
19,537,0
19,538,0
19,539,0
19,540,0
19,541,0
19,542,0
19,543,0
19,544,0
19,545,0
19,546,0
19,547,0
19,548,0
19,549,0
19,550,0
19,551,0
19,552,0
19,553,0
19,554,0
19,555,0
19,556,0
19,557,0
19,558,0
19,559,0
19,560,0
19,561,0
19,562,0
19,563,0
19,564,0
19,565,0
19,566,0
19,567,0
19,568,0
19,569,0
19,570,0
19,571,0
19,572,0
19,573,0
19,574,0
19,575,0
19,576,0
19,577,0
19,578,0
19,579,0
19,580,0
19,581,0
19,582,0
19,583,0
19,584,0
19,585,0
19,586,0
19,587,0
19,588,0
19,589,0
19,590,0
19,591,0
19,592,0
19,593,0
19,594,0
19,595,0
19,596,0
19,597,0
19,598,0
19,599,0
19,600,0
19,601,0
19,602,0
19,603,0
19,604,0
19,605,0
19,606,0
19,607,0
19,608,0
19,609,0
19,610,0
19,611,0
19,612,0
19,613,0
19,614,0
19,615,0
19,616,0
19,617,0
19,618,0
19,619,0
19,620,0
19,621,0
19,622,0
19,623,0
19,624,0
19,625,0
19,626,0
19,627,0
19,628,0
19,629,0
19,630,0
19,631,0
19,632,0
19,633,0
19,634,0
19,635,0
19,636,0
19,637,0
19,638,0
19,639,0
19,640,0
19,641,0
19,642,0
19,643,0
19,644,0
19,645,0
19,646,0
19,647,0
19,648,0
19,649,0
19,650,0
19,651,0
19,652,0
19,653,0
19,654,0
19,655,0
19,656,0
19,657,0
19,658,0
19,659,0
19,660,0
19,661,0
19,662,0
19,663,0
19,664,0
19,665,0
19,666,0
19,667,0
19,668,0
19,669,0
19,670,0
19,671,0
19,672,0
19,673,0
19,674,0
19,675,0
19,676,0
19,677,0
19,678,0
19,679,0
19,680,0
19,681,0
19,682,0
19,683,0
19,684,0
19,685,0
19,686,0
19,687,0
19,688,0
19,689,0
19,690,0
19,691,0
19,692,0
19,693,0
19,694,0
19,695,0
19,696,0
19,697,0
19,698,0
19,699,0
19,700,0
19,701,0
19,702,0
19,703,0
19,704,0
19,705,0
19,706,0
19,707,0
19,708,0
19,709,0
19,710,0
19,711,0
19,712,0
19,713,0
19,714,0
19,715,0
19,716,0
19,717,0
19,718,0
19,719,0
19,720,0
19,721,0
19,722,0
19,723,0
19,724,0
19,725,0
19,726,0
19,727,0
19,728,0
19,729,0
19,730,0
19,731,0
19,732,0
19,733,0
19,734,0
19,735,0
19,736,0
19,737,0
19,738,0
19,739,0
19,740,0
19,741,0
19,742,0
19,743,0
19,744,0
19,745,0
19,746,0
19,747,0
19,748,0
19,749,0
19,750,0
19,751,0
19,752,0
19,753,0
19,754,0
19,755,0
19,756,0
19,757,0
19,758,0
19,759,0
19,760,0
19,761,0
19,762,0
19,763,0
19,764,0
19,765,0
19,766,0
19,767,0
19,768,0
19,769,0
19,770,0
19,771,0
19,772,0
19,773,0
19,774,0
19,775,0
19,776,0
19,777,0
19,778,0
19,779,0
19,780,0
19,781,0
19,782,0
19,783,0
19,784,0
19,785,0
19,786,0
19,787,0
19,788,0
19,789,0
19,790,0
19,791,0
19,792,0
19,793,0
19,794,0
19,795,0
19,796,0
19,797,0
19,798,0
19,799,0
19,800,0
19,801,0
19,802,0
19,803,0
19,804,0
19,805,0
19,806,0
19,807,0
19,808,0
19,809,0
19,810,0
19,811,0
19,812,0
19,813,0
19,814,0
19,815,0
19,816,0
19,817,0
19,818,0
19,819,0
19,820,0
19,821,0
19,822,0
19,823,0
19,824,0
19,825,0
19,826,0
19,827,0
19,828,0
19,829,0
19,830,0
19,831,0
19,832,0
19,833,0
19,834,0
19,835,0
19,836,0
19,837,0
19,838,0
19,839,0
19,840,0
19,841,0
19,842,0
19,843,0
19,844,0
19,845,0
19,846,0
19,847,0
19,848,0
19,849,0
19,850,0
19,851,0
19,852,0
19,853,0
19,854,0
19,855,0
19,856,0
19,857,0
19,858,0
19,859,0
19,860,0
19,861,0
19,862,0
19,863,0
19,864,0
19,865,0
19,866,0
19,867,0
19,868,0
19,869,0
19,870,0
19,871,0
19,872,0
19,873,0
19,874,0
19,875,0
19,876,0
19,877,0
19,878,0
19,879,0
19,880,0
19,881,0
19,882,0
19,883,0
19,884,0
19,885,0
19,886,0
19,887,0
19,888,0
19,889,0
19,890,0
19,891,0
19,892,0
19,893,0
19,894,0
19,895,0
19,896,0
19,897,0
19,898,0
19,899,0
19,900,0
19,901,0
19,902,0
19,903,0
19,904,0
19,905,0
19,906,0
19,907,0
19,908,0
19,909,0
19,910,0
19,911,0
19,912,0
19,913,0
19,914,0
19,915,0
19,916,0
19,917,0
19,918,0
19,919,0
19,920,0
19,921,0
19,922,0
19,923,0
19,924,0
19,925,0
19,926,0
19,927,0
19,928,0
19,929,0
19,930,0
19,931,0
19,932,0
19,933,0
19,934,0
19,935,0
19,936,0
19,937,0
19,938,0
19,939,0
19,940,0
19,941,0
19,942,0
19,943,0
19,944,0
19,945,0
19,946,0
19,947,0
19,948,0
19,949,0
19,950,0
19,951,0
19,952,0
19,953,0
19,954,0
19,955,0
19,956,0
19,957,0
19,958,0
19,959,0
19,960,0
19,961,0
19,962,0
19,963,0
19,964,0
19,965,0
19,966,0
19,967,0
19,968,0
19,969,0
19,970,0
19,971,0
19,972,0
19,973,0
19,974,0
19,975,0
19,976,0
19,977,0
19,978,0
19,979,0
19,980,0
19,981,0
19,982,0
19,983,0
19,984,0
19,985,0
19,986,0
19,987,0
19,988,0
19,989,0
19,990,0
19,991,0
19,992,0
19,993,0
19,994,0
19,995,0
19,996,0
19,997,0
19,998,0
19,999,0
19,1000,0
19,1001,0
19,1002,0
19,1003,0
19,1004,0
19,1005,0
19,1006,0
19,1007,0
19,1008,0
19,1009,0
19,1010,0
19,1011,0
19,1012,0
19,1013,0
19,1014,0
19,1015,0
19,1016,0
19,1017,0
19,1018,0
19,1019,0
19,1020,0
19,1021,0
19,1022,0
19,1023,0
19,1024,0
19,1025,0
19,1026,0
19,1027,0
19,1028,0
19,1029,0
19,1030,0
19,1031,0
19,1032,0
19,1033,0
19,1034,0
19,1035,0
19,1036,0
19,1037,0
19,1038,0
19,1039,0
19,1040,0
19,1041,0
19,1042,0
19,1043,0
19,1044,0
19,1045,0
19,1046,0
19,1047,0
19,1048,0
19,1049,0
19,1050,0
19,1051,0
19,1052,0
19,1053,0
19,1054,0
19,1055,0
19,1056,0
19,1057,0
19,1058,0
19,1059,0
19,1060,0
19,1061,0
19,1062,0
19,1063,0
19,1064,0
19,1065,0
19,1066,0
19,1067,0
19,1068,0
19,1069,0
19,1070,0
19,1071,0
19,1072,0
19,1073,0
19,1074,0
19,1075,0
19,1076,0
19,1077,0
19,1078,0
19,1079,0
19,1080,0
19,1081,0
19,1082,0
19,1083,0
19,1084,0
19,1085,0
19,1086,0
19,1087,0
19,1088,0
19,1089,0
19,1090,0
19,1091,0
19,1092,0
19,1093,0
19,1094,0
19,1095,0
19,1096,0
19,1097,0
19,1098,0
19,1099,0
19,1100,0
19,1101,0
19,1102,0
19,1103,0
19,1104,0
19,1105,0
19,1106,0
19,1107,0
19,1108,0
19,1109,0
19,1110,0
19,1111,0
19,1112,0
19,1113,0
19,1114,0
19,1115,0
19,1116,0
19,1117,0
19,1118,0
19,1119,0
19,1120,0
19,1121,0
19,1122,0
19,1123,0
19,1124,0
19,1125,0
19,1126,0
19,1127,0
19,1128,0
19,1129,0
19,1130,0
19,1131,0
19,1132,0
19,1133,0
19,1134,0
19,1135,0
19,1136,0
19,1137,0
19,1138,0
19,1139,0
19,1140,0
19,1141,0
19,1142,0
19,1143,0
19,1144,0
19,1145,0
19,1146,0
19,1147,0
19,1148,0
19,1149,0
19,1150,0
19,1151,0
19,1152,0
19,1153,0
19,1154,0
19,1155,0
19,1156,0
19,1157,0
19,1158,0
19,1159,0
19,1160,0
19,1161,0
19,1162,0
19,1163,0
19,1164,0
19,1165,0
19,1166,0
19,1167,0
19,1168,0
19,1169,0
19,1170,0
19,1171,0
19,1172,0
19,1173,0
19,1174,0
19,1175,0
19,1176,0
19,1177,0
19,1178,0
19,1179,0
19,1180,0
19,1181,0
19,1182,0
19,1183,0
19,1184,0
19,1185,0
19,1186,0
19,1187,0
19,1188,0
19,1189,0
19,1190,0
19,1191,0
19,1192,0
19,1193,0
19,1194,0
19,1195,0
19,1196,0
19,1197,0
19,1198,0
19,1199,0
19,1200,0
19,1201,0
19,1202,0
19,1203,0
19,1204,0
19,1205,0
19,1206,0
19,1207,0
19,1208,0
19,1209,0
19,1210,0
19,1211,0
19,1212,0
19,1213,0
19,1214,0
19,1215,0
19,1216,0
19,1217,0
19,1218,0
19,1219,0
19,1220,0
19,1221,0
19,1222,0
19,1223,0
19,1224,0
19,1225,0
19,1226,0
19,1227,0
19,1228,0
19,1229,0
19,1230,0
19,1231,0
19,1232,0
19,1233,0
19,1234,0
19,1235,0
19,1236,0
19,1237,0
19,1238,0
19,1239,0
19,1240,0
19,1241,0
19,1242,0
19,1243,0
19,1244,0
19,1245,0
19,1246,0
19,1247,0
19,1248,0
19,1249,0
19,1250,0
19,1251,0
19,1252,0
19,1253,0
19,1254,0
19,1255,0
19,1256,0
19,1257,0
19,1258,0
19,1259,0
19,1260,0
19,1261,0
19,1262,0
19,1263,0
19,1264,0
19,1265,0
19,1266,0
19,1267,0
19,1268,0
19,1269,0
19,1270,0
19,1271,0
19,1272,0
19,1273,0
19,1274,0
19,1275,0
19,1276,0
19,1277,0
19,1278,0
19,1279,0
19,1280,0
19,1281,0
19,1282,0
19,1283,0
19,1284,0
19,1285,0
19,1286,0
19,1287,0
19,1288,0
19,1289,0
19,1290,0
19,1291,0
19,1292,0
19,1293,0
19,1294,0
19,1295,0
19,1296,0
19,1297,0
19,1298,0
19,1299,0
19,1300,0
19,1301,0
19,1302,0
19,1303,0
19,1304,0
19,1305,0
19,1306,0
19,1307,0
19,1308,0
19,1309,0
19,1310,0
19,1311,0
19,1312,0
19,1313,0
19,1314,0
19,1315,0
19,1316,0
19,1317,0
19,1318,0
19,1319,0
19,1320,0
19,1321,0
19,1322,0
19,1323,0
19,1324,0
19,1325,0
19,1326,0
19,1327,0
19,1328,0
19,1329,0
19,1330,0
19,1331,0
19,1332,0
19,1333,0
19,1334,0
19,1335,0
19,1336,0
19,1337,0
19,1338,0
19,1339,0
19,1340,0
19,1341,0
19,1342,0
19,1343,0
19,1344,0
19,1345,0
19,1346,0
19,1347,0
19,1348,0
19,1349,0
19,1350,0
19,1351,0
19,1352,0
19,1353,0
19,1354,0
19,1355,0
19,1356,0
19,1357,0
19,1358,0
19,1359,0
19,1360,0
19,1361,0
19,1362,0
19,1363,0
19,1364,0
19,1365,0
19,1366,0
19,1367,0
19,1368,0
19,1369,0
19,1370,0
19,1371,0
19,1372,0
19,1373,0
19,1374,0
19,1375,0
19,1376,0
19,1377,0
19,1378,0
19,1379,0
19,1380,0
19,1381,0
19,1382,0
19,1383,0
19,1384,0
19,1385,0
19,1386,0
19,1387,0
19,1388,0
19,1389,0
19,1390,0
19,1391,0
19,1392,0
19,1393,0
19,1394,0
19,1395,0
19,1396,0
19,1397,0
19,1398,0
19,1399,0
19,1400,0
19,1401,0
19,1402,0
19,1403,0
19,1404,0
19,1405,0
19,1406,0
19,1407,0
19,1408,0
19,1409,0
19,1410,0
19,1411,0
19,1412,0
19,1413,0
19,1414,0
19,1415,0
19,1416,0
19,1417,0
19,1418,0
19,1419,0
19,1420,0
19,1421,0
19,1422,0
19,1423,0
19,1424,0
19,1425,0
19,1426,0
19,1427,0
19,1428,0
19,1429,0
19,1430,0
19,1431,0
19,1432,0
19,1433,0
19,1434,0
19,1435,0
19,1436,0
19,1437,0
19,1438,0
19,1439,0
19,1440,0
19,1441,0
19,1442,0
19,1443,0
19,1444,0
19,1445,0
19,1446,0
19,1447,0
19,1448,0
19,1449,0
19,1450,0
19,1451,0
19,1452,0
19,1453,0
19,1454,0
19,1455,0
19,1456,0
19,1457,0
19,1458,0
19,1459,0
19,1460,0
19,1461,0
19,1462,0
19,1463,0
19,1464,0
19,1465,0
19,1466,0
19,1467,0
19,1468,0
19,1469,0
19,1470,0
19,1471,0
19,1472,0
19,1473,0
19,1474,0
19,1475,0
19,1476,0
19,1477,0
19,1478,0
19,1479,0
19,1480,0
19,1481,0
19,1482,0
19,1483,0
19,1484,0
19,1485,0
19,1486,0
19,1487,0
19,1488,0
19,1489,0
19,1490,0
19,1491,0
19,1492,0
19,1493,0
19,1494,0
19,1495,0
19,1496,0
19,1497,0
19,1498,0
19,1499,0
19,1500,0
19,1501,0
19,1502,0
19,1503,0
19,1504,0
19,1505,0
19,1506,0
19,1507,0
19,1508,0
19,1509,0
19,1510,0
19,1511,0
19,1512,0
19,1513,0
19,1514,0
19,1515,0
19,1516,0
19,1517,0
19,1518,0
19,1519,0
19,1520,0
19,1521,0
19,1522,0
19,1523,0
19,1524,0
19,1525,0
19,1526,0
19,1527,0
19,1528,0
19,1529,0
19,1530,0
19,1531,0
19,1532,0
19,1533,0
19,1534,0
19,1535,0
19,1536,0
19,1537,0
19,1538,0
19,1539,0
19,1540,0
19,1541,0
19,1542,0
19,1543,0
19,1544,0
19,1545,0
19,1546,0
19,1547,0
19,1548,0
19,1549,0
19,1550,0
19,1551,0
19,1552,0
19,1553,0
19,1554,0
19,1555,0
19,1556,0
19,1557,0
19,1558,0
19,1559,0
19,1560,0
19,1561,0
19,1562,0
19,1563,0
19,1564,0
19,1565,0
19,1566,0
19,1567,0
19,1568,0
19,1569,0
19,1570,0
19,1571,0
19,1572,0
19,1573,0
19,1574,0
19,1575,0
19,1576,0
19,1577,0
19,1578,0
19,1579,0
19,1580,0
19,1581,0
19,1582,0
19,1583,0
19,1584,0
19,1585,0
19,1586,0
19,1587,0
19,1588,0
19,1589,0
19,1590,0
19,1591,0
19,1592,0
19,1593,0
19,1594,0
19,1595,0
19,1596,0
19,1597,0
19,1598,0
19,1599,0
19,1600,0
19,1601,0
19,1602,0
19,1603,0
19,1604,0
19,1605,0
19,1606,0
19,1607,0
19,1608,0
19,1609,0
19,1610,0
19,1611,0
19,1612,0
19,1613,0
19,1614,0
19,1615,0
19,1616,0
19,1617,0
19,1618,0
19,1619,0
19,1620,0
19,1621,0
19,1622,0
19,1623,0
19,1624,0
19,1625,0
19,1626,0
19,1627,0
19,1628,0
19,1629,0
19,1630,0
19,1631,0
19,1632,0
19,1633,0
19,1634,0
19,1635,0
19,1636,0
19,1637,0
19,1638,0
19,1639,0
19,1640,0
19,1641,0
19,1642,0
19,1643,0
19,1644,0
19,1645,0
19,1646,0
19,1647,0
19,1648,0
19,1649,0
19,1650,0
19,1651,0
19,1652,0
19,1653,0
19,1654,0
19,1655,0
19,1656,0
19,1657,0
19,1658,0
19,1659,0
19,1660,0
19,1661,0
19,1662,0
19,1663,0
19,1664,0
19,1665,0
19,1666,0
19,1667,0
19,1668,0
19,1669,0
19,1670,0
19,1671,0
19,1672,0
19,1673,0
19,1674,0
19,1675,0
19,1676,0
19,1677,0
19,1678,0
19,1679,0
19,1680,0
19,1681,0
19,1682,0
19,1683,0
19,1684,0
19,1685,0
19,1686,0
19,1687,0
19,1688,0
19,1689,0
19,1690,0
19,1691,0
19,1692,0
19,1693,0
19,1694,0
19,1695,0
19,1696,0
19,1697,0
19,1698,0
19,1699,0
19,1700,0
19,1701,0
19,1702,0
19,1703,0
19,1704,0
19,1705,0
19,1706,0
19,1707,0
19,1708,0
19,1709,0
19,1710,0
19,1711,0
19,1712,0
19,1713,0
19,1714,0
19,1715,0
19,1716,0
19,1717,0
19,1718,0
19,1719,0
19,1720,0
19,1721,0
19,1722,0
19,1723,0
19,1724,0
19,1725,0
19,1726,0
19,1727,0
19,1728,0
19,1729,0
19,1730,0
19,1731,0
19,1732,0
19,1733,0
19,1734,0
19,1735,0
19,1736,0
19,1737,0
19,1738,0
19,1739,0
19,1740,0
19,1741,0
19,1742,0
19,1743,0
19,1744,0
19,1745,0
19,1746,0
19,1747,0
19,1748,0
19,1749,0
19,1750,0
19,1751,0
19,1752,0
19,1753,0
19,1754,0
19,1755,0
19,1756,0
19,1757,0
19,1758,0
19,1759,0
19,1760,0
19,1761,0
19,1762,0
19,1763,0
19,1764,0
19,1765,0
19,1766,0
19,1767,0
19,1768,0
19,1769,0
19,1770,0
19,1771,0
19,1772,0
19,1773,0
19,1774,0
19,1775,0
19,1776,0
19,1777,0
19,1778,0
19,1779,0
19,1780,0
19,1781,0
19,1782,0
19,1783,0
19,1784,0
19,1785,0
19,1786,0
19,1787,0
19,1788,0
19,1789,0
19,1790,0
19,1791,0
19,1792,0
19,1793,0
19,1794,0
19,1795,0
19,1796,0
19,1797,0
19,1798,0
19,1799,0
19,1800,0
19,1801,0
19,1802,0
19,1803,0
19,1804,0
19,1805,0
19,1806,0
19,1807,0
19,1808,0
19,1809,0
19,1810,0
19,1811,0
19,1812,0
19,1813,0
19,1814,0
19,1815,0
19,1816,0
19,1817,0
19,1818,0
19,1819,0
19,1820,0
19,1821,0
19,1822,0
19,1823,0
19,1824,0
19,1825,0
19,1826,0
19,1827,0
19,1828,0
19,1829,0
19,1830,0
19,1831,0
19,1832,0
19,1833,0
19,1834,0
19,1835,0
19,1836,0
19,1837,0
19,1838,0
19,1839,0
19,1840,0
19,1841,0
19,1842,0
19,1843,0
19,1844,0
19,1845,0
19,1846,0
19,1847,0
19,1848,0
19,1849,0
19,1850,0
19,1851,0
19,1852,0
19,1853,0
19,1854,0
19,1855,0
19,1856,0
19,1857,0
19,1858,0
19,1859,0
19,1860,0
19,1861,0
19,1862,0
19,1863,0
19,1864,0
19,1865,0
19,1866,0
19,1867,0
19,1868,0
19,1869,0
19,1870,0
19,1871,0
19,1872,0
19,1873,0
19,1874,0
19,1875,0
19,1876,0
19,1877,0
19,1878,0
19,1879,0
19,1880,0
19,1881,0
19,1882,0
19,1883,0
19,1884,0
19,1885,0
19,1886,0
19,1887,0
19,1888,0
19,1889,0
19,1890,0
19,1891,0
19,1892,0
19,1893,0
19,1894,0
19,1895,0
19,1896,0
19,1897,0
19,1898,0
19,1899,0
19,1900,0
19,1901,0
19,1902,0
19,1903,0
19,1904,0
19,1905,0
19,1906,0
19,1907,0
19,1908,0
19,1909,0
19,1910,0
19,1911,0
19,1912,0
19,1913,0
19,1914,0
19,1915,0
19,1916,0
19,1917,0
19,1918,0
19,1919,0
19,1920,0
19,1921,0
19,1922,0
19,1923,0
19,1924,0
19,1925,0
19,1926,0
19,1927,0
19,1928,0
19,1929,0
19,1930,0
19,1931,0
19,1932,0
19,1933,0
19,1934,0
19,1935,0
19,1936,0
19,1937,0
19,1938,0
19,1939,0
19,1940,0
19,1941,0
19,1942,0
19,1943,0
19,1944,0
19,1945,0
19,1946,0
19,1947,0
19,1948,0
19,1949,0
19,1950,0
19,1951,0
19,1952,0
19,1953,0
19,1954,0
19,1955,0
19,1956,0
19,1957,0
19,1958,0
19,1959,0
19,1960,0
19,1961,0
19,1962,0
19,1963,0
19,1964,0
19,1965,0
19,1966,0
19,1967,0
19,1968,0
19,1969,0
19,1970,0
19,1971,0
19,1972,0
19,1973,0
19,1974,0
19,1975,0
19,1976,0
19,1977,0
19,1978,0
19,1979,0
19,1980,0
19,1981,0
19,1982,0
19,1983,0
19,1984,0
19,1985,0
19,1986,0
19,1987,0
19,1988,0
19,1989,0
19,1990,0
19,1991,0
19,1992,0
19,1993,0
19,1994,0
19,1995,0
19,1996,0
19,1997,0
19,1998,0
19,1999,0
19,2000,0
19,2001,0
19,2002,0
19,2003,0
19,2004,0
19,2005,0
19,2006,0
19,2007,0
19,2008,0
19,2009,0
19,2010,0
19,2011,0
19,2012,0
19,2013,0
19,2014,0
19,2015,0
19,2016,0
19,2017,0
19,2018,0
19,2019,0
19,2020,0
19,2021,0
19,2022,0
19,2023,0
19,2024,0
19,2025,0
19,2026,0
19,2027,0
19,2028,0
19,2029,0
19,2030,0
19,2031,0
19,2032,0
19,2033,0
19,2034,0
19,2035,0
19,2036,0
19,2037,0
19,2038,0
19,2039,0
19,2040,0
19,2041,0
19,2042,0
19,2043,0
19,2044,0
19,2045,0
19,2046,0
19,2047,0
19,2048,0
19,2049,0
19,2050,0
19,2051,0
19,2052,0
19,2053,0
19,2054,0
19,2055,0
19,2056,0
19,2057,0
19,2058,0
19,2059,0
19,2060,0
19,2061,0
19,2062,0
19,2063,0
19,2064,0
19,2065,0
19,2066,0
19,2067,0
19,2068,0
19,2069,0
19,2070,0
19,2071,0
19,2072,0
19,2073,0
19,2074,0
19,2075,0
19,2076,0
19,2077,0
19,2078,0
19,2079,0
19,2080,0
19,2081,0
19,2082,0
19,2083,0
19,2084,0
19,2085,0
19,2086,0
19,2087,0
19,2088,0
19,2089,0
19,2090,0
19,2091,0
19,2092,0
19,2093,0
19,2094,0
19,2095,0
19,2096,0
19,2097,0
19,2098,0
19,2099,0
19,2100,0
19,2101,0
19,2102,0
19,2103,0
19,2104,0
19,2105,0
19,2106,0
19,2107,0
19,2108,0
19,2109,0
19,2110,0
19,2111,0
19,2112,0
19,2113,0
19,2114,0
19,2115,0
19,2116,0
19,2117,0
19,2118,0
19,2119,0
19,2120,0
19,2121,0
19,2122,0
19,2123,0
19,2124,0
19,2125,0
19,2126,0
19,2127,0
19,2128,0
19,2129,0
19,2130,0
19,2131,0
19,2132,0
19,2133,0
19,2134,0
19,2135,0
19,2136,0
19,2137,0
19,2138,0
19,2139,0
19,2140,0
19,2141,0
19,2142,0
19,2143,0
19,2144,0
19,2145,0
19,2146,0
19,2147,0
19,2148,0
19,2149,0
19,2150,0
19,2151,0
19,2152,0
19,2153,0
19,2154,0
19,2155,0
19,2156,0
19,2157,0
19,2158,0
19,2159,0
19,2160,0
19,2161,0
19,2162,0
19,2163,0
19,2164,0
19,2165,0
19,2166,0
19,2167,0
19,2168,0
19,2169,0
19,2170,0
19,2171,0
19,2172,0
19,2173,0
19,2174,0
19,2175,0
19,2176,0
19,2177,0
19,2178,0
19,2179,0
19,2180,0
19,2181,0
19,2182,0
19,2183,0
19,2184,0
19,2185,0
19,2186,0
19,2187,0
19,2188,0
19,2189,0
19,2190,0
19,2191,0
19,2192,0
19,2193,0
19,2194,0
19,2195,0
19,2196,0
19,2197,0
19,2198,0
19,2199,0
19,2200,0
19,2201,0
19,2202,0
19,2203,0
19,2204,0
19,2205,0
19,2206,0
19,2207,0
19,2208,0
19,2209,0
19,2210,0
19,2211,0
19,2212,0
19,2213,0
19,2214,0
19,2215,0
19,2216,0
19,2217,0
19,2218,0
19,2219,0
19,2220,0
19,2221,0
19,2222,0
19,2223,0
19,2224,0
19,2225,0
19,2226,0
19,2227,0
19,2228,0
19,2229,0
19,2230,0
19,2231,0
19,2232,0
19,2233,0
20,0,0
20,1,0
20,2,0
20,3,0
20,4,0
20,5,0
20,6,0
20,7,0
20,8,0
20,9,0
20,10,0
20,11,0
20,12,0
20,13,0
20,14,0
20,15,0
20,16,0
20,17,0
20,18,0
20,19,0
20,20,0
20,21,0
20,22,0
20,23,0
20,24,0
20,25,0
20,26,0
20,27,0
20,28,0
20,29,0
20,30,0
20,31,0
20,32,0
20,33,0
20,34,0
20,35,0
20,36,0
20,37,0
20,38,0
20,39,0
20,40,0
20,41,0
20,42,0
20,43,0
20,44,0
20,45,0
20,46,0
20,47,0
20,48,0
20,49,0
20,50,0
20,51,0
20,52,0
20,53,0
20,54,0
20,55,0
20,56,0
20,57,0
20,58,0
20,59,0
20,60,0
20,61,0
20,62,0
20,63,0
20,64,0
20,65,0
20,66,0
20,67,0
20,68,0
20,69,0
20,70,0
20,71,0
20,72,0
20,73,0
20,74,0
20,75,0
20,76,0
20,77,0
20,78,0
20,79,0
20,80,0
20,81,0
20,82,0
20,83,0
20,84,0
20,85,0
20,86,0
20,87,0
20,88,0
20,89,0
20,90,0
20,91,0
20,92,0
20,93,0
20,94,0
20,95,0
20,96,0
20,97,0
20,98,0
20,99,0
20,100,0
20,101,0
20,102,0
20,103,0
20,104,0
20,105,0
20,106,0
20,107,0
20,108,0
20,109,0
20,110,0
20,111,0
20,112,0
20,113,0
20,114,0
20,115,0
20,116,0
20,117,0
20,118,0
20,119,0
20,120,0
20,121,0
20,122,0
20,123,0
20,124,0
20,125,0
20,126,0
20,127,0
20,128,0
20,129,0
20,130,0
20,131,0
20,132,0
20,133,0
20,134,0
20,135,0
20,136,0
20,137,0
20,138,0
20,139,0
20,140,0
20,141,0
20,142,0
20,143,0
20,144,0
20,145,0
20,146,0
20,147,0
20,148,0
20,149,0
20,150,0
20,151,0
20,152,0
20,153,0
20,154,0
20,155,0
20,156,0
20,157,0
20,158,0
20,159,0
20,160,0
20,161,0
20,162,0
20,163,0
20,164,0
20,165,0
20,166,0
20,167,0
20,168,0
20,169,0
20,170,0
20,171,0
20,172,0
20,173,0
20,174,0
20,175,0
20,176,0
20,177,0
20,178,0
20,179,0
20,180,0
20,181,0
20,182,0
20,183,0
20,184,0
20,185,0
20,186,0
20,187,0
20,188,0
20,189,0
20,190,0
20,191,0
20,192,0
20,193,0
20,194,0
20,195,0
20,196,0
20,197,0
20,198,0
20,199,0
20,200,0
20,201,0
20,202,0
20,203,0
20,204,0
20,205,0
20,206,0
20,207,0
20,208,0
20,209,0
20,210,0
20,211,0
20,212,0
20,213,0
20,214,0
20,215,0
20,216,0
20,217,0
20,218,0
20,219,0
20,220,0
20,221,0
20,222,0
20,223,0
20,224,0
20,225,0
20,226,0
20,227,0
20,228,0
20,229,0
20,230,0
20,231,0
20,232,0
20,233,0
20,234,0
20,235,0
20,236,0
20,237,0
20,238,0
20,239,0
20,240,0
20,241,0
20,242,0
20,243,0
20,244,0
20,245,0
20,246,0
20,247,0
20,248,0
20,249,0
20,250,0
20,251,0
20,252,0
20,253,0
20,254,0
20,255,0
20,256,0
20,257,0
20,258,0
20,259,0
20,260,0
20,261,0
20,262,0
20,263,0
20,264,0
20,265,0
20,266,0
20,267,0
20,268,0
20,269,0
20,270,0
20,271,0
20,272,0
20,273,0
20,274,0
20,275,0
20,276,0
20,277,0
20,278,0
20,279,0
20,280,0
20,281,0
20,282,0
20,283,0
20,284,0
20,285,0
20,286,0
20,287,0
20,288,0
20,289,0
20,290,0
20,291,0
20,292,0
20,293,0
20,294,0
20,295,0
20,296,0
20,297,0
20,298,0
20,299,0
20,300,0
20,301,0
20,302,0
20,303,0
20,304,0
20,305,0
20,306,0
20,307,0
20,308,0
20,309,0
20,310,0
20,311,0
20,312,0
20,313,0
20,314,0
20,315,0
20,316,0
20,317,0
20,318,0
20,319,0
20,320,0
20,321,0
20,322,0
20,323,0
20,324,0
20,325,0
20,326,0
20,327,0
20,328,0
20,329,0
20,330,0
20,331,0
20,332,0
20,333,0
20,334,0
20,335,0
20,336,0
20,337,0
20,338,0
20,339,0
20,340,0
20,341,0
20,342,0
20,343,0
20,344,0
20,345,0
20,346,0
20,347,0
20,348,0
20,349,0
20,350,0
20,351,0
20,352,0
20,353,0
20,354,0
20,355,0
20,356,0
20,357,0
20,358,0
20,359,0
20,360,0
20,361,0
20,362,0
20,363,0
20,364,0
20,365,0
20,366,0
20,367,0
20,368,0
20,369,0
20,370,0
20,371,0
20,372,0
20,373,0
20,374,0
20,375,0
20,376,0
20,377,0
20,378,0
20,379,0
20,380,0
20,381,0
20,382,0
20,383,0
20,384,0
20,385,0
20,386,0
20,387,0
20,388,0
20,389,0
20,390,0
20,391,0
20,392,0
20,393,0
20,394,0
20,395,0
20,396,0
20,397,0
20,398,0
20,399,0
20,400,0
20,401,0
20,402,0
20,403,0
20,404,0
20,405,0
20,406,0
20,407,0
20,408,0
20,409,0
20,410,0
20,411,0
20,412,0
20,413,0
20,414,0
20,415,0
20,416,0
20,417,0
20,418,0
20,419,0
20,420,0
20,421,0
20,422,0
20,423,0
20,424,0
20,425,0
20,426,0
20,427,0
20,428,0
20,429,0
20,430,0
20,431,0
20,432,0
20,433,0
20,434,0
20,435,0
20,436,0
20,437,0
20,438,0
20,439,0
20,440,0
20,441,0
20,442,0
20,443,0
20,444,0
20,445,0
20,446,0
20,447,0
20,448,0
20,449,0
20,450,0
20,451,0
20,452,0
20,453,0
20,454,0
20,455,0
20,456,0
20,457,0
20,458,0
20,459,0
20,460,0
20,461,0
20,462,0
20,463,0
20,464,0
20,465,0
20,466,0
20,467,0
20,468,0
20,469,0
20,470,0
20,471,0
20,472,0
20,473,0
20,474,0
20,475,0
20,476,0
20,477,0
20,478,0
20,479,0
20,480,0
20,481,0
20,482,0
20,483,0
20,484,0
20,485,0
20,486,0
20,487,0
20,488,0
20,489,0
20,490,0
20,491,0
20,492,0
20,493,0
20,494,0
20,495,0
20,496,0
20,497,0
20,498,0
20,499,0
20,500,0
20,501,0
20,502,0
20,503,0
20,504,0
20,505,0
20,506,0
20,507,0
20,508,0
20,509,0
20,510,0
20,511,0
20,512,0
20,513,0
20,514,0
20,515,0
20,516,0
20,517,0
20,518,0
20,519,0
20,520,0
20,521,0
20,522,0
20,523,0
20,524,0
20,525,0
20,526,0
20,527,0
20,528,0
20,529,0
20,530,0
20,531,0
20,532,0
20,533,0
20,534,0
20,535,0
20,536,0
20,537,0
20,538,0
20,539,0
20,540,0
20,541,0
20,542,0
20,543,0
20,544,0
20,545,0
20,546,0
20,547,0
20,548,0
20,549,0
20,550,0
20,551,0
20,552,0
20,553,0
20,554,0
20,555,0
20,556,0
20,557,0
20,558,0
20,559,0
20,560,0
20,561,0
20,562,0
20,563,0
20,564,0
20,565,0
20,566,0
20,567,0
20,568,0
20,569,0
20,570,0
20,571,0
20,572,0
20,573,0
20,574,0
20,575,0
20,576,0
20,577,0
20,578,0
20,579,0
20,580,0
20,581,0
20,582,0
20,583,0
20,584,0
20,585,0
20,586,0
20,587,0
20,588,0
20,589,0
20,590,0
20,591,0
20,592,0
20,593,0
20,594,0
20,595,0
20,596,0
20,597,0
20,598,0
20,599,0
20,600,0
20,601,0
20,602,0
20,603,0
20,604,0
20,605,0
20,606,0
20,607,0
20,608,0
20,609,0
20,610,0
20,611,0
20,612,0
20,613,0
20,614,0
20,615,0
20,616,0
20,617,0
20,618,0
20,619,0
20,620,0
20,621,0
20,622,0
20,623,0
20,624,0
20,625,0
20,626,0
20,627,0
20,628,0
20,629,0
20,630,0
20,631,0
20,632,0
20,633,0
20,634,0
20,635,0
20,636,0
20,637,0
20,638,0
20,639,0
20,640,0
20,641,0
20,642,0
20,643,0
20,644,0
20,645,0
20,646,0
20,647,0
20,648,0
20,649,0
20,650,0
20,651,0
20,652,0
20,653,0
20,654,0
20,655,0
20,656,0
20,657,0
20,658,0
20,659,0
20,660,0
20,661,0
20,662,0
20,663,0
20,664,0
20,665,0
20,666,0
20,667,0
20,668,0
20,669,0
20,670,0
20,671,0
20,672,0
20,673,0
20,674,0
20,675,0
20,676,0
20,677,0
20,678,0
20,679,0
20,680,0
20,681,0
20,682,0
20,683,0
20,684,0
20,685,0
20,686,0
20,687,0
20,688,0
20,689,0
20,690,0
20,691,0
20,692,0
20,693,0
20,694,0
20,695,0
20,696,0
20,697,0
20,698,0
20,699,0
20,700,0
20,701,0
20,702,0
20,703,0
20,704,0
20,705,0
20,706,0
20,707,0
20,708,0
20,709,0
20,710,0
20,711,0
20,712,0
20,713,0
20,714,0
20,715,0
20,716,0
20,717,0
20,718,0
20,719,0
20,720,0
20,721,0
20,722,0
20,723,0
20,724,0
20,725,0
20,726,0
20,727,0
20,728,0
20,729,0
20,730,0
20,731,0
20,732,0
20,733,0
20,734,0
20,735,0
20,736,0
20,737,0
20,738,0
20,739,0
20,740,0
20,741,0
20,742,0
20,743,0
20,744,0
20,745,0
20,746,0
20,747,0
20,748,0
20,749,0
20,750,0
20,751,0
20,752,0
20,753,0
20,754,0
20,755,0
20,756,0
20,757,0
20,758,0
20,759,0
20,760,0
20,761,0
20,762,0
20,763,0
20,764,0
20,765,0
20,766,0
20,767,0
20,768,0
20,769,0
20,770,0
20,771,0
20,772,0
20,773,0
20,774,0
20,775,0
20,776,0
20,777,0
20,778,0
20,779,0
20,780,0
20,781,0
20,782,0
20,783,0
20,784,0
20,785,0
20,786,0
20,787,0
20,788,0
20,789,0
20,790,0
20,791,0
20,792,0
20,793,0
20,794,0
20,795,0
20,796,0
20,797,0
20,798,0
20,799,0
20,800,0
20,801,0
20,802,0
20,803,0
20,804,0
20,805,0
20,806,1.34025e-06
20,807,0
20,808,0
20,809,0
20,810,0
20,811,0
20,812,0
20,813,0
20,814,0
20,815,0
20,816,0
20,817,0
20,818,0
20,819,0
20,820,0
20,821,0
20,822,0
20,823,0
20,824,0
20,825,0
20,826,0
20,827,0
20,828,0
20,829,0
20,830,0
20,831,0
20,832,0
20,833,0
20,834,0
20,835,0
20,836,0
20,837,0
20,838,0
20,839,0
20,840,8.70676e-07
20,841,0
20,842,0
20,843,0
20,844,0
20,845,0
20,846,0
20,847,0
20,848,0
20,849,0
20,850,0
20,851,0
20,852,0
20,853,0
20,854,0
20,855,0
20,856,0
20,857,0
20,858,0
20,859,0
20,860,0
20,861,3.41422e-06
20,862,0
20,863,0
20,864,0
20,865,0
20,866,0
20,867,0
20,868,0
20,869,0
20,870,0
20,871,0
20,872,0
20,873,0
20,874,0
20,875,0
20,876,0
20,877,0
20,878,0
20,879,0
20,880,0
20,881,0
20,882,0
20,883,0
20,884,0
20,885,0
20,886,0
20,887,0
20,888,0
20,889,0
20,890,0
20,891,0
20,892,0
20,893,0
20,894,0
20,895,4.686e-06
20,896,0
20,897,0
20,898,0
20,899,0
20,900,0
20,901,0
20,902,0
20,903,0
20,904,0
20,905,0
20,906,0
20,907,0
20,908,0
20,909,0
20,910,0
20,911,0
20,912,0
20,913,0
20,914,0
20,915,0
20,916,3.06204e-06
20,917,0
20,918,0
20,919,0
20,920,0
20,921,0
20,922,0
20,923,0
20,924,0
20,925,0
20,926,0
20,927,0
20,928,0
20,929,1.24243e-06
20,930,0
20,931,0
20,932,0
20,933,0
20,934,0
20,935,0
20,936,0
20,937,0
20,938,0
20,939,0
20,940,0
20,941,0
20,942,0
20,943,0
20,944,0
20,945,0
20,946,0
20,947,0
20,948,0
20,949,0
20,950,6.07517e-06
20,951,0
20,952,0
20,953,0
20,954,0
20,955,0
20,956,0
20,957,0
20,958,0
20,959,0
20,960,0
20,961,0
20,962,0
20,963,0
20,964,0
20,965,0
20,966,0
20,967,0
20,968,0
20,969,0
20,970,0
20,971,2.35767e-06
20,972,0
20,973,0
20,974,0
20,975,0
20,976,0
20,977,0
20,978,0
20,979,0
20,980,0
20,981,0
20,982,0
20,983,0
20,984,6.98497e-06
20,985,0
20,986,0
20,987,0
20,988,0
20,989,0
20,990,0
20,991,0
20,992,0
20,993,0
20,994,0
20,995,0
20,996,0
20,997,0
20,998,0
20,999,0
20,1000,0
20,1001,0
20,1002,0
20,1003,0
20,1004,0
20,1005,8.5698e-06
20,1006,0
20,1007,0
20,1008,0
20,1009,0
20,1010,0
20,1011,0
20,1012,0
20,1013,0
20,1014,0
20,1015,0
20,1016,0
20,1017,0
20,1018,2.12288e-06
20,1019,0
20,1020,0
20,1021,0
20,1022,0
20,1023,0
20,1024,0
20,1025,0
20,1026,0
20,1027,0
20,1028,0
20,1029,0
20,1030,0
20,1031,0
20,1032,0
20,1033,0
20,1034,0
20,1035,0
20,1036,0
20,1037,0
20,1038,0
20,1039,8.20783e-06
20,1040,0
20,1041,0
20,1042,0
20,1043,0
20,1044,0
20,1045,0
20,1046,0
20,1047,0
20,1048,0
20,1049,0
20,1050,0
20,1051,0
20,1052,0
20,1053,0
20,1054,0
20,1055,0
20,1056,0
20,1057,0
20,1058,0
20,1059,0
20,1060,3.03269e-06
20,1061,0
20,1062,0
20,1063,0
20,1064,0
20,1065,0
20,1066,0
20,1067,0
20,1068,0
20,1069,0
20,1070,0
20,1071,0
20,1072,0
20,1073,2.97399e-06
20,1074,0
20,1075,0
20,1076,0
20,1077,0
20,1078,0
20,1079,0
20,1080,0
20,1081,0
20,1082,0
20,1083,0
20,1084,0
20,1085,0
20,1086,0
20,1087,0
20,1088,0
20,1089,0
20,1090,0
20,1091,0
20,1092,0
20,1093,0
20,1094,7.18063e-06
20,1095,0
20,1096,0
20,1097,0
20,1098,0
20,1099,0
20,1100,0
20,1101,0
20,1102,0
20,1103,0
20,1104,0
20,1105,0
20,1106,0
20,1107,0
20,1108,0
20,1109,0
20,1110,0
20,1111,0
20,1112,0
20,1113,0
20,1114,0
20,1115,6.26104e-07
20,1116,0
20,1117,0
20,1118,0
20,1119,0
20,1120,0
20,1121,0
20,1122,0
20,1123,0
20,1124,0
20,1125,0
20,1126,0
20,1127,0
20,1128,6.83823e-06
20,1129,0
20,1130,0
20,1131,0
20,1132,0
20,1133,0
20,1134,0
20,1135,0
20,1136,0
20,1137,0
20,1138,0
20,1139,0
20,1140,0
20,1141,0
20,1142,0
20,1143,0
20,1144,0
20,1145,0
20,1146,0
20,1147,0
20,1148,0
20,1149,3.69793e-06
20,1150,0
20,1151,0
20,1152,0
20,1153,0
20,1154,0
20,1155,0
20,1156,0
20,1157,0
20,1158,0
20,1159,0
20,1160,0
20,1161,0
20,1162,1.69244e-06
20,1163,0
20,1164,0
20,1165,0
20,1166,0
20,1167,0
20,1168,0
20,1169,0
20,1170,0
20,1171,0
20,1172,0
20,1173,0
20,1174,0
20,1175,0
20,1176,0
20,1177,0
20,1178,0
20,1179,0
20,1180,0
20,1181,0
20,1182,0
20,1183,4.40229e-06
20,1184,0
20,1185,0
20,1186,0
20,1187,0
20,1188,0
20,1189,0
20,1190,0
20,1191,0
20,1192,0
20,1193,0
20,1194,0
20,1195,0
20,1196,0
20,1197,0
20,1198,0
20,1199,0
20,1200,0
20,1201,0
20,1202,0
20,1203,0
20,1204,0
20,1205,0
20,1206,0
20,1207,0
20,1208,0
20,1209,0
20,1210,0
20,1211,0
20,1212,0
20,1213,0
20,1214,0
20,1215,0
20,1216,0
20,1217,1.17395e-06
20,1218,0
20,1219,0
20,1220,0
20,1221,0
20,1222,0
20,1223,0
20,1224,0
20,1225,0
20,1226,0
20,1227,0
20,1228,0
20,1229,0
20,1230,0
20,1231,0
20,1232,0
20,1233,0
20,1234,0
20,1235,0
20,1236,0
20,1237,0
20,1238,1.27177e-06
20,1239,0
20,1240,0
20,1241,0
20,1242,0
20,1243,0
20,1244,0
20,1245,0
20,1246,0
20,1247,0
20,1248,0
20,1249,0
20,1250,0
20,1251,0
20,1252,0
20,1253,0
20,1254,0
20,1255,0
20,1256,0
20,1257,0
20,1258,0
20,1259,0
20,1260,0
20,1261,0
20,1262,0
20,1263,0
20,1264,0
20,1265,0
20,1266,0
20,1267,0
20,1268,0
20,1269,0
20,1270,0
20,1271,0
20,1272,7.53281e-07
20,1273,0
20,1274,0
20,1275,0
20,1276,0
20,1277,0
20,1278,0
20,1279,0
20,1280,0
20,1281,0
20,1282,0
20,1283,0
20,1284,0
20,1285,0
20,1286,0
20,1287,0
20,1288,0
20,1289,0
20,1290,0
20,1291,0
20,1292,0
20,1293,0
20,1294,0
20,1295,0
20,1296,0
20,1297,0
20,1298,0
20,1299,0
20,1300,0
20,1301,0
20,1302,0
20,1303,0
20,1304,0
20,1305,0
20,1306,0
20,1307,0
20,1308,0
20,1309,0
20,1310,0
20,1311,0
20,1312,0
20,1313,0
20,1314,0
20,1315,0
20,1316,0
20,1317,0
20,1318,0
20,1319,0
20,1320,0
20,1321,0
20,1322,0
20,1323,0
20,1324,0
20,1325,0
20,1326,0
20,1327,0
20,1328,0
20,1329,0
20,1330,0
20,1331,0
20,1332,0
20,1333,0
20,1334,0
20,1335,0
20,1336,0
20,1337,0
20,1338,0
20,1339,0
20,1340,0
20,1341,0
20,1342,0
20,1343,0
20,1344,0
20,1345,0
20,1346,0
20,1347,0
20,1348,0
20,1349,0
20,1350,0
20,1351,0
20,1352,0
20,1353,0
20,1354,0
20,1355,0
20,1356,0
20,1357,0
20,1358,0
20,1359,0
20,1360,0
20,1361,0
20,1362,0
20,1363,0
20,1364,0
20,1365,0
20,1366,0
20,1367,0
20,1368,0
20,1369,0
20,1370,0
20,1371,0
20,1372,0
20,1373,0
20,1374,0
20,1375,0
20,1376,0
20,1377,0
20,1378,0
20,1379,0
20,1380,0
20,1381,0
20,1382,0
20,1383,0
20,1384,0
20,1385,0
20,1386,0
20,1387,0
20,1388,0
20,1389,0
20,1390,0
20,1391,0
20,1392,0
20,1393,0
20,1394,0
20,1395,0
20,1396,0
20,1397,0
20,1398,0
20,1399,0
20,1400,0
20,1401,0
20,1402,0
20,1403,0
20,1404,0
20,1405,0
20,1406,0
20,1407,0
20,1408,0
20,1409,0
20,1410,0
20,1411,0
20,1412,0
20,1413,0
20,1414,0
20,1415,0
20,1416,0
20,1417,0
20,1418,0
20,1419,0
20,1420,0
20,1421,0
20,1422,0
20,1423,0
20,1424,0
20,1425,0
20,1426,0
20,1427,0
20,1428,0
20,1429,0
20,1430,0
20,1431,0
20,1432,0
20,1433,0
20,1434,0
20,1435,0
20,1436,0
20,1437,0
20,1438,0
20,1439,0
20,1440,0
20,1441,0
20,1442,0
20,1443,0
20,1444,0
20,1445,0
20,1446,0
20,1447,0
20,1448,0
20,1449,0
20,1450,0
20,1451,0
20,1452,0
20,1453,0
20,1454,0
20,1455,0
20,1456,0
20,1457,0
20,1458,0
20,1459,0
20,1460,0
20,1461,0
20,1462,0
20,1463,0
20,1464,0
20,1465,0
20,1466,0
20,1467,0
20,1468,0
20,1469,0
20,1470,0
20,1471,0
20,1472,0
20,1473,0
20,1474,0
20,1475,0
20,1476,0
20,1477,0
20,1478,0
20,1479,0
20,1480,0
20,1481,0
20,1482,0
20,1483,0
20,1484,0
20,1485,0
20,1486,0
20,1487,0
20,1488,0
20,1489,0
20,1490,0
20,1491,0
20,1492,0
20,1493,0
20,1494,0
20,1495,0
20,1496,0
20,1497,0
20,1498,0
20,1499,0
20,1500,0
20,1501,0
20,1502,0
20,1503,0
20,1504,0
20,1505,0
20,1506,0
20,1507,0
20,1508,0
20,1509,0
20,1510,0
20,1511,0
20,1512,0
20,1513,0
20,1514,0
20,1515,0
20,1516,0
20,1517,0
20,1518,0
20,1519,0
20,1520,0
20,1521,0
20,1522,0
20,1523,0
20,1524,0
20,1525,0
20,1526,0
20,1527,0
20,1528,0
20,1529,0
20,1530,0
20,1531,0
20,1532,0
20,1533,0
20,1534,0
20,1535,0
20,1536,0
20,1537,0
20,1538,0
20,1539,0
20,1540,0
20,1541,0
20,1542,0
20,1543,0
20,1544,0
20,1545,0
20,1546,0
20,1547,0
20,1548,0
20,1549,0
20,1550,0
20,1551,0
20,1552,0
20,1553,0
20,1554,0
20,1555,0
20,1556,0
20,1557,0
20,1558,0
20,1559,0
20,1560,0
20,1561,0
20,1562,0
20,1563,0
20,1564,0
20,1565,0
20,1566,0
20,1567,0
20,1568,0
20,1569,0
20,1570,0
20,1571,0
20,1572,0
20,1573,0
20,1574,0
20,1575,0
20,1576,0
20,1577,0
20,1578,0
20,1579,0
20,1580,0
20,1581,0
20,1582,0
20,1583,0
20,1584,0
20,1585,0
20,1586,0
20,1587,0
20,1588,0
20,1589,0
20,1590,0
20,1591,0
20,1592,0
20,1593,0
20,1594,0
20,1595,0
20,1596,0
20,1597,0
20,1598,0
20,1599,0
20,1600,0
20,1601,0
20,1602,0
20,1603,0
20,1604,0
20,1605,0
20,1606,0
20,1607,0
20,1608,0
20,1609,0
20,1610,0
20,1611,0
20,1612,0
20,1613,0
20,1614,0
20,1615,0
20,1616,0
20,1617,0
20,1618,0
20,1619,0
20,1620,0
20,1621,0
20,1622,0
20,1623,0
20,1624,0
20,1625,0
20,1626,0
20,1627,0
20,1628,0
20,1629,0
20,1630,0
20,1631,0
20,1632,0
20,1633,0
20,1634,0
20,1635,0
20,1636,0
20,1637,0
20,1638,0
20,1639,0
20,1640,0
20,1641,0
20,1642,0
20,1643,0
20,1644,0
20,1645,0
20,1646,0
20,1647,0
20,1648,0
20,1649,0
20,1650,0
20,1651,0
20,1652,0
20,1653,0
20,1654,0
20,1655,0
20,1656,0
20,1657,0
20,1658,0
20,1659,0
20,1660,0
20,1661,0
20,1662,0
20,1663,0
20,1664,0
20,1665,0
20,1666,0
20,1667,0
20,1668,0
20,1669,0
20,1670,0
20,1671,0
20,1672,0
20,1673,0
20,1674,0
20,1675,0
20,1676,0
20,1677,0
20,1678,0
20,1679,0
20,1680,0
20,1681,0
20,1682,0
20,1683,0
20,1684,0
20,1685,0
20,1686,0
20,1687,0
20,1688,0
20,1689,0
20,1690,0
20,1691,0
20,1692,0
20,1693,0
20,1694,0
20,1695,0
20,1696,0
20,1697,0
20,1698,0
20,1699,0
20,1700,0
20,1701,0
20,1702,0
20,1703,0
20,1704,0
20,1705,0
20,1706,0
20,1707,0
20,1708,0
20,1709,0
20,1710,0
20,1711,0
20,1712,0
20,1713,0
20,1714,0
20,1715,0
20,1716,0
20,1717,0
20,1718,0
20,1719,0
20,1720,0
20,1721,0
20,1722,0
20,1723,0
20,1724,0
20,1725,0
20,1726,0
20,1727,0
20,1728,0
20,1729,0
20,1730,0
20,1731,0
20,1732,0
20,1733,0
20,1734,0
20,1735,0
20,1736,0
20,1737,0
20,1738,0
20,1739,0
20,1740,0
20,1741,0
20,1742,0
20,1743,0
20,1744,0
20,1745,0
20,1746,0
20,1747,0
20,1748,0
20,1749,0
20,1750,0
20,1751,0
20,1752,0
20,1753,0
20,1754,0
20,1755,0
20,1756,0
20,1757,0
20,1758,0
20,1759,0
20,1760,0
20,1761,0
20,1762,0
20,1763,0
20,1764,0
20,1765,0
20,1766,0
20,1767,0
20,1768,0
20,1769,0
20,1770,0
20,1771,0
20,1772,0
20,1773,0
20,1774,0
20,1775,0
20,1776,0
20,1777,0
20,1778,0
20,1779,0
20,1780,0
20,1781,0
20,1782,0
20,1783,0
20,1784,0
20,1785,0
20,1786,0
20,1787,0
20,1788,0
20,1789,0
20,1790,0
20,1791,0
20,1792,0
20,1793,0
20,1794,0
20,1795,0
20,1796,0
20,1797,0
20,1798,0
20,1799,0
20,1800,0
20,1801,0
20,1802,0
20,1803,0
20,1804,0
20,1805,0
20,1806,0
20,1807,0
20,1808,0
20,1809,0
20,1810,0
20,1811,0
20,1812,0
20,1813,0
20,1814,0
20,1815,0
20,1816,0
20,1817,0
20,1818,0
20,1819,0
20,1820,0
20,1821,0
20,1822,0
20,1823,0
20,1824,0
20,1825,0
20,1826,0
20,1827,0
20,1828,0
20,1829,0
20,1830,0
20,1831,0
20,1832,0
20,1833,0
20,1834,0
20,1835,0
20,1836,0
20,1837,0
20,1838,0
20,1839,0
20,1840,0
20,1841,0
20,1842,0
20,1843,0
20,1844,0
20,1845,0
20,1846,0
20,1847,0
20,1848,0
20,1849,0
20,1850,0
20,1851,0
20,1852,0
20,1853,0
20,1854,0
20,1855,0
20,1856,0
20,1857,0
20,1858,0
20,1859,0
20,1860,0
20,1861,0
20,1862,0
20,1863,0
20,1864,0
20,1865,0
20,1866,0
20,1867,0
20,1868,0
20,1869,0
20,1870,0
20,1871,0
20,1872,0
20,1873,0
20,1874,0
20,1875,0
20,1876,0
20,1877,0
20,1878,0
20,1879,0
20,1880,0
20,1881,0
20,1882,0
20,1883,0
20,1884,0
20,1885,0
20,1886,0
20,1887,0
20,1888,0
20,1889,0
20,1890,0
20,1891,0
20,1892,0
20,1893,0
20,1894,0
20,1895,0
20,1896,0
20,1897,0
20,1898,0
20,1899,0
20,1900,0
20,1901,0
20,1902,0
20,1903,0
20,1904,0
20,1905,0
20,1906,0
20,1907,0
20,1908,0
20,1909,0
20,1910,0
20,1911,0
20,1912,0
20,1913,0
20,1914,0
20,1915,0
20,1916,0
20,1917,0
20,1918,0
20,1919,0
20,1920,0
20,1921,0
20,1922,0
20,1923,0
20,1924,0
20,1925,0
20,1926,0
20,1927,0
20,1928,0
20,1929,0
20,1930,0
20,1931,0
20,1932,0
20,1933,0
20,1934,0
20,1935,0
20,1936,0
20,1937,0
20,1938,0
20,1939,0
20,1940,0
20,1941,0
20,1942,0
20,1943,0
20,1944,0
20,1945,0
20,1946,0
20,1947,0
20,1948,0
20,1949,0
20,1950,0
20,1951,0
20,1952,0
20,1953,0
20,1954,0
20,1955,0
20,1956,0
20,1957,0
20,1958,0
20,1959,0
20,1960,0
20,1961,0
20,1962,0
20,1963,0
20,1964,0
20,1965,0
20,1966,0
20,1967,0
20,1968,0
20,1969,0
20,1970,0
20,1971,0
20,1972,0
20,1973,0
20,1974,0
20,1975,0
20,1976,0
20,1977,0
20,1978,0
20,1979,0
20,1980,0
20,1981,0
20,1982,0
20,1983,0
20,1984,0
20,1985,0
20,1986,0
20,1987,0
20,1988,0
20,1989,0
20,1990,0
20,1991,0
20,1992,0
20,1993,0
20,1994,0
20,1995,0
20,1996,0
20,1997,0
20,1998,0
20,1999,0
20,2000,0
20,2001,0
20,2002,0
20,2003,0
20,2004,0
20,2005,0
20,2006,0
20,2007,0
20,2008,0
20,2009,0
20,2010,0
20,2011,0
20,2012,0
20,2013,0
20,2014,0
20,2015,0
20,2016,0
20,2017,0
20,2018,0
20,2019,0
20,2020,0
20,2021,0
20,2022,0
20,2023,0
20,2024,0
20,2025,0
20,2026,0
20,2027,0
20,2028,0
20,2029,0
20,2030,0
20,2031,0
20,2032,0
20,2033,0
20,2034,0
20,2035,0
20,2036,0
20,2037,0
20,2038,0
20,2039,0
20,2040,0
20,2041,0
20,2042,0
20,2043,0
20,2044,0
20,2045,0
20,2046,0
20,2047,0
20,2048,0
20,2049,0
20,2050,0
20,2051,0
20,2052,0
20,2053,0
20,2054,0
20,2055,0
20,2056,0
20,2057,0
20,2058,0
20,2059,0
20,2060,0
20,2061,0
20,2062,0
20,2063,0
20,2064,0
20,2065,0
20,2066,0
20,2067,0
20,2068,0
20,2069,0
20,2070,0
20,2071,0
20,2072,0
20,2073,0
20,2074,0
20,2075,0
20,2076,0
20,2077,0
20,2078,0
20,2079,0
20,2080,0
20,2081,0
20,2082,0
20,2083,0
20,2084,0
20,2085,0
20,2086,0
20,2087,0
20,2088,0
20,2089,0
20,2090,0
20,2091,0
20,2092,0
20,2093,0
20,2094,0
20,2095,0
20,2096,0
20,2097,0
20,2098,0
20,2099,0
20,2100,0
20,2101,0
20,2102,0
20,2103,0
20,2104,0
20,2105,0
20,2106,0
20,2107,0
20,2108,0
20,2109,0
20,2110,0
20,2111,0
20,2112,0
20,2113,0
20,2114,0
20,2115,0
20,2116,0
20,2117,0
20,2118,0
20,2119,0
20,2120,0
20,2121,0
20,2122,0
20,2123,0
20,2124,0
20,2125,0
20,2126,0
20,2127,0
20,2128,0
20,2129,0
20,2130,0
20,2131,0
20,2132,0
20,2133,0
20,2134,0
20,2135,0
20,2136,0
20,2137,0
20,2138,0
20,2139,0
20,2140,0
20,2141,0
20,2142,0
20,2143,0
20,2144,0
20,2145,0
20,2146,0
20,2147,0
20,2148,0
20,2149,0
20,2150,0
20,2151,0
20,2152,0
20,2153,0
20,2154,0
20,2155,0
20,2156,0
20,2157,0
20,2158,0
20,2159,0
20,2160,0
20,2161,0
20,2162,0
20,2163,0
20,2164,0
20,2165,0
20,2166,0
20,2167,0
20,2168,0
20,2169,0
20,2170,0
20,2171,0
20,2172,0
20,2173,0
20,2174,0
20,2175,0
20,2176,0
20,2177,0
20,2178,0
20,2179,0
20,2180,0
20,2181,0
20,2182,0
20,2183,0
20,2184,0
20,2185,0
20,2186,0
20,2187,0
20,2188,0
20,2189,0
20,2190,0
20,2191,0
20,2192,0
20,2193,0
20,2194,0
20,2195,0
20,2196,0
20,2197,0
20,2198,0
20,2199,0
20,2200,0
20,2201,0
20,2202,0
20,2203,0
20,2204,0
20,2205,0
20,2206,0
20,2207,0
20,2208,0
20,2209,0
20,2210,0
20,2211,0
20,2212,0
20,2213,0
20,2214,0
20,2215,0
20,2216,0
20,2217,0
20,2218,0
20,2219,0
20,2220,0
20,2221,0
20,2222,0
20,2223,0
20,2224,0
20,2225,0
20,2226,0
20,2227,0
20,2228,0
20,2229,0
20,2230,0
20,2231,0
20,2232,0
20,2233,0
21,0,0
21,1,0
21,2,0
21,3,0
21,4,0
21,5,0
21,6,0
21,7,0
21,8,0
21,9,0
21,10,7.80673e-06
21,11,0
21,12,0
21,13,0
21,14,0
21,15,7.16106e-05
21,16,0
21,17,0
21,18,8.10316e-05
21,19,0
21,20,0
21,21,0
21,22,0
21,23,1.63863e-05
21,24,0
21,25,0
21,26,0
21,27,0
21,28,5.21427e-05
21,29,0
21,30,0
21,31,7.73532e-05
21,32,0
21,33,0
21,34,0
21,35,0
21,36,3.22639e-05
21,37,0
21,38,0
21,39,4.15674e-05
21,40,0
21,41,0
21,42,0
21,43,0
21,44,3.24107e-05
21,45,0
21,46,0
21,47,0
21,48,0
21,49,0.000623453
21,50,0
21,51,0
21,52,0.00065646
21,53,0
21,54,0
21,55,0
21,56,0
21,57,2.18941e-05
21,58,0
21,59,0
21,60,0
21,61,0
21,62,0
21,63,0
21,64,0
21,65,7.55727e-05
21,66,0
21,67,0
21,68,0
21,69,0
21,70,0.000689477
21,71,0
21,72,0
21,73,0.000717701
21,74,0
21,75,0
21,76,0
21,77,0
21,78,5.84527e-05
21,79,0
21,80,0
21,81,0
21,82,0
21,83,0.000111241
21,84,0
21,85,0
21,86,0.000205656
21,87,0
21,88,0
21,89,0
21,90,0
21,91,7.5964e-05
21,92,0
21,93,0
21,94,7.50151e-05
21,95,0
21,96,0
21,97,0
21,98,0
21,99,0.000111955
21,100,0
21,101,0
21,102,0
21,103,0
21,104,0.000105919
21,105,0
21,106,0
21,107,0.000202026
21,108,0
21,109,0
21,110,0
21,111,0
21,112,6.2268e-05
21,113,0
21,114,0
21,115,0
21,116,0
21,117,0
21,118,0
21,119,0
21,120,0.000136814
21,121,0
21,122,0
21,123,0
21,124,0
21,125,0.000133155
21,126,0
21,127,0
21,128,0.000187636
21,129,0
21,130,0
21,131,0
21,132,0
21,133,0.000122169
21,134,0
21,135,0
21,136,0
21,137,0
21,138,8.94253e-05
21,139,0
21,140,0
21,141,0.000234065
21,142,0
21,143,0
21,144,0
21,145,0
21,146,3.78891e-05
21,147,0
21,148,0
21,149,1.77951e-05
21,150,0
21,151,0
21,152,0
21,153,0
21,154,0.000160987
21,155,0
21,156,0
21,157,0
21,158,0
21,159,9.37591e-05
21,160,0
21,161,0
21,162,0.000203415
21,163,0
21,164,0
21,165,0
21,166,0
21,167,9.51189e-05
21,168,0
21,169,0
21,170,0
21,171,0
21,172,0
21,173,0
21,174,0
21,175,0.000164029
21,176,0
21,177,0
21,178,0
21,179,0
21,180,1.30601e-05
21,181,0
21,182,0
21,183,5.34536e-05
21,184,0
21,185,0
21,186,0
21,187,0
21,188,0.000152447
21,189,0
21,190,0
21,191,0
21,192,0
21,193,1.47232e-05
21,194,0
21,195,0
21,196,0.000167434
21,197,0
21,198,0
21,199,0
21,200,0
21,201,6.4792e-05
21,202,0
21,203,0
21,204,1.31482e-05
21,205,0
21,206,0
21,207,0
21,208,0
21,209,0.000183566
21,210,0
21,211,0
21,212,0
21,213,0
21,214,0
21,215,0
21,216,0
21,217,9.41895e-05
21,218,0
21,219,0
21,220,0
21,221,0
21,222,0.000130416
21,223,0
21,224,0
21,225,0
21,226,0
21,227,0
21,228,0
21,229,0
21,230,0.000178674
21,231,0
21,232,0
21,233,0
21,234,0
21,235,2.71181e-05
21,236,0
21,237,0
21,238,4.6048e-05
21,239,0
21,240,0
21,241,0
21,242,0
21,243,0.000179594
21,244,0
21,245,0
21,246,0
21,247,0
21,248,0
21,249,0
21,250,0
21,251,0.000144004
21,252,0
21,253,0
21,254,0
21,255,0
21,256,8.77133e-05
21,257,0
21,258,0
21,259,8.24696e-06
21,260,0
21,261,0
21,262,0
21,263,0
21,264,0.000195071
21,265,0
21,266,0
21,267,0
21,268,0
21,269,2.8566e-06
21,270,1.83918e-06
21,271,0
21,272,9.2184e-05
21,273,0
21,274,0
21,275,0
21,276,0
21,277,0.000156193
21,278,0
21,279,0
21,280,0
21,281,0
21,282,0
21,283,0
21,284,0
21,285,0.00017976
21,286,0
21,287,0
21,288,0
21,289,0
21,290,4.16066e-05
21,291,6.78932e-06
21,292,0
21,293,3.76152e-05
21,294,0
21,295,0
21,296,0
21,297,0
21,298,0.000195951
21,299,0
21,300,0
21,301,0
21,302,0
21,303,0
21,304,6.44691e-06
21,305,0
21,306,0.000138124
21,307,0
21,308,0
21,309,0
21,310,0
21,311,0.000113432
21,312,6.81866e-06
21,313,0
21,314,1.68265e-06
21,315,0
21,316,0
21,317,0
21,318,0
21,319,0.000202261
21,320,0
21,321,0
21,322,0
21,323,0
21,324,1.08688e-05
21,325,1.71983e-05
21,326,0
21,327,7.92022e-05
21,328,0
21,329,0
21,330,0
21,331,0
21,332,0.00017617
21,333,0
21,334,0
21,335,0
21,336,0
21,337,0
21,338,5.89907e-06
21,339,0
21,340,0.000177735
21,341,0
21,342,0
21,343,0
21,344,0
21,345,6.49779e-05
21,346,2.41344e-05
21,347,0
21,348,2.20115e-05
21,349,0
21,350,0
21,351,0
21,352,0
21,353,0.000203895
21,354,0
21,355,0
21,356,0
21,357,0
21,358,0
21,359,2.04071e-05
21,360,0
21,361,0.00012704
21,362,0
21,363,0
21,364,0
21,365,0
21,366,0.000133116
21,367,2.08962e-05
21,368,0
21,369,0
21,370,0
21,371,0
21,372,6.94584e-07
21,373,0
21,374,0.000196871
21,375,0
21,376,0
21,377,0
21,378,0
21,379,2.12093e-05
21,380,3.69499e-05
21,381,0
21,382,6.53496e-05
21,383,0
21,384,0
21,385,0
21,386,0
21,387,0.000184495
21,388,5.23384e-06
21,389,0
21,390,0
21,391,0
21,392,0
21,393,2.02799e-05
21,394,0
21,395,0.000163296
21,396,0
21,397,0
21,398,0
21,399,0
21,400,8.46023e-05
21,401,4.52067e-05
21,402,0
21,403,1.37058e-05
21,404,0
21,405,0
21,406,0
21,407,0
21,408,0.000200637
21,409,0
21,410,0
21,411,0
21,412,0
21,413,0
21,414,5.59483e-05
21,415,0
21,416,0.000108512
21,417,0
21,418,0
21,419,0
21,420,0
21,421,0.000147438
21,422,3.46412e-05
21,423,0
21,424,0
21,425,0
21,426,0
21,427,1.71983e-05
21,428,0
21,429,0.000185581
21,430,0
21,431,0
21,432,0
21,433,0
21,434,2.95541e-05
21,435,8.3761e-05
21,436,0
21,437,4.80144e-05
21,438,0
21,439,0
21,440,0
21,441,0
21,442,0.00018563
21,443,1.11427e-05
21,444,0
21,445,0
21,446,0
21,447,0
21,448,6.8529e-05
21,449,0
21,450,0.000146655
21,451,0
21,452,0
21,453,0
21,454,0
21,455,9.53146e-05
21,456,8.22838e-05
21,457,0
21,458,3.01313e-06
21,459,0
21,460,0
21,461,9.73396e-06
21,462,0
21,463,0.000192097
21,464,0
21,465,0
21,466,0
21,467,0
21,468,1.91744e-06
21,469,0.000109196
21,470,0
21,471,8.48077e-05
21,472,0
21,473,0
21,474,0
21,475,0
21,476,0.000150646
21,477,4.99122e-05
21,478,0
21,479,0
21,480,0
21,481,0
21,482,5.96755e-05
21,483,0
21,484,0.000170692
21,485,0
21,486,0
21,487,0
21,488,0
21,489,4.31523e-05
21,490,0.000132891
21,491,0
21,492,2.3792e-05
21,493,0
21,494,0
21,495,0
21,496,0
21,497,0.000176796
21,498,1.2659e-05
21,499,0
21,500,0
21,501,0
21,502,0
21,503,0.000112435
21,504,0
21,505,0.000125289
21,506,0
21,507,0
21,508,0
21,509,0
21,510,0.000101517
21,511,0.000116406
21,512,0
21,513,0
21,514,0
21,515,0
21,516,3.7713e-05
21,517,0
21,518,0.000175094
21,519,0
21,520,0
21,521,0
21,522,0
21,523,9.04916e-06
21,524,0.000173039
21,525,0
21,526,6.13875e-05
21,527,0
21,528,0
21,529,0
21,530,0
21,531,0.000147095
21,532,6.1593e-05
21,533,0
21,534,0
21,535,0
21,536,0
21,537,0.000104716
21,538,0
21,539,0.000146146
21,540,0
21,541,0
21,542,0
21,543,0
21,544,5.44319e-05
21,545,0.00018787
21,546,0
21,547,9.92962e-06
21,548,0
21,549,0
21,550,1.78146e-05
21,551,0
21,552,0.000165839
21,553,1.23362e-05
21,554,0
21,555,0
21,556,0
21,557,0
21,558,0.000194063
21,559,0
21,560,9.732e-05
21,561,0
21,562,0
21,563,0
21,564,0
21,565,0.000101605
21,566,0.000143368
21,567,0
21,568,0
21,569,0
21,570,0
21,571,9.47863e-05
21,572,0
21,573,0.000155176
21,574,0
21,575,0
21,576,0
21,577,0
21,578,1.32264e-05
21,579,0.000250001
21,580,0
21,581,3.89358e-05
21,582,0
21,583,0
21,584,0
21,585,0
21,586,0.000135737
21,587,6.61029e-05
21,588,0
21,589,0
21,590,0
21,591,0
21,592,0.000200578
21,593,0
21,594,0.000121953
21,595,0
21,596,0
21,597,0
21,598,0
21,599,5.66918e-05
21,600,0.000235934
21,601,0
21,602,0
21,603,0
21,604,0
21,605,5.83353e-05
21,606,0
21,607,0.000147105
21,608,9.12742e-06
21,609,0
21,610,0
21,611,0
21,612,0
21,613,0.000296108
21,614,0
21,615,6.54181e-05
21,616,0
21,617,0
21,618,0
21,619,0
21,620,9.54124e-05
21,621,0.000159842
21,622,0
21,623,0
21,624,0
21,625,0
21,626,0.000170799
21,627,0
21,628,0.000132392
21,629,0
21,630,0
21,631,0
21,632,0
21,633,1.622e-05
21,634,0.000328636
21,635,0
21,636,1.30406e-05
21,637,0
21,638,0
21,639,2.53572e-05
21,640,0
21,641,0.00012166
21,642,6.06832e-05
21,643,0
21,644,0
21,645,0
21,646,0
21,647,0.000307075
21,648,0
21,649,9.2771e-05
21,650,0
21,651,0
21,652,0
21,653,0
21,654,5.28667e-05
21,655,0.000275378
21,656,0
21,657,0
21,658,0
21,659,0
21,660,0.000131942
21,661,0
21,662,0.000126766
21,663,1.38917e-06
21,664,0
21,665,0
21,666,0
21,667,0
21,668,0.00040008
21,669,0
21,670,3.90043e-05
21,671,0
21,672,0
21,673,0
21,674,0
21,675,8.69208e-05
21,676,0.000162767
21,677,0
21,678,0
21,679,0
21,680,0
21,681,0.000283351
21,682,0
21,683,0.000102573
21,684,0
21,685,0
21,686,0
21,687,0
21,688,1.85972e-05
21,689,0.00039019
21,690,0
21,691,1.1446e-06
21,692,0
21,693,0
21,694,8.20979e-05
21,695,0
21,696,0.000105557
21,697,4.83568e-05
21,698,0
21,699,0
21,700,0
21,701,0
21,702,0.000433254
21,703,0
21,704,5.90592e-05
21,705,0
21,706,0
21,707,0
21,708,0
21,709,4.70752e-05
21,710,0.000287705
21,711,0
21,712,0
21,713,0
21,714,0
21,715,0.000231072
21,716,0
21,717,0.000101419
21,718,0
21,719,0
21,720,0
21,721,0
21,722,0
21,723,0.00049156
21,724,0
21,725,1.47526e-05
21,726,0
21,727,0
21,728,2.82432e-05
21,729,0
21,730,7.37629e-05
21,731,0.000147633
21,732,0
21,733,0
21,734,0
21,735,0
21,736,0.000423041
21,737,0
21,738,7.34792e-05
21,739,0
21,740,0
21,741,0
21,742,0
21,743,1.64548e-05
21,744,0.000430652
21,745,0
21,746,0
21,747,0
21,748,0
21,749,0.000160038
21,750,0
21,751,8.43969e-05
21,752,3.32324e-05
21,753,0
21,754,0
21,755,0
21,756,0
21,757,0.000559082
21,758,0
21,759,3.40053e-05
21,760,0
21,761,0
21,762,0
21,763,0
21,764,3.92489e-05
21,765,0.000284222
21,766,0
21,767,0
21,768,0
21,769,0
21,770,0.000367386
21,771,0
21,772,7.42716e-05
21,773,0
21,774,0
21,775,0
21,776,0
21,777,0
21,778,0.000565607
21,779,0
21,780,1.75113e-06
21,781,0
21,782,0
21,783,9.31036e-05
21,784,0
21,785,6.09082e-05
21,786,0.000122599
21,787,0
21,788,0
21,789,0
21,790,0
21,791,0.00057265
21,792,0
21,793,4.39642e-05
21,794,0
21,795,0
21,796,0
21,797,0
21,798,1.2346e-05
21,799,0.000448007
21,800,0
21,801,0
21,802,0
21,803,0
21,804,0.000279174
21,805,0
21,806,6.53007e-05
21,807,1.81668e-05
21,808,0
21,809,0
21,810,0
21,811,0
21,812,0.000662741
21,813,0
21,814,1.0409e-05
21,815,0
21,816,0
21,817,2.65507e-05
21,818,0
21,819,3.12563e-05
21,820,0.000262445
21,821,0
21,822,0
21,823,0
21,824,0
21,825,0.000526475
21,826,0
21,827,4.70654e-05
21,828,0
21,829,0
21,830,0
21,831,0
21,832,0
21,833,0.000599093
21,834,0
21,835,0
21,836,0
21,837,0
21,838,0.00017976
21,839,0
21,840,4.77111e-05
21,841,8.81339e-05
21,842,0
21,843,0
21,844,0
21,845,0
21,846,0.000709141
21,847,0
21,848,2.0231e-05
21,849,0
21,850,0
21,851,0
21,852,0
21,853,8.38392e-06
21,854,0.000426866
21,855,0
21,856,0
21,857,0
21,858,0
21,859,0.000430945
21,860,0
21,861,4.4473e-05
21,862,5.0871e-07
21,863,0
21,864,0
21,865,0
21,866,0
21,867,0.000733001
21,868,0
21,869,4.20664e-07
21,870,0
21,871,0
21,872,8.8897e-05
21,873,0
21,874,2.23734e-05
21,875,0.00021626
21,876,0
21,877,0
21,878,0
21,879,0
21,880,0.000686053
21,881,0
21,882,2.57094e-05
21,883,0
21,884,0
21,885,0
21,886,0
21,887,0
21,888,0.000605081
21,889,0
21,890,0
21,891,0
21,892,0
21,893,0.00030188
21,894,0
21,895,3.05715e-05
21,896,4.91589e-05
21,897,0
21,898,0
21,899,0
21,900,0
21,901,0.000815579
21,902,0
21,903,5.6545e-06
21,904,0
21,905,0
21,906,2.01723e-05
21,907,0
21,908,5.09688e-06
21,909,0.000385758
21,910,0
21,911,0
21,912,0
21,913,0
21,914,0.000594593
21,915,0
21,916,2.44768e-05
21,917,0
21,918,0
21,919,0
21,920,0
21,921,0
21,922,0.000764453
21,923,0
21,924,0
21,925,0
21,926,0
21,927,0.000182773
21,928,0
21,929,1.42439e-05
21,930,0.000166221
21,931,0
21,932,0
21,933,0
21,934,0
21,935,0.000827436
21,936,0
21,937,8.19805e-06
21,938,0
21,939,0
21,940,0
21,941,0
21,942,0
21,943,0.000573325
21,944,0
21,945,0
21,946,0
21,947,0
21,948,0.000458602
21,949,0
21,950,1.48993e-05
21,951,2.83508e-05
21,952,0
21,953,0
21,954,0
21,955,0
21,956,0.000100382
21,957,0
21,958,0
21,959,0
21,960,0
21,961,6.9253e-05
21,962,0
21,963,1.54569e-06
21,964,0.000325789
21,965,0
21,966,0
21,967,0
21,968,0
21,969,0.000758554
21,970,0
21,971,8.10022e-06
21,972,0
21,973,0
21,974,0
21,975,0
21,976,0
21,977,0.000750347
21,978,0
21,979,0
21,980,0
21,981,0
21,982,0.000295443
21,983,0
21,984,8.09044e-06
21,985,0.000111906
21,986,0
21,987,0
21,988,0
21,989,0
21,990,0.000146459
21,991,0
21,992,0
21,993,0
21,994,0
21,995,7.40564e-06
21,996,0
21,997,0
21,998,0.000510598
21,999,0
21,1000,0
21,1001,0
21,1002,0
21,1003,0.000622093
21,1004,0
21,1005,7.09258e-06
21,1006,2.59246e-06
21,1007,0
21,1008,0
21,1009,0
21,1010,0
21,1011,0.000118089
21,1012,0
21,1013,0
21,1014,0
21,1015,0
21,1016,0.000161574
21,1017,0
21,1018,0
21,1019,0.000248524
21,1020,0
21,1021,0
21,1022,0
21,1023,0
21,1024,0.000110732
21,1025,0
21,1026,3.61966e-07
21,1027,0
21,1028,0
21,1029,0
21,1030,0
21,1031,0
21,1032,0.000701285
21,1033,0
21,1034,0
21,1035,0
21,1036,0
21,1037,0.000446794
21,1038,0
21,1039,1.70222e-06
21,1040,5.18492e-05
21,1041,0
21,1042,0
21,1043,0
21,1044,0
21,1045,0.000201625
21,1046,0
21,1047,0
21,1048,0
21,1049,0
21,1050,4.49914e-05
21,1051,0
21,1052,0
21,1053,0.000427561
21,1054,0
21,1055,0
21,1056,0
21,1057,0
21,1058,0.000772906
21,1059,0
21,1060,0
21,1061,0
21,1062,0
21,1063,0
21,1064,0
21,1065,0
21,1066,8.95916e-05
21,1067,0
21,1068,0
21,1069,0
21,1070,0
21,1071,0.000270741
21,1072,0
21,1073,0
21,1074,0.000172511
21,1075,0
21,1076,0
21,1077,0
21,1078,0
21,1079,0.000202046
21,1080,0
21,1081,0
21,1082,0
21,1083,0
21,1084,0
21,1085,0
21,1086,0
21,1087,0.000617622
21,1088,0
21,1089,0
21,1090,0
21,1091,0
21,1092,0.000598643
21,1093,0
21,1094,0
21,1095,2.52692e-05
21,1096,0
21,1097,0
21,1098,0
21,1099,0
21,1100,0.000204824
21,1101,0
21,1102,0
21,1103,0
21,1104,0
21,1105,0.000129046
21,1106,0
21,1107,0
21,1108,0.000331346
21,1109,0
21,1110,0
21,1111,0
21,1112,0
21,1113,0.000115506
21,1114,0
21,1115,0
21,1116,0
21,1117,0
21,1118,0
21,1119,0
21,1120,0
21,1121,0.00079614
21,1122,0
21,1123,0
21,1124,0
21,1125,0
21,1126,0.000394035
21,1127,0
21,1128,0
21,1129,0.000101947
21,1130,0
21,1131,0
21,1132,0
21,1133,0
21,1134,0.000242801
21,1135,0
21,1136,0
21,1137,0
21,1138,0
21,1139,3.03954e-05
21,1140,0
21,1141,0
21,1142,0.000514129
21,1143,0
21,1144,0
21,1145,0
21,1146,0
21,1147,0.000733657
21,1148,0
21,1149,0
21,1150,0
21,1151,0
21,1152,0
21,1153,0
21,1154,0
21,1155,0.000156937
21,1156,0
21,1157,0
21,1158,0
21,1159,0
21,1160,0.000218843
21,1161,0
21,1162,0
21,1163,0.000231522
21,1164,0
21,1165,0
21,1166,0
21,1167,0
21,1168,0.000192194
21,1169,0
21,1170,0
21,1171,0
21,1172,0
21,1173,0
21,1174,0
21,1175,0
21,1176,0.00069117
21,1177,0
21,1178,0
21,1179,0
21,1180,0
21,1181,0.000532756
21,1182,0
21,1183,0
21,1184,4.14403e-05
21,1185,0
21,1186,0
21,1187,0
21,1188,0
21,1189,0.000231169
21,1190,0
21,1191,0
21,1192,0
21,1193,0
21,1194,7.03487e-05
21,1195,0
21,1196,0
21,1197,0.000394465
21,1198,0
21,1199,0
21,1200,0
21,1201,0
21,1202,5.64765e-05
21,1203,0
21,1204,0
21,1205,0
21,1206,0
21,1207,0
21,1208,0
21,1209,0
21,1210,6.77171e-05
21,1211,0
21,1212,0
21,1213,0
21,1214,0
21,1215,0.00032846
21,1216,0
21,1217,0
21,1218,0.000142781
21,1219,0
21,1220,0
21,1221,0
21,1222,0
21,1223,0.000217865
21,1224,0
21,1225,0
21,1226,0
21,1227,0
21,1228,6.21213e-06
21,1229,0
21,1230,0
21,1231,0.000562016
21,1232,0
21,1233,0
21,1234,0
21,1235,0
21,1236,0.000646443
21,1237,0
21,1238,0
21,1239,1.12112e-05
21,1240,0
21,1241,0
21,1242,0
21,1243,0
21,1244,0.000168177
21,1245,0
21,1246,0
21,1247,0
21,1248,0
21,1249,0.000168579
21,1250,0
21,1251,0
21,1252,0.000274899
21,1253,0
21,1254,0
21,1255,0
21,1256,0
21,1257,0.000117825
21,1258,0
21,1259,0
21,1260,0
21,1261,0
21,1262,0
21,1263,0
21,1264,0
21,1265,0.000720294
21,1266,0
21,1267,0
21,1268,0
21,1269,0
21,1270,0.000430769
21,1271,0
21,1272,0
21,1273,6.38039e-05
21,1274,0
21,1275,0
21,1276,0
21,1277,0
21,1278,0.000190649
21,1279,0
21,1280,0
21,1281,0
21,1282,0
21,1283,4.44925e-05
21,1284,0
21,1285,0
21,1286,0.00043479
21,1287,0
21,1288,0
21,1289,0
21,1290,0
21,1291,0.000728805
21,1292,0
21,1293,0
21,1294,0
21,1295,0
21,1296,0
21,1297,0
21,1298,0
21,1299,5.56254e-05
21,1300,0
21,1301,0
21,1302,0
21,1303,0
21,1304,0.000238076
21,1305,0
21,1306,0
21,1307,0.000169439
21,1308,0
21,1309,0
21,1310,0
21,1311,0
21,1312,0.000127295
21,1313,0
21,1314,0
21,1315,0
21,1316,0
21,1317,0
21,1318,0
21,1319,0
21,1320,0.000575722
21,1321,0
21,1322,0
21,1323,0
21,1324,0
21,1325,0.000524069
21,1326,0
21,1327,0
21,1328,2.01527e-05
21,1329,0
21,1330,0
21,1331,0
21,1332,0
21,1333,0.000111124
21,1334,0
21,1335,0
21,1336,0
21,1337,0
21,1338,9.05699e-05
21,1339,0
21,1340,0
21,1341,0.000296353
21,1342,0
21,1343,0
21,1344,0
21,1345,0
21,1346,0.000768777
21,1347,0
21,1348,0
21,1349,0
21,1350,0
21,1351,0
21,1352,0
21,1353,0
21,1354,0.000698898
21,1355,0
21,1356,0
21,1357,0
21,1358,0
21,1359,0.000323539
21,1360,0
21,1361,0
21,1362,8.20196e-05
21,1363,0
21,1364,0
21,1365,0
21,1366,0
21,1367,8.54925e-05
21,1368,0
21,1369,0
21,1370,0
21,1371,0
21,1372,1.35884e-05
21,1373,0
21,1374,0
21,1375,0.000430192
21,1376,0
21,1377,0
21,1378,0
21,1379,0
21,1380,0.000582482
21,1381,0
21,1382,0
21,1383,0
21,1384,0
21,1385,0
21,1386,0
21,1387,0
21,1388,0.000771096
21,1389,0
21,1390,0
21,1391,0
21,1392,0
21,1393,0.000163237
21,1394,0
21,1395,0
21,1396,0.000181697
21,1397,0
21,1398,0
21,1399,0
21,1400,0
21,1401,0.00076282
21,1402,0
21,1403,0
21,1404,0
21,1405,0
21,1406,0
21,1407,0
21,1408,0
21,1409,0.00054294
21,1410,0
21,1411,0
21,1412,0
21,1413,0
21,1414,0.000386238
21,1415,0
21,1416,0
21,1417,2.46431e-05
21,1418,0
21,1419,0
21,1420,0
21,1421,0
21,1422,0.000775528
21,1423,0
21,1424,0
21,1425,0
21,1426,0
21,1427,4.58328e-05
21,1428,0
21,1429,0
21,1430,0.000292391
21,1431,0
21,1432,0
21,1433,0
21,1434,0
21,1435,0.000605139
21,1436,0
21,1437,0
21,1438,0
21,1439,0
21,1440,0
21,1441,0
21,1442,0
21,1443,0.000619794
21,1444,0
21,1445,0
21,1446,0
21,1447,0
21,1448,0.000212582
21,1449,0
21,1450,0
21,1451,8.55708e-05
21,1452,0
21,1453,0
21,1454,0
21,1455,0
21,1456,0.000708055
21,1457,0
21,1458,0
21,1459,0
21,1460,0
21,1461,0
21,1462,0
21,1463,0
21,1464,0.000393487
21,1465,0
21,1466,0
21,1467,0
21,1468,0
21,1469,0.000426005
21,1470,0
21,1471,0
21,1472,0
21,1473,0
21,1474,0
21,1475,0
21,1476,0
21,1477,0.000648839
21,1478,0
21,1479,0
21,1480,0
21,1481,0
21,1482,7.97598e-05
21,1483,0
21,1484,0
21,1485,0.000171181
21,1486,0
21,1487,0
21,1488,0
21,1489,0
21,1490,0.000584282
21,1491,0
21,1492,0
21,1493,0
21,1494,0
21,1495,0
21,1496,0
21,1497,0
21,1498,0.00047264
21,1499,0
21,1500,0
21,1501,0
21,1502,0
21,1503,0.000252936
21,1504,0
21,1505,0
21,1506,2.64235e-05
21,1507,0
21,1508,0
21,1509,0
21,1510,0
21,1511,0.000616174
21,1512,0
21,1513,0
21,1514,0
21,1515,0
21,1516,1.28058e-05
21,1517,0
21,1518,0
21,1519,0.000259266
21,1520,0
21,1521,0
21,1522,0
21,1523,0
21,1524,0.000431738
21,1525,0
21,1526,0
21,1527,0
21,1528,0
21,1529,0
21,1530,0
21,1531,0
21,1532,0.000508905
21,1533,7.53281e-07
21,1534,0
21,1535,0
21,1536,0
21,1537,0.000120232
21,1538,0
21,1539,0
21,1540,7.8175e-05
21,1541,0
21,1542,0
21,1543,0
21,1544,0
21,1545,0.000529968
21,1546,0
21,1547,0
21,1548,0
21,1549,0
21,1550,0
21,1551,0
21,1552,0
21,1553,0.000328313
21,1554,0
21,1555,0
21,1556,0
21,1557,0
21,1558,0.000275173
21,1559,0
21,1560,0
21,1561,0
21,1562,0
21,1563,0
21,1564,0
21,1565,0
21,1566,0.000500277
21,1567,2.5142e-06
21,1568,0
21,1569,0
21,1570,0
21,1571,3.16672e-05
21,1572,0
21,1573,0
21,1574,0.000146058
21,1575,0
21,1576,0
21,1577,0
21,1578,0
21,1579,0.000408112
21,1580,0
21,1581,0
21,1582,0
21,1583,0
21,1584,0
21,1585,0
21,1586,0
21,1587,0.000371544
21,1588,3.38487e-06
21,1589,0
21,1590,0
21,1591,0
21,1592,0.000143759
21,1593,0
21,1594,0
21,1595,2.22854e-05
21,1596,0
21,1597,0
21,1598,0
21,1599,0
21,1600,0.000442978
21,1601,1.43808e-06
21,1602,0
21,1603,0
21,1604,0
21,1605,0
21,1606,0
21,1607,0
21,1608,0.000205245
21,1609,0
21,1610,0
21,1611,0
21,1612,0
21,1613,0.000269998
21,1614,0
21,1615,0
21,1616,0
21,1617,0
21,1618,0
21,1619,0
21,1620,0
21,1621,0.000375985
21,1622,9.68505e-06
21,1623,0
21,1624,0
21,1625,0
21,1626,4.54512e-05
21,1627,0
21,1628,0
21,1629,5.99005e-05
21,1630,0
21,1631,0
21,1632,0
21,1633,0
21,1634,0.000352262
21,1635,0
21,1636,0
21,1637,0
21,1638,0
21,1639,0
21,1640,0
21,1641,0
21,1642,0.000244093
21,1643,2.75877e-06
21,1644,0
21,1645,0
21,1646,0
21,1647,0.000153679
21,1648,0
21,1649,0
21,1650,0
21,1651,0
21,1652,0
21,1653,0
21,1654,0
21,1655,0.000345737
21,1656,1.10155e-05
21,1657,0
21,1658,0
21,1659,0
21,1660,0
21,1661,0
21,1662,0
21,1663,0.000110067
21,1664,0
21,1665,0
21,1666,0
21,1667,0
21,1668,0.000245756
21,1669,0
21,1670,0
21,1671,0
21,1672,0
21,1673,0
21,1674,0
21,1675,0
21,1676,0.000257955
21,1677,1.6083e-05
21,1678,0
21,1679,0
21,1680,0
21,1681,5.63004e-05
21,1682,0
21,1683,0
21,1684,1.45863e-05
21,1685,0
21,1686,0
21,1687,0
21,1688,0
21,1689,0.000283977
21,1690,1.07709e-05
21,1691,0
21,1692,0
21,1693,0
21,1694,0
21,1695,0
21,1696,0
21,1697,0.000143945
21,1698,0
21,1699,0
21,1700,0
21,1701,0
21,1702,0.000147311
21,1703,0
21,1704,0
21,1705,0
21,1706,0
21,1707,0
21,1708,0
21,1709,0
21,1710,0.000244073
21,1711,2.86443e-05
21,1712,0
21,1713,0
21,1714,0
21,1715,8.10022e-06
21,1716,0
21,1717,0
21,1718,3.50129e-05
21,1719,0
21,1720,0
21,1721,0
21,1722,0
21,1723,0.00020364
21,1724,7.45455e-06
21,1725,0
21,1726,0
21,1727,0
21,1728,0
21,1729,0
21,1730,0
21,1731,0.00016176
21,1732,1.15047e-05
21,1733,0
21,1734,0
21,1735,0
21,1736,5.88146e-05
21,1737,0
21,1738,0
21,1739,0
21,1740,0
21,1741,0
21,1742,0
21,1743,0
21,1744,0.000205685
21,1745,3.16085e-05
21,1746,0
21,1747,0
21,1748,0
21,1749,0
21,1750,0
21,1751,0
21,1752,6.1818e-05
21,1753,0
21,1754,0
21,1755,0
21,1756,0
21,1757,0.000124438
21,1758,5.16536e-06
21,1759,0
21,1760,0
21,1761,0
21,1762,0
21,1763,0
21,1764,0
21,1765,0.000160811
21,1766,2.64822e-05
21,1767,0
21,1768,0
21,1769,0
21,1770,1.14068e-05
21,1771,0
21,1772,0
21,1773,2.92508e-06
21,1774,0
21,1775,0
21,1776,0
21,1777,0
21,1778,0.000155029
21,1779,2.93095e-05
21,1780,0
21,1781,0
21,1782,0
21,1783,0
21,1784,0
21,1785,0
21,1786,8.08457e-05
21,1787,6.84801e-06
21,1788,0
21,1789,0
21,1790,0
21,1791,5.28569e-05
21,1792,3.61966e-07
21,1793,0
21,1794,0
21,1795,0
21,1796,0
21,1797,0
21,1798,0
21,1799,0.000138124
21,1800,3.6539e-05
21,1801,0
21,1802,0
21,1803,0
21,1804,0
21,1805,0
21,1806,0
21,1807,1.65918e-05
21,1808,0
21,1809,0
21,1810,0
21,1811,0
21,1812,9.72026e-05
21,1813,1.97418e-05
21,1814,0
21,1815,0
21,1816,0
21,1817,0
21,1818,0
21,1819,0
21,1820,8.12174e-05
21,1821,2.58561e-05
21,1822,0
21,1823,0
21,1824,0
21,1825,1.09862e-05
21,1826,0
21,1827,0
21,1828,0
21,1829,0
21,1830,0
21,1831,0
21,1832,0
21,1833,0.00010542
21,1834,4.09902e-05
21,1835,0
21,1836,0
21,1837,0
21,1838,0
21,1839,0
21,1840,0
21,1841,2.46235e-05
21,1842,0
21,1843,0
21,1844,0
21,1845,0
21,1846,3.90141e-05
21,1847,1.12014e-05
21,1848,0
21,1849,0
21,1850,0
21,1851,0
21,1852,0
21,1853,0
21,1854,7.17085e-05
21,1855,3.94348e-05
21,1856,0
21,1857,0
21,1858,0
21,1859,0
21,1860,0
21,1861,0
21,1862,0
21,1863,0
21,1864,0
21,1865,0
21,1866,0
21,1867,5.61439e-05
21,1868,3.83e-05
21,1869,0
21,1870,0
21,1871,0
21,1872,0
21,1873,0
21,1874,0
21,1875,2.88888e-05
21,1876,1.12699e-05
21,1877,0
21,1878,0
21,1879,0
21,1880,7.95348e-06
21,1881,7.25889e-06
21,1882,0
21,1883,0
21,1884,0
21,1885,0
21,1886,0
21,1887,0
21,1888,4.88165e-05
21,1889,5.00394e-05
21,1890,0
21,1891,0
21,1892,0
21,1893,0
21,1894,0
21,1895,0
21,1896,0
21,1897,0
21,1898,0
21,1899,0
21,1900,0
21,1901,2.62964e-05
21,1902,3.46509e-05
21,1903,0
21,1904,0
21,1905,0
21,1906,0
21,1907,0
21,1908,0
21,1909,2.72355e-05
21,1910,3.19998e-05
21,1911,0
21,1912,0
21,1913,0
21,1914,0
21,1915,1.27177e-06
21,1916,0
21,1917,0
21,1918,0
21,1919,0
21,1920,0
21,1921,0
21,1922,3.08454e-05
21,1923,5.50091e-05
21,1924,0
21,1925,0
21,1926,0
21,1927,0
21,1928,0
21,1929,0
21,1930,0
21,1931,5.43928e-06
21,1932,0
21,1933,0
21,1934,0
21,1935,1.18373e-06
21,1936,2.28137e-05
21,1937,0
21,1938,0
21,1939,0
21,1940,0
21,1941,0
21,1942,0
21,1943,2.0544e-05
21,1944,4.9335e-05
21,1945,0
21,1946,0
21,1947,0
21,1948,0
21,1949,0
21,1950,0
21,1951,0
21,1952,0
21,1953,0
21,1954,0
21,1955,0
21,1956,1.16808e-05
21,1957,5.0509e-05
21,1958,0
21,1959,0
21,1960,0
21,1961,0
21,1962,0
21,1963,0
21,1964,0
21,1965,2.08473e-05
21,1966,0
21,1967,0
21,1968,0
21,1969,0
21,1970,1.19645e-05
21,1971,0
21,1972,0
21,1973,0
21,1974,0
21,1975,0
21,1976,0
21,1977,8.37414e-06
21,1978,6.01549e-05
21,1979,0
21,1980,0
21,1981,0
21,1982,0
21,1983,0
21,1984,0
21,1985,0
21,1986,0
21,1987,0
21,1988,0
21,1989,0
21,1990,0
21,1991,4.3299e-05
21,1992,0
21,1993,0
21,1994,0
21,1995,0
21,1996,0
21,1997,0
21,1998,0
21,1999,3.94054e-05
21,2000,0
21,2001,0
21,2002,0
21,2003,0
21,2004,6.7991e-06
21,2005,0
21,2006,0
21,2007,0
21,2008,0
21,2009,0
21,2010,0
21,2011,0
21,2012,6.41854e-05
21,2013,0
21,2014,0
21,2015,0
21,2016,0
21,2017,0
21,2018,0
21,2019,0
21,2020,9.01003e-06
21,2021,0
21,2022,0
21,2023,0
21,2024,0
21,2025,3.57173e-05
21,2026,0
21,2027,0
21,2028,0
21,2029,0
21,2030,0
21,2031,0
21,2032,0
21,2033,5.58896e-05
21,2034,0
21,2035,0
21,2036,0
21,2037,0
21,2038,0
21,2039,0
21,2040,0
21,2041,0
21,2042,0
21,2043,0
21,2044,0
21,2045,0
21,2046,6.43811e-05
21,2047,0
21,2048,0
21,2049,0
21,2050,0
21,2051,0
21,2052,0
21,2053,0
21,2054,2.68442e-05
21,2055,0
21,2056,0
21,2057,0
21,2058,0
21,2059,2.04169e-05
21,2060,0
21,2061,0
21,2062,0
21,2063,0
21,2064,0
21,2065,0
21,2066,0
21,2067,6.9028e-05
21,2068,0
21,2069,0
21,2070,0
21,2071,0
21,2072,0
21,2073,0
21,2074,0
21,2075,2.04462e-06
21,2076,0
21,2077,0
21,2078,0
21,2079,0
21,2080,5.50482e-05
21,2081,0
21,2082,0
21,2083,0
21,2084,0
21,2085,0
21,2086,0
21,2087,0
21,2088,4.2399e-05
21,2089,0
21,2090,0
21,2091,0
21,2092,0
21,2093,7.09258e-06
21,2094,0
21,2095,0
21,2096,0
21,2097,0
21,2098,0
21,2099,0
21,2100,0
21,2101,7.28139e-05
21,2102,0
21,2103,0
21,2104,0
21,2105,0
21,2106,0
21,2107,0
21,2108,0
21,2109,1.28058e-05
21,2110,0
21,2111,0
21,2112,0
21,2113,0
21,2114,3.78793e-05
21,2115,0
21,2116,0
21,2117,0
21,2118,0
21,2119,0
21,2120,0
21,2121,0
21,2122,6.37648e-05
21,2123,0
21,2124,0
21,2125,0
21,2126,0
21,2127,1.44787e-06
21,2128,0
21,2129,0
21,2130,0
21,2131,0
21,2132,0
21,2133,0
21,2134,0
21,2135,6.40974e-05
21,2136,0
21,2137,0
21,2138,0
21,2139,0
21,2140,0
21,2141,0
21,2142,0
21,2143,3.54042e-05
21,2144,0
21,2145,0
21,2146,0
21,2147,0
21,2148,2.45746e-05
21,2149,0
21,2150,0
21,2151,0
21,2152,0
21,2153,0
21,2154,0
21,2155,0
21,2156,6.35202e-05
21,2157,0
21,2158,0
21,2159,0
21,2160,0
21,2161,0
21,2162,0
21,2163,0
21,2164,4.99905e-06
21,2165,0
21,2166,0
21,2167,0
21,2168,0
21,2169,5.3258e-05
21,2170,0
21,2171,0
21,2172,0
21,2173,0
21,2174,0
21,2175,0
21,2176,0
21,2177,4.59599e-05
21,2178,0
21,2179,0
21,2180,0
21,2181,0
21,2182,5.23384e-06
21,2183,0
21,2184,0
21,2185,0
21,2186,0
21,2187,0
21,2188,0
21,2189,0
21,2190,5.89418e-05
21,2191,0
21,2192,0
21,2193,0
21,2194,0
21,2195,0
21,2196,0
21,2197,0
21,2198,1.39112e-05
21,2199,0
21,2200,0
21,2201,0
21,2202,0
21,2203,3.22737e-05
21,2204,0
21,2205,0
21,2206,0
21,2207,0
21,2208,0
21,2209,0
21,2210,0
21,2211,4.91492e-05
21,2212,0
21,2213,0
21,2214,0
21,2215,0
21,2216,1.4283e-06
21,2217,0
21,2218,0
21,2219,0
21,2220,0
21,2221,0
21,2222,0
21,2223,0
21,2224,4.77991e-05
21,2225,0
21,2226,0
21,2227,0
21,2228,0
21,2229,0
21,2230,0
21,2231,0
21,2232,2.80279e-05
21,2233,0
22,0,2.32832e-06
22,1,0
22,2,0
22,3,0
22,4,0
22,5,3.26063e-05
22,6,0
22,7,0
22,8,6.36474e-05
22,9,0
22,10,1.67581e-05
22,11,0
22,12,0
22,13,1.81081e-05
22,14,0
22,15,6.46061e-05
22,16,0
22,17,0
22,18,2.97302e-05
22,19,0
22,20,0
22,21,0.000171259
22,22,0
22,23,1.2933e-05
22,24,0
22,25,0
22,26,2.56116e-05
22,27,0
22,28,4.80828e-05
22,29,0.000670186
22,30,0
22,31,3.55216e-05
22,32,0
22,33,0
22,34,9.37493e-05
22,35,0
22,36,2.24126e-05
22,37,0
22,38,0
22,39,7.85565e-05
22,40,0
22,41,0
22,42,0.000656177
22,43,0
22,44,2.19136e-05
22,45,0
22,46,0
22,47,6.80301e-05
22,48,0
22,49,0.000624519
22,50,2.16202e-05
22,51,0
22,52,7.36944e-05
22,53,0
22,54,0
22,55,0.000664658
22,56,0
22,57,5.07731e-06
22,58,0
22,59,0
22,60,0.000130719
22,61,0
22,62,0
22,63,0.000692373
22,64,0
22,65,7.24618e-05
22,66,0
22,67,0
22,68,7.75684e-05
22,69,0
22,70,0.000683383
22,71,0
22,72,0
22,73,0.000179985
22,74,0
22,75,0
22,76,2.72257e-05
22,77,0
22,78,3.55901e-05
22,79,0
22,80,0
22,81,0.000162376
22,82,0
22,83,0.000103972
22,84,5.23579e-05
22,85,0
22,86,0.000156213
22,87,0
22,88,0
22,89,0.000145882
22,90,0
22,91,4.85035e-05
22,92,0
22,93,0
22,94,0.000261829
22,95,0
22,96,0
22,97,0.000149854
22,98,0
22,99,9.54515e-05
22,100,0
22,101,0
22,102,0.000157436
22,103,0
22,104,9.6195e-05
22,105,0
22,106,0
22,107,0.000236785
22,108,0
22,109,0
22,110,0.000106506
22,111,0
22,112,1.58874e-05
22,113,2.73921e-06
22,114,0
22,115,0.000263854
22,116,0
22,117,0
22,118,0.000113843
22,119,0
22,120,0.000173763
22,121,0
22,122,0
22,123,9.84842e-05
22,124,0
22,125,0.000113589
22,126,0
22,127,0
22,128,0.000306977
22,129,0
22,130,0
22,131,0.000205
22,132,0
22,133,7.04661e-05
22,134,4.53925e-06
22,135,0
22,136,0.000230416
22,137,0
22,138,8.15696e-05
22,139,0
22,140,0
22,141,0.000254022
22,142,0
22,143,0
22,144,0.000113051
22,145,0
22,146,0
22,147,7.30781e-06
22,148,0
22,149,0.000314226
22,150,0
22,151,0
22,152,7.91435e-05
22,153,0
22,154,0.000144953
22,155,0
22,156,0
22,157,0.000163452
22,158,0
22,159,8.18533e-05
22,160,0
22,161,0
22,162,0.000304688
22,163,0
22,164,0
22,165,8.54338e-05
22,166,0
22,167,2.29898e-05
22,168,1.62787e-05
22,169,0
22,170,0.000272932
22,171,0
22,172,0
22,173,0
22,174,0
22,175,0.000212954
22,176,0
22,177,0
22,178,7.26281e-05
22,179,0
22,180,0
22,181,9.73396e-06
22,182,0
22,183,0.000317034
22,184,0
22,185,0
22,186,7.50347e-06
22,187,0
22,188,8.21175e-05
22,189,1.30014e-05
22,190,0
22,191,0.00020951
22,192,0
22,193,7.92413e-06
22,194,0
22,195,0
22,196,0.000270183
22,197,0
22,198,0
22,199,3.38585e-05
22,200,0
22,201,2.5142e-06
22,202,2.75681e-05
22,203,0
22,204,0.000298241
22,205,0
22,206,0
22,207,0
22,208,0
22,209,0.000156467
22,210,3.03269e-07
22,211,0
22,212,0.000110762
22,213,0
22,214,0
22,215,8.80459e-06
22,216,0
22,217,0.000299405
22,218,0
22,219,0
22,220,0
22,221,0
22,222,3.65097e-05
22,223,3.47292e-05
22,224,0
22,225,0.000247849
22,226,0
22,227,0
22,228,0
22,229,0
22,230,0.000221905
22,231,0
22,232,0
22,233,2.59931e-05
22,234,0
22,235,0
22,236,3.49249e-05
22,237,0
22,238,0.000307349
22,239,0
22,240,0
22,241,0
22,242,0
22,243,9.49428e-05
22,244,2.13854e-05
22,245,0
22,246,0.000163413
22,247,0
22,248,0
22,249,4.98927e-06
22,250,0
22,251,0.000268266
22,252,0
22,253,0
22,254,0
22,255,0
22,256,6.08495e-06
22,257,6.21897e-05
22,258,0
22,259,0.000281297
22,260,0
22,261,0
22,262,0
22,263,0
22,264,0.000158668
22,265,8.02196e-07
22,266,0
22,267,7.12389e-05
22,268,0
22,269,0
22,270,4.07946e-05
22,271,0
22,272,0.000295981
22,273,0
22,274,0
22,275,0
22,276,0
22,277,4.3436e-05
22,278,5.73472e-05
22,279,0
22,280,0.000211584
22,281,0
22,282,0
22,283,0
22,284,0
22,285,0.000217248
22,286,0
22,287,0
22,288,7.27846e-06
22,289,0
22,290,0
22,291,8.84274e-05
22,292,0
22,293,0.000291334
22,294,0
22,295,0
22,296,0
22,297,0
22,298,9.85527e-05
22,299,2.83508e-05
22,300,0
22,301,0.000111906
22,302,0
22,303,0
22,304,3.11095e-05
22,305,0
22,306,0.000259804
22,307,0
22,308,0
22,309,0
22,310,0
22,311,9.49917e-06
22,312,0.000106046
22,313,0
22,314,0.000243554
22,315,0
22,316,0
22,317,0
22,318,0
22,319,0.00015723
22,320,0
22,321,0
22,322,2.47115e-05
22,323,0
22,324,0
22,325,9.82788e-05
22,326,0
22,327,0.00027936
22,328,0
22,329,0
22,330,0
22,331,0
22,332,4.61263e-05
22,333,8.09142e-05
22,334,0
22,335,0.000155822
22,336,0
22,337,0
22,338,2.30191e-05
22,339,0
22,340,0.000209627
22,341,0
22,342,0
22,343,0
22,344,0
22,345,0
22,346,0.000146274
22,347,0
22,348,0.000262553
22,349,0
22,350,0
22,351,0
22,352,0
22,353,9.70461e-05
22,354,3.11878e-05
22,355,0
22,356,6.00473e-05
22,357,0
22,358,0
22,359,9.64494e-05
22,360,0
22,361,0.00024554
22,362,0
22,363,0
22,364,0
22,365,0
22,366,1.13188e-05
22,367,0.000147849
22,368,0
22,369,0.000198328
22,370,0
22,371,0
22,372,7.66977e-06
22,373,0
22,374,0.000145383
22,375,0
22,376,0
22,377,2.1131e-06
22,378,0
22,379,0
22,380,0.00017349
22,381,0
22,382,0.00025636
22,383,0
22,384,0
22,385,0
22,386,0
22,387,4.38762e-05
22,388,9.33091e-05
22,389,0
22,390,9.9081e-05
22,391,0
22,392,0
22,393,7.16596e-05
22,394,0
22,395,0.000191011
22,396,0
22,397,0
22,398,0
22,399,0
22,400,0
22,401,0.00021449
22,402,0
22,403,0.000221298
22,404,0
22,405,0
22,406,0
22,407,0
22,408,8.74883e-05
22,409,2.8429e-05
22,410,0
22,411,1.86559e-05
22,412,0
22,413,0
22,414,0.000174781
22,415,0
22,416,0.00022437
22,417,0
22,418,0
22,419,0
22,420,0
22,421,1.06438e-05
22,422,0.000181267
22,423,0
22,424,0.000133898
22,425,0
22,426,0
22,427,3.98261e-05
22,428,0
22,429,0.000130836
22,430,0
22,431,0
22,432,0
22,433,0
22,434,0
22,435,0.000264588
22,436,0
22,437,0.000223705
22,438,0
22,439,0
22,440,0
22,441,0
22,442,3.75565e-05
22,443,0.000100069
22,444,0
22,445,4.30936e-05
22,446,0
22,447,0
22,448,0.000159989
22,449,0
22,450,0.000172306
22,451,0
22,452,0
22,453,0
22,454,0
22,455,0
22,456,0.000275456
22,457,0
22,458,0.00016808
22,459,0
22,460,0
22,461,1.79222e-05
22,462,0
22,463,7.62771e-05
22,464,2.25887e-05
22,465,0
22,466,0
22,467,0
22,468,0
22,469,0.000285337
22,470,0
22,471,0.000197477
22,472,0
22,473,0
22,474,0
22,475,0
22,476,8.57958e-06
22,477,0.00020322
22,478,0
22,479,7.885e-05
22,480,0
22,481,0
22,482,0.000121503
22,483,0
22,484,0.00011623
22,485,0
22,486,0
22,487,0
22,488,0
22,489,0
22,490,0.00035235
22,491,0
22,492,0.000180993
22,493,0
22,494,0
22,495,0
22,496,0
22,497,3.00823e-05
22,498,9.08536e-05
22,499,0
22,500,1.09275e-05
22,501,0
22,502,0
22,503,0.000264343
22,504,0
22,505,0.000151752
22,506,0
22,507,0
22,508,0
22,509,0
22,510,0
22,511,0.000321632
22,512,0
22,513,0.000108512
22,514,0
22,515,0
22,516,6.6367e-05
22,517,0
22,518,6.12897e-05
22,519,1.36471e-05
22,520,0
22,521,0
22,522,0
22,523,0
22,524,0.000397204
22,525,0
22,526,0.000164108
22,527,0
22,528,0
22,529,0
22,530,0
22,531,5.26319e-06
22,532,0.000203396
22,533,0
22,534,2.63551e-05
22,535,0
22,536,0
22,537,0.000213511
22,538,0
22,539,9.72124e-05
22,540,0
22,541,0
22,542,0
22,543,0
22,544,0
22,545,0.000430623
22,546,0
22,547,0.000124018
22,548,0
22,549,0
22,550,2.52887e-05
22,551,0
22,552,2.30093e-05
22,553,7.39292e-05
22,554,0
22,555,0
22,556,0
22,557,0
22,558,0.000395874
22,559,0
22,560,0.000127383
22,561,0
22,562,0
22,563,0
22,564,0
22,565,0
22,566,0.000342821
22,567,0
22,568,4.90318e-05
22,569,0
22,570,0
22,571,0.000158903
22,572,0
22,573,4.82883e-05
22,574,1.66309e-06
22,575,0
22,576,0
22,577,0
22,578,0
22,579,0.000504268
22,580,0
22,581,0.000124918
22,582,0
22,583,0
22,584,0
22,585,0
22,586,4.98927e-07
22,587,0.00018835
22,588,0
22,589,2.15223e-07
22,590,0
22,591,0
22,592,0.000362221
22,593,0
22,594,8.05718e-05
22,595,0
22,596,0
22,597,0
22,598,0
22,599,0
22,600,0.000481357
22,601,0
22,602,7.65021e-05
22,603,0
22,604,0
22,605,8.41621e-05
22,606,0
22,607,1.56526e-05
22,608,4.71535e-05
22,609,0
22,610,0
22,611,0
22,612,0
22,613,0.000538528
22,614,0
22,615,9.91005e-05
22,616,0
22,617,0
22,618,0
22,619,0
22,620,0
22,621,0.00034016
22,622,0
22,623,1.51145e-05
22,624,0
22,625,0
22,626,0.000280446
22,627,0
22,628,3.59325e-05
22,629,0
22,630,0
22,631,0
22,632,0
22,633,0
22,634,0.000595004
22,635,0
22,636,8.05913e-05
22,637,0
22,638,0
22,639,3.05324e-05
22,640,0
22,641,0
22,642,0.000156624
22,643,0
22,644,0
22,645,0
22,646,0
22,647,0.000516888
22,648,0
22,649,6.23169e-05
22,650,0
22,651,0
22,652,0
22,653,0
22,654,0
22,655,0.000505638
22,656,0
22,657,2.44963e-05
22,658,0
22,659,0
22,660,0.000191832
22,661,0
22,662,9.57743e-06
22,663,2.99649e-05
22,664,0
22,665,0
22,666,0
22,667,0
22,668,0.000667446
22,669,0
22,670,6.94193e-05
22,671,0
22,672,0
22,673,0
22,674,0
22,675,0
22,676,0.000310254
22,677,0
22,678,0
22,679,0
22,680,0
22,681,0.000443301
22,682,0
22,683,2.58366e-05
22,684,0
22,685,0
22,686,0
22,687,0
22,688,0
22,689,0.000649593
22,690,0
22,691,3.94543e-05
22,692,0
22,693,0
22,694,0.000101311
22,695,0
22,696,0
22,697,0.000116759
22,698,0
22,699,0
22,700,0
22,701,0
22,702,0.000679567
22,703,0
22,704,4.2849e-05
22,705,0
22,706,0
22,707,0
22,708,0
22,709,0
22,710,0.000486855
22,711,0
22,712,1.37939e-06
22,713,0
22,714,0
22,715,0.000331698
22,716,0
22,717,3.90337e-06
22,718,8.20783e-06
22,719,0
22,720,0
22,721,0
22,722,0
22,723,0.000764659
22,724,0
22,725,3.92978e-05
22,726,0
22,727,0
22,728,2.89671e-05
22,729,0
22,730,0
22,731,0.000254159
22,732,0
22,733,0
22,734,0
22,735,0
22,736,0.000626906
22,737,0
22,738,1.63178e-05
22,739,0
22,740,0
22,741,0
22,742,0
22,743,0
22,744,0.000664756
22,745,0
22,746,9.35243e-06
22,747,0
22,748,0
22,749,0.000207984
22,750,0
22,751,0
22,752,6.21897e-05
22,753,0
22,754,0
22,755,0
22,756,0
22,757,0.000824618
22,758,0
22,759,2.31952e-05
22,760,0
22,761,0
22,762,0
22,763,0
22,764,0
22,765,0.000441628
22,766,0
22,767,0
22,768,0
22,769,0
22,770,0.000513386
22,771,0
22,772,0
22,773,0
22,774,0
22,775,0
22,776,0
22,777,0
22,778,0.000823845
22,779,0
22,780,1.29036e-05
22,781,0
22,782,0
22,783,0.000102847
22,784,0
22,785,0
22,786,0.000192067
22,787,0
22,788,0
22,789,0
22,790,0
22,791,0.000807449
22,792,0
22,793,8.80459e-06
22,794,0
22,795,0
22,796,0
22,797,0
22,798,0
22,799,0.000641757
22,800,0
22,801,0
22,802,0
22,803,0
22,804,0.000361458
22,805,0
22,806,0
22,807,3.47977e-05
22,808,0
22,809,0
22,810,0
22,811,0
22,812,0.000146861
22,813,0
22,814,1.06829e-05
22,815,0
22,816,0
22,817,2.47507e-05
22,818,0
22,819,0
22,820,0.000371671
22,821,0
22,822,0
22,823,0
22,824,0
22,825,0.000710207
22,826,0
22,827,0
22,828,0
22,829,0
22,830,0
22,831,0
22,832,0
22,833,0.000823356
22,834,0
22,835,0
22,836,0
22,837,0
22,838,0.00021267
22,839,0
22,840,0
22,841,0.000128537
22,842,0
22,843,0
22,844,0
22,845,0
22,846,0.000176473
22,847,0
22,848,9.39156e-07
22,849,0
22,850,0
22,851,0
22,852,0
22,853,0
22,854,0.00056995
22,855,0
22,856,0
22,857,0
22,858,0
22,859,0.000551764
22,860,0
22,861,0
22,862,6.14365e-06
22,863,0
22,864,0
22,865,0
22,866,0
22,867,0.00019421
22,868,0
22,869,0
22,870,0
22,871,0
22,872,8.60893e-05
22,873,0
22,874,0
22,875,0.000275192
22,876,0
22,877,0
22,878,0
22,879,0
22,880,0.000114117
22,881,0
22,882,0
22,883,0
22,884,0
22,885,0
22,886,0
22,887,0
22,888,0.000780116
22,889,0
22,890,0
22,891,0
22,892,0
22,893,0.00035908
22,894,0
22,895,0
22,896,5.86973e-05
22,897,0
22,898,0
22,899,0
22,900,0
22,901,0.000274341
22,902,0
22,903,0
22,904,0
22,905,0
22,906,1.41656e-05
22,907,0
22,908,0
22,909,0.000474205
22,910,0
22,911,0
22,912,0
22,913,0
22,914,0.000745778
22,915,0
22,916,0
22,917,0
22,918,0
22,919,0
22,920,0
22,921,0
22,922,0.000183928
22,923,0
22,924,0
22,925,0
22,926,0
22,927,0.000198485
22,928,0
22,929,0
22,930,0.000186491
22,931,0
22,932,0
22,933,0
22,934,0
22,935,0.000260968
22,936,0
22,937,0
22,938,0
22,939,0
22,940,0
22,941,0
22,942,0
22,943,0.000689908
22,944,0
22,945,0
22,946,0
22,947,0
22,948,0.000545933
22,949,0
22,950,0
22,951,2.5142e-05
22,952,0
22,953,0
22,954,0
22,955,0
22,956,0.000309354
22,957,0
22,958,0
22,959,0
22,960,0
22,961,6.1681e-05
22,962,0
22,963,0
22,964,0.000361487
22,965,0
22,966,0
22,967,0
22,968,0
22,969,0.000146332
22,970,0
22,971,0
22,972,0
22,973,0
22,974,0
22,975,0
22,976,0
22,977,0.000113677
22,978,0
22,979,0
22,980,0
22,981,0
22,982,0.00032619
22,983,0
22,984,0
22,985,0.000102769
22,986,0
22,987,0
22,988,0
22,989,0
22,990,0.000344739
22,991,0
22,992,0
22,993,0
22,994,0
22,995,0
22,996,0
22,997,0
22,998,0.000566213
22,999,0
22,1000,0
22,1001,0
22,1002,0
22,1003,0.000731387
22,1004,0
22,1005,0
22,1006,0
22,1007,0
22,1008,0
22,1009,0
22,1010,0
22,1011,0.000279027
22,1012,0
22,1013,0
22,1014,0
22,1015,0
22,1016,0.000159324
22,1017,0
22,1018,0
22,1019,0.000241774
22,1020,0
22,1021,0
22,1022,0
22,1023,0
22,1024,0.000277335
22,1025,0
22,1026,0
22,1027,0
22,1028,0
22,1029,0
22,1030,0
22,1031,0
22,1032,0.000780478
22,1033,0
22,1034,0
22,1035,0
22,1036,0
22,1037,0.000496422
22,1038,0
22,1039,0
22,1040,4.00707e-05
22,1041,0
22,1042,0
22,1043,0
22,1044,0
22,1045,0.000364618
22,1046,0
22,1047,0
22,1048,0
22,1049,0
22,1050,3.98457e-05
22,1051,0
22,1052,0
22,1053,0.000426338
22,1054,0
22,1055,0
22,1056,0
22,1057,0
22,1058,0.000111388
22,1059,0
22,1060,0
22,1061,0
22,1062,0
22,1063,0
22,1064,0
22,1065,0
22,1066,0.000189582
22,1067,0
22,1068,0
22,1069,0
22,1070,0
22,1071,0.000279839
22,1072,0
22,1073,0
22,1074,0.000138242
22,1075,0
22,1076,0
22,1077,0
22,1078,0
22,1079,0.000347928
22,1080,0
22,1081,0
22,1082,0
22,1083,0
22,1084,0
22,1085,0
22,1086,0
22,1087,0.000632013
22,1088,0
22,1089,0
22,1090,0
22,1091,0
22,1092,0.000662369
22,1093,0
22,1094,0
22,1095,5.87951e-06
22,1096,0
22,1097,0
22,1098,0
22,1099,0
22,1100,0.000315967
22,1101,0
22,1102,0
22,1103,0
22,1104,0
22,1105,0.000109754
22,1106,0
22,1107,0
22,1108,0.000284232
22,1109,0
22,1110,0
22,1111,0
22,1112,0
22,1113,0.000226728
22,1114,0
22,1115,0
22,1116,0
22,1117,0
22,1118,0
22,1119,0
22,1120,0
22,1121,4.94622e-05
22,1122,0
22,1123,0
22,1124,0
22,1125,0
22,1126,0.000407877
22,1127,0
22,1128,0
22,1129,5.45787e-05
22,1130,0
22,1131,0
22,1132,0
22,1133,0
22,1134,0.000350119
22,1135,0
22,1136,0
22,1137,0
22,1138,0
22,1139,1.78831e-05
22,1140,0
22,1141,0
22,1142,0.000470566
22,1143,0
22,1144,0
22,1145,0
22,1146,0
22,1147,0.000799183
22,1148,0
22,1149,0
22,1150,0
22,1151,0
22,1152,0
22,1153,0
22,1154,0
22,1155,0.000205822
22,1156,0
22,1157,0
22,1158,0
22,1159,0
22,1160,0.000209138
22,1161,0
22,1162,0
22,1163,0.000165741
22,1164,0
22,1165,0
22,1166,0
22,1167,0
22,1168,0.000279154
22,1169,0
22,1170,0
22,1171,0
22,1172,0
22,1173,0
22,1174,0
22,1175,0
22,1176,0.000659199
22,1177,0
22,1178,0
22,1179,0
22,1180,0
22,1181,0.000552322
22,1182,0
22,1183,0
22,1184,1.37254e-05
22,1185,0
22,1186,0
22,1187,0
22,1188,0
22,1189,0.000285777
22,1190,0
22,1191,0
22,1192,0
22,1193,0
22,1194,5.81005e-05
22,1195,0
22,1196,0
22,1197,0.000305089
22,1198,0
22,1199,0
22,1200,0
22,1201,0
22,1202,0.000110233
22,1203,0
22,1204,0
22,1205,0
22,1206,0
22,1207,0
22,1208,0
22,1209,0
22,1210,5.02253e-05
22,1211,0
22,1212,0
22,1213,0
22,1214,0
22,1215,0.000315644
22,1216,0
22,1217,0
22,1218,6.76681e-05
22,1219,0
22,1220,0
22,1221,0
22,1222,0
22,1223,0.000265175
22,1224,0
22,1225,0
22,1226,0
22,1227,0
22,1228,0
22,1229,0
22,1230,0
22,1231,0.000474059
22,1232,0
22,1233,0
22,1234,0
22,1235,0
22,1236,0.00066234
22,1237,0
22,1238,0
22,1239,0
22,1240,0
22,1241,0
22,1242,0
22,1243,0
22,1244,0.000162024
22,1245,0
22,1246,0
22,1247,0
22,1248,0
22,1249,0.000140551
22,1250,0
22,1251,0
22,1252,0.000170652
22,1253,0
22,1254,0
22,1255,0
22,1256,0
22,1257,0.000145687
22,1258,0
22,1259,0
22,1260,0
22,1261,0
22,1262,0
22,1263,0
22,1264,0
22,1265,0.000640935
22,1266,0
22,1267,0
22,1268,0
22,1269,0
22,1270,0.000413336
22,1271,0
22,1272,0
22,1273,1.55743e-05
22,1274,0
22,1275,0
22,1276,0
22,1277,0
22,1278,0.000187606
22,1279,0
22,1280,0
22,1281,0
22,1282,0
22,1283,3.15693e-05
22,1284,0
22,1285,0
22,1286,0.000304971
22,1287,0
22,1288,0
22,1289,0
22,1290,0
22,1291,0.000729587
22,1292,0
22,1293,0
22,1294,0
22,1295,0
22,1296,0
22,1297,0
22,1298,0
22,1299,0.000768083
22,1300,0
22,1301,0
22,1302,0
22,1303,0
22,1304,0.000211379
22,1305,0
22,1306,0
22,1307,6.93606e-05
22,1308,0
22,1309,0
22,1310,0
22,1311,0
22,1312,0.000117277
22,1313,0
22,1314,0
22,1315,0
22,1316,0
22,1317,0
22,1318,0
22,1319,0
22,1320,0.000445776
22,1321,0
22,1322,0
22,1323,0
22,1324,0
22,1325,0.000499073
22,1326,0
22,1327,0
22,1328,0
22,1329,0
22,1330,0
22,1331,0
22,1332,0
22,1333,5.26514e-05
22,1334,0
22,1335,0
22,1336,0
22,1337,0
22,1338,6.1593e-05
22,1339,0
22,1340,0
22,1341,0.000161662
22,1342,0
22,1343,0
22,1344,0
22,1345,0
22,1346,0.000744213
22,1347,0
22,1348,0
22,1349,0
22,1350,0
22,1351,0
22,1352,0
22,1353,0
22,1354,0.000576143
22,1355,0
22,1356,0
22,1357,0
22,1358,0
22,1359,0.000283156
22,1360,0
22,1361,0
22,1362,1.54667e-05
22,1363,0
22,1364,0
22,1365,0
22,1366,0
22,1367,0.000810423
22,1368,0
22,1369,0
22,1370,0
22,1371,0
22,1372,0
22,1373,0
22,1374,0
22,1375,0.000267591
22,1376,0
22,1377,0
22,1378,0
22,1379,0
22,1380,0.000541551
22,1381,0
22,1382,0
22,1383,0
22,1384,0
22,1385,0
22,1386,0
22,1387,0
22,1388,0.00065919
22,1389,0
22,1390,0
22,1391,0
22,1392,0
22,1393,0.000125955
22,1394,0
22,1395,0
22,1396,6.00962e-05
22,1397,0
22,1398,0
22,1399,0
22,1400,0
22,1401,0.000704915
22,1402,0
22,1403,0
22,1404,0
22,1405,0
22,1406,0
22,1407,0
22,1408,0
22,1409,0.000378881
22,1410,0
22,1411,0
22,1412,0
22,1413,0
22,1414,0.000333782
22,1415,0
22,1416,0
22,1417,0
22,1418,0
22,1419,0
22,1420,0
22,1421,0
22,1422,0.000673561
22,1423,0
22,1424,0
22,1425,0
22,1426,0
22,1427,3.06987e-05
22,1428,0
22,1429,0
22,1430,0.000135777
22,1431,0
22,1432,0
22,1433,0
22,1434,0
22,1435,0.000541394
22,1436,0
22,1437,0
22,1438,0
22,1439,0
22,1440,0
22,1441,0
22,1442,0
22,1443,0.000463532
22,1444,0
22,1445,0
22,1446,0
22,1447,0
22,1448,0.000167737
22,1449,0
22,1450,0
22,1451,1.09568e-05
22,1452,0
22,1453,0
22,1454,0
22,1455,0
22,1456,0.000612907
22,1457,0
22,1458,0
22,1459,0
22,1460,0
22,1461,0
22,1462,0
22,1463,0
22,1464,0.000210068
22,1465,0
22,1466,0
22,1467,0
22,1468,0
22,1469,0.000358366
22,1470,0
22,1471,0
22,1472,0
22,1473,0
22,1474,0
22,1475,0
22,1476,0
22,1477,0.000504796
22,1478,0
22,1479,0
22,1480,0
22,1481,0
22,1482,4.80437e-05
22,1483,0
22,1484,0
22,1485,4.19881e-05
22,1486,0
22,1487,0
22,1488,0
22,1489,0
22,1490,0.000493575
22,1491,0
22,1492,0
22,1493,0
22,1494,0
22,1495,0
22,1496,0
22,1497,0
22,1498,0.000286658
22,1499,0
22,1500,0
22,1501,0
22,1502,0
22,1503,0.000195305
22,1504,0
22,1505,0
22,1506,0
22,1507,0
22,1508,0
22,1509,0
22,1510,0
22,1511,0.000485475
22,1512,0
22,1513,0
22,1514,0
22,1515,0
22,1516,0
22,1517,0
22,1518,0
22,1519,9.58722e-05
22,1520,0
22,1521,0
22,1522,0
22,1523,0
22,1524,0.000345776
22,1525,0
22,1526,0
22,1527,0
22,1528,0
22,1529,0
22,1530,0
22,1531,0
22,1532,0.000334193
22,1533,0
22,1534,0
22,1535,0
22,1536,0
22,1537,7.77249e-05
22,1538,0
22,1539,0
22,1540,2.76855e-06
22,1541,0
22,1542,0
22,1543,0
22,1544,0
22,1545,0.000412123
22,1546,0
22,1547,0
22,1548,0
22,1549,0
22,1550,0
22,1551,0
22,1552,0
22,1553,0.000145559
22,1554,0
22,1555,0
22,1556,0
22,1557,0
22,1558,0.000204169
22,1559,0
22,1560,0
22,1561,0
22,1562,0
22,1563,0
22,1564,0
22,1565,0
22,1566,0.000341461
22,1567,0
22,1568,0
22,1569,0
22,1570,0
22,1571,1.51439e-05
22,1572,0
22,1573,0
22,1574,2.5367e-05
22,1575,0
22,1576,0
22,1577,0
22,1578,0
22,1579,0.000303367
22,1580,0
22,1581,0
22,1582,0
22,1583,0
22,1584,0
22,1585,0
22,1586,0
22,1587,0.000184534
22,1588,0
22,1589,0
22,1590,0
22,1591,0
22,1592,9.3358e-05
22,1593,0
22,1594,0
22,1595,0
22,1596,0
22,1597,0
22,1598,0
22,1599,0
22,1600,0.000302712
22,1601,0
22,1602,0
22,1603,0
22,1604,0
22,1605,0
22,1606,0
22,1607,0
22,1608,5.11644e-05
22,1609,0
22,1610,0
22,1611,0
22,1612,0
22,1613,0.000186824
22,1614,0
22,1615,0
22,1616,0
22,1617,0
22,1618,0
22,1619,0
22,1620,0
22,1621,0.000201116
22,1622,0
22,1623,0
22,1624,0
22,1625,0
22,1626,2.30093e-05
22,1627,0
22,1628,0
22,1629,0
22,1630,0
22,1631,0
22,1632,0
22,1633,0
22,1634,0.000231345
22,1635,0
22,1636,0
22,1637,0
22,1638,0
22,1639,0
22,1640,0
22,1641,0
22,1642,7.91728e-05
22,1643,0
22,1644,0
22,1645,0
22,1646,0
22,1647,9.50308e-05
22,1648,0
22,1649,0
22,1650,0
22,1651,0
22,1652,0
22,1653,0
22,1654,0
22,1655,0.000191177
22,1656,0
22,1657,0
22,1658,0
22,1659,0
22,1660,0
22,1661,0
22,1662,0
22,1663,9.12742e-06
22,1664,0
22,1665,0
22,1666,0
22,1667,0
22,1668,0.000152584
22,1669,0
22,1670,0
22,1671,0
22,1672,0
22,1673,0
22,1674,0
22,1675,0
22,1676,9.93549e-05
22,1677,0
22,1678,0
22,1679,0
22,1680,0
22,1681,2.75584e-05
22,1682,0
22,1683,0
22,1684,0
22,1685,0
22,1686,0
22,1687,0
22,1688,0
22,1689,0.000156076
22,1690,0
22,1691,0
22,1692,0
22,1693,0
22,1694,0
22,1695,0
22,1696,0
22,1697,2.28821e-05
22,1698,0
22,1699,0
22,1700,0
22,1701,0
22,1702,8.27044e-05
22,1703,0
22,1704,0
22,1705,0
22,1706,0
22,1707,0
22,1708,0
22,1709,0
22,1710,0.000103444
22,1711,1.87831e-06
22,1712,0
22,1713,0
22,1714,0
22,1715,0
22,1716,0
22,1717,0
22,1718,0
22,1719,0
22,1720,0
22,1721,0
22,1722,0
22,1723,0.000110028
22,1724,8.90242e-07
22,1725,0
22,1726,0
22,1727,0
22,1728,0
22,1729,0
22,1730,0
22,1731,3.18922e-05
22,1732,0
22,1733,0
22,1734,0
22,1735,0
22,1736,2.56507e-05
22,1737,0
22,1738,0
22,1739,0
22,1740,0
22,1741,0
22,1742,0
22,1743,0
22,1744,9.04525e-05
22,1745,3.63923e-06
22,1746,0
22,1747,0
22,1748,0
22,1749,0
22,1750,0
22,1751,0
22,1752,0
22,1753,0
22,1754,0
22,1755,0
22,1756,0
22,1757,5.8032e-05
22,1758,3.29683e-06
22,1759,0
22,1760,0
22,1761,0
22,1762,0
22,1763,0
22,1764,0
22,1765,3.81239e-05
22,1766,1.3696e-06
22,1767,0
22,1768,0
22,1769,0
22,1770,0
22,1771,1.49678e-06
22,1772,0
22,1773,0
22,1774,0
22,1775,0
22,1776,0
22,1777,0
22,1778,6.38822e-05
22,1779,8.01217e-06
22,1780,0
22,1781,0
22,1782,0
22,1783,0
22,1784,0
22,1785,0
22,1786,1.35004e-06
22,1787,0
22,1788,0
22,1789,0
22,1790,0
22,1791,1.92038e-05
22,1792,4.5686e-06
22,1793,0
22,1794,0
22,1795,0
22,1796,0
22,1797,0
22,1798,0
22,1799,3.38585e-05
22,1800,6.3393e-06
22,1801,0
22,1802,0
22,1803,0
22,1804,0
22,1805,1.52613e-06
22,1806,0
22,1807,0
22,1808,0
22,1809,0
22,1810,0
22,1811,0
22,1812,3.12954e-05
22,1813,1.01253e-05
22,1814,0
22,1815,0
22,1816,0
22,1817,0
22,1818,0
22,1819,0
22,1820,5.5958e-06
22,1821,1.17395e-06
22,1822,0
22,1823,0
22,1824,0
22,1825,0
22,1826,5.62515e-06
22,1827,0
22,1828,0
22,1829,0
22,1830,0
22,1831,0
22,1832,0
22,1833,2.44865e-05
22,1834,1.24829e-05
22,1835,0
22,1836,0
22,1837,0
22,1838,0
22,1839,5.57624e-07
22,1840,0
22,1841,0
22,1842,0
22,1843,0
22,1844,0
22,1845,0
22,1846,1.08003e-05
22,1847,1.3021e-05
22,1848,0
22,1849,0
22,1850,0
22,1851,0
22,1852,0
22,1853,0
22,1854,7.57195e-06
22,1855,7.45455e-06
22,1856,0
22,1857,0
22,1858,0
22,1859,0
22,1860,8.8535e-06
22,1861,0
22,1862,0
22,1863,0
22,1864,0
22,1865,0
22,1866,0
22,1867,1.43906e-05
22,1868,1.74918e-05
22,1869,0
22,1870,0
22,1871,0
22,1872,0
22,1873,0
22,1874,0
22,1875,0
22,1876,0
22,1877,0
22,1878,0
22,1879,0
22,1880,0
22,1881,1.65624e-05
22,1882,0
22,1883,0
22,1884,0
22,1885,0
22,1886,0
22,1887,0
22,1888,5.98712e-06
22,1889,1.22775e-05
22,1890,0
22,1891,0
22,1892,0
22,1893,0
22,1894,5.6545e-06
22,1895,0
22,1896,0
22,1897,0
22,1898,0
22,1899,0
22,1900,0
22,1901,1.04677e-06
22,1902,2.36159e-05
22,1903,0
22,1904,0
22,1905,0
22,1906,0
22,1907,0
22,1908,0
22,1909,0
22,1910,4.30447e-06
22,1911,0
22,1912,0
22,1913,0
22,1914,0
22,1915,1.39895e-05
22,1916,0
22,1917,0
22,1918,0
22,1919,0
22,1920,0
22,1921,0
22,1922,0
22,1923,2.29311e-05
22,1924,0
22,1925,0
22,1926,0
22,1927,0
22,1928,1.62396e-06
22,1929,0
22,1930,0
22,1931,0
22,1932,0
22,1933,0
22,1934,0
22,1935,0
22,1936,2.48094e-05
22,1937,0
22,1938,0
22,1939,0
22,1940,0
22,1941,0
22,1942,0
22,1943,0
22,1944,1.55646e-05
22,1945,0
22,1946,0
22,1947,0
22,1948,0
22,1949,1.13481e-05
22,1950,0
22,1951,0
22,1952,0
22,1953,0
22,1954,0
22,1955,0
22,1956,0
22,1957,2.94562e-05
22,1958,0
22,1959,0
22,1960,0
22,1961,0
22,1962,0
22,1963,0
22,1964,0
22,1965,3.97185e-06
22,1966,0
22,1967,0
22,1968,0
22,1969,0
22,1970,2.28626e-05
22,1971,0
22,1972,0
22,1973,0
22,1974,0
22,1975,0
22,1976,0
22,1977,0
22,1978,2.43496e-05
22,1979,0
22,1980,0
22,1981,0
22,1982,0
22,1983,5.34145e-06
22,1984,0
22,1985,0
22,1986,0
22,1987,0
22,1988,0
22,1989,0
22,1990,0
22,1991,3.3477e-05
22,1992,0
22,1993,0
22,1994,0
22,1995,0
22,1996,0
22,1997,0
22,1998,0
22,1999,1.34221e-05
22,2000,0
22,2001,0
22,2002,0
22,2003,0
22,2004,2.0319e-05
22,2005,0
22,2006,0
22,2007,0
22,2008,0
22,2009,0
22,2010,0
22,2011,0
22,2012,3.34281e-05
22,2013,0
22,2014,0
22,2015,0
22,2016,0
22,2017,1.69244e-06
22,2018,0
22,2019,0
22,2020,2.07397e-06
22,2021,0
22,2022,0
22,2023,0
22,2024,0
22,2025,3.60401e-05
22,2026,0
22,2027,0
22,2028,0
22,2029,0
22,2030,0
22,2031,0
22,2032,0
22,2033,2.26767e-05
22,2034,0
22,2035,0
22,2036,0
22,2037,0
22,2038,1.21503e-05
22,2039,0
22,2040,0
22,2041,0
22,2042,0
22,2043,0
22,2044,0
22,2045,0
22,2046,4.22522e-05
22,2047,0
22,2048,0
22,2049,0
22,2050,0
22,2051,0
22,2052,0
22,2053,0
22,2054,9.07851e-06
22,2055,0
22,2056,0
22,2057,0
22,2058,0
22,2059,2.87617e-05
22,2060,0
22,2061,0
22,2062,0
22,2063,0
22,2064,0
22,2065,0
22,2066,0
22,2067,3.54923e-05
22,2068,0
22,2069,0
22,2070,0
22,2071,0
22,2072,4.54904e-06
22,2073,0
22,2074,0
22,2075,0
22,2076,0
22,2077,1.74135e-06
22,2078,0
22,2079,0
22,2080,4.31131e-05
22,2081,0
22,2082,0
22,2083,0
22,2084,0
22,2085,0
22,2086,0
22,2087,0
22,2088,1.74429e-05
22,2089,0
22,2090,0
22,2091,0
22,2092,0
22,2093,1.76679e-05
22,2094,0
22,2095,0
22,2096,0
22,2097,0
22,2098,3.42401e-07
22,2099,0
22,2100,0
22,2101,4.40816e-05
22,2102,0
22,2103,0
22,2104,0
22,2105,0
22,2106,8.80459e-08
22,2107,0
22,2108,0
22,2109,4.05989e-06
22,2110,0
22,2111,0
22,2112,0
22,2113,0
22,2114,3.53455e-05
22,2115,0
22,2116,0
22,2117,0
22,2118,0
22,2119,0
22,2120,0
22,2121,0
22,2122,3.43281e-05
22,2123,0
22,2124,0
22,2125,0
22,2126,0
22,2127,8.07087e-06
22,2128,0
22,2129,0
22,2130,0
22,2131,0
22,2132,1.70222e-06
22,2133,0
22,2134,0
22,2135,4.36023e-05
22,2136,0
22,2137,0
22,2138,0
22,2139,0
22,2140,0
22,2141,0
22,2142,0
22,2143,1.81766e-05
22,2144,0
22,2145,0
22,2146,0
22,2147,0
22,2148,2.68051e-05
22,2149,0
22,2150,0
22,2151,0
22,2152,0
22,2153,4.69578e-07
22,2154,0
22,2155,0
22,2156,3.64119e-05
22,2157,0
22,2158,0
22,2159,0
22,2160,0
22,2161,3.50227e-06
22,2162,0
22,2163,0
22,2164,1.10546e-06
22,2165,0
22,2166,0
22,2167,0
22,2168,0
22,2169,4.16457e-05
22,2170,0
22,2171,0
22,2172,0
22,2173,0
22,2174,0
22,2175,0
22,2176,0
22,2177,2.52887e-05
22,2178,0
22,2179,0
22,2180,0
22,2181,0
22,2182,1.18764e-05
22,2183,0
22,2184,0
22,2185,0
22,2186,0
22,2187,1.27177e-07
22,2188,0
22,2189,0
22,2190,3.70477e-05
22,2191,0
22,2192,0
22,2193,0
22,2194,0
22,2195,0
22,2196,0
22,2197,0
22,2198,7.06324e-06
22,2199,0
22,2200,0
22,2201,0
22,2202,0
22,2203,2.60714e-05
22,2204,0
22,2205,0
22,2206,0
22,2207,0
22,2208,0
22,2209,0
22,2210,0
22,2211,2.64138e-05
22,2212,0
22,2213,0
22,2214,0
22,2215,0
22,2216,3.42401e-06
22,2217,0
22,2218,0
22,2219,0
22,2220,0
22,2221,1.66309e-07
22,2222,0
22,2223,0
22,2224,3.16476e-05
22,2225,0
22,2226,0
22,2227,0
22,2228,0
22,2229,0
22,2230,0
22,2231,0
22,2232,1.20916e-05
22,2233,0
23,0,0
23,1,0
23,2,4.20664e-06
23,3,0
23,4,4.82296e-06
23,5,1.77657e-05
23,6,0
23,7,0
23,8,0
23,9,7.09748e-05
23,10,2.30387e-05
23,11,0
23,12,8.01804e-05
23,13,5.74255e-06
23,14,0
23,15,7.3215e-05
23,16,0
23,17,8.71752e-05
23,18,2.30387e-05
23,19,0
23,20,0
23,21,0
23,22,5.66428e-05
23,23,2.81942e-05
23,24,0
23,25,0.000179183
23,26,6.8578e-06
23,27,0
23,28,5.57428e-05
23,29,0
23,30,0.00073624
23,31,3.17454e-05
23,32,0
23,33,0.00067177
23,34,3.05226e-06
23,35,0
23,36,3.31835e-05
23,37,0
23,38,0.000186246
23,39,5.08514e-05
23,40,0
23,41,0
23,42,0
23,43,0.000621888
23,44,4.80633e-05
23,45,0
23,46,0.000660227
23,47,2.15321e-05
23,48,0
23,49,0.000623737
23,50,0
23,51,0.000708368
23,52,7.12487e-05
23,53,0
23,54,3.03465e-05
23,55,0
23,56,0
23,57,2.96421e-05
23,58,0
23,59,0.000252604
23,60,5.9656e-05
23,61,0
23,62,0
23,63,0
23,64,0.000702812
23,65,0.000104325
23,66,0
23,67,0.000695425
23,68,1.20916e-05
23,69,0
23,70,0.00069523
23,71,0
23,72,0.000623238
23,73,0.000125984
23,74,0
23,75,0
23,76,0
23,77,0.000115047
23,78,9.44537e-05
23,79,0
23,80,0.000136041
23,81,5.16144e-05
23,82,0
23,83,0.000114919
23,84,0
23,85,0.000189269
23,86,0.00016131
23,87,0
23,88,6.64746e-05
23,89,4.43164e-06
23,90,0
23,91,9.17145e-05
23,92,0
23,93,0.000750591
23,94,0.000145628
23,95,0
23,96,0
23,97,0
23,98,0.000106203
23,99,0.000173558
23,100,0
23,101,0.000171954
23,102,2.95932e-05
23,103,0
23,104,0.000108208
23,105,0
23,106,0.000197917
23,107,0.00019735
23,108,0
23,109,0
23,110,0
23,111,0
23,112,8.99731e-05
23,113,0
23,114,0.000763103
23,115,0.000106721
23,116,0
23,117,0
23,118,0
23,119,0.000128156
23,120,0.000222316
23,121,0
23,122,0.00013609
23,123,8.43284e-06
23,124,0
23,125,0.000139973
23,126,0
23,127,0.000308845
23,128,0.000196724
23,129,0
23,130,0
23,131,0
23,132,8.90829e-05
23,133,0.000173216
23,134,0
23,135,0.000229917
23,136,5.53026e-05
23,137,0
23,138,9.25558e-05
23,139,0
23,140,9.73787e-05
23,141,0.000246861
23,142,0
23,143,0
23,144,0
23,145,0
23,146,5.40406e-05
23,147,0
23,148,0.00023383
23,149,0.000147829
23,150,0
23,151,0
23,152,0
23,153,8.82513e-05
23,154,0.000235024
23,155,0
23,156,0.000100754
23,157,1.85385e-05
23,158,0
23,159,9.63515e-05
23,160,0
23,161,0.000186158
23,162,0.00023071
23,163,0
23,164,0
23,165,0
23,166,0
23,167,0.000123851
23,168,0
23,169,0.000175446
23,170,7.97696e-05
23,171,0
23,172,0
23,173,0
23,174,0
23,175,0.000252829
23,176,0
23,177,0
23,178,0
23,179,0
23,180,1.79418e-05
23,181,0
23,182,0.000164607
23,183,0.000178332
23,184,0
23,185,0
23,186,0
23,187,1.44297e-05
23,188,0.000196127
23,189,0
23,190,2.25691e-05
23,191,2.95345e-05
23,192,0
23,193,1.68363e-05
23,194,0
23,195,1.74918e-05
23,196,0.000243036
23,197,0
23,198,0
23,199,0
23,200,0
23,201,7.75391e-05
23,202,0
23,203,0.000109011
23,204,0.000110302
23,205,0
23,206,0
23,207,0
23,208,0
23,209,0.000239896
23,210,0
23,211,0
23,212,2.54355e-06
23,213,0
23,214,1.07612e-07
23,215,0
23,216,1.6807e-05
23,217,0.00020004
23,218,0
23,219,0
23,220,0
23,221,0
23,222,0.000150832
23,223,0
23,224,0
23,225,4.77502e-05
23,226,0
23,227,0
23,228,0
23,229,0
23,230,0.000245805
23,231,0
23,232,0
23,233,0
23,234,0
23,235,3.15302e-05
23,236,0
23,237,1.73059e-05
23,238,0.000142664
23,239,0
23,240,0
23,241,0
23,242,0
23,243,0.000208767
23,244,0
23,245,0
23,246,8.21762e-06
23,247,0
23,248,0
23,249,0
23,250,0
23,251,0.000217894
23,252,0
23,253,0
23,254,0
23,255,0
23,256,9.42971e-05
23,257,0
23,258,0
23,259,7.51423e-05
23,260,0
23,261,0
23,262,0
23,263,0
23,264,0.000231561
23,265,0
23,266,0
23,267,0
23,268,0
23,269,3.72728e-06
23,270,9.29373e-07
23,271,0
23,272,0.000169019
23,273,0
23,274,0
23,275,0
23,276,0
23,277,0.000163902
23,278,0
23,279,0
23,280,1.86266e-05
23,281,0
23,282,0
23,283,0
23,284,0
23,285,0.000220888
23,286,0
23,287,0
23,288,0
23,289,0
23,290,4.08924e-05
23,291,7.80673e-06
23,292,0
23,293,0.000101781
23,294,0
23,295,0
23,296,0
23,297,0
23,298,0.000206644
23,299,0
23,300,0
23,301,0
23,302,0
23,303,0
23,304,5.06753e-06
23,305,0
23,306,0.000183282
23,307,0
23,308,0
23,309,0
23,310,0
23,311,0.00010904
23,312,1.02916e-05
23,313,0
23,314,3.66564e-05
23,315,0
23,316,0
23,317,0
23,318,0
23,319,0.000213883
23,320,0
23,321,0
23,322,0
23,323,0
23,324,9.49917e-06
23,325,1.5858e-05
23,326,0
23,327,0.000126845
23,328,0
23,329,0
23,330,0
23,331,0
23,332,0.000166289
23,333,4.87187e-06
23,334,0
23,335,1.47721e-06
23,336,0
23,337,0
23,338,4.37295e-06
23,339,0
23,340,0.000189925
23,341,0
23,342,0
23,343,0
23,344,0
23,345,5.54004e-05
23,346,2.52007e-05
23,347,0
23,348,6.14071e-05
23,349,0
23,350,0
23,351,0
23,352,0
23,353,0.000190854
23,354,0
23,355,0
23,356,0
23,357,0
23,358,0
23,359,1.75016e-05
23,360,0
23,361,0.000143221
23,362,0
23,363,0
23,364,0
23,365,0
23,366,0.000112953
23,367,2.70496e-05
23,368,0
23,369,1.20721e-05
23,370,0
23,371,0
23,372,0
23,373,0
23,374,0.000180328
23,375,0
23,376,0
23,377,0
23,378,0
23,379,1.532e-05
23,380,3.72336e-05
23,381,0
23,382,8.24207e-05
23,383,0
23,384,0
23,385,0
23,386,0
23,387,0.000153161
23,388,1.37352e-05
23,389,0
23,390,0
23,391,0
23,392,0
23,393,1.57113e-05
23,394,0
23,395,0.000146371
23,396,0
23,397,0
23,398,0
23,399,0
23,400,6.29528e-05
23,401,5.14188e-05
23,402,0
23,403,2.57485e-05
23,404,0
23,405,0
23,406,0
23,407,0
23,408,0.000161192
23,409,0
23,410,0
23,411,0
23,412,0
23,413,0
23,414,5.17123e-05
23,415,0
23,416,9.7907e-05
23,417,0
23,418,0
23,419,0
23,420,0
23,421,0.000107798
23,422,4.21251e-05
23,423,0
23,424,0
23,425,0
23,426,0
23,427,1.51928e-05
23,428,0
23,429,0.000140277
23,430,0
23,431,0
23,432,0
23,433,0
23,434,1.8832e-05
23,435,8.55219e-05
23,436,0
23,437,4.66545e-05
23,438,0
23,439,0
23,440,0
23,441,0
23,442,0.00013067
23,443,2.05049e-05
23,444,0
23,445,0
23,446,0
23,447,0
23,448,6.29724e-05
23,449,0
23,450,0.000102309
23,451,0
23,452,0
23,453,0
23,454,0
23,455,6.16419e-05
23,456,9.27123e-05
23,457,0
23,458,5.88929e-06
23,459,0
23,460,0
23,461,8.77524e-06
23,462,0
23,463,0.000125534
23,464,0
23,465,0
23,466,0
23,467,0
23,468,0
23,469,0.000106007
23,470,0
23,471,5.73472e-05
23,472,0
23,473,0
23,474,0
23,475,0
23,476,9.29177e-05
23,477,6.68953e-05
23,478,0
23,479,0
23,480,0
23,481,0
23,482,5.39526e-05
23,483,0
23,484,9.91397e-05
23,485,0
23,486,0
23,487,0
23,488,0
23,489,2.11017e-05
23,490,0.000136774
23,491,0
23,492,1.45178e-05
23,493,0
23,494,0
23,495,0
23,496,0
23,497,9.92277e-05
23,498,2.47605e-05
23,499,0
23,500,0
23,501,0
23,502,0
23,503,0.000105988
23,504,0
23,505,6.48115e-05
23,506,0
23,507,0
23,508,0
23,509,0
23,510,5.40895e-05
23,511,0.000130337
23,512,0
23,513,0
23,514,0
23,515,0
23,516,3.44749e-05
23,517,0
23,518,8.61284e-05
23,519,0
23,520,0
23,521,0
23,522,0
23,523,0
23,524,0.000172159
23,525,0
23,526,2.44865e-05
23,527,0
23,528,0
23,529,0
23,530,0
23,531,7.30879e-05
23,532,7.95641e-05
23,533,0
23,534,0
23,535,0
23,536,0
23,537,9.78972e-05
23,538,0
23,539,6.06538e-05
23,540,0
23,541,0
23,542,0
23,543,0
23,544,1.99277e-05
23,545,0.000195618
23,546,0
23,547,0
23,548,0
23,549,0
23,550,1.82548e-05
23,551,0
23,552,7.20509e-05
23,553,2.32637e-05
23,554,0
23,555,0
23,556,0
23,557,0
23,558,0.000187812
23,559,0
23,560,3.04541e-05
23,561,0
23,562,0
23,563,0
23,564,0
23,565,3.83293e-05
23,566,0.000158414
23,567,0
23,568,0
23,569,0
23,570,0
23,571,9.12253e-05
23,572,0
23,573,5.33949e-05
23,574,0
23,575,0
23,576,0
23,577,0
23,578,0
23,579,0.000251381
23,580,0
23,581,6.72084e-06
23,582,0
23,583,0
23,584,0
23,585,0
23,586,4.75448e-05
23,587,8.4661e-05
23,588,0
23,589,0
23,590,0
23,591,0
23,592,0.000192723
23,593,0
23,594,2.81649e-05
23,595,0
23,596,0
23,597,0
23,598,0
23,599,1.46939e-05
23,600,0.000247076
23,601,0
23,602,0
23,603,0
23,604,0
23,605,5.88733e-05
23,606,0
23,607,3.95619e-05
23,608,1.83429e-05
23,609,0
23,610,0
23,611,0
23,612,0
23,613,0.000290894
23,614,0
23,615,8.69698e-06
23,616,0
23,617,0
23,618,0
23,619,0
23,620,2.30974e-05
23,621,0.00017753
23,622,0
23,623,0
23,624,0
23,625,0
23,626,0.000165839
23,627,0
23,628,2.253e-05
23,629,0
23,630,0
23,631,0
23,632,0
23,633,0
23,634,0.00033117
23,635,0
23,636,0
23,637,0
23,638,0
23,639,2.83214e-05
23,640,0
23,641,2.2843e-05
23,642,7.86348e-05
23,643,0
23,644,0
23,645,0
23,646,0
23,647,0.00029919
23,648,0
23,649,9.39156e-06
23,650,0
23,651,0
23,652,0
23,653,0
23,654,7.73825e-06
23,655,0.000288194
23,656,0
23,657,0
23,658,0
23,659,0
23,660,0.000132851
23,661,0
23,662,1.65918e-05
23,663,9.92962e-06
23,664,0
23,665,0
23,666,0
23,667,0
23,668,0.000395062
23,669,0
23,670,0
23,671,0
23,672,0
23,673,3.34574e-06
23,674,0
23,675,1.27764e-05
23,676,0.000178665
23,677,0
23,678,0
23,679,0
23,680,0
23,681,0.000277785
23,682,0
23,683,7.4252e-06
23,684,0
23,685,0
23,686,0
23,687,0
23,688,0
23,689,0.000392489
23,690,0
23,691,0
23,692,0
23,693,0
23,694,8.92296e-05
23,695,0
23,696,1.08981e-05
23,697,6.05853e-05
23,698,0
23,699,0
23,700,0
23,701,0
23,702,0.000424626
23,703,0
23,704,0
23,705,0
23,706,0
23,707,0
23,708,0
23,709,0
23,710,0.000299268
23,711,0
23,712,0
23,713,0
23,714,0
23,715,0.000232715
23,716,0
23,717,3.62945e-06
23,718,0
23,719,0
23,720,0
23,721,0
23,722,0
23,723,0.000485172
23,724,0
23,725,0
23,726,0
23,727,0
23,728,3.53944e-05
23,729,0
23,730,1.52613e-06
23,731,0.000159432
23,732,0
23,733,0
23,734,0
23,735,0
23,736,0.000415811
23,737,0
23,738,0
23,739,0
23,740,0
23,741,0
23,742,0
23,743,0
23,744,0.000430603
23,745,0
23,746,0
23,747,0
23,748,0
23,749,0.000168999
23,750,0
23,751,0
23,752,3.81336e-05
23,753,0
23,754,0
23,755,0
23,756,0
23,757,0.000547988
23,758,0
23,759,0
23,760,0
23,761,0
23,762,3.08161e-06
23,763,0
23,764,0
23,765,0.000292293
23,766,0
23,767,0
23,768,0
23,769,0
23,770,0.000367122
23,771,0
23,772,0
23,773,0
23,774,0
23,775,0
23,776,0
23,777,0
23,778,0.00055598
23,779,0
23,780,0
23,781,0
23,782,0
23,783,0.000109294
23,784,0
23,785,0
23,786,0.000131081
23,787,0
23,788,0
23,789,0
23,790,0
23,791,0.000562271
23,792,0
23,793,0
23,794,0
23,795,0
23,796,0
23,797,0
23,798,0
23,799,0.000444094
23,800,0
23,801,0
23,802,0
23,803,0
23,804,0.00029061
23,805,0
23,806,0
23,807,2.22658e-05
23,808,0
23,809,0
23,810,0
23,811,0
23,812,0.000647245
23,813,0
23,814,0
23,815,0
23,816,0
23,817,3.91119e-05
23,818,0
23,819,0
23,820,0.000264852
23,821,0
23,822,0
23,823,0
23,824,0
23,825,0.000522885
23,826,0
23,827,0
23,828,0
23,829,0
23,830,0
23,831,0
23,832,0
23,833,0.000584263
23,834,0
23,835,0
23,836,0
23,837,0
23,838,0.000199835
23,839,0
23,840,0
23,841,9.26634e-05
23,842,0
23,843,0
23,844,0
23,845,0
23,846,0.000693215
23,847,0
23,848,0
23,849,0
23,850,0
23,851,0
23,852,0
23,853,0
23,854,0.000417592
23,855,0
23,856,0
23,857,0
23,858,0
23,859,0.00043932
23,860,0
23,861,0
23,862,2.37724e-06
23,863,0
23,864,0
23,865,0
23,866,0
23,867,0.000710608
23,868,0
23,869,0
23,870,0
23,871,0
23,872,0.000111818
23,873,0
23,874,0
23,875,0.000211447
23,876,0
23,877,0
23,878,0
23,879,0
23,880,0.000676095
23,881,0
23,882,0
23,883,0
23,884,0
23,885,0
23,886,0
23,887,0
23,888,0.000583294
23,889,0
23,890,0
23,891,0
23,892,0
23,893,0.000325613
23,894,0
23,895,0
23,896,4.70556e-05
23,897,0
23,898,0
23,899,0
23,900,0
23,901,0.000791259
23,902,0
23,903,0
23,904,0
23,905,0
23,906,3.01508e-05
23,907,0
23,908,0
23,909,0.000370566
23,910,0
23,911,0
23,912,0
23,913,0
23,914,0.000596922
23,915,0
23,916,0
23,917,0
23,918,0
23,919,0
23,920,0
23,921,0
23,922,0.000733344
23,923,0
23,924,0
23,925,0
23,926,0
23,927,0.000210371
23,928,0
23,929,0
23,930,0.000157406
23,931,0
23,932,0
23,933,0
23,934,0
23,935,0.000808242
23,936,0
23,937,0
23,938,0
23,939,0
23,940,0
23,941,0
23,942,0
23,943,0.000543908
23,944,0
23,945,0
23,946,0
23,947,0
23,948,0.00047758
23,949,0
23,950,0
23,951,2.55724e-05
23,952,0
23,953,0
23,954,0
23,955,0
23,956,6.56529e-05
23,957,0
23,958,0
23,959,0
23,960,0
23,961,0.000106066
23,962,0
23,963,0
23,964,0.000304727
23,965,0
23,966,0
23,967,0
23,968,0
23,969,0.000751472
23,970,0
23,971,0
23,972,0
23,973,0
23,974,0
23,975,0
23,976,0
23,977,0.00070962
23,978,0
23,979,0
23,980,0
23,981,0
23,982,0.000331806
23,983,0
23,984,0
23,985,0.000100157
23,986,0
23,987,0
23,988,0
23,989,0
23,990,0.000115272
23,991,0
23,992,0
23,993,0
23,994,0
23,995,2.63844e-05
23,996,0
23,997,0
23,998,0.000473785
23,999,0
23,1000,0
23,1001,0
23,1002,0
23,1003,0.000632727
23,1004,0
23,1005,0
23,1006,2.73921e-07
23,1007,0
23,1008,0
23,1009,0
23,1010,0
23,1011,7.11998e-05
23,1012,0
23,1013,0
23,1014,0
23,1015,0
23,1016,0.00019778
23,1017,0
23,1018,0
23,1019,0.000223441
23,1020,0
23,1021,0
23,1022,0
23,1023,0
23,1024,9.06286e-05
23,1025,0
23,1026,0
23,1027,0
23,1028,0
23,1029,0
23,1030,0
23,1031,0
23,1032,0.000650904
23,1033,0
23,1034,0
23,1035,0
23,1036,0
23,1037,0.000477835
23,1038,0
23,1039,0
23,1040,4.38468e-05
23,1041,0
23,1042,0
23,1043,0
23,1044,0
23,1045,0.000156066
23,1046,0
23,1047,0
23,1048,0
23,1049,0
23,1050,6.73257e-05
23,1051,0
23,1052,0
23,1053,0.000385074
23,1054,0
23,1055,0
23,1056,0
23,1057,0
23,1058,0.00077091
23,1059,0
23,1060,0
23,1061,0
23,1062,0
23,1063,0
23,1064,0
23,1065,0
23,1066,0.000810364
23,1067,0
23,1068,0
23,1069,0
23,1070,0
23,1071,0.000315361
23,1072,0
23,1073,0
23,1074,0.000147027
23,1075,0
23,1076,0
23,1077,0
23,1078,0
23,1079,0.00016624
23,1080,0
23,1081,0
23,1082,0
23,1083,0
23,1084,1.18471e-05
23,1085,0
23,1086,0
23,1087,0.000559023
23,1088,0
23,1089,0
23,1090,0
23,1091,0
23,1092,0.000619197
23,1093,0
23,1094,0
23,1095,1.69342e-05
23,1096,0
23,1097,0
23,1098,0
23,1099,0
23,1100,0.000144327
23,1101,0
23,1102,0
23,1103,0
23,1104,0
23,1105,0.000177266
23,1106,0
23,1107,0
23,1108,0.000285562
23,1109,0
23,1110,0
23,1111,0
23,1112,0
23,1113,9.74179e-05
23,1114,0
23,1115,0
23,1116,0
23,1117,0
23,1118,0
23,1119,0
23,1120,0
23,1121,0.00072587
23,1122,0
23,1123,0
23,1124,0
23,1125,0
23,1126,0.000437813
23,1127,0
23,1128,0
23,1129,7.73238e-05
23,1130,0
23,1131,0
23,1132,0
23,1133,0
23,1134,0.00018971
23,1135,0
23,1136,0
23,1137,0
23,1138,0
23,1139,5.07633e-05
23,1140,0
23,1141,0
23,1142,0.000449963
23,1143,0
23,1144,0
23,1145,0
23,1146,0
23,1147,0.000739282
23,1148,0
23,1149,0
23,1150,0
23,1151,0
23,1152,0
23,1153,0
23,1154,0
23,1155,8.20098e-05
23,1156,0
23,1157,0
23,1158,0
23,1159,0
23,1160,0.000264412
23,1161,0
23,1162,0
23,1163,0.000189621
23,1164,0
23,1165,0
23,1166,0
23,1167,0
23,1168,0.000155401
23,1169,0
23,1170,0
23,1171,0
23,1172,0
23,1173,0
23,1174,0
23,1175,0
23,1176,0.000612183
23,1177,0
23,1178,0
23,1179,0
23,1180,0
23,1181,0.000564129
23,1182,0
23,1183,0
23,1184,2.87617e-05
23,1185,0
23,1186,0
23,1187,0
23,1188,0
23,1189,0.000160684
23,1190,0
23,1191,0
23,1192,0
23,1193,0
23,1194,0.000123714
23,1195,0
23,1196,0
23,1197,0.000328392
23,1198,0
23,1199,0
23,1200,0
23,1201,0
23,1202,0.000823278
23,1203,0
23,1204,0
23,1205,0
23,1206,0
23,1207,0
23,1208,0
23,1209,0
23,1210,0.000760531
23,1211,0
23,1212,0
23,1213,0
23,1214,0
23,1215,0.000383019
23,1216,0
23,1217,0
23,1218,0.000104657
23,1219,0
23,1220,0
23,1221,0
23,1222,0
23,1223,0.000161457
23,1224,0
23,1225,0
23,1226,0
23,1227,0
23,1228,3.31737e-05
23,1229,0
23,1230,0
23,1231,0.000478295
23,1232,0
23,1233,0
23,1234,0
23,1235,0
23,1236,0.000661518
23,1237,0
23,1238,0
23,1239,1.40873e-06
23,1240,0
23,1241,0
23,1242,0
23,1243,0
23,1244,8.20979e-05
23,1245,0
23,1246,0
23,1247,0
23,1248,0
23,1249,0.00021719
23,1250,0
23,1251,0
23,1252,0.00021358
23,1253,0
23,1254,0
23,1255,0
23,1256,0
23,1257,8.4299e-05
23,1258,0
23,1259,0
23,1260,0
23,1261,0
23,1262,0
23,1263,0
23,1264,0
23,1265,0.000624969
23,1266,0
23,1267,0
23,1268,0
23,1269,0
23,1270,0.000473354
23,1271,0
23,1272,0
23,1273,3.94739e-05
23,1274,0
23,1275,0
23,1276,0
23,1277,0
23,1278,0.000115663
23,1279,0
23,1280,0
23,1281,0
23,1282,0
23,1283,6.73551e-05
23,1284,0
23,1285,0
23,1286,0.000351156
23,1287,0
23,1288,0
23,1289,0
23,1290,0
23,1291,0.000724177
23,1292,0
23,1293,0
23,1294,0
23,1295,0
23,1296,0
23,1297,0
23,1298,0
23,1299,0.000737355
23,1300,0
23,1301,0
23,1302,0
23,1303,0
23,1304,0.000292205
23,1305,0
23,1306,0
23,1307,0.000119664
23,1308,0
23,1309,0
23,1310,0
23,1311,0
23,1312,7.30585e-05
23,1313,0
23,1314,0
23,1315,0
23,1316,0
23,1317,8.11e-06
23,1318,0
23,1319,0
23,1320,0.000476876
23,1321,0
23,1322,0
23,1323,0
23,1324,0
23,1325,0.000549925
23,1326,0
23,1327,0
23,1328,6.80888e-06
23,1329,0
23,1330,0
23,1331,0
23,1332,0
23,1333,0.000800239
23,1334,0
23,1335,0
23,1336,0
23,1337,0
23,1338,0.000154863
23,1339,0
23,1340,0
23,1341,0.00021896
23,1342,0
23,1343,0
23,1344,0
23,1345,0
23,1346,0.000742931
23,1347,0
23,1348,0
23,1349,0
23,1350,0
23,1351,0
23,1352,0
23,1353,0
23,1354,0.000593273
23,1355,0
23,1356,0
23,1357,0
23,1358,0
23,1359,0.000376817
23,1360,0
23,1361,0
23,1362,4.49621e-05
23,1363,0
23,1364,0
23,1365,0
23,1366,0
23,1367,0.000792736
23,1368,0
23,1369,0
23,1370,0
23,1371,0
23,1372,4.29566e-05
23,1373,0
23,1374,0
23,1375,0.000333713
23,1376,0
23,1377,0
23,1378,0
23,1379,0
23,1380,0.000589007
23,1381,0
23,1382,0
23,1383,0
23,1384,0
23,1385,0
23,1386,0
23,1387,0
23,1388,0.00066909
23,1389,0
23,1390,0
23,1391,0
23,1392,0
23,1393,0.000211349
23,1394,0
23,1395,0
23,1396,0.000122237
23,1397,0
23,1398,0
23,1399,0
23,1400,0
23,1401,0.000716889
23,1402,0
23,1403,0
23,1404,0
23,1405,0
23,1406,0
23,1407,0
23,1408,0
23,1409,0.00043571
23,1410,0
23,1411,0
23,1412,0
23,1413,0
23,1414,0.000423559
23,1415,0
23,1416,0
23,1417,8.78502e-06
23,1418,0
23,1419,0
23,1420,0
23,1421,0
23,1422,0.000687932
23,1423,0
23,1424,0
23,1425,0
23,1426,0
23,1427,7.9163e-05
23,1428,0
23,1429,0
23,1430,0.000206027
23,1431,0
23,1432,0
23,1433,0
23,1434,0
23,1435,0.000591639
23,1436,0
23,1437,0
23,1438,0
23,1439,0
23,1440,0
23,1441,0
23,1442,0
23,1443,0.000512114
23,1444,3.32618e-06
23,1445,0
23,1446,0
23,1447,0
23,1448,0.000264333
23,1449,0
23,1450,0
23,1451,4.27707e-05
23,1452,0
23,1453,0
23,1454,0
23,1455,0
23,1456,0.00064474
23,1457,0
23,1458,0
23,1459,0
23,1460,0
23,1461,1.26003e-05
23,1462,0
23,1463,0
23,1464,0.000291314
23,1465,0
23,1466,0
23,1467,0
23,1468,0
23,1469,0.000445424
23,1470,0
23,1471,0
23,1472,0
23,1473,0
23,1474,0
23,1475,0
23,1476,0
23,1477,0.000551911
23,1478,1.35982e-06
23,1479,0
23,1480,0
23,1481,0
23,1482,0.000137479
23,1483,0
23,1484,0
23,1485,0.000105332
23,1486,0
23,1487,0
23,1488,0
23,1489,0
23,1490,0.000552194
23,1491,0
23,1492,0
23,1493,0
23,1494,0
23,1495,0
23,1496,0
23,1497,0
23,1498,0.000366085
23,1499,8.92198e-06
23,1500,0
23,1501,0
23,1502,0
23,1503,0.000298847
23,1504,0
23,1505,0
23,1506,7.46433e-06
23,1507,0
23,1508,0
23,1509,0
23,1510,0
23,1511,0.000540269
23,1512,0
23,1513,0
23,1514,0
23,1515,0
23,1516,3.93174e-05
23,1517,0
23,1518,0
23,1519,0.000171875
23,1520,0
23,1521,0
23,1522,0
23,1523,0
23,1524,0.000433332
23,1525,0
23,1526,0
23,1527,0
23,1528,0
23,1529,0
23,1530,0
23,1531,0
23,1532,0.000408768
23,1533,1.26003e-05
23,1534,0
23,1535,0
23,1536,0
23,1537,0.000166915
23,1538,0
23,1539,0
23,1540,3.59325e-05
23,1541,0
23,1542,0
23,1543,0
23,1544,0
23,1545,0.000483078
23,1546,0
23,1547,0
23,1548,0
23,1549,0
23,1550,0
23,1551,0
23,1552,0
23,1553,0.000228714
23,1554,1.19449e-05
23,1555,0
23,1556,0
23,1557,0
23,1558,0.000307534
23,1559,0
23,1560,0
23,1561,0
23,1562,0
23,1563,0
23,1564,0
23,1565,0
23,1566,0.000417484
23,1567,1.40776e-05
23,1568,0
23,1569,0
23,1570,0
23,1571,6.23071e-05
23,1572,0
23,1573,0
23,1574,8.21566e-05
23,1575,0
23,1576,0
23,1577,0
23,1578,0
23,1579,0.000394221
23,1580,0
23,1581,0
23,1582,0
23,1583,0
23,1584,0
23,1585,0
23,1586,0
23,1587,0.000275222
23,1588,3.59521e-05
23,1589,0
23,1590,0
23,1591,0
23,1592,0.000186012
23,1593,0
23,1594,0
23,1595,2.97399e-06
23,1596,0
23,1597,0
23,1598,0
23,1599,0
23,1600,0.000386296
23,1601,1.0409e-05
23,1602,0
23,1603,0
23,1604,0
23,1605,1.06144e-05
23,1606,0
23,1607,0
23,1608,0.000129251
23,1609,1.24536e-05
23,1610,0
23,1611,0
23,1612,0
23,1613,0.000288292
23,1614,0
23,1615,0
23,1616,0
23,1617,0
23,1618,0
23,1619,0
23,1620,0
23,1621,0.000293036
23,1622,4.31523e-05
23,1623,0
23,1624,0
23,1625,0
23,1626,8.69502e-05
23,1627,0
23,1628,0
23,1629,2.44278e-05
23,1630,0
23,1631,0
23,1632,0
23,1633,0
23,1634,0.000326709
23,1635,4.66643e-06
23,1636,0
23,1637,0
23,1638,0
23,1639,0
23,1640,0
23,1641,0
23,1642,0.000158659
23,1643,3.89358e-05
23,1644,0
23,1645,0
23,1646,0
23,1647,0.000187988
23,1648,0
23,1649,0
23,1650,0
23,1651,0
23,1652,0
23,1653,0
23,1654,0
23,1655,0.000285239
23,1656,3.70869e-05
23,1657,0
23,1658,0
23,1659,0
23,1660,2.18843e-05
23,1661,0
23,1662,0
23,1663,5.05481e-05
23,1664,8.67741e-06
23,1665,0
23,1666,0
23,1667,0
23,1668,0.000251224
23,1669,0
23,1670,0
23,1671,0
23,1672,0
23,1673,0
23,1674,0
23,1675,0
23,1676,0.000180553
23,1677,5.93821e-05
23,1678,0
23,1679,0
23,1680,0
23,1681,9.45515e-05
23,1682,0
23,1683,0
23,1684,0
23,1685,0
23,1686,0
23,1687,0
23,1688,0
23,1689,0.000252075
23,1690,2.60518e-05
23,1691,0
23,1692,0
23,1693,0
23,1694,0
23,1695,0
23,1696,0
23,1697,8.28218e-05
23,1698,3.85543e-05
23,1699,0
23,1700,0
23,1701,0
23,1702,0.000170985
23,1703,0
23,1704,0
23,1705,0
23,1706,0
23,1707,0
23,1708,0
23,1709,0
23,1710,0.000185816
23,1711,7.44183e-05
23,1712,0
23,1713,0
23,1714,0
23,1715,2.89182e-05
23,1716,0
23,1717,0
23,1718,1.23362e-05
23,1719,1.99571e-06
23,1720,0
23,1721,0
23,1722,0
23,1723,0.00019916
23,1724,2.01625e-05
23,1725,0
23,1726,0
23,1727,0
23,1728,0
23,1729,0
23,1730,0
23,1731,0.000103835
23,1732,7.54455e-05
23,1733,0
23,1734,0
23,1735,0
23,1736,9.04133e-05
23,1737,0
23,1738,0
23,1739,0
23,1740,0
23,1741,0
23,1742,0
23,1743,0
23,1744,0.000172179
23,1745,7.13172e-05
23,1746,0
23,1747,0
23,1748,0
23,1749,0
23,1750,0
23,1751,0
23,1752,2.50539e-05
23,1753,2.73921e-05
23,1754,0
23,1755,6.84801e-07
23,1756,0
23,1757,0.000138809
23,1758,1.68852e-05
23,1759,0
23,1760,0
23,1761,0
23,1762,0
23,1763,0
23,1764,0
23,1765,0.000112973
23,1766,9.7095e-05
23,1767,0
23,1768,0
23,1769,0
23,1770,3.24107e-05
23,1771,0
23,1772,0
23,1773,0
23,1774,0
23,1775,0
23,1776,0
23,1777,0
23,1778,0.000142478
23,1779,6.25321e-05
23,1780,0
23,1781,0
23,1782,0
23,1783,0
23,1784,0
23,1785,0
23,1786,3.52673e-05
23,1787,7.38803e-05
23,1788,0
23,1789,3.63923e-06
23,1790,0
23,1791,7.87815e-05
23,1792,1.4146e-05
23,1793,0
23,1794,0
23,1795,0
23,1796,0
23,1797,0
23,1798,0
23,1799,0.000106174
23,1800,0.000102329
23,1801,0
23,1802,0
23,1803,0
23,1804,7.1415e-07
23,1805,2.30876e-06
23,1806,0
23,1807,0
23,1808,2.08082e-05
23,1809,0
23,1810,4.23598e-06
23,1811,0
23,1812,0.000105371
23,1813,5.02448e-05
23,1814,0
23,1815,0
23,1816,0
23,1817,0
23,1818,0
23,1819,0
23,1820,4.3524e-05
23,1821,0.000110566
23,1822,0
23,1823,2.4555e-06
23,1824,0
23,1825,2.88595e-05
23,1826,1.36373e-05
23,1827,0
23,1828,0
23,1829,0
23,1830,0
23,1831,8.60893e-07
23,1832,0
23,1833,9.25558e-05
23,1834,9.78581e-05
23,1835,0
23,1836,0
23,1837,0
23,1838,0
23,1839,3.50227e-06
23,1840,0
23,1841,7.30781e-06
23,1842,6.49192e-05
23,1843,0
23,1844,6.398e-06
23,1845,0
23,1846,5.58407e-05
23,1847,4.37295e-05
23,1848,0
23,1849,0
23,1850,0
23,1851,0
23,1852,4.98927e-07
23,1853,0
23,1854,4.71828e-05
23,1855,0.000133791
23,1856,0
23,1857,5.86973e-07
23,1858,0
23,1859,9.58722e-07
23,1860,1.39112e-05
23,1861,0
23,1862,0
23,1863,1.26395e-05
23,1864,0
23,1865,7.30781e-06
23,1866,0
23,1867,6.29724e-05
23,1868,9.14992e-05
23,1869,0
23,1870,0
23,1871,0
23,1872,0
23,1873,4.49034e-06
23,1874,0
23,1875,1.29819e-05
23,1876,0.000111182
23,1877,0
23,1878,1.00274e-05
23,1879,0
23,1880,2.15615e-05
23,1881,4.09511e-05
23,1882,0
23,1883,0
23,1884,0
23,1885,0
23,1886,6.18278e-06
23,1887,0
23,1888,4.14011e-05
23,1889,0.000137283
23,1890,0
23,1891,0
23,1892,0
23,1893,0
23,1894,1.41656e-05
23,1895,0
23,1896,0
23,1897,5.13405e-05
23,1898,0
23,1899,1.91255e-05
23,1900,0
23,1901,3.33596e-05
23,1902,8.80654e-05
23,1903,0
23,1904,0
23,1905,0
23,1906,0
23,1907,6.96541e-06
23,1908,0
23,1909,1.52613e-05
23,1910,0.000145687
23,1911,0
23,1912,6.22191e-06
23,1913,0
23,1914,0
23,1915,3.87108e-05
23,1916,0
23,1917,0
23,1918,6.3393e-06
23,1919,0
23,1920,1.55352e-05
23,1921,0
23,1922,2.82236e-05
23,1923,0.000137518
23,1924,0
23,1925,0
23,1926,0
23,1927,0
23,1928,1.47037e-05
23,1929,0
23,1930,0
23,1931,0.000100186
23,1932,0
23,1933,2.10625e-05
23,1934,0
23,1935,1.32558e-05
23,1936,8.23914e-05
23,1937,0
23,1938,0
23,1939,0
23,1940,0
23,1941,1.28743e-05
23,1942,0
23,1943,1.34612e-05
23,1944,0.000166172
23,1945,0
23,1946,0
23,1947,0
23,1948,0
23,1949,3.89261e-05
23,1950,0
23,1951,0
23,1952,3.58934e-05
23,1953,0
23,1954,2.57094e-05
23,1955,0
23,1956,1.82646e-05
23,1957,0.000132597
23,1958,0
23,1959,0
23,1960,0
23,1961,0
23,1962,1.91451e-05
23,1963,0
23,1964,0
23,1965,0.000148484
23,1966,0
23,1967,1.39699e-05
23,1968,0
23,1969,0
23,1970,7.63358e-05
23,1971,0
23,1972,0
23,1973,0
23,1974,0
23,1975,2.34398e-05
23,1976,0
23,1977,9.43069e-06
23,1978,0.000172198
23,1979,0
23,1980,0
23,1981,0
23,1982,0
23,1983,3.71064e-05
23,1984,0
23,1985,0
23,1986,8.75665e-05
23,1987,0
23,1988,2.38604e-05
23,1989,0
23,1990,2.26963e-06
23,1991,0.000127803
23,1992,0
23,1993,0
23,1994,0
23,1995,0
23,1996,2.58855e-05
23,1997,0
23,1998,0
23,1999,0.000180015
23,2000,0
23,2001,4.42186e-06
23,2002,0
23,2003,0
23,2004,7.28629e-05
23,2005,0
23,2006,0
23,2007,2.29115e-05
23,2008,0
23,2009,2.95932e-05
23,2010,0
23,2011,1.30112e-06
23,2012,0.000174057
23,2013,0
23,2014,0
23,2015,0
23,2016,0
23,2017,3.93369e-05
23,2018,0
23,2019,0
23,2020,0.000138496
23,2021,0
23,2022,2.40952e-05
23,2023,0
23,2024,0
23,2025,0.000124976
23,2026,0
23,2027,0
23,2028,0
23,2029,0
23,2030,3.22248e-05
23,2031,0
23,2032,0
23,2033,0.000195883
23,2034,0
23,2035,0
23,2036,0
23,2037,0
23,2038,6.72475e-05
23,2039,0
23,2040,0
23,2041,6.86367e-05
23,2042,0
23,2043,3.87011e-05
23,2044,0
23,2045,0
23,2046,0.000176219
23,2047,0
23,2048,0
23,2049,0
23,2050,0
23,2051,4.09218e-05
23,2052,0
23,2053,0
23,2054,0.000178792
23,2055,0
23,2056,9.38178e-06
23,2057,0
23,2058,0
23,2059,0.000114274
23,2060,0
23,2061,0
23,2062,1.30112e-05
23,2063,0
23,2064,4.33773e-05
23,2065,0
23,2066,0
23,2067,0.000204433
23,2068,0
23,2069,0
23,2070,0
23,2071,0
23,2072,6.23267e-05
23,2073,0
23,2074,0
23,2075,0.000114479
23,2076,0
23,2077,3.12074e-05
23,2078,0
23,2079,0
23,2080,0.000169684
23,2081,0
23,2082,0
23,2083,0
23,2084,0
23,2085,4.91492e-05
23,2086,0
23,2087,0
23,2088,0.000202946
23,2089,0
23,2090,0
23,2091,0
23,2092,0
23,2093,9.53243e-05
23,2094,0
23,2095,0
23,2096,4.39642e-05
23,2097,0
23,2098,4.12348e-05
23,2099,0
23,2100,0
23,2101,0.000199023
23,2102,0
23,2103,0
23,2104,0
23,2105,0
23,2106,5.5958e-05
23,2107,0
23,2108,0
23,2109,0.000157671
23,2110,0
23,2111,1.67092e-05
23,2112,0
23,2113,0
23,2114,0.000147389
23,2115,0
23,2116,0
23,2117,4.54904e-06
23,2118,0
23,2119,4.82687e-05
23,2120,0
23,2121,0
23,2122,0.000212425
23,2123,0
23,2124,0
23,2125,0
23,2126,0
23,2127,7.8038e-05
23,2128,0
23,2129,0
23,2130,8.40349e-05
23,2131,0
23,2132,3.34966e-05
23,2133,0
23,2134,0
23,2135,0.000181776
23,2136,0
23,2137,0
23,2138,0
23,2139,0
23,2140,5.52341e-05
23,2141,0
23,2142,0
23,2143,0.000184906
23,2144,0
23,2145,6.398e-06
23,2146,0
23,2147,0
23,2148,0.000118353
23,2149,0
23,2150,0
23,2151,2.04071e-05
23,2152,0
23,2153,4.39642e-05
23,2154,0
23,2155,0
23,2156,0.000191069
23,2157,0
23,2158,0
23,2159,0
23,2160,0
23,2161,6.94486e-05
23,2162,0
23,2163,0
23,2164,0.000118148
23,2165,0
23,2166,2.61007e-05
23,2167,0
23,2168,0
23,2169,0.000167268
23,2170,0
23,2171,0
23,2172,0
23,2173,0
23,2174,5.4246e-05
23,2175,0
23,2176,0
23,2177,0.000193544
23,2178,0
23,2179,0
23,2180,0
23,2181,0
23,2182,8.85155e-05
23,2183,0
23,2184,0
23,2185,5.42558e-05
23,2186,0
23,2187,3.56586e-05
23,2188,0
23,2189,0
23,2190,0.000168833
23,2191,0
23,2192,0
23,2193,0
23,2194,0
23,2195,5.66526e-05
23,2196,0
23,2197,0
23,2198,0.000138516
23,2199,0
23,2200,9.01003e-06
23,2201,0
23,2202,0
23,2203,0.000131413
23,2204,0
23,2205,0
23,2206,9.40134e-06
23,2207,0
23,2208,4.82883e-05
23,2209,0
23,2210,0
23,2211,0.000177266
23,2212,0
23,2213,0
23,2214,0
23,2215,0
23,2216,6.76388e-05
23,2217,0
23,2218,0
23,2219,8.02978e-05
23,2220,0
23,2221,2.36746e-05
23,2222,0
23,2223,0
23,2224,0.000150138
23,2225,0
23,2226,0
23,2227,0
23,2228,0
23,2229,5.06068e-05
23,2230,0
23,2231,0
23,2232,0.000152906
23,2233,0
24,0,0
24,1,0
24,2,0
24,3,0
24,4,0
24,5,0
24,6,0
24,7,0
24,8,0
24,9,0
24,10,0
24,11,0
24,12,0
24,13,0
24,14,0
24,15,0
24,16,0
24,17,0
24,18,0
24,19,0
24,20,0
24,21,0
24,22,0
24,23,0
24,24,0
24,25,0
24,26,0
24,27,0
24,28,0
24,29,0
24,30,0
24,31,0
24,32,0
24,33,0
24,34,0
24,35,0
24,36,0
24,37,0
24,38,0
24,39,0
24,40,0
24,41,0
24,42,0
24,43,0
24,44,0
24,45,0
24,46,0
24,47,0
24,48,0
24,49,0
24,50,0
24,51,0
24,52,0
24,53,0
24,54,0
24,55,0
24,56,0
24,57,0
24,58,0
24,59,0
24,60,0
24,61,0
24,62,0
24,63,0
24,64,0
24,65,0
24,66,0
24,67,0
24,68,0
24,69,0
24,70,0
24,71,0
24,72,0
24,73,0
24,74,0
24,75,0
24,76,0
24,77,0
24,78,0
24,79,0
24,80,0
24,81,0
24,82,0
24,83,0
24,84,0
24,85,0
24,86,0
24,87,0
24,88,0
24,89,0
24,90,0
24,91,0
24,92,0
24,93,0
24,94,0
24,95,0
24,96,0
24,97,0
24,98,0
24,99,0
24,100,0
24,101,0
24,102,0
24,103,0
24,104,0
24,105,0
24,106,0
24,107,0
24,108,0
24,109,0
24,110,0
24,111,0
24,112,0
24,113,0
24,114,0
24,115,0
24,116,0
24,117,0
24,118,0
24,119,0
24,120,0
24,121,0
24,122,0
24,123,0
24,124,0
24,125,0
24,126,0
24,127,0
24,128,0
24,129,0
24,130,0
24,131,0
24,132,0
24,133,0
24,134,0
24,135,0
24,136,0
24,137,0
24,138,0
24,139,0
24,140,0
24,141,0
24,142,0
24,143,0
24,144,0
24,145,0
24,146,0
24,147,0
24,148,0
24,149,0
24,150,0
24,151,0
24,152,0
24,153,0
24,154,0
24,155,0
24,156,0
24,157,0
24,158,0
24,159,0
24,160,0
24,161,0
24,162,0
24,163,0
24,164,0
24,165,0
24,166,0
24,167,0
24,168,0
24,169,0
24,170,0
24,171,0
24,172,0
24,173,0
24,174,0
24,175,0
24,176,0
24,177,0
24,178,0
24,179,0
24,180,0
24,181,0
24,182,0
24,183,0
24,184,0
24,185,0
24,186,0
24,187,0
24,188,0
24,189,0
24,190,0
24,191,0
24,192,0
24,193,0
24,194,0
24,195,0
24,196,0
24,197,0
24,198,0
24,199,0
24,200,0
24,201,0
24,202,0
24,203,0
24,204,0
24,205,0
24,206,0
24,207,0
24,208,0
24,209,0
24,210,0
24,211,0
24,212,0
24,213,0
24,214,0
24,215,0
24,216,0
24,217,0
24,218,0
24,219,0
24,220,0
24,221,0
24,222,0
24,223,0
24,224,0
24,225,0
24,226,0
24,227,0
24,228,0
24,229,0
24,230,0
24,231,0
24,232,0
24,233,0
24,234,0
24,235,0
24,236,0
24,237,0
24,238,0
24,239,0
24,240,0
24,241,0
24,242,0
24,243,0
24,244,0
24,245,0
24,246,0
24,247,0
24,248,0
24,249,0
24,250,0
24,251,0
24,252,0
24,253,0
24,254,0
24,255,0
24,256,0
24,257,0
24,258,0
24,259,0
24,260,0
24,261,0
24,262,0
24,263,0
24,264,0
24,265,0
24,266,0
24,267,0
24,268,0
24,269,0
24,270,0
24,271,0
24,272,0
24,273,0
24,274,0
24,275,0
24,276,0
24,277,0
24,278,0
24,279,0
24,280,0
24,281,0
24,282,0
24,283,0
24,284,0
24,285,0
24,286,0
24,287,0
24,288,0
24,289,0
24,290,0
24,291,0
24,292,0
24,293,0
24,294,0
24,295,0
24,296,0
24,297,0
24,298,0
24,299,0
24,300,0
24,301,0
24,302,0
24,303,0
24,304,0
24,305,0
24,306,0
24,307,0
24,308,0
24,309,0
24,310,0
24,311,0
24,312,0
24,313,0
24,314,0
24,315,0
24,316,0
24,317,0
24,318,0
24,319,0
24,320,0
24,321,0
24,322,0
24,323,0
24,324,0
24,325,0
24,326,0
24,327,0
24,328,0
24,329,0
24,330,0
24,331,0
24,332,0
24,333,0
24,334,0
24,335,0
24,336,0
24,337,0
24,338,0
24,339,0
24,340,0
24,341,0
24,342,0
24,343,0
24,344,0
24,345,0
24,346,0
24,347,0
24,348,0
24,349,0
24,350,0
24,351,0
24,352,0
24,353,0
24,354,0
24,355,0
24,356,0
24,357,0
24,358,0
24,359,0
24,360,0
24,361,0
24,362,0
24,363,0
24,364,0
24,365,0
24,366,0
24,367,0
24,368,0
24,369,0
24,370,0
24,371,0
24,372,0
24,373,0
24,374,0
24,375,0
24,376,0
24,377,0
24,378,0
24,379,0
24,380,0
24,381,0
24,382,0
24,383,0
24,384,0
24,385,0
24,386,0
24,387,0
24,388,0
24,389,0
24,390,0
24,391,0
24,392,0
24,393,0
24,394,0
24,395,0
24,396,0
24,397,0
24,398,0
24,399,0
24,400,0
24,401,0
24,402,0
24,403,0
24,404,0
24,405,0
24,406,0
24,407,0
24,408,0
24,409,0
24,410,0
24,411,0
24,412,0
24,413,0
24,414,0
24,415,0
24,416,0
24,417,0
24,418,0
24,419,0
24,420,0
24,421,0
24,422,0
24,423,0
24,424,0
24,425,0
24,426,0
24,427,0
24,428,0
24,429,0
24,430,0
24,431,0
24,432,0
24,433,0
24,434,0
24,435,0
24,436,0
24,437,0
24,438,0
24,439,0
24,440,0
24,441,0
24,442,0
24,443,0
24,444,0
24,445,0
24,446,0
24,447,0
24,448,0
24,449,0
24,450,0
24,451,0
24,452,0
24,453,0
24,454,0
24,455,0
24,456,0
24,457,0
24,458,0
24,459,0
24,460,0
24,461,0
24,462,0
24,463,0
24,464,0
24,465,0
24,466,0
24,467,0
24,468,0
24,469,0
24,470,0
24,471,0
24,472,0
24,473,0
24,474,0
24,475,0
24,476,0
24,477,0
24,478,0
24,479,0
24,480,0
24,481,0
24,482,0
24,483,0
24,484,0
24,485,0
24,486,0
24,487,0
24,488,0
24,489,0
24,490,0
24,491,0
24,492,0
24,493,0
24,494,0
24,495,0
24,496,0
24,497,0
24,498,0
24,499,0
24,500,0
24,501,0
24,502,0
24,503,0
24,504,0
24,505,0
24,506,0
24,507,0
24,508,0
24,509,0
24,510,0
24,511,0
24,512,0
24,513,0
24,514,0
24,515,0
24,516,0
24,517,0
24,518,0
24,519,0
24,520,0
24,521,0
24,522,0
24,523,0
24,524,0
24,525,0
24,526,0
24,527,0
24,528,0
24,529,0
24,530,0
24,531,0
24,532,0
24,533,0
24,534,0
24,535,0
24,536,0
24,537,0
24,538,0
24,539,0
24,540,0
24,541,0
24,542,0
24,543,0
24,544,0
24,545,0
24,546,0
24,547,0
24,548,0
24,549,0
24,550,0
24,551,0
24,552,0
24,553,0
24,554,0
24,555,0
24,556,0
24,557,0
24,558,0
24,559,0
24,560,0
24,561,0
24,562,0
24,563,0
24,564,0
24,565,0
24,566,0
24,567,0
24,568,0
24,569,0
24,570,0
24,571,0
24,572,0
24,573,0
24,574,0
24,575,0
24,576,0
24,577,0
24,578,0
24,579,0
24,580,0
24,581,0
24,582,0
24,583,0
24,584,0
24,585,0
24,586,0
24,587,0
24,588,0
24,589,0
24,590,0
24,591,0
24,592,0
24,593,0
24,594,0
24,595,0
24,596,0
24,597,0
24,598,0
24,599,0
24,600,0
24,601,0
24,602,0
24,603,0
24,604,0
24,605,0
24,606,0
24,607,0
24,608,0
24,609,0
24,610,0
24,611,0
24,612,0
24,613,0
24,614,0
24,615,0
24,616,0
24,617,0
24,618,0
24,619,0
24,620,0
24,621,0
24,622,0
24,623,0
24,624,0
24,625,0
24,626,0
24,627,0
24,628,0
24,629,0
24,630,0
24,631,0
24,632,0
24,633,0
24,634,0
24,635,0
24,636,0
24,637,0
24,638,0
24,639,0
24,640,0
24,641,0
24,642,0
24,643,0
24,644,0
24,645,0
24,646,0
24,647,0
24,648,0
24,649,0
24,650,0
24,651,0
24,652,0
24,653,0
24,654,0
24,655,0
24,656,0
24,657,0
24,658,0
24,659,0
24,660,0
24,661,0
24,662,0
24,663,0
24,664,0
24,665,0
24,666,0
24,667,0
24,668,0
24,669,0
24,670,0
24,671,0
24,672,0
24,673,0
24,674,0
24,675,0
24,676,0
24,677,0
24,678,0
24,679,0
24,680,0
24,681,0
24,682,0
24,683,0
24,684,0
24,685,0
24,686,0
24,687,0
24,688,0
24,689,0
24,690,0
24,691,0
24,692,0
24,693,0
24,694,0
24,695,0
24,696,0
24,697,0
24,698,0
24,699,0
24,700,0
24,701,0
24,702,0
24,703,0
24,704,0
24,705,0
24,706,0
24,707,0
24,708,0
24,709,0
24,710,0
24,711,0
24,712,0
24,713,0
24,714,0
24,715,0
24,716,0
24,717,0
24,718,0
24,719,0
24,720,0
24,721,0
24,722,0
24,723,0
24,724,0
24,725,0
24,726,0
24,727,0
24,728,0
24,729,0
24,730,0
24,731,0
24,732,0
24,733,0
24,734,0
24,735,0
24,736,0
24,737,0
24,738,0
24,739,0
24,740,0
24,741,0
24,742,0
24,743,0
24,744,0
24,745,0
24,746,0
24,747,0
24,748,0
24,749,0
24,750,0
24,751,0
24,752,0
24,753,0
24,754,0
24,755,0
24,756,0
24,757,0
24,758,0
24,759,0
24,760,0
24,761,0
24,762,0
24,763,0
24,764,0
24,765,0
24,766,0
24,767,0
24,768,0
24,769,0
24,770,0
24,771,0
24,772,0
24,773,0
24,774,0
24,775,0
24,776,0
24,777,0
24,778,0
24,779,0
24,780,0
24,781,0
24,782,0
24,783,0
24,784,0
24,785,0
24,786,0
24,787,0
24,788,0
24,789,0
24,790,0
24,791,0
24,792,0
24,793,0
24,794,0
24,795,0
24,796,0
24,797,0
24,798,0
24,799,0
24,800,0
24,801,0
24,802,0
24,803,0
24,804,0
24,805,0
24,806,0
24,807,0
24,808,0
24,809,0
24,810,0
24,811,0
24,812,0
24,813,0
24,814,0
24,815,0
24,816,0
24,817,0
24,818,0
24,819,0
24,820,0
24,821,0
24,822,0
24,823,0
24,824,0
24,825,0
24,826,0
24,827,0
24,828,0
24,829,0
24,830,0
24,831,0
24,832,0
24,833,0
24,834,0
24,835,0
24,836,0
24,837,0
24,838,0
24,839,0
24,840,0
24,841,0
24,842,0
24,843,0
24,844,0
24,845,0
24,846,0
24,847,0
24,848,0
24,849,0
24,850,0
24,851,0
24,852,0
24,853,0
24,854,0
24,855,0
24,856,0
24,857,0
24,858,0
24,859,0
24,860,0
24,861,0
24,862,0
24,863,0
24,864,0
24,865,0
24,866,0
24,867,0
24,868,0
24,869,0
24,870,0
24,871,0
24,872,0
24,873,0
24,874,0
24,875,0
24,876,0
24,877,0
24,878,0
24,879,0
24,880,0
24,881,0
24,882,0
24,883,0
24,884,0
24,885,0
24,886,0
24,887,0
24,888,0
24,889,0
24,890,0
24,891,0
24,892,0
24,893,0
24,894,0
24,895,0
24,896,0
24,897,0
24,898,0
24,899,0
24,900,0
24,901,0
24,902,0
24,903,0
24,904,0
24,905,0
24,906,0
24,907,0
24,908,0
24,909,0
24,910,0
24,911,0
24,912,0
24,913,0
24,914,0
24,915,0
24,916,0
24,917,0
24,918,0
24,919,0
24,920,0
24,921,0
24,922,0
24,923,0
24,924,0
24,925,0
24,926,0
24,927,0
24,928,0
24,929,0
24,930,0
24,931,0
24,932,0
24,933,0
24,934,0
24,935,0
24,936,0
24,937,0
24,938,0
24,939,0
24,940,0
24,941,0
24,942,0
24,943,0
24,944,0
24,945,0
24,946,0
24,947,0
24,948,0
24,949,0
24,950,0
24,951,0
24,952,0
24,953,0
24,954,0
24,955,0
24,956,0
24,957,0
24,958,0
24,959,0
24,960,0
24,961,0
24,962,0
24,963,0
24,964,0
24,965,0
24,966,0
24,967,0
24,968,0
24,969,0
24,970,0
24,971,0
24,972,0
24,973,0
24,974,0
24,975,0
24,976,0
24,977,0
24,978,0
24,979,0
24,980,0
24,981,0
24,982,0
24,983,0
24,984,0
24,985,0
24,986,0
24,987,0
24,988,0
24,989,0
24,990,0
24,991,0
24,992,0
24,993,0
24,994,0
24,995,0
24,996,0
24,997,0
24,998,0
24,999,0
24,1000,0
24,1001,0
24,1002,0
24,1003,0
24,1004,0
24,1005,0
24,1006,0
24,1007,0
24,1008,0
24,1009,0
24,1010,0
24,1011,0
24,1012,0
24,1013,0
24,1014,0
24,1015,0
24,1016,0
24,1017,0
24,1018,0
24,1019,0
24,1020,0
24,1021,0
24,1022,0
24,1023,0
24,1024,0
24,1025,0
24,1026,0
24,1027,0
24,1028,0
24,1029,0
24,1030,0
24,1031,0
24,1032,0
24,1033,0
24,1034,0
24,1035,0
24,1036,0
24,1037,0
24,1038,0
24,1039,0
24,1040,0
24,1041,0
24,1042,0
24,1043,0
24,1044,0
24,1045,0
24,1046,0
24,1047,0
24,1048,0
24,1049,0
24,1050,0
24,1051,0
24,1052,0
24,1053,0
24,1054,0
24,1055,0
24,1056,0
24,1057,0
24,1058,0
24,1059,0
24,1060,0
24,1061,0
24,1062,0
24,1063,0
24,1064,0
24,1065,0
24,1066,0
24,1067,0
24,1068,0
24,1069,0
24,1070,0
24,1071,0
24,1072,0
24,1073,0
24,1074,0
24,1075,0
24,1076,0
24,1077,0
24,1078,0
24,1079,0
24,1080,0
24,1081,0
24,1082,0
24,1083,0
24,1084,0
24,1085,0
24,1086,0
24,1087,0
24,1088,0
24,1089,0
24,1090,0
24,1091,0
24,1092,0
24,1093,0
24,1094,0
24,1095,0
24,1096,0
24,1097,0
24,1098,0
24,1099,0
24,1100,0
24,1101,0
24,1102,0
24,1103,0
24,1104,0
24,1105,0
24,1106,0
24,1107,0
24,1108,0
24,1109,0
24,1110,0
24,1111,0
24,1112,0
24,1113,0
24,1114,0
24,1115,0
24,1116,0
24,1117,0
24,1118,0
24,1119,0
24,1120,0
24,1121,0
24,1122,0
24,1123,0
24,1124,0
24,1125,0
24,1126,0
24,1127,0
24,1128,0
24,1129,0
24,1130,0
24,1131,0
24,1132,0
24,1133,0
24,1134,0
24,1135,0
24,1136,0
24,1137,0
24,1138,0
24,1139,0
24,1140,0
24,1141,0
24,1142,0
24,1143,0
24,1144,0
24,1145,0
24,1146,0
24,1147,0
24,1148,0
24,1149,0
24,1150,0
24,1151,0
24,1152,0
24,1153,0
24,1154,0
24,1155,0
24,1156,0
24,1157,0
24,1158,0
24,1159,0
24,1160,0
24,1161,0
24,1162,0
24,1163,0
24,1164,0
24,1165,0
24,1166,0
24,1167,0
24,1168,0
24,1169,0
24,1170,0
24,1171,0
24,1172,0
24,1173,0
24,1174,0
24,1175,0
24,1176,0
24,1177,0
24,1178,0
24,1179,0
24,1180,0
24,1181,0
24,1182,0
24,1183,0
24,1184,0
24,1185,0
24,1186,0
24,1187,0
24,1188,0
24,1189,0
24,1190,0
24,1191,0
24,1192,0
24,1193,0
24,1194,0
24,1195,0
24,1196,0
24,1197,0
24,1198,0
24,1199,0
24,1200,0
24,1201,0
24,1202,0
24,1203,0
24,1204,0
24,1205,0
24,1206,0
24,1207,0
24,1208,0
24,1209,0
24,1210,0
24,1211,0
24,1212,0
24,1213,0
24,1214,0
24,1215,0
24,1216,0
24,1217,0
24,1218,0
24,1219,0
24,1220,0
24,1221,0
24,1222,0
24,1223,0
24,1224,0
24,1225,0
24,1226,0
24,1227,0
24,1228,0
24,1229,0
24,1230,0
24,1231,0
24,1232,0
24,1233,0
24,1234,0
24,1235,0
24,1236,0
24,1237,0
24,1238,0
24,1239,0
24,1240,0
24,1241,0
24,1242,0
24,1243,0
24,1244,0
24,1245,0
24,1246,0
24,1247,0
24,1248,0
24,1249,0
24,1250,0
24,1251,0
24,1252,0
24,1253,0
24,1254,0
24,1255,0
24,1256,0
24,1257,0
24,1258,0
24,1259,0
24,1260,0
24,1261,0
24,1262,0
24,1263,0
24,1264,0
24,1265,0
24,1266,0
24,1267,0
24,1268,0
24,1269,0
24,1270,0
24,1271,0
24,1272,0
24,1273,0
24,1274,0
24,1275,0
24,1276,0
24,1277,0
24,1278,0
24,1279,0
24,1280,0
24,1281,0
24,1282,0
24,1283,0
24,1284,0
24,1285,0
24,1286,0
24,1287,0
24,1288,0
24,1289,0
24,1290,0
24,1291,0
24,1292,0
24,1293,0
24,1294,0
24,1295,0
24,1296,0
24,1297,0
24,1298,0
24,1299,0
24,1300,0
24,1301,0
24,1302,0
24,1303,0
24,1304,0
24,1305,0
24,1306,0
24,1307,0
24,1308,0
24,1309,0
24,1310,0
24,1311,0
24,1312,0
24,1313,0
24,1314,0
24,1315,0
24,1316,0
24,1317,0
24,1318,0
24,1319,0
24,1320,0
24,1321,0
24,1322,0
24,1323,0
24,1324,0
24,1325,0
24,1326,0
24,1327,0
24,1328,0
24,1329,0
24,1330,0
24,1331,0
24,1332,0
24,1333,0
24,1334,0
24,1335,0
24,1336,0
24,1337,0
24,1338,0
24,1339,0
24,1340,0
24,1341,0
24,1342,0
24,1343,0
24,1344,0
24,1345,0
24,1346,0
24,1347,0
24,1348,0
24,1349,0
24,1350,0
24,1351,0
24,1352,0
24,1353,0
24,1354,0
24,1355,0
24,1356,0
24,1357,0
24,1358,0
24,1359,0
24,1360,0
24,1361,0
24,1362,0
24,1363,0
24,1364,0
24,1365,0
24,1366,0
24,1367,0
24,1368,0
24,1369,0
24,1370,0
24,1371,0
24,1372,0
24,1373,0
24,1374,0
24,1375,0
24,1376,0
24,1377,0
24,1378,0
24,1379,0
24,1380,0
24,1381,0
24,1382,0
24,1383,0
24,1384,0
24,1385,0
24,1386,0
24,1387,0
24,1388,0
24,1389,0
24,1390,0
24,1391,0
24,1392,0
24,1393,0
24,1394,0
24,1395,0
24,1396,0
24,1397,0
24,1398,0
24,1399,0
24,1400,0
24,1401,0
24,1402,0
24,1403,0
24,1404,0
24,1405,0
24,1406,0
24,1407,0
24,1408,0
24,1409,0
24,1410,0
24,1411,0
24,1412,0
24,1413,0
24,1414,0
24,1415,0
24,1416,0
24,1417,0
24,1418,0
24,1419,0
24,1420,0
24,1421,0
24,1422,0
24,1423,0
24,1424,0
24,1425,0
24,1426,0
24,1427,0
24,1428,0
24,1429,0
24,1430,0
24,1431,0
24,1432,0
24,1433,0
24,1434,0
24,1435,0
24,1436,0
24,1437,0
24,1438,0
24,1439,0
24,1440,0
24,1441,0
24,1442,0
24,1443,0
24,1444,0
24,1445,0
24,1446,0
24,1447,0
24,1448,0
24,1449,0
24,1450,0
24,1451,0
24,1452,0
24,1453,0
24,1454,0
24,1455,0
24,1456,0
24,1457,0
24,1458,0
24,1459,0
24,1460,0
24,1461,0
24,1462,0
24,1463,0
24,1464,0
24,1465,0
24,1466,0
24,1467,0
24,1468,0
24,1469,0
24,1470,0
24,1471,0
24,1472,0
24,1473,0
24,1474,0
24,1475,0
24,1476,0
24,1477,0
24,1478,0
24,1479,0
24,1480,0
24,1481,0
24,1482,0
24,1483,0
24,1484,0
24,1485,0
24,1486,0
24,1487,0
24,1488,0
24,1489,0
24,1490,0
24,1491,0
24,1492,0
24,1493,0
24,1494,0
24,1495,0
24,1496,0
24,1497,0
24,1498,0
24,1499,0
24,1500,0
24,1501,0
24,1502,0
24,1503,0
24,1504,0
24,1505,0
24,1506,0
24,1507,0
24,1508,0
24,1509,0
24,1510,0
24,1511,0
24,1512,0
24,1513,0
24,1514,0
24,1515,0
24,1516,0
24,1517,0
24,1518,0
24,1519,0
24,1520,0
24,1521,0
24,1522,0
24,1523,0
24,1524,0
24,1525,0
24,1526,0
24,1527,0
24,1528,0
24,1529,0
24,1530,0
24,1531,0
24,1532,0
24,1533,0
24,1534,0
24,1535,0
24,1536,0
24,1537,0
24,1538,0
24,1539,0
24,1540,0
24,1541,0
24,1542,0
24,1543,0
24,1544,0
24,1545,0
24,1546,0
24,1547,0
24,1548,0
24,1549,0
24,1550,0
24,1551,0
24,1552,0
24,1553,0
24,1554,0
24,1555,0
24,1556,0
24,1557,0
24,1558,0
24,1559,0
24,1560,0
24,1561,0
24,1562,0
24,1563,0
24,1564,0
24,1565,0
24,1566,0
24,1567,0
24,1568,0
24,1569,0
24,1570,0
24,1571,0
24,1572,0
24,1573,0
24,1574,0
24,1575,0
24,1576,0
24,1577,0
24,1578,0
24,1579,0
24,1580,0
24,1581,0
24,1582,0
24,1583,0
24,1584,0
24,1585,0
24,1586,0
24,1587,0
24,1588,0
24,1589,0
24,1590,0
24,1591,0
24,1592,0
24,1593,0
24,1594,0
24,1595,0
24,1596,0
24,1597,0
24,1598,0
24,1599,0
24,1600,0
24,1601,0
24,1602,0
24,1603,0
24,1604,0
24,1605,0
24,1606,0
24,1607,0
24,1608,0
24,1609,0
24,1610,0
24,1611,0
24,1612,0
24,1613,0
24,1614,0
24,1615,0
24,1616,0
24,1617,0
24,1618,0
24,1619,0
24,1620,0
24,1621,0
24,1622,0
24,1623,0
24,1624,0
24,1625,0
24,1626,0
24,1627,0
24,1628,0
24,1629,0
24,1630,0
24,1631,0
24,1632,0
24,1633,0
24,1634,0
24,1635,0
24,1636,0
24,1637,0
24,1638,0
24,1639,0
24,1640,0
24,1641,0
24,1642,0
24,1643,0
24,1644,0
24,1645,0
24,1646,0
24,1647,0
24,1648,0
24,1649,0
24,1650,0
24,1651,0
24,1652,0
24,1653,0
24,1654,0
24,1655,0
24,1656,0
24,1657,0
24,1658,0
24,1659,0
24,1660,0
24,1661,0
24,1662,0
24,1663,0
24,1664,0
24,1665,0
24,1666,0
24,1667,0
24,1668,0
24,1669,0
24,1670,0
24,1671,0
24,1672,0
24,1673,0
24,1674,0
24,1675,0
24,1676,0
24,1677,0
24,1678,0
24,1679,0
24,1680,0
24,1681,0
24,1682,0
24,1683,0
24,1684,0
24,1685,0
24,1686,0
24,1687,0
24,1688,0
24,1689,0
24,1690,0
24,1691,0
24,1692,0
24,1693,0
24,1694,0
24,1695,0
24,1696,0
24,1697,0
24,1698,0
24,1699,0
24,1700,0
24,1701,0
24,1702,0
24,1703,0
24,1704,0
24,1705,0
24,1706,0
24,1707,0
24,1708,0
24,1709,0
24,1710,0
24,1711,0
24,1712,0
24,1713,0
24,1714,0
24,1715,0
24,1716,0
24,1717,0
24,1718,0
24,1719,0
24,1720,0
24,1721,0
24,1722,0
24,1723,0
24,1724,0
24,1725,0
24,1726,0
24,1727,0
24,1728,0
24,1729,0
24,1730,0
24,1731,0
24,1732,0
24,1733,0
24,1734,0
24,1735,0
24,1736,0
24,1737,0
24,1738,0
24,1739,0
24,1740,0
24,1741,0
24,1742,0
24,1743,0
24,1744,0
24,1745,0
24,1746,0
24,1747,0
24,1748,0
24,1749,0
24,1750,0
24,1751,0
24,1752,0
24,1753,0
24,1754,0
24,1755,0
24,1756,0
24,1757,0
24,1758,0
24,1759,0
24,1760,0
24,1761,0
24,1762,0
24,1763,0
24,1764,0
24,1765,0
24,1766,0
24,1767,0
24,1768,0
24,1769,0
24,1770,0
24,1771,0
24,1772,0
24,1773,0
24,1774,0
24,1775,0
24,1776,0
24,1777,0
24,1778,0
24,1779,0
24,1780,0
24,1781,0
24,1782,0
24,1783,0
24,1784,0
24,1785,0
24,1786,0
24,1787,0
24,1788,0
24,1789,0
24,1790,0
24,1791,0
24,1792,0
24,1793,0
24,1794,0
24,1795,0
24,1796,0
24,1797,0
24,1798,0
24,1799,0
24,1800,0
24,1801,0
24,1802,0
24,1803,0
24,1804,0
24,1805,0
24,1806,0
24,1807,0
24,1808,0
24,1809,0
24,1810,0
24,1811,0
24,1812,0
24,1813,0
24,1814,0
24,1815,0
24,1816,0
24,1817,0
24,1818,0
24,1819,0
24,1820,0
24,1821,0
24,1822,0
24,1823,0
24,1824,0
24,1825,0
24,1826,0
24,1827,0
24,1828,0
24,1829,0
24,1830,0
24,1831,0
24,1832,0
24,1833,0
24,1834,0
24,1835,0
24,1836,0
24,1837,0
24,1838,0
24,1839,0
24,1840,0
24,1841,0
24,1842,0
24,1843,0
24,1844,0
24,1845,0
24,1846,0
24,1847,0
24,1848,0
24,1849,0
24,1850,0
24,1851,0
24,1852,0
24,1853,0
24,1854,0
24,1855,0
24,1856,0
24,1857,0
24,1858,0
24,1859,0
24,1860,0
24,1861,0
24,1862,0
24,1863,0
24,1864,0
24,1865,0
24,1866,0
24,1867,0
24,1868,0
24,1869,0
24,1870,0
24,1871,0
24,1872,0
24,1873,0
24,1874,0
24,1875,0
24,1876,0
24,1877,0
24,1878,0
24,1879,0
24,1880,0
24,1881,0
24,1882,0
24,1883,0
24,1884,0
24,1885,0
24,1886,0
24,1887,0
24,1888,0
24,1889,0
24,1890,0
24,1891,0
24,1892,0
24,1893,0
24,1894,0
24,1895,0
24,1896,0
24,1897,0
24,1898,0
24,1899,0
24,1900,0
24,1901,0
24,1902,0
24,1903,0
24,1904,0
24,1905,0
24,1906,0
24,1907,0
24,1908,0
24,1909,0
24,1910,0
24,1911,0
24,1912,0
24,1913,0
24,1914,0
24,1915,0
24,1916,0
24,1917,0
24,1918,0
24,1919,0
24,1920,0
24,1921,0
24,1922,0
24,1923,0
24,1924,0
24,1925,0
24,1926,0
24,1927,0
24,1928,0
24,1929,0
24,1930,0
24,1931,0
24,1932,0
24,1933,0
24,1934,0
24,1935,0
24,1936,0
24,1937,0
24,1938,0
24,1939,0
24,1940,0
24,1941,0
24,1942,0
24,1943,0
24,1944,0
24,1945,0
24,1946,0
24,1947,0
24,1948,0
24,1949,0
24,1950,0
24,1951,0
24,1952,0
24,1953,0
24,1954,0
24,1955,0
24,1956,0
24,1957,0
24,1958,0
24,1959,0
24,1960,0
24,1961,0
24,1962,0
24,1963,0
24,1964,0
24,1965,0
24,1966,0
24,1967,0
24,1968,0
24,1969,0
24,1970,0
24,1971,0
24,1972,0
24,1973,0
24,1974,0
24,1975,0
24,1976,0
24,1977,0
24,1978,0
24,1979,0
24,1980,0
24,1981,0
24,1982,0
24,1983,0
24,1984,0
24,1985,0
24,1986,0
24,1987,0
24,1988,0
24,1989,0
24,1990,0
24,1991,0
24,1992,0
24,1993,0
24,1994,0
24,1995,0
24,1996,0
24,1997,0
24,1998,0
24,1999,0
24,2000,0
24,2001,0
24,2002,0
24,2003,0
24,2004,0
24,2005,0
24,2006,0
24,2007,0
24,2008,0
24,2009,0
24,2010,0
24,2011,0
24,2012,0
24,2013,0
24,2014,0
24,2015,0
24,2016,0
24,2017,0
24,2018,0
24,2019,0
24,2020,0
24,2021,0
24,2022,0
24,2023,0
24,2024,0
24,2025,0
24,2026,0
24,2027,0
24,2028,0
24,2029,0
24,2030,0
24,2031,0
24,2032,0
24,2033,0
24,2034,0
24,2035,0
24,2036,0
24,2037,0
24,2038,0
24,2039,0
24,2040,0
24,2041,0
24,2042,0
24,2043,0
24,2044,0
24,2045,0
24,2046,0
24,2047,0
24,2048,0
24,2049,0
24,2050,0
24,2051,0
24,2052,0
24,2053,0
24,2054,0
24,2055,0
24,2056,0
24,2057,0
24,2058,0
24,2059,0
24,2060,0
24,2061,0
24,2062,0
24,2063,0
24,2064,0
24,2065,0
24,2066,0
24,2067,0
24,2068,0
24,2069,0
24,2070,0
24,2071,0
24,2072,0
24,2073,0
24,2074,0
24,2075,0
24,2076,0
24,2077,0
24,2078,0
24,2079,0
24,2080,0
24,2081,0
24,2082,0
24,2083,0
24,2084,0
24,2085,0
24,2086,0
24,2087,0
24,2088,0
24,2089,0
24,2090,0
24,2091,0
24,2092,0
24,2093,0
24,2094,0
24,2095,0
24,2096,0
24,2097,0
24,2098,0
24,2099,0
24,2100,0
24,2101,0
24,2102,0
24,2103,0
24,2104,0
24,2105,0
24,2106,0
24,2107,0
24,2108,0
24,2109,0
24,2110,0
24,2111,0
24,2112,0
24,2113,0
24,2114,0
24,2115,0
24,2116,0
24,2117,0
24,2118,0
24,2119,0
24,2120,0
24,2121,0
24,2122,0
24,2123,0
24,2124,0
24,2125,0
24,2126,0
24,2127,0
24,2128,0
24,2129,0
24,2130,0
24,2131,0
24,2132,0
24,2133,0
24,2134,0
24,2135,0
24,2136,0
24,2137,0
24,2138,0
24,2139,0
24,2140,0
24,2141,0
24,2142,0
24,2143,0
24,2144,0
24,2145,0
24,2146,0
24,2147,0
24,2148,0
24,2149,0
24,2150,0
24,2151,0
24,2152,0
24,2153,0
24,2154,0
24,2155,0
24,2156,0
24,2157,0
24,2158,0
24,2159,0
24,2160,0
24,2161,0
24,2162,0
24,2163,0
24,2164,0
24,2165,0
24,2166,0
24,2167,0
24,2168,0
24,2169,0
24,2170,0
24,2171,0
24,2172,0
24,2173,0
24,2174,0
24,2175,0
24,2176,0
24,2177,0
24,2178,0
24,2179,0
24,2180,0
24,2181,0
24,2182,0
24,2183,0
24,2184,0
24,2185,0
24,2186,0
24,2187,0
24,2188,0
24,2189,0
24,2190,0
24,2191,0
24,2192,0
24,2193,0
24,2194,0
24,2195,0
24,2196,0
24,2197,0
24,2198,0
24,2199,0
24,2200,0
24,2201,0
24,2202,0
24,2203,0
24,2204,0
24,2205,0
24,2206,0
24,2207,0
24,2208,0
24,2209,0
24,2210,0
24,2211,0
24,2212,0
24,2213,0
24,2214,0
24,2215,0
24,2216,0
24,2217,0
24,2218,0
24,2219,0
24,2220,0
24,2221,0
24,2222,0
24,2223,0
24,2224,0
24,2225,0
24,2226,0
24,2227,0
24,2228,0
24,2229,0
24,2230,0
24,2231,0
24,2232,0
24,2233,0
25,0,0
25,1,0
25,2,0
25,3,0
25,4,0
25,5,0
25,6,0
25,7,0
25,8,0
25,9,0
25,10,0
25,11,0
25,12,0
25,13,0
25,14,0
25,15,0
25,16,0
25,17,0
25,18,0
25,19,0
25,20,0
25,21,0
25,22,0
25,23,0
25,24,0
25,25,0
25,26,0
25,27,0
25,28,0
25,29,0
25,30,0
25,31,0
25,32,0
25,33,0
25,34,0
25,35,0
25,36,0
25,37,0
25,38,0
25,39,0
25,40,0
25,41,0
25,42,0
25,43,0
25,44,0
25,45,0
25,46,0
25,47,0
25,48,0
25,49,0
25,50,0
25,51,0
25,52,0
25,53,0
25,54,0
25,55,0
25,56,0
25,57,0
25,58,0
25,59,0
25,60,0
25,61,0
25,62,0
25,63,0
25,64,0
25,65,0
25,66,0
25,67,0
25,68,0
25,69,0
25,70,0
25,71,0
25,72,0
25,73,0
25,74,0
25,75,0
25,76,0
25,77,0
25,78,0
25,79,0
25,80,0
25,81,0
25,82,0
25,83,0
25,84,0
25,85,0
25,86,0
25,87,0
25,88,0
25,89,0
25,90,0
25,91,0
25,92,0
25,93,0
25,94,0
25,95,0
25,96,0
25,97,0
25,98,0
25,99,0
25,100,0
25,101,0
25,102,0
25,103,0
25,104,0
25,105,0
25,106,0
25,107,0
25,108,0
25,109,0
25,110,0
25,111,0
25,112,0
25,113,0
25,114,0
25,115,0
25,116,0
25,117,0
25,118,0
25,119,0
25,120,0
25,121,0
25,122,0
25,123,0
25,124,0
25,125,0
25,126,0
25,127,0
25,128,0
25,129,0
25,130,0
25,131,0
25,132,0
25,133,0
25,134,0
25,135,0
25,136,0
25,137,0
25,138,0
25,139,0
25,140,0
25,141,0
25,142,0
25,143,0
25,144,0
25,145,0
25,146,0
25,147,0
25,148,0
25,149,0
25,150,0
25,151,0
25,152,0
25,153,0
25,154,0
25,155,0
25,156,0
25,157,0
25,158,0
25,159,0
25,160,0
25,161,0
25,162,0
25,163,0
25,164,0
25,165,0
25,166,0
25,167,0
25,168,0
25,169,0
25,170,0
25,171,0
25,172,0
25,173,0
25,174,0
25,175,0
25,176,0
25,177,0
25,178,0
25,179,0
25,180,0
25,181,0
25,182,0
25,183,0
25,184,0
25,185,0
25,186,0
25,187,0
25,188,0
25,189,0
25,190,0
25,191,0
25,192,0
25,193,0
25,194,0
25,195,0
25,196,0
25,197,0
25,198,0
25,199,0
25,200,0
25,201,0
25,202,0
25,203,0
25,204,0
25,205,0
25,206,0
25,207,0
25,208,0
25,209,0
25,210,0
25,211,0
25,212,0
25,213,0
25,214,0
25,215,0
25,216,0
25,217,0
25,218,0
25,219,0
25,220,0
25,221,0
25,222,0
25,223,0
25,224,0
25,225,0
25,226,0
25,227,0
25,228,0
25,229,0
25,230,0
25,231,0
25,232,0
25,233,0
25,234,0
25,235,0
25,236,0
25,237,0
25,238,0
25,239,0
25,240,0
25,241,0
25,242,0
25,243,0
25,244,0
25,245,0
25,246,0
25,247,0
25,248,0
25,249,0
25,250,0
25,251,0
25,252,0
25,253,0
25,254,0
25,255,0
25,256,0
25,257,0
25,258,0
25,259,0
25,260,0
25,261,0
25,262,0
25,263,0
25,264,0
25,265,0
25,266,0
25,267,0
25,268,0
25,269,0
25,270,0
25,271,0
25,272,0
25,273,0
25,274,0
25,275,0
25,276,0
25,277,0
25,278,0
25,279,0
25,280,0
25,281,0
25,282,0
25,283,0
25,284,0
25,285,0
25,286,0
25,287,0
25,288,0
25,289,0
25,290,0
25,291,0
25,292,0
25,293,0
25,294,0
25,295,0
25,296,0
25,297,0
25,298,0
25,299,0
25,300,0
25,301,0
25,302,0
25,303,0
25,304,0
25,305,0
25,306,0
25,307,0
25,308,0
25,309,0
25,310,0
25,311,0
25,312,0
25,313,0
25,314,0
25,315,0
25,316,0
25,317,0
25,318,0
25,319,0
25,320,0
25,321,0
25,322,0
25,323,0
25,324,0
25,325,0
25,326,0
25,327,0
25,328,0
25,329,0
25,330,0
25,331,0
25,332,0
25,333,0
25,334,0
25,335,0
25,336,0
25,337,0
25,338,0
25,339,0
25,340,0
25,341,0
25,342,0
25,343,0
25,344,0
25,345,0
25,346,0
25,347,0
25,348,0
25,349,0
25,350,0
25,351,0
25,352,0
25,353,0
25,354,0
25,355,0
25,356,0
25,357,0
25,358,0
25,359,0
25,360,0
25,361,0
25,362,0
25,363,0
25,364,0
25,365,0
25,366,0
25,367,0
25,368,0
25,369,0
25,370,0
25,371,0
25,372,0
25,373,0
25,374,0
25,375,0
25,376,0
25,377,0
25,378,0
25,379,0
25,380,0
25,381,0
25,382,0
25,383,0
25,384,0
25,385,0
25,386,0
25,387,0
25,388,0
25,389,0
25,390,0
25,391,0
25,392,0
25,393,0
25,394,0
25,395,0
25,396,0
25,397,0
25,398,0
25,399,0
25,400,0
25,401,0
25,402,0
25,403,0
25,404,0
25,405,0
25,406,0
25,407,0
25,408,0
25,409,0
25,410,0
25,411,0
25,412,0
25,413,0
25,414,0
25,415,0
25,416,0
25,417,0
25,418,0
25,419,0
25,420,0
25,421,0
25,422,0
25,423,0
25,424,0
25,425,0
25,426,0
25,427,0
25,428,0
25,429,0
25,430,0
25,431,0
25,432,0
25,433,0
25,434,0
25,435,0
25,436,0
25,437,0
25,438,0
25,439,0
25,440,0
25,441,0
25,442,0
25,443,0
25,444,0
25,445,0
25,446,0
25,447,0
25,448,0
25,449,0
25,450,0
25,451,0
25,452,0
25,453,0
25,454,0
25,455,0
25,456,0
25,457,0
25,458,0
25,459,0
25,460,0
25,461,0
25,462,0
25,463,0
25,464,0
25,465,0
25,466,0
25,467,0
25,468,0
25,469,0
25,470,0
25,471,0
25,472,0
25,473,0
25,474,0
25,475,0
25,476,0
25,477,0
25,478,0
25,479,0
25,480,0
25,481,0
25,482,0
25,483,0
25,484,0
25,485,0
25,486,0
25,487,0
25,488,0
25,489,0
25,490,0
25,491,0
25,492,0
25,493,0
25,494,0
25,495,0
25,496,0
25,497,0
25,498,0
25,499,0
25,500,0
25,501,0
25,502,0
25,503,0
25,504,0
25,505,0
25,506,0
25,507,0
25,508,0
25,509,0
25,510,0
25,511,0
25,512,0
25,513,0
25,514,0
25,515,0
25,516,0
25,517,0
25,518,0
25,519,0
25,520,0
25,521,0
25,522,0
25,523,0
25,524,0
25,525,0
25,526,0
25,527,0
25,528,0
25,529,0
25,530,0
25,531,0
25,532,0
25,533,0
25,534,0
25,535,0
25,536,0
25,537,0
25,538,0
25,539,0
25,540,0
25,541,0
25,542,0
25,543,0
25,544,0
25,545,0
25,546,0
25,547,0
25,548,0
25,549,0
25,550,0
25,551,0
25,552,0
25,553,0
25,554,0
25,555,0
25,556,0
25,557,0
25,558,0
25,559,0
25,560,0
25,561,0
25,562,0
25,563,0
25,564,0
25,565,0
25,566,0
25,567,0
25,568,0
25,569,0
25,570,0
25,571,0
25,572,0
25,573,0
25,574,0
25,575,0
25,576,0
25,577,0
25,578,0
25,579,0
25,580,0
25,581,0
25,582,0
25,583,0
25,584,0
25,585,0
25,586,0
25,587,0
25,588,0
25,589,0
25,590,0
25,591,0
25,592,0
25,593,0
25,594,0
25,595,0
25,596,0
25,597,0
25,598,0
25,599,0
25,600,0
25,601,0
25,602,0
25,603,0
25,604,0
25,605,0
25,606,0
25,607,0
25,608,0
25,609,0
25,610,0
25,611,0
25,612,0
25,613,0
25,614,0
25,615,0
25,616,0
25,617,0
25,618,0
25,619,0
25,620,0
25,621,0
25,622,0
25,623,0
25,624,0
25,625,0
25,626,0
25,627,0
25,628,0
25,629,0
25,630,0
25,631,0
25,632,0
25,633,0
25,634,0
25,635,0
25,636,0
25,637,0
25,638,0
25,639,0
25,640,0
25,641,0
25,642,0
25,643,0
25,644,0
25,645,0
25,646,0
25,647,0
25,648,0
25,649,0
25,650,0
25,651,0
25,652,0
25,653,0
25,654,0
25,655,0
25,656,0
25,657,0
25,658,0
25,659,0
25,660,0
25,661,0
25,662,0
25,663,0
25,664,0
25,665,0
25,666,0
25,667,0
25,668,0
25,669,0
25,670,0
25,671,0
25,672,0
25,673,0
25,674,0
25,675,0
25,676,0
25,677,0
25,678,0
25,679,0
25,680,0
25,681,0
25,682,0
25,683,0
25,684,0
25,685,0
25,686,0
25,687,0
25,688,0
25,689,0
25,690,0
25,691,0
25,692,0
25,693,0
25,694,0
25,695,0
25,696,0
25,697,0
25,698,0
25,699,0
25,700,0
25,701,0
25,702,0
25,703,0
25,704,0
25,705,0
25,706,0
25,707,0
25,708,0
25,709,0
25,710,0
25,711,0
25,712,0
25,713,0
25,714,0
25,715,0
25,716,0
25,717,0
25,718,0
25,719,0
25,720,0
25,721,0
25,722,0
25,723,0
25,724,0
25,725,0
25,726,0
25,727,0
25,728,0
25,729,0
25,730,0
25,731,0
25,732,0
25,733,0
25,734,0
25,735,0
25,736,0
25,737,0
25,738,0
25,739,0
25,740,0
25,741,0
25,742,0
25,743,0
25,744,0
25,745,0
25,746,0
25,747,0
25,748,0
25,749,0
25,750,0
25,751,0
25,752,0
25,753,0
25,754,0
25,755,0
25,756,0
25,757,0
25,758,0
25,759,0
25,760,0
25,761,0
25,762,0
25,763,0
25,764,0
25,765,0
25,766,0
25,767,0
25,768,0
25,769,0
25,770,0
25,771,0
25,772,0
25,773,0
25,774,0
25,775,0
25,776,0
25,777,0
25,778,0
25,779,0
25,780,0
25,781,0
25,782,0
25,783,0
25,784,0
25,785,0
25,786,0
25,787,0
25,788,0
25,789,0
25,790,0
25,791,0
25,792,0
25,793,0
25,794,0
25,795,0
25,796,0
25,797,0
25,798,0
25,799,0
25,800,0
25,801,0
25,802,0
25,803,0
25,804,0
25,805,0
25,806,0
25,807,0
25,808,0
25,809,0
25,810,0
25,811,0
25,812,0
25,813,0
25,814,0
25,815,0
25,816,0
25,817,0
25,818,0
25,819,0
25,820,0
25,821,0
25,822,0
25,823,0
25,824,0
25,825,0
25,826,0
25,827,0
25,828,0
25,829,0
25,830,0
25,831,0
25,832,0
25,833,0
25,834,0
25,835,0
25,836,0
25,837,0
25,838,0
25,839,0
25,840,0
25,841,0
25,842,0
25,843,0
25,844,0
25,845,0
25,846,0
25,847,0
25,848,0
25,849,0
25,850,0
25,851,0
25,852,0
25,853,0
25,854,0
25,855,0
25,856,0
25,857,0
25,858,0
25,859,0
25,860,0
25,861,0
25,862,0
25,863,0
25,864,0
25,865,0
25,866,0
25,867,0
25,868,0
25,869,0
25,870,0
25,871,0
25,872,0
25,873,0
25,874,0
25,875,0
25,876,0
25,877,0
25,878,0
25,879,0
25,880,0
25,881,0
25,882,0
25,883,0
25,884,0
25,885,0
25,886,0
25,887,0
25,888,0
25,889,0
25,890,0
25,891,0
25,892,0
25,893,0
25,894,0
25,895,0
25,896,0
25,897,0
25,898,0
25,899,0
25,900,0
25,901,0
25,902,0
25,903,0
25,904,0
25,905,0
25,906,0
25,907,0
25,908,0
25,909,0
25,910,0
25,911,0
25,912,0
25,913,0
25,914,0
25,915,0
25,916,0
25,917,0
25,918,0
25,919,0
25,920,0
25,921,0
25,922,0
25,923,0
25,924,0
25,925,0
25,926,0
25,927,0
25,928,0
25,929,0
25,930,0
25,931,0
25,932,0
25,933,0
25,934,0
25,935,0
25,936,0
25,937,0
25,938,0
25,939,0
25,940,0
25,941,0
25,942,0
25,943,0
25,944,0
25,945,0
25,946,0
25,947,0
25,948,0
25,949,0
25,950,0
25,951,0
25,952,0
25,953,0
25,954,0
25,955,0
25,956,0
25,957,0
25,958,0
25,959,0
25,960,0
25,961,0
25,962,0
25,963,0
25,964,0
25,965,0
25,966,0
25,967,0
25,968,0
25,969,0
25,970,0
25,971,0
25,972,0
25,973,0
25,974,0
25,975,0
25,976,0
25,977,0
25,978,0
25,979,0
25,980,0
25,981,0
25,982,0
25,983,0
25,984,0
25,985,0
25,986,0
25,987,0
25,988,0
25,989,0
25,990,0
25,991,0
25,992,0
25,993,0
25,994,0
25,995,0
25,996,0
25,997,0
25,998,0
25,999,0
25,1000,0
25,1001,0
25,1002,0
25,1003,0
25,1004,0
25,1005,0
25,1006,0
25,1007,0
25,1008,0
25,1009,0
25,1010,0
25,1011,0
25,1012,0
25,1013,0
25,1014,0
25,1015,0
25,1016,0
25,1017,0
25,1018,0
25,1019,0
25,1020,0
25,1021,0
25,1022,0
25,1023,0
25,1024,0
25,1025,0
25,1026,0
25,1027,0
25,1028,0
25,1029,0
25,1030,0
25,1031,0
25,1032,0
25,1033,0
25,1034,0
25,1035,0
25,1036,0
25,1037,0
25,1038,0
25,1039,0
25,1040,0
25,1041,0
25,1042,0
25,1043,0
25,1044,0
25,1045,0
25,1046,0
25,1047,0
25,1048,0
25,1049,0
25,1050,0
25,1051,0
25,1052,0
25,1053,0
25,1054,0
25,1055,0
25,1056,0
25,1057,0
25,1058,0
25,1059,0
25,1060,0
25,1061,0
25,1062,0
25,1063,0
25,1064,0
25,1065,0
25,1066,0
25,1067,0
25,1068,0
25,1069,0
25,1070,0
25,1071,0
25,1072,0
25,1073,0
25,1074,0
25,1075,0
25,1076,0
25,1077,0
25,1078,0
25,1079,0
25,1080,0
25,1081,0
25,1082,0
25,1083,0
25,1084,0
25,1085,0
25,1086,0
25,1087,0
25,1088,0
25,1089,0
25,1090,0
25,1091,0
25,1092,0
25,1093,0
25,1094,0
25,1095,0
25,1096,0
25,1097,0
25,1098,0
25,1099,0
25,1100,0
25,1101,0
25,1102,0
25,1103,0
25,1104,0
25,1105,0
25,1106,0
25,1107,0
25,1108,0
25,1109,0
25,1110,0
25,1111,0
25,1112,0
25,1113,0
25,1114,0
25,1115,0
25,1116,0
25,1117,0
25,1118,0
25,1119,0
25,1120,0
25,1121,0
25,1122,0
25,1123,0
25,1124,0
25,1125,0
25,1126,0
25,1127,0
25,1128,0
25,1129,0
25,1130,0
25,1131,0
25,1132,0
25,1133,0
25,1134,0
25,1135,0
25,1136,0
25,1137,0
25,1138,0
25,1139,0
25,1140,0
25,1141,0
25,1142,0
25,1143,0
25,1144,0
25,1145,0
25,1146,0
25,1147,0
25,1148,0
25,1149,0
25,1150,0
25,1151,0
25,1152,0
25,1153,0
25,1154,0
25,1155,0
25,1156,0
25,1157,0
25,1158,0
25,1159,0
25,1160,0
25,1161,0
25,1162,0
25,1163,0
25,1164,0
25,1165,0
25,1166,0
25,1167,0
25,1168,0
25,1169,0
25,1170,0
25,1171,0
25,1172,0
25,1173,0
25,1174,0
25,1175,0
25,1176,0
25,1177,0
25,1178,0
25,1179,0
25,1180,0
25,1181,0
25,1182,0
25,1183,0
25,1184,0
25,1185,0
25,1186,0
25,1187,0
25,1188,0
25,1189,0
25,1190,0
25,1191,0
25,1192,0
25,1193,0
25,1194,0
25,1195,0
25,1196,0
25,1197,0
25,1198,0
25,1199,0
25,1200,0
25,1201,0
25,1202,0
25,1203,0
25,1204,0
25,1205,0
25,1206,0
25,1207,0
25,1208,0
25,1209,0
25,1210,0
25,1211,0
25,1212,0
25,1213,0
25,1214,0
25,1215,0
25,1216,0
25,1217,0
25,1218,0
25,1219,0
25,1220,0
25,1221,0
25,1222,0
25,1223,0
25,1224,0
25,1225,0
25,1226,0
25,1227,0
25,1228,0
25,1229,0
25,1230,0
25,1231,0
25,1232,0
25,1233,0
25,1234,0
25,1235,0
25,1236,0
25,1237,0
25,1238,0
25,1239,0
25,1240,0
25,1241,0
25,1242,0
25,1243,0
25,1244,0
25,1245,0
25,1246,0
25,1247,0
25,1248,0
25,1249,0
25,1250,0
25,1251,0
25,1252,0
25,1253,0
25,1254,0
25,1255,0
25,1256,0
25,1257,0
25,1258,0
25,1259,0
25,1260,0
25,1261,0
25,1262,0
25,1263,0
25,1264,0
25,1265,0
25,1266,0
25,1267,0
25,1268,0
25,1269,0
25,1270,0
25,1271,0
25,1272,0
25,1273,0
25,1274,0
25,1275,0
25,1276,0
25,1277,0
25,1278,0
25,1279,0
25,1280,0
25,1281,0
25,1282,0
25,1283,0
25,1284,0
25,1285,0
25,1286,0
25,1287,0
25,1288,0
25,1289,0
25,1290,0
25,1291,0
25,1292,0
25,1293,0
25,1294,0
25,1295,0
25,1296,0
25,1297,0
25,1298,0
25,1299,0
25,1300,0
25,1301,0
25,1302,0
25,1303,0
25,1304,0
25,1305,0
25,1306,0
25,1307,0
25,1308,0
25,1309,0
25,1310,0
25,1311,0
25,1312,0
25,1313,0
25,1314,0
25,1315,0
25,1316,0
25,1317,0
25,1318,0
25,1319,0
25,1320,0
25,1321,0
25,1322,0
25,1323,0
25,1324,0
25,1325,0
25,1326,0
25,1327,0
25,1328,0
25,1329,0
25,1330,0
25,1331,0
25,1332,0
25,1333,0
25,1334,0
25,1335,0
25,1336,0
25,1337,0
25,1338,0
25,1339,0
25,1340,0
25,1341,0
25,1342,0
25,1343,0
25,1344,0
25,1345,0
25,1346,0
25,1347,0
25,1348,0
25,1349,0
25,1350,0
25,1351,0
25,1352,0
25,1353,0
25,1354,0
25,1355,0
25,1356,0
25,1357,0
25,1358,0
25,1359,0
25,1360,0
25,1361,0
25,1362,0
25,1363,0
25,1364,0
25,1365,0
25,1366,0
25,1367,0
25,1368,0
25,1369,0
25,1370,0
25,1371,0
25,1372,0
25,1373,0
25,1374,0
25,1375,0
25,1376,0
25,1377,0
25,1378,0
25,1379,0
25,1380,0
25,1381,0
25,1382,0
25,1383,0
25,1384,0
25,1385,0
25,1386,0
25,1387,0
25,1388,0
25,1389,0
25,1390,0
25,1391,0
25,1392,0
25,1393,0
25,1394,0
25,1395,0
25,1396,0
25,1397,0
25,1398,0
25,1399,0
25,1400,0
25,1401,0
25,1402,0
25,1403,0
25,1404,0
25,1405,0
25,1406,0
25,1407,0
25,1408,0
25,1409,0
25,1410,0
25,1411,0
25,1412,0
25,1413,0
25,1414,0
25,1415,0
25,1416,0
25,1417,0
25,1418,0
25,1419,0
25,1420,0
25,1421,0
25,1422,0
25,1423,0
25,1424,0
25,1425,0
25,1426,0
25,1427,0
25,1428,0
25,1429,0
25,1430,0
25,1431,0
25,1432,0
25,1433,0
25,1434,0
25,1435,0
25,1436,0
25,1437,0
25,1438,0
25,1439,0
25,1440,0
25,1441,0
25,1442,0
25,1443,0
25,1444,0
25,1445,0
25,1446,0
25,1447,0
25,1448,0
25,1449,0
25,1450,0
25,1451,0
25,1452,0
25,1453,0
25,1454,0
25,1455,0
25,1456,0
25,1457,0
25,1458,0
25,1459,0
25,1460,0
25,1461,0
25,1462,0
25,1463,0
25,1464,0
25,1465,0
25,1466,0
25,1467,0
25,1468,0
25,1469,0
25,1470,0
25,1471,0
25,1472,0
25,1473,0
25,1474,0
25,1475,0
25,1476,0
25,1477,0
25,1478,0
25,1479,0
25,1480,0
25,1481,0
25,1482,0
25,1483,0
25,1484,0
25,1485,0
25,1486,0
25,1487,0
25,1488,0
25,1489,0
25,1490,0
25,1491,0
25,1492,0
25,1493,0
25,1494,0
25,1495,0
25,1496,0
25,1497,0
25,1498,0
25,1499,0
25,1500,0
25,1501,0
25,1502,0
25,1503,0
25,1504,0
25,1505,0
25,1506,0
25,1507,0
25,1508,0
25,1509,0
25,1510,0
25,1511,0
25,1512,0
25,1513,0
25,1514,0
25,1515,0
25,1516,0
25,1517,0
25,1518,0
25,1519,0
25,1520,0
25,1521,0
25,1522,0
25,1523,0
25,1524,0
25,1525,0
25,1526,0
25,1527,0
25,1528,0
25,1529,0
25,1530,0
25,1531,0
25,1532,0
25,1533,0
25,1534,0
25,1535,0
25,1536,0
25,1537,0
25,1538,0
25,1539,0
25,1540,0
25,1541,0
25,1542,0
25,1543,0
25,1544,0
25,1545,0
25,1546,0
25,1547,0
25,1548,0
25,1549,0
25,1550,0
25,1551,0
25,1552,0
25,1553,0
25,1554,0
25,1555,0
25,1556,0
25,1557,0
25,1558,0
25,1559,0
25,1560,0
25,1561,0
25,1562,0
25,1563,0
25,1564,0
25,1565,0
25,1566,0
25,1567,0
25,1568,0
25,1569,0
25,1570,0
25,1571,0
25,1572,0
25,1573,0
25,1574,0
25,1575,0
25,1576,0
25,1577,0
25,1578,0
25,1579,0
25,1580,0
25,1581,0
25,1582,0
25,1583,0
25,1584,0
25,1585,0
25,1586,0
25,1587,0
25,1588,0
25,1589,0
25,1590,0
25,1591,0
25,1592,0
25,1593,0
25,1594,0
25,1595,0
25,1596,0
25,1597,0
25,1598,0
25,1599,0
25,1600,0
25,1601,0
25,1602,0
25,1603,0
25,1604,0
25,1605,0
25,1606,0
25,1607,0
25,1608,0
25,1609,0
25,1610,0
25,1611,0
25,1612,0
25,1613,0
25,1614,0
25,1615,0
25,1616,0
25,1617,0
25,1618,0
25,1619,0
25,1620,0
25,1621,0
25,1622,0
25,1623,0
25,1624,0
25,1625,0
25,1626,0
25,1627,0
25,1628,0
25,1629,0
25,1630,0
25,1631,0
25,1632,0
25,1633,0
25,1634,0
25,1635,0
25,1636,0
25,1637,0
25,1638,0
25,1639,0
25,1640,0
25,1641,0
25,1642,0
25,1643,0
25,1644,0
25,1645,0
25,1646,0
25,1647,0
25,1648,0
25,1649,0
25,1650,0
25,1651,0
25,1652,0
25,1653,0
25,1654,0
25,1655,0
25,1656,0
25,1657,0
25,1658,0
25,1659,0
25,1660,0
25,1661,0
25,1662,0
25,1663,0
25,1664,0
25,1665,0
25,1666,0
25,1667,0
25,1668,0
25,1669,0
25,1670,0
25,1671,0
25,1672,0
25,1673,0
25,1674,0
25,1675,0
25,1676,0
25,1677,0
25,1678,0
25,1679,0
25,1680,0
25,1681,0
25,1682,0
25,1683,0
25,1684,0
25,1685,0
25,1686,0
25,1687,0
25,1688,0
25,1689,0
25,1690,0
25,1691,0
25,1692,0
25,1693,0
25,1694,0
25,1695,0
25,1696,0
25,1697,0
25,1698,0
25,1699,0
25,1700,0
25,1701,0
25,1702,0
25,1703,0
25,1704,0
25,1705,0
25,1706,0
25,1707,0
25,1708,0
25,1709,0
25,1710,0
25,1711,0
25,1712,0
25,1713,0
25,1714,0
25,1715,0
25,1716,0
25,1717,0
25,1718,0
25,1719,0
25,1720,0
25,1721,0
25,1722,0
25,1723,0
25,1724,0
25,1725,0
25,1726,0
25,1727,0
25,1728,0
25,1729,0
25,1730,0
25,1731,0
25,1732,0
25,1733,0
25,1734,0
25,1735,0
25,1736,0
25,1737,0
25,1738,0
25,1739,0
25,1740,0
25,1741,0
25,1742,0
25,1743,0
25,1744,0
25,1745,0
25,1746,0
25,1747,0
25,1748,0
25,1749,0
25,1750,0
25,1751,0
25,1752,0
25,1753,0
25,1754,0
25,1755,0
25,1756,0
25,1757,0
25,1758,0
25,1759,0
25,1760,0
25,1761,0
25,1762,0
25,1763,0
25,1764,0
25,1765,0
25,1766,0
25,1767,0
25,1768,0
25,1769,0
25,1770,0
25,1771,0
25,1772,0
25,1773,0
25,1774,0
25,1775,0
25,1776,0
25,1777,0
25,1778,0
25,1779,0
25,1780,0
25,1781,0
25,1782,0
25,1783,0
25,1784,0
25,1785,0
25,1786,0
25,1787,0
25,1788,0
25,1789,0
25,1790,0
25,1791,0
25,1792,0
25,1793,0
25,1794,0
25,1795,0
25,1796,0
25,1797,0
25,1798,0
25,1799,0
25,1800,0
25,1801,0
25,1802,0
25,1803,0
25,1804,0
25,1805,0
25,1806,0
25,1807,0
25,1808,0
25,1809,0
25,1810,0
25,1811,0
25,1812,0
25,1813,0
25,1814,0
25,1815,0
25,1816,0
25,1817,0
25,1818,0
25,1819,0
25,1820,0
25,1821,0
25,1822,0
25,1823,0
25,1824,0
25,1825,0
25,1826,0
25,1827,0
25,1828,0
25,1829,0
25,1830,0
25,1831,0
25,1832,0
25,1833,0
25,1834,0
25,1835,0
25,1836,0
25,1837,0
25,1838,0
25,1839,0
25,1840,0
25,1841,0
25,1842,0
25,1843,0
25,1844,0
25,1845,0
25,1846,0
25,1847,0
25,1848,0
25,1849,0
25,1850,0
25,1851,0
25,1852,0
25,1853,0
25,1854,0
25,1855,0
25,1856,0
25,1857,0
25,1858,0
25,1859,0
25,1860,0
25,1861,0
25,1862,0
25,1863,0
25,1864,0
25,1865,0
25,1866,0
25,1867,0
25,1868,0
25,1869,0
25,1870,0
25,1871,0
25,1872,0
25,1873,0
25,1874,0
25,1875,0
25,1876,0
25,1877,0
25,1878,0
25,1879,0
25,1880,0
25,1881,0
25,1882,0
25,1883,0
25,1884,0
25,1885,0
25,1886,0
25,1887,0
25,1888,0
25,1889,0
25,1890,0
25,1891,0
25,1892,0
25,1893,0
25,1894,0
25,1895,0
25,1896,0
25,1897,0
25,1898,0
25,1899,0
25,1900,0
25,1901,0
25,1902,0
25,1903,0
25,1904,0
25,1905,0
25,1906,0
25,1907,0
25,1908,0
25,1909,0
25,1910,0
25,1911,0
25,1912,0
25,1913,0
25,1914,0
25,1915,0
25,1916,0
25,1917,0
25,1918,0
25,1919,0
25,1920,0
25,1921,0
25,1922,0
25,1923,0
25,1924,0
25,1925,0
25,1926,0
25,1927,0
25,1928,0
25,1929,0
25,1930,0
25,1931,0
25,1932,0
25,1933,0
25,1934,0
25,1935,0
25,1936,0
25,1937,0
25,1938,0
25,1939,0
25,1940,0
25,1941,0
25,1942,0
25,1943,0
25,1944,0
25,1945,0
25,1946,0
25,1947,0
25,1948,0
25,1949,0
25,1950,0
25,1951,0
25,1952,0
25,1953,0
25,1954,0
25,1955,0
25,1956,0
25,1957,0
25,1958,0
25,1959,0
25,1960,0
25,1961,0
25,1962,0
25,1963,0
25,1964,0
25,1965,0
25,1966,0
25,1967,0
25,1968,0
25,1969,0
25,1970,0
25,1971,0
25,1972,0
25,1973,0
25,1974,0
25,1975,0
25,1976,0
25,1977,0
25,1978,0
25,1979,0
25,1980,0
25,1981,0
25,1982,0
25,1983,0
25,1984,0
25,1985,0
25,1986,0
25,1987,0
25,1988,0
25,1989,0
25,1990,0
25,1991,0
25,1992,0
25,1993,0
25,1994,0
25,1995,0
25,1996,0
25,1997,0
25,1998,0
25,1999,0
25,2000,0
25,2001,0
25,2002,0
25,2003,0
25,2004,0
25,2005,0
25,2006,0
25,2007,0
25,2008,0
25,2009,0
25,2010,0
25,2011,0
25,2012,0
25,2013,0
25,2014,0
25,2015,0
25,2016,0
25,2017,0
25,2018,0
25,2019,0
25,2020,0
25,2021,0
25,2022,0
25,2023,0
25,2024,0
25,2025,0
25,2026,0
25,2027,0
25,2028,0
25,2029,0
25,2030,0
25,2031,0
25,2032,0
25,2033,0
25,2034,0
25,2035,0
25,2036,0
25,2037,0
25,2038,0
25,2039,0
25,2040,0
25,2041,0
25,2042,0
25,2043,0
25,2044,0
25,2045,0
25,2046,0
25,2047,0
25,2048,0
25,2049,0
25,2050,0
25,2051,0
25,2052,0
25,2053,0
25,2054,0
25,2055,0
25,2056,0
25,2057,0
25,2058,0
25,2059,0
25,2060,0
25,2061,0
25,2062,0
25,2063,0
25,2064,0
25,2065,0
25,2066,0
25,2067,0
25,2068,0
25,2069,0
25,2070,0
25,2071,0
25,2072,0
25,2073,0
25,2074,0
25,2075,0
25,2076,0
25,2077,0
25,2078,0
25,2079,0
25,2080,0
25,2081,0
25,2082,0
25,2083,0
25,2084,0
25,2085,0
25,2086,0
25,2087,0
25,2088,0
25,2089,0
25,2090,0
25,2091,0
25,2092,0
25,2093,0
25,2094,0
25,2095,0
25,2096,0
25,2097,0
25,2098,0
25,2099,0
25,2100,0
25,2101,0
25,2102,0
25,2103,0
25,2104,0
25,2105,0
25,2106,0
25,2107,0
25,2108,0
25,2109,0
25,2110,0
25,2111,0
25,2112,0
25,2113,0
25,2114,0
25,2115,0
25,2116,0
25,2117,0
25,2118,0
25,2119,0
25,2120,0
25,2121,0
25,2122,0
25,2123,0
25,2124,0
25,2125,0
25,2126,0
25,2127,0
25,2128,0
25,2129,0
25,2130,0
25,2131,0
25,2132,0
25,2133,0
25,2134,0
25,2135,0
25,2136,0
25,2137,0
25,2138,0
25,2139,0
25,2140,0
25,2141,0
25,2142,0
25,2143,0
25,2144,0
25,2145,0
25,2146,0
25,2147,0
25,2148,0
25,2149,0
25,2150,0
25,2151,0
25,2152,0
25,2153,0
25,2154,0
25,2155,0
25,2156,0
25,2157,0
25,2158,0
25,2159,0
25,2160,0
25,2161,0
25,2162,0
25,2163,0
25,2164,0
25,2165,0
25,2166,0
25,2167,0
25,2168,0
25,2169,0
25,2170,0
25,2171,0
25,2172,0
25,2173,0
25,2174,0
25,2175,0
25,2176,0
25,2177,0
25,2178,0
25,2179,0
25,2180,0
25,2181,0
25,2182,0
25,2183,0
25,2184,0
25,2185,0
25,2186,0
25,2187,0
25,2188,0
25,2189,0
25,2190,0
25,2191,0
25,2192,0
25,2193,0
25,2194,0
25,2195,0
25,2196,0
25,2197,0
25,2198,0
25,2199,0
25,2200,0
25,2201,0
25,2202,0
25,2203,0
25,2204,0
25,2205,0
25,2206,0
25,2207,0
25,2208,0
25,2209,0
25,2210,0
25,2211,0
25,2212,0
25,2213,0
25,2214,0
25,2215,0
25,2216,0
25,2217,0
25,2218,0
25,2219,0
25,2220,0
25,2221,0
25,2222,0
25,2223,0
25,2224,0
25,2225,0
25,2226,0
25,2227,0
25,2228,0
25,2229,0
25,2230,0
25,2231,0
25,2232,0
25,2233,0
26,0,0
26,1,0
26,2,0
26,3,0
26,4,0
26,5,0
26,6,0
26,7,0
26,8,0
26,9,0
26,10,0
26,11,0
26,12,0
26,13,0
26,14,0
26,15,0
26,16,0
26,17,0
26,18,0
26,19,0
26,20,0
26,21,0
26,22,0
26,23,0
26,24,0
26,25,0
26,26,0
26,27,0
26,28,0
26,29,0
26,30,0
26,31,0
26,32,0
26,33,0
26,34,0
26,35,0
26,36,0
26,37,0
26,38,0
26,39,0
26,40,0
26,41,0
26,42,0
26,43,0
26,44,0
26,45,0
26,46,0
26,47,0
26,48,0
26,49,0
26,50,0
26,51,0
26,52,0
26,53,0
26,54,0
26,55,0
26,56,0
26,57,0
26,58,0
26,59,0
26,60,0
26,61,0
26,62,0
26,63,0
26,64,0
26,65,0
26,66,0
26,67,0
26,68,0
26,69,0
26,70,0
26,71,0
26,72,0
26,73,0
26,74,0
26,75,0
26,76,0
26,77,0
26,78,0
26,79,0
26,80,0
26,81,0
26,82,0
26,83,0
26,84,0
26,85,0
26,86,0
26,87,0
26,88,0
26,89,0
26,90,0
26,91,0
26,92,0
26,93,0
26,94,0
26,95,0
26,96,0
26,97,0
26,98,0
26,99,0
26,100,0
26,101,0
26,102,0
26,103,0
26,104,0
26,105,0
26,106,0
26,107,0
26,108,0
26,109,0
26,110,0
26,111,0
26,112,0
26,113,0
26,114,0
26,115,0
26,116,0
26,117,0
26,118,0
26,119,0
26,120,0
26,121,0
26,122,0
26,123,0
26,124,0
26,125,0
26,126,0
26,127,0
26,128,0
26,129,0
26,130,0
26,131,0
26,132,0
26,133,0
26,134,0
26,135,0
26,136,0
26,137,0
26,138,0
26,139,0
26,140,0
26,141,0
26,142,0
26,143,0
26,144,0
26,145,0
26,146,0
26,147,0
26,148,0
26,149,0
26,150,0
26,151,0
26,152,0
26,153,0
26,154,0
26,155,0
26,156,0
26,157,0
26,158,0
26,159,0
26,160,0
26,161,0
26,162,0
26,163,0
26,164,0
26,165,0
26,166,0
26,167,0
26,168,0
26,169,0
26,170,0
26,171,0
26,172,0
26,173,0
26,174,0
26,175,0
26,176,0
26,177,0
26,178,0
26,179,0
26,180,0
26,181,0
26,182,0
26,183,0
26,184,0
26,185,0
26,186,0
26,187,0
26,188,0
26,189,0
26,190,0
26,191,0
26,192,0
26,193,0
26,194,0
26,195,0
26,196,0
26,197,0
26,198,0
26,199,0
26,200,0
26,201,0
26,202,0
26,203,0
26,204,0
26,205,0
26,206,0
26,207,0
26,208,0
26,209,0
26,210,0
26,211,0
26,212,0
26,213,0
26,214,0
26,215,0
26,216,0
26,217,0
26,218,0
26,219,0
26,220,0
26,221,0
26,222,0
26,223,0
26,224,0
26,225,0
26,226,0
26,227,0
26,228,0
26,229,0
26,230,0
26,231,0
26,232,0
26,233,0
26,234,0
26,235,0
26,236,0
26,237,0
26,238,0
26,239,0
26,240,0
26,241,0
26,242,0
26,243,0
26,244,0
26,245,0
26,246,0
26,247,0
26,248,0
26,249,0
26,250,0
26,251,0
26,252,0
26,253,0
26,254,0
26,255,0
26,256,0
26,257,0
26,258,0
26,259,0
26,260,0
26,261,0
26,262,0
26,263,0
26,264,0
26,265,0
26,266,0
26,267,0
26,268,0
26,269,0
26,270,0
26,271,0
26,272,0
26,273,0
26,274,0
26,275,0
26,276,0
26,277,0
26,278,0
26,279,0
26,280,0
26,281,0
26,282,0
26,283,0
26,284,0
26,285,0
26,286,0
26,287,0
26,288,0
26,289,0
26,290,0
26,291,0
26,292,0
26,293,0
26,294,0
26,295,0
26,296,0
26,297,0
26,298,0
26,299,0
26,300,0
26,301,0
26,302,0
26,303,0
26,304,0
26,305,0
26,306,0
26,307,0
26,308,0
26,309,0
26,310,0
26,311,0
26,312,0
26,313,0
26,314,0
26,315,0
26,316,0
26,317,0
26,318,0
26,319,0
26,320,0
26,321,0
26,322,0
26,323,0
26,324,0
26,325,0
26,326,0
26,327,0
26,328,0
26,329,0
26,330,0
26,331,0
26,332,0
26,333,0
26,334,0
26,335,0
26,336,0
26,337,0
26,338,0
26,339,0
26,340,0
26,341,0
26,342,0
26,343,0
26,344,0
26,345,0
26,346,0
26,347,0
26,348,0
26,349,0
26,350,0
26,351,0
26,352,0
26,353,0
26,354,0
26,355,0
26,356,0
26,357,0
26,358,0
26,359,0
26,360,0
26,361,0
26,362,0
26,363,0
26,364,0
26,365,0
26,366,0
26,367,0
26,368,0
26,369,0
26,370,0
26,371,0
26,372,0
26,373,0
26,374,0
26,375,0
26,376,0
26,377,0
26,378,0
26,379,0
26,380,0
26,381,0
26,382,0
26,383,0
26,384,0
26,385,0
26,386,0
26,387,0
26,388,0
26,389,0
26,390,0
26,391,0
26,392,0
26,393,0
26,394,0
26,395,0
26,396,0
26,397,0
26,398,0
26,399,0
26,400,0
26,401,0
26,402,0
26,403,0
26,404,0
26,405,0
26,406,0
26,407,0
26,408,0
26,409,0
26,410,0
26,411,0
26,412,0
26,413,0
26,414,0
26,415,0
26,416,0
26,417,0
26,418,0
26,419,0
26,420,0
26,421,0
26,422,0
26,423,0
26,424,0
26,425,0
26,426,0
26,427,0
26,428,0
26,429,0
26,430,0
26,431,0
26,432,0
26,433,0
26,434,0
26,435,0
26,436,0
26,437,0
26,438,0
26,439,0
26,440,0
26,441,0
26,442,0
26,443,0
26,444,0
26,445,0
26,446,0
26,447,0
26,448,0
26,449,0
26,450,0
26,451,0
26,452,0
26,453,0
26,454,0
26,455,0
26,456,0
26,457,0
26,458,0
26,459,0
26,460,0
26,461,0
26,462,0
26,463,0
26,464,0
26,465,0
26,466,0
26,467,0
26,468,0
26,469,0
26,470,0
26,471,0
26,472,0
26,473,0
26,474,0
26,475,0
26,476,0
26,477,0
26,478,0
26,479,0
26,480,0
26,481,0
26,482,0
26,483,0
26,484,0
26,485,0
26,486,0
26,487,0
26,488,0
26,489,0
26,490,0
26,491,0
26,492,0
26,493,0
26,494,0
26,495,0
26,496,0
26,497,0
26,498,0
26,499,0
26,500,0
26,501,0
26,502,0
26,503,0
26,504,0
26,505,0
26,506,0
26,507,0
26,508,0
26,509,0
26,510,0
26,511,0
26,512,0
26,513,0
26,514,0
26,515,0
26,516,0
26,517,0
26,518,0
26,519,0
26,520,0
26,521,0
26,522,0
26,523,0
26,524,0
26,525,0
26,526,0
26,527,0
26,528,0
26,529,0
26,530,0
26,531,0
26,532,0
26,533,0
26,534,0
26,535,0
26,536,0
26,537,0
26,538,0
26,539,0
26,540,0
26,541,0
26,542,0
26,543,0
26,544,0
26,545,0
26,546,0
26,547,0
26,548,0
26,549,0
26,550,0
26,551,0
26,552,0
26,553,0
26,554,0
26,555,0
26,556,0
26,557,0
26,558,0
26,559,0
26,560,0
26,561,0
26,562,0
26,563,0
26,564,0
26,565,0
26,566,0
26,567,0
26,568,0
26,569,0
26,570,0
26,571,0
26,572,0
26,573,0
26,574,0
26,575,0
26,576,0
26,577,0
26,578,0
26,579,0
26,580,0
26,581,0
26,582,0
26,583,0
26,584,0
26,585,0
26,586,0
26,587,0
26,588,0
26,589,0
26,590,0
26,591,0
26,592,0
26,593,0
26,594,0
26,595,0
26,596,0
26,597,0
26,598,0
26,599,0
26,600,0
26,601,0
26,602,0
26,603,0
26,604,0
26,605,0
26,606,0
26,607,0
26,608,0
26,609,0
26,610,0
26,611,0
26,612,0
26,613,0
26,614,0
26,615,0
26,616,0
26,617,0
26,618,0
26,619,0
26,620,0
26,621,0
26,622,0
26,623,0
26,624,0
26,625,0
26,626,0
26,627,0
26,628,0
26,629,0
26,630,0
26,631,0
26,632,0
26,633,0
26,634,0
26,635,0
26,636,0
26,637,0
26,638,0
26,639,0
26,640,0
26,641,0
26,642,0
26,643,0
26,644,0
26,645,0
26,646,0
26,647,0
26,648,0
26,649,0
26,650,0
26,651,0
26,652,0
26,653,0
26,654,0
26,655,0
26,656,0
26,657,0
26,658,0
26,659,0
26,660,0
26,661,0
26,662,0
26,663,0
26,664,0
26,665,0
26,666,0
26,667,0
26,668,0
26,669,0
26,670,0
26,671,0
26,672,0
26,673,0
26,674,0
26,675,0
26,676,0
26,677,0
26,678,0
26,679,0
26,680,0
26,681,0
26,682,0
26,683,0
26,684,0
26,685,0
26,686,0
26,687,0
26,688,0
26,689,0
26,690,0
26,691,0
26,692,0
26,693,0
26,694,0
26,695,0
26,696,0
26,697,0
26,698,0
26,699,0
26,700,0
26,701,0
26,702,0
26,703,0
26,704,0
26,705,0
26,706,0
26,707,0
26,708,0
26,709,0
26,710,0
26,711,0
26,712,0
26,713,0
26,714,0
26,715,0
26,716,0
26,717,0
26,718,0
26,719,0
26,720,0
26,721,0
26,722,0
26,723,0
26,724,0
26,725,0
26,726,0
26,727,0
26,728,0
26,729,0
26,730,0
26,731,0
26,732,0
26,733,0
26,734,0
26,735,0
26,736,0
26,737,0
26,738,0
26,739,0
26,740,0
26,741,0
26,742,0
26,743,0
26,744,0
26,745,0
26,746,0
26,747,0
26,748,0
26,749,0
26,750,0
26,751,0
26,752,0
26,753,0
26,754,0
26,755,0
26,756,0
26,757,0
26,758,0
26,759,0
26,760,0
26,761,0
26,762,0
26,763,0
26,764,0
26,765,0
26,766,0
26,767,0
26,768,0
26,769,0
26,770,0
26,771,0
26,772,0
26,773,0
26,774,0
26,775,0
26,776,0
26,777,0
26,778,0
26,779,0
26,780,0
26,781,0
26,782,0
26,783,0
26,784,0
26,785,0
26,786,0
26,787,0
26,788,0
26,789,0
26,790,0
26,791,0
26,792,0
26,793,0
26,794,0
26,795,0
26,796,0
26,797,0
26,798,0
26,799,0
26,800,0
26,801,0
26,802,0
26,803,0
26,804,0
26,805,0
26,806,0
26,807,0
26,808,0
26,809,0
26,810,0
26,811,0
26,812,0
26,813,0
26,814,0
26,815,0
26,816,0
26,817,0
26,818,0
26,819,0
26,820,0
26,821,0
26,822,0
26,823,0
26,824,0
26,825,0
26,826,0
26,827,0
26,828,0
26,829,0
26,830,0
26,831,0
26,832,0
26,833,0
26,834,0
26,835,0
26,836,0
26,837,0
26,838,0
26,839,0
26,840,0
26,841,0
26,842,0
26,843,0
26,844,0
26,845,0
26,846,0
26,847,0
26,848,0
26,849,0
26,850,0
26,851,0
26,852,0
26,853,0
26,854,0
26,855,0
26,856,0
26,857,0
26,858,0
26,859,0
26,860,0
26,861,0
26,862,0
26,863,0
26,864,0
26,865,0
26,866,0
26,867,0
26,868,0
26,869,0
26,870,0
26,871,0
26,872,0
26,873,0
26,874,0
26,875,0
26,876,0
26,877,0
26,878,0
26,879,0
26,880,0
26,881,0
26,882,0
26,883,0
26,884,0
26,885,0
26,886,0
26,887,0
26,888,0
26,889,0
26,890,0
26,891,0
26,892,0
26,893,0
26,894,0
26,895,0
26,896,0
26,897,0
26,898,0
26,899,0
26,900,0
26,901,0
26,902,0
26,903,0
26,904,0
26,905,0
26,906,0
26,907,0
26,908,0
26,909,0
26,910,0
26,911,0
26,912,0
26,913,0
26,914,0
26,915,0
26,916,0
26,917,0
26,918,0
26,919,0
26,920,0
26,921,0
26,922,0
26,923,0
26,924,0
26,925,0
26,926,0
26,927,0
26,928,0
26,929,0
26,930,0
26,931,0
26,932,0
26,933,0
26,934,0
26,935,0
26,936,0
26,937,0
26,938,0
26,939,0
26,940,0
26,941,0
26,942,0
26,943,0
26,944,0
26,945,0
26,946,0
26,947,0
26,948,0
26,949,0
26,950,0
26,951,0
26,952,0
26,953,0
26,954,0
26,955,0
26,956,0
26,957,0
26,958,0
26,959,0
26,960,0
26,961,0
26,962,0
26,963,0
26,964,0
26,965,0
26,966,0
26,967,0
26,968,0
26,969,0
26,970,0
26,971,0
26,972,0
26,973,0
26,974,0
26,975,0
26,976,0
26,977,0
26,978,0
26,979,0
26,980,0
26,981,0
26,982,0
26,983,0
26,984,0
26,985,0
26,986,0
26,987,0
26,988,0
26,989,0
26,990,0
26,991,0
26,992,0
26,993,0
26,994,0
26,995,0
26,996,0
26,997,0
26,998,0
26,999,0
26,1000,0
26,1001,0
26,1002,0
26,1003,0
26,1004,0
26,1005,0
26,1006,0
26,1007,0
26,1008,0
26,1009,0
26,1010,0
26,1011,0
26,1012,0
26,1013,0
26,1014,0
26,1015,0
26,1016,0
26,1017,0
26,1018,0
26,1019,0
26,1020,0
26,1021,0
26,1022,0
26,1023,0
26,1024,0
26,1025,0
26,1026,0
26,1027,0
26,1028,0
26,1029,0
26,1030,0
26,1031,0
26,1032,0
26,1033,0
26,1034,0
26,1035,0
26,1036,0
26,1037,0
26,1038,0
26,1039,0
26,1040,0
26,1041,0
26,1042,0
26,1043,0
26,1044,0
26,1045,0
26,1046,0
26,1047,0
26,1048,0
26,1049,0
26,1050,0
26,1051,0
26,1052,0
26,1053,0
26,1054,0
26,1055,0
26,1056,0
26,1057,0
26,1058,0
26,1059,0
26,1060,0
26,1061,0
26,1062,0
26,1063,0
26,1064,0
26,1065,0
26,1066,0
26,1067,0
26,1068,0
26,1069,0
26,1070,0
26,1071,0
26,1072,0
26,1073,0
26,1074,0
26,1075,0
26,1076,0
26,1077,0
26,1078,0
26,1079,0
26,1080,0
26,1081,0
26,1082,0
26,1083,0
26,1084,0
26,1085,0
26,1086,0
26,1087,0
26,1088,0
26,1089,0
26,1090,0
26,1091,0
26,1092,0
26,1093,0
26,1094,0
26,1095,0
26,1096,0
26,1097,0
26,1098,0
26,1099,0
26,1100,0
26,1101,0
26,1102,0
26,1103,0
26,1104,0
26,1105,0
26,1106,0
26,1107,0
26,1108,0
26,1109,0
26,1110,0
26,1111,0
26,1112,0
26,1113,0
26,1114,0
26,1115,0
26,1116,0
26,1117,0
26,1118,0
26,1119,0
26,1120,0
26,1121,0
26,1122,0
26,1123,0
26,1124,0
26,1125,0
26,1126,0
26,1127,0
26,1128,0
26,1129,0
26,1130,0
26,1131,0
26,1132,0
26,1133,0
26,1134,0
26,1135,0
26,1136,0
26,1137,0
26,1138,0
26,1139,0
26,1140,0
26,1141,0
26,1142,0
26,1143,0
26,1144,0
26,1145,0
26,1146,0
26,1147,0
26,1148,0
26,1149,0
26,1150,0
26,1151,0
26,1152,0
26,1153,0
26,1154,0
26,1155,0
26,1156,0
26,1157,0
26,1158,0
26,1159,0
26,1160,0
26,1161,0
26,1162,0
26,1163,0
26,1164,0
26,1165,0
26,1166,0
26,1167,0
26,1168,0
26,1169,0
26,1170,0
26,1171,0
26,1172,0
26,1173,0
26,1174,0
26,1175,0
26,1176,0
26,1177,0
26,1178,0
26,1179,0
26,1180,0
26,1181,0
26,1182,0
26,1183,0
26,1184,0
26,1185,0
26,1186,0
26,1187,0
26,1188,0
26,1189,0
26,1190,0
26,1191,0
26,1192,0
26,1193,0
26,1194,0
26,1195,0
26,1196,0
26,1197,0
26,1198,0
26,1199,0
26,1200,0
26,1201,0
26,1202,0
26,1203,0
26,1204,0
26,1205,0
26,1206,0
26,1207,0
26,1208,0
26,1209,0
26,1210,0
26,1211,0
26,1212,0
26,1213,0
26,1214,0
26,1215,0
26,1216,0
26,1217,0
26,1218,0
26,1219,0
26,1220,0
26,1221,0
26,1222,0
26,1223,0
26,1224,0
26,1225,0
26,1226,0
26,1227,0
26,1228,0
26,1229,0
26,1230,0
26,1231,0
26,1232,0
26,1233,0
26,1234,0
26,1235,0
26,1236,0
26,1237,0
26,1238,0
26,1239,0
26,1240,0
26,1241,0
26,1242,0
26,1243,0
26,1244,0
26,1245,0
26,1246,0
26,1247,0
26,1248,0
26,1249,0
26,1250,0
26,1251,0
26,1252,0
26,1253,0
26,1254,0
26,1255,0
26,1256,0
26,1257,0
26,1258,0
26,1259,0
26,1260,0
26,1261,0
26,1262,0
26,1263,0
26,1264,0
26,1265,0
26,1266,0
26,1267,0
26,1268,0
26,1269,0
26,1270,0
26,1271,0
26,1272,0
26,1273,0
26,1274,0
26,1275,0
26,1276,0
26,1277,0
26,1278,0
26,1279,0
26,1280,0
26,1281,0
26,1282,0
26,1283,0
26,1284,0
26,1285,0
26,1286,0
26,1287,0
26,1288,0
26,1289,0
26,1290,0
26,1291,0
26,1292,0
26,1293,0
26,1294,0
26,1295,0
26,1296,0
26,1297,0
26,1298,0
26,1299,0
26,1300,0
26,1301,0
26,1302,0
26,1303,0
26,1304,0
26,1305,0
26,1306,0
26,1307,0
26,1308,0
26,1309,0
26,1310,0
26,1311,0
26,1312,0
26,1313,0
26,1314,0
26,1315,0
26,1316,0
26,1317,0
26,1318,0
26,1319,0
26,1320,0
26,1321,0
26,1322,0
26,1323,0
26,1324,0
26,1325,0
26,1326,0
26,1327,0
26,1328,0
26,1329,0
26,1330,0
26,1331,0
26,1332,0
26,1333,0
26,1334,0
26,1335,0
26,1336,0
26,1337,0
26,1338,0
26,1339,0
26,1340,0
26,1341,0
26,1342,0
26,1343,0
26,1344,0
26,1345,0
26,1346,0
26,1347,0
26,1348,0
26,1349,0
26,1350,0
26,1351,0
26,1352,0
26,1353,0
26,1354,0
26,1355,0
26,1356,0
26,1357,0
26,1358,0
26,1359,0
26,1360,0
26,1361,0
26,1362,0
26,1363,0
26,1364,0
26,1365,0
26,1366,0
26,1367,0
26,1368,0
26,1369,0
26,1370,0
26,1371,0
26,1372,0
26,1373,0
26,1374,0
26,1375,0
26,1376,0
26,1377,0
26,1378,0
26,1379,0
26,1380,0
26,1381,0
26,1382,0
26,1383,0
26,1384,0
26,1385,0
26,1386,0
26,1387,0
26,1388,0
26,1389,0
26,1390,0
26,1391,0
26,1392,0
26,1393,0
26,1394,0
26,1395,0
26,1396,0
26,1397,0
26,1398,0
26,1399,0
26,1400,0
26,1401,0
26,1402,0
26,1403,0
26,1404,0
26,1405,0
26,1406,0
26,1407,0
26,1408,0
26,1409,0
26,1410,0
26,1411,0
26,1412,0
26,1413,0
26,1414,0
26,1415,0
26,1416,0
26,1417,0
26,1418,0
26,1419,0
26,1420,0
26,1421,0
26,1422,0
26,1423,0
26,1424,0
26,1425,0
26,1426,0
26,1427,0
26,1428,0
26,1429,0
26,1430,0
26,1431,0
26,1432,0
26,1433,0
26,1434,0
26,1435,0
26,1436,0
26,1437,0
26,1438,0
26,1439,0
26,1440,0
26,1441,0
26,1442,0
26,1443,0
26,1444,0
26,1445,0
26,1446,0
26,1447,0
26,1448,0
26,1449,0
26,1450,0
26,1451,0
26,1452,0
26,1453,0
26,1454,0
26,1455,0
26,1456,0
26,1457,0
26,1458,0
26,1459,0
26,1460,0
26,1461,0
26,1462,0
26,1463,0
26,1464,0
26,1465,0
26,1466,0
26,1467,0
26,1468,0
26,1469,0
26,1470,0
26,1471,0
26,1472,0
26,1473,0
26,1474,0
26,1475,0
26,1476,0
26,1477,0
26,1478,0
26,1479,0
26,1480,0
26,1481,0
26,1482,0
26,1483,0
26,1484,0
26,1485,0
26,1486,0
26,1487,0
26,1488,0
26,1489,0
26,1490,0
26,1491,0
26,1492,0
26,1493,0
26,1494,0
26,1495,0
26,1496,0
26,1497,0
26,1498,0
26,1499,0
26,1500,0
26,1501,0
26,1502,0
26,1503,0
26,1504,0
26,1505,0
26,1506,0
26,1507,0
26,1508,0
26,1509,0
26,1510,0
26,1511,0
26,1512,0
26,1513,0
26,1514,0
26,1515,0
26,1516,0
26,1517,0
26,1518,0
26,1519,0
26,1520,0
26,1521,0
26,1522,0
26,1523,0
26,1524,0
26,1525,0
26,1526,0
26,1527,0
26,1528,0
26,1529,0
26,1530,0
26,1531,0
26,1532,0
26,1533,0
26,1534,0
26,1535,0
26,1536,0
26,1537,0
26,1538,0
26,1539,0
26,1540,0
26,1541,0
26,1542,0
26,1543,0
26,1544,0
26,1545,0
26,1546,0
26,1547,0
26,1548,0
26,1549,0
26,1550,0
26,1551,0
26,1552,0
26,1553,0
26,1554,0
26,1555,0
26,1556,0
26,1557,0
26,1558,0
26,1559,0
26,1560,0
26,1561,0
26,1562,0
26,1563,0
26,1564,0
26,1565,0
26,1566,0
26,1567,0
26,1568,0
26,1569,0
26,1570,0
26,1571,0
26,1572,0
26,1573,0
26,1574,0
26,1575,0
26,1576,0
26,1577,0
26,1578,0
26,1579,0
26,1580,0
26,1581,0
26,1582,0
26,1583,0
26,1584,0
26,1585,0
26,1586,0
26,1587,0
26,1588,0
26,1589,0
26,1590,0
26,1591,0
26,1592,0
26,1593,0
26,1594,0
26,1595,0
26,1596,0
26,1597,0
26,1598,0
26,1599,0
26,1600,0
26,1601,0
26,1602,0
26,1603,0
26,1604,0
26,1605,0
26,1606,0
26,1607,0
26,1608,0
26,1609,0
26,1610,0
26,1611,0
26,1612,0
26,1613,0
26,1614,0
26,1615,0
26,1616,0
26,1617,0
26,1618,0
26,1619,0
26,1620,0
26,1621,0
26,1622,0
26,1623,0
26,1624,0
26,1625,0
26,1626,0
26,1627,0
26,1628,0
26,1629,0
26,1630,0
26,1631,0
26,1632,0
26,1633,0
26,1634,0
26,1635,0
26,1636,0
26,1637,0
26,1638,0
26,1639,0
26,1640,0
26,1641,0
26,1642,0
26,1643,0
26,1644,0
26,1645,0
26,1646,0
26,1647,0
26,1648,0
26,1649,0
26,1650,0
26,1651,0
26,1652,0
26,1653,0
26,1654,0
26,1655,0
26,1656,0
26,1657,0
26,1658,0
26,1659,0
26,1660,0
26,1661,0
26,1662,0
26,1663,0
26,1664,0
26,1665,0
26,1666,0
26,1667,0
26,1668,0
26,1669,0
26,1670,0
26,1671,0
26,1672,0
26,1673,0
26,1674,0
26,1675,0
26,1676,0
26,1677,0
26,1678,0
26,1679,0
26,1680,0
26,1681,0
26,1682,0
26,1683,0
26,1684,0
26,1685,0
26,1686,0
26,1687,0
26,1688,0
26,1689,0
26,1690,0
26,1691,0
26,1692,0
26,1693,0
26,1694,0
26,1695,0
26,1696,0
26,1697,0
26,1698,0
26,1699,0
26,1700,0
26,1701,0
26,1702,0
26,1703,0
26,1704,0
26,1705,0
26,1706,0
26,1707,0
26,1708,0
26,1709,0
26,1710,0
26,1711,0
26,1712,0
26,1713,0
26,1714,0
26,1715,0
26,1716,0
26,1717,0
26,1718,0
26,1719,0
26,1720,0
26,1721,0
26,1722,0
26,1723,0
26,1724,0
26,1725,0
26,1726,0
26,1727,0
26,1728,0
26,1729,0
26,1730,0
26,1731,0
26,1732,0
26,1733,0
26,1734,0
26,1735,0
26,1736,0
26,1737,0
26,1738,0
26,1739,0
26,1740,0
26,1741,0
26,1742,0
26,1743,0
26,1744,0
26,1745,0
26,1746,0
26,1747,0
26,1748,0
26,1749,0
26,1750,0
26,1751,0
26,1752,0
26,1753,0
26,1754,0
26,1755,0
26,1756,0
26,1757,0
26,1758,0
26,1759,0
26,1760,0
26,1761,0
26,1762,0
26,1763,0
26,1764,0
26,1765,0
26,1766,0
26,1767,0
26,1768,0
26,1769,0
26,1770,0
26,1771,0
26,1772,0
26,1773,0
26,1774,0
26,1775,0
26,1776,0
26,1777,0
26,1778,0
26,1779,0
26,1780,0
26,1781,0
26,1782,0
26,1783,0
26,1784,0
26,1785,0
26,1786,0
26,1787,0
26,1788,0
26,1789,0
26,1790,0
26,1791,0
26,1792,0
26,1793,0
26,1794,0
26,1795,0
26,1796,0
26,1797,0
26,1798,0
26,1799,0
26,1800,0
26,1801,0
26,1802,0
26,1803,0
26,1804,0
26,1805,0
26,1806,0
26,1807,0
26,1808,0
26,1809,0
26,1810,0
26,1811,0
26,1812,0
26,1813,0
26,1814,0
26,1815,0
26,1816,0
26,1817,0
26,1818,0
26,1819,0
26,1820,0
26,1821,0
26,1822,0
26,1823,0
26,1824,0
26,1825,0
26,1826,0
26,1827,0
26,1828,0
26,1829,0
26,1830,0
26,1831,0
26,1832,0
26,1833,0
26,1834,0
26,1835,0
26,1836,0
26,1837,0
26,1838,0
26,1839,0
26,1840,0
26,1841,0
26,1842,0
26,1843,0
26,1844,0
26,1845,0
26,1846,0
26,1847,0
26,1848,0
26,1849,0
26,1850,0
26,1851,0
26,1852,0
26,1853,0
26,1854,0
26,1855,0
26,1856,0
26,1857,0
26,1858,0
26,1859,0
26,1860,0
26,1861,0
26,1862,0
26,1863,0
26,1864,0
26,1865,0
26,1866,0
26,1867,0
26,1868,0
26,1869,0
26,1870,0
26,1871,0
26,1872,0
26,1873,0
26,1874,0
26,1875,0
26,1876,0
26,1877,0
26,1878,0
26,1879,0
26,1880,0
26,1881,0
26,1882,0
26,1883,0
26,1884,0
26,1885,0
26,1886,0
26,1887,0
26,1888,0
26,1889,0
26,1890,0
26,1891,0
26,1892,0
26,1893,0
26,1894,0
26,1895,0
26,1896,0
26,1897,0
26,1898,0
26,1899,0
26,1900,0
26,1901,0
26,1902,0
26,1903,0
26,1904,0
26,1905,0
26,1906,0
26,1907,0
26,1908,0
26,1909,0
26,1910,0
26,1911,0
26,1912,0
26,1913,0
26,1914,0
26,1915,0
26,1916,0
26,1917,0
26,1918,0
26,1919,0
26,1920,0
26,1921,0
26,1922,0
26,1923,0
26,1924,0
26,1925,0
26,1926,0
26,1927,0
26,1928,0
26,1929,0
26,1930,0
26,1931,0
26,1932,0
26,1933,0
26,1934,0
26,1935,0
26,1936,0
26,1937,0
26,1938,0
26,1939,0
26,1940,0
26,1941,0
26,1942,0
26,1943,0
26,1944,0
26,1945,0
26,1946,0
26,1947,0
26,1948,0
26,1949,0
26,1950,0
26,1951,0
26,1952,0
26,1953,0
26,1954,0
26,1955,0
26,1956,0
26,1957,0
26,1958,0
26,1959,0
26,1960,0
26,1961,0
26,1962,0
26,1963,0
26,1964,0
26,1965,0
26,1966,0
26,1967,0
26,1968,0
26,1969,0
26,1970,0
26,1971,0
26,1972,0
26,1973,0
26,1974,0
26,1975,0
26,1976,0
26,1977,0
26,1978,0
26,1979,0
26,1980,0
26,1981,0
26,1982,0
26,1983,0
26,1984,0
26,1985,0
26,1986,0
26,1987,0
26,1988,0
26,1989,0
26,1990,0
26,1991,0
26,1992,0
26,1993,0
26,1994,0
26,1995,0
26,1996,0
26,1997,0
26,1998,0
26,1999,0
26,2000,0
26,2001,0
26,2002,0
26,2003,0
26,2004,0
26,2005,0
26,2006,0
26,2007,0
26,2008,0
26,2009,0
26,2010,0
26,2011,0
26,2012,0
26,2013,0
26,2014,0
26,2015,0
26,2016,0
26,2017,0
26,2018,0
26,2019,0
26,2020,0
26,2021,0
26,2022,0
26,2023,0
26,2024,0
26,2025,0
26,2026,0
26,2027,0
26,2028,0
26,2029,0
26,2030,0
26,2031,0
26,2032,0
26,2033,0
26,2034,0
26,2035,0
26,2036,0
26,2037,0
26,2038,0
26,2039,0
26,2040,0
26,2041,0
26,2042,0
26,2043,0
26,2044,0
26,2045,0
26,2046,0
26,2047,0
26,2048,0
26,2049,0
26,2050,0
26,2051,0
26,2052,0
26,2053,0
26,2054,0
26,2055,0
26,2056,0
26,2057,0
26,2058,0
26,2059,0
26,2060,0
26,2061,0
26,2062,0
26,2063,0
26,2064,0
26,2065,0
26,2066,0
26,2067,0
26,2068,0
26,2069,0
26,2070,0
26,2071,0
26,2072,0
26,2073,0
26,2074,0
26,2075,0
26,2076,0
26,2077,0
26,2078,0
26,2079,0
26,2080,0
26,2081,0
26,2082,0
26,2083,0
26,2084,0
26,2085,0
26,2086,0
26,2087,0
26,2088,0
26,2089,0
26,2090,0
26,2091,0
26,2092,0
26,2093,0
26,2094,0
26,2095,0
26,2096,0
26,2097,0
26,2098,0
26,2099,0
26,2100,0
26,2101,0
26,2102,0
26,2103,0
26,2104,0
26,2105,0
26,2106,0
26,2107,0
26,2108,0
26,2109,0
26,2110,0
26,2111,0
26,2112,0
26,2113,0
26,2114,0
26,2115,0
26,2116,0
26,2117,0
26,2118,0
26,2119,0
26,2120,0
26,2121,0
26,2122,0
26,2123,0
26,2124,0
26,2125,0
26,2126,0
26,2127,0
26,2128,0
26,2129,0
26,2130,0
26,2131,0
26,2132,0
26,2133,0
26,2134,0
26,2135,0
26,2136,0
26,2137,0
26,2138,0
26,2139,0
26,2140,0
26,2141,0
26,2142,0
26,2143,0
26,2144,0
26,2145,0
26,2146,0
26,2147,0
26,2148,0
26,2149,0
26,2150,0
26,2151,0
26,2152,0
26,2153,0
26,2154,0
26,2155,0
26,2156,0
26,2157,0
26,2158,0
26,2159,0
26,2160,0
26,2161,0
26,2162,0
26,2163,0
26,2164,0
26,2165,0
26,2166,0
26,2167,0
26,2168,0
26,2169,0
26,2170,0
26,2171,0
26,2172,0
26,2173,0
26,2174,0
26,2175,0
26,2176,0
26,2177,0
26,2178,0
26,2179,0
26,2180,0
26,2181,0
26,2182,0
26,2183,0
26,2184,0
26,2185,0
26,2186,0
26,2187,0
26,2188,0
26,2189,0
26,2190,0
26,2191,0
26,2192,0
26,2193,0
26,2194,0
26,2195,0
26,2196,0
26,2197,0
26,2198,0
26,2199,0
26,2200,0
26,2201,0
26,2202,0
26,2203,0
26,2204,0
26,2205,0
26,2206,0
26,2207,0
26,2208,0
26,2209,0
26,2210,0
26,2211,0
26,2212,0
26,2213,0
26,2214,0
26,2215,0
26,2216,0
26,2217,0
26,2218,0
26,2219,0
26,2220,0
26,2221,0
26,2222,0
26,2223,0
26,2224,0
26,2225,0
26,2226,0
26,2227,0
26,2228,0
26,2229,0
26,2230,0
26,2231,0
26,2232,0
26,2233,0
27,0,0
27,1,0
27,2,0
27,3,0
27,4,0
27,5,0
27,6,0
27,7,0
27,8,0
27,9,0
27,10,0
27,11,0
27,12,0
27,13,0
27,14,0
27,15,0
27,16,0
27,17,0
27,18,0
27,19,0
27,20,0
27,21,0
27,22,0
27,23,0
27,24,0
27,25,0
27,26,0
27,27,0
27,28,0
27,29,0
27,30,0
27,31,0
27,32,0
27,33,0
27,34,0
27,35,0
27,36,0
27,37,0
27,38,0
27,39,0
27,40,0
27,41,0
27,42,0
27,43,0
27,44,0
27,45,0
27,46,0
27,47,0
27,48,0
27,49,0
27,50,0
27,51,0
27,52,0
27,53,0
27,54,0
27,55,0
27,56,0
27,57,0
27,58,0
27,59,0
27,60,0
27,61,0
27,62,0
27,63,0
27,64,0
27,65,0
27,66,0
27,67,0
27,68,0
27,69,0
27,70,0
27,71,0
27,72,0
27,73,0
27,74,0
27,75,0
27,76,0
27,77,0
27,78,0
27,79,0
27,80,0
27,81,0
27,82,0
27,83,0
27,84,0
27,85,0
27,86,0
27,87,0
27,88,0
27,89,0
27,90,0
27,91,0
27,92,0
27,93,0
27,94,0
27,95,0
27,96,0
27,97,0
27,98,0
27,99,0
27,100,0
27,101,0
27,102,0
27,103,0
27,104,0
27,105,0
27,106,0
27,107,0
27,108,0
27,109,0
27,110,0
27,111,0
27,112,0
27,113,0
27,114,0
27,115,0
27,116,0
27,117,0
27,118,0
27,119,0
27,120,0
27,121,0
27,122,0
27,123,0
27,124,0
27,125,0
27,126,0
27,127,0
27,128,0
27,129,0
27,130,0
27,131,0
27,132,0
27,133,0
27,134,0
27,135,0
27,136,0
27,137,0
27,138,0
27,139,0
27,140,0
27,141,0
27,142,0
27,143,0
27,144,0
27,145,0
27,146,0
27,147,0
27,148,0
27,149,0
27,150,0
27,151,0
27,152,0
27,153,0
27,154,0
27,155,0
27,156,0
27,157,0
27,158,0
27,159,0
27,160,0
27,161,0
27,162,0
27,163,0
27,164,0
27,165,0
27,166,0
27,167,0
27,168,0
27,169,0
27,170,0
27,171,0
27,172,0
27,173,0
27,174,0
27,175,0
27,176,0
27,177,0
27,178,0
27,179,0
27,180,0
27,181,0
27,182,0
27,183,0
27,184,0
27,185,0
27,186,0
27,187,0
27,188,0
27,189,0
27,190,0
27,191,0
27,192,0
27,193,0
27,194,0
27,195,0
27,196,0
27,197,0
27,198,0
27,199,0
27,200,0
27,201,0
27,202,0
27,203,0
27,204,0
27,205,0
27,206,0
27,207,0
27,208,0
27,209,0
27,210,0
27,211,0
27,212,0
27,213,0
27,214,0
27,215,0
27,216,0
27,217,0
27,218,0
27,219,0
27,220,0
27,221,0
27,222,0
27,223,0
27,224,0
27,225,0
27,226,0
27,227,0
27,228,0
27,229,0
27,230,0
27,231,0
27,232,0
27,233,0
27,234,0
27,235,0
27,236,0
27,237,0
27,238,0
27,239,0
27,240,0
27,241,0
27,242,0
27,243,0
27,244,0
27,245,0
27,246,0
27,247,0
27,248,0
27,249,0
27,250,0
27,251,0
27,252,0
27,253,0
27,254,0
27,255,0
27,256,0
27,257,0
27,258,0
27,259,0
27,260,0
27,261,0
27,262,0
27,263,0
27,264,0
27,265,0
27,266,0
27,267,0
27,268,0
27,269,0
27,270,0
27,271,0
27,272,0
27,273,0
27,274,0
27,275,0
27,276,0
27,277,0
27,278,0
27,279,0
27,280,0
27,281,0
27,282,0
27,283,0
27,284,0
27,285,0
27,286,0
27,287,0
27,288,0
27,289,0
27,290,0
27,291,0
27,292,0
27,293,0
27,294,0
27,295,0
27,296,0
27,297,0
27,298,0
27,299,0
27,300,0
27,301,0
27,302,0
27,303,0
27,304,0
27,305,0
27,306,0
27,307,0
27,308,0
27,309,0
27,310,0
27,311,0
27,312,0
27,313,0
27,314,0
27,315,0
27,316,0
27,317,0
27,318,0
27,319,0
27,320,0
27,321,0
27,322,0
27,323,0
27,324,0
27,325,0
27,326,0
27,327,0
27,328,0
27,329,0
27,330,0
27,331,0
27,332,0
27,333,0
27,334,0
27,335,0
27,336,0
27,337,0
27,338,0
27,339,0
27,340,0
27,341,0
27,342,0
27,343,0
27,344,0
27,345,0
27,346,0
27,347,0
27,348,0
27,349,0
27,350,0
27,351,0
27,352,0
27,353,0
27,354,0
27,355,0
27,356,0
27,357,0
27,358,0
27,359,0
27,360,0
27,361,0
27,362,0
27,363,0
27,364,0
27,365,0
27,366,0
27,367,0
27,368,0
27,369,0
27,370,0
27,371,0
27,372,0
27,373,0
27,374,0
27,375,0
27,376,0
27,377,0
27,378,0
27,379,0
27,380,0
27,381,0
27,382,0
27,383,0
27,384,0
27,385,0
27,386,0
27,387,0
27,388,0
27,389,0
27,390,0
27,391,0
27,392,0
27,393,0
27,394,0
27,395,0
27,396,0
27,397,0
27,398,0
27,399,0
27,400,0
27,401,0
27,402,0
27,403,0
27,404,0
27,405,0
27,406,0
27,407,0
27,408,0
27,409,0
27,410,0
27,411,0
27,412,0
27,413,0
27,414,0
27,415,0
27,416,0
27,417,0
27,418,0
27,419,0
27,420,0
27,421,0
27,422,0
27,423,0
27,424,0
27,425,0
27,426,0
27,427,0
27,428,0
27,429,0
27,430,0
27,431,0
27,432,0
27,433,0
27,434,0
27,435,0
27,436,0
27,437,0
27,438,0
27,439,0
27,440,0
27,441,0
27,442,0
27,443,0
27,444,0
27,445,0
27,446,0
27,447,0
27,448,0
27,449,0
27,450,0
27,451,0
27,452,0
27,453,0
27,454,0
27,455,0
27,456,0
27,457,0
27,458,0
27,459,0
27,460,0
27,461,0
27,462,0
27,463,0
27,464,0
27,465,0
27,466,0
27,467,0
27,468,0
27,469,0
27,470,0
27,471,0
27,472,0
27,473,0
27,474,0
27,475,0
27,476,0
27,477,0
27,478,0
27,479,0
27,480,0
27,481,0
27,482,0
27,483,0
27,484,0
27,485,0
27,486,0
27,487,0
27,488,0
27,489,0
27,490,0
27,491,0
27,492,0
27,493,0
27,494,0
27,495,0
27,496,0
27,497,0
27,498,0
27,499,0
27,500,0
27,501,0
27,502,0
27,503,0
27,504,0
27,505,0
27,506,0
27,507,0
27,508,0
27,509,0
27,510,0
27,511,0
27,512,0
27,513,0
27,514,0
27,515,0
27,516,0
27,517,0
27,518,0
27,519,0
27,520,0
27,521,0
27,522,0
27,523,0
27,524,0
27,525,0
27,526,0
27,527,0
27,528,0
27,529,0
27,530,0
27,531,0
27,532,0
27,533,0
27,534,0
27,535,0
27,536,0
27,537,0
27,538,0
27,539,0
27,540,0
27,541,0
27,542,0
27,543,0
27,544,0
27,545,0
27,546,0
27,547,0
27,548,0
27,549,0
27,550,0
27,551,0
27,552,0
27,553,0
27,554,0
27,555,0
27,556,0
27,557,0
27,558,0
27,559,0
27,560,0
27,561,0
27,562,0
27,563,0
27,564,0
27,565,0
27,566,0
27,567,0
27,568,0
27,569,0
27,570,0
27,571,0
27,572,0
27,573,0
27,574,0
27,575,0
27,576,0
27,577,0
27,578,0
27,579,0
27,580,0
27,581,0
27,582,0
27,583,0
27,584,0
27,585,0
27,586,0
27,587,0
27,588,0
27,589,0
27,590,0
27,591,0
27,592,0
27,593,0
27,594,0
27,595,0
27,596,0
27,597,0
27,598,0
27,599,0
27,600,0
27,601,0
27,602,0
27,603,0
27,604,0
27,605,0
27,606,0
27,607,0
27,608,0
27,609,0
27,610,0
27,611,0
27,612,0
27,613,0
27,614,0
27,615,0
27,616,0
27,617,0
27,618,0
27,619,0
27,620,0
27,621,0
27,622,0
27,623,0
27,624,0
27,625,0
27,626,0
27,627,0
27,628,0
27,629,0
27,630,0
27,631,0
27,632,0
27,633,0
27,634,0
27,635,0
27,636,0
27,637,0
27,638,0
27,639,0
27,640,0
27,641,0
27,642,0
27,643,0
27,644,0
27,645,0
27,646,0
27,647,0
27,648,0
27,649,0
27,650,0
27,651,0
27,652,0
27,653,0
27,654,0
27,655,0
27,656,0
27,657,0
27,658,0
27,659,0
27,660,0
27,661,0
27,662,0
27,663,0
27,664,0
27,665,0
27,666,0
27,667,0
27,668,0
27,669,0
27,670,0
27,671,0
27,672,0
27,673,0
27,674,0
27,675,0
27,676,0
27,677,0
27,678,0
27,679,0
27,680,0
27,681,0
27,682,0
27,683,0
27,684,0
27,685,0
27,686,0
27,687,0
27,688,0
27,689,0
27,690,0
27,691,0
27,692,0
27,693,0
27,694,0
27,695,0
27,696,0
27,697,0
27,698,0
27,699,0
27,700,0
27,701,0
27,702,0
27,703,0
27,704,0
27,705,0
27,706,0
27,707,0
27,708,0
27,709,0
27,710,0
27,711,0
27,712,0
27,713,0
27,714,0
27,715,0
27,716,0
27,717,0
27,718,0
27,719,0
27,720,0
27,721,0
27,722,0
27,723,0
27,724,0
27,725,0
27,726,0
27,727,0
27,728,0
27,729,0
27,730,0
27,731,0
27,732,0
27,733,0
27,734,0
27,735,0
27,736,0
27,737,0
27,738,0
27,739,0
27,740,0
27,741,0
27,742,0
27,743,0
27,744,0
27,745,0
27,746,0
27,747,0
27,748,0
27,749,0
27,750,0
27,751,0
27,752,0
27,753,0
27,754,0
27,755,0
27,756,0
27,757,0
27,758,0
27,759,0
27,760,0
27,761,0
27,762,0
27,763,0
27,764,0
27,765,0
27,766,0
27,767,0
27,768,0
27,769,0
27,770,0
27,771,0
27,772,0
27,773,0
27,774,0
27,775,0
27,776,0
27,777,0
27,778,0
27,779,0
27,780,0
27,781,0
27,782,0
27,783,0
27,784,0
27,785,0
27,786,0
27,787,0
27,788,0
27,789,0
27,790,0
27,791,0
27,792,0
27,793,0
27,794,0
27,795,0
27,796,0
27,797,0
27,798,0
27,799,0
27,800,0
27,801,0
27,802,0
27,803,0
27,804,0
27,805,0
27,806,0
27,807,0
27,808,0
27,809,0
27,810,0
27,811,0
27,812,0
27,813,0
27,814,0
27,815,0
27,816,0
27,817,0
27,818,0
27,819,0
27,820,0
27,821,0
27,822,0
27,823,0
27,824,0
27,825,0
27,826,0
27,827,0
27,828,0
27,829,0
27,830,0
27,831,0
27,832,0
27,833,0
27,834,0
27,835,0
27,836,0
27,837,0
27,838,0
27,839,0
27,840,0
27,841,0
27,842,0
27,843,0
27,844,0
27,845,0
27,846,0
27,847,0
27,848,0
27,849,0
27,850,0
27,851,0
27,852,0
27,853,0
27,854,0
27,855,0
27,856,0
27,857,0
27,858,0
27,859,0
27,860,0
27,861,0
27,862,0
27,863,0
27,864,0
27,865,0
27,866,0
27,867,0
27,868,0
27,869,0
27,870,0
27,871,0
27,872,0
27,873,0
27,874,0
27,875,0
27,876,0
27,877,0
27,878,0
27,879,0
27,880,0
27,881,0
27,882,0
27,883,0
27,884,0
27,885,0
27,886,0
27,887,0
27,888,0
27,889,0
27,890,0
27,891,0
27,892,0
27,893,0
27,894,0
27,895,0
27,896,0
27,897,0
27,898,0
27,899,0
27,900,0
27,901,0
27,902,0
27,903,0
27,904,0
27,905,0
27,906,0
27,907,0
27,908,0
27,909,0
27,910,0
27,911,0
27,912,0
27,913,0
27,914,0
27,915,0
27,916,0
27,917,0
27,918,0
27,919,0
27,920,0
27,921,0
27,922,0
27,923,0
27,924,0
27,925,0
27,926,0
27,927,0
27,928,0
27,929,0
27,930,0
27,931,0
27,932,0
27,933,0
27,934,0
27,935,0
27,936,0
27,937,0
27,938,0
27,939,0
27,940,0
27,941,0
27,942,0
27,943,0
27,944,0
27,945,0
27,946,0
27,947,0
27,948,0
27,949,0
27,950,0
27,951,0
27,952,0
27,953,0
27,954,0
27,955,0
27,956,0
27,957,0
27,958,0
27,959,0
27,960,0
27,961,0
27,962,0
27,963,0
27,964,0
27,965,0
27,966,0
27,967,0
27,968,0
27,969,0
27,970,0
27,971,0
27,972,0
27,973,0
27,974,0
27,975,0
27,976,0
27,977,0
27,978,0
27,979,0
27,980,0
27,981,0
27,982,0
27,983,0
27,984,0
27,985,0
27,986,0
27,987,0
27,988,0
27,989,0
27,990,0
27,991,0
27,992,0
27,993,0
27,994,0
27,995,0
27,996,0
27,997,0
27,998,0
27,999,0
27,1000,0
27,1001,0
27,1002,0
27,1003,0
27,1004,0
27,1005,0
27,1006,0
27,1007,0
27,1008,0
27,1009,0
27,1010,0
27,1011,0
27,1012,0
27,1013,0
27,1014,0
27,1015,0
27,1016,0
27,1017,0
27,1018,0
27,1019,0
27,1020,0
27,1021,0
27,1022,0
27,1023,0
27,1024,0
27,1025,0
27,1026,0
27,1027,0
27,1028,0
27,1029,0
27,1030,0
27,1031,0
27,1032,0
27,1033,0
27,1034,0
27,1035,0
27,1036,0
27,1037,0
27,1038,0
27,1039,0
27,1040,0
27,1041,0
27,1042,0
27,1043,0
27,1044,0
27,1045,0
27,1046,0
27,1047,0
27,1048,0
27,1049,0
27,1050,0
27,1051,0
27,1052,0
27,1053,0
27,1054,0
27,1055,0
27,1056,0
27,1057,0
27,1058,0
27,1059,0
27,1060,0
27,1061,0
27,1062,0
27,1063,0
27,1064,0
27,1065,0
27,1066,0
27,1067,0
27,1068,0
27,1069,0
27,1070,0
27,1071,0
27,1072,0
27,1073,0
27,1074,0
27,1075,0
27,1076,0
27,1077,0
27,1078,0
27,1079,0
27,1080,0
27,1081,0
27,1082,0
27,1083,0
27,1084,0
27,1085,0
27,1086,0
27,1087,0
27,1088,0
27,1089,0
27,1090,0
27,1091,0
27,1092,0
27,1093,0
27,1094,0
27,1095,0
27,1096,0
27,1097,0
27,1098,0
27,1099,0
27,1100,0
27,1101,0
27,1102,0
27,1103,0
27,1104,0
27,1105,0
27,1106,0
27,1107,0
27,1108,0
27,1109,0
27,1110,0
27,1111,0
27,1112,0
27,1113,0
27,1114,0
27,1115,0
27,1116,0
27,1117,0
27,1118,0
27,1119,0
27,1120,0
27,1121,0
27,1122,0
27,1123,0
27,1124,0
27,1125,0
27,1126,0
27,1127,0
27,1128,0
27,1129,0
27,1130,0
27,1131,0
27,1132,0
27,1133,0
27,1134,0
27,1135,0
27,1136,0
27,1137,0
27,1138,0
27,1139,0
27,1140,0
27,1141,0
27,1142,0
27,1143,0
27,1144,0
27,1145,0
27,1146,0
27,1147,0
27,1148,0
27,1149,0
27,1150,0
27,1151,0
27,1152,0
27,1153,0
27,1154,0
27,1155,0
27,1156,0
27,1157,0
27,1158,0
27,1159,0
27,1160,0
27,1161,0
27,1162,0
27,1163,0
27,1164,0
27,1165,0
27,1166,0
27,1167,0
27,1168,0
27,1169,0
27,1170,0
27,1171,0
27,1172,0
27,1173,0
27,1174,0
27,1175,0
27,1176,0
27,1177,0
27,1178,0
27,1179,0
27,1180,0
27,1181,0
27,1182,0
27,1183,0
27,1184,0
27,1185,0
27,1186,0
27,1187,0
27,1188,0
27,1189,0
27,1190,0
27,1191,0
27,1192,0
27,1193,0
27,1194,0
27,1195,0
27,1196,0
27,1197,0
27,1198,0
27,1199,0
27,1200,0
27,1201,0
27,1202,0
27,1203,0
27,1204,0
27,1205,0
27,1206,0
27,1207,0
27,1208,0
27,1209,0
27,1210,0
27,1211,0
27,1212,0
27,1213,0
27,1214,0
27,1215,0
27,1216,0
27,1217,0
27,1218,0
27,1219,0
27,1220,0
27,1221,0
27,1222,0
27,1223,0
27,1224,0
27,1225,0
27,1226,0
27,1227,0
27,1228,0
27,1229,0
27,1230,0
27,1231,0
27,1232,0
27,1233,0
27,1234,0
27,1235,0
27,1236,0
27,1237,0
27,1238,0
27,1239,0
27,1240,0
27,1241,0
27,1242,0
27,1243,0
27,1244,0
27,1245,0
27,1246,0
27,1247,0
27,1248,0
27,1249,0
27,1250,0
27,1251,0
27,1252,0
27,1253,0
27,1254,0
27,1255,0
27,1256,0
27,1257,0
27,1258,0
27,1259,0
27,1260,0
27,1261,0
27,1262,0
27,1263,0
27,1264,0
27,1265,0
27,1266,0
27,1267,0
27,1268,0
27,1269,0
27,1270,0
27,1271,0
27,1272,0
27,1273,0
27,1274,0
27,1275,0
27,1276,0
27,1277,0
27,1278,0
27,1279,0
27,1280,0
27,1281,0
27,1282,0
27,1283,0
27,1284,0
27,1285,0
27,1286,0
27,1287,0
27,1288,0
27,1289,0
27,1290,0
27,1291,0
27,1292,0
27,1293,0
27,1294,0
27,1295,0
27,1296,0
27,1297,0
27,1298,0
27,1299,0
27,1300,0
27,1301,0
27,1302,0
27,1303,0
27,1304,0
27,1305,0
27,1306,0
27,1307,0
27,1308,0
27,1309,0
27,1310,0
27,1311,0
27,1312,0
27,1313,0
27,1314,0
27,1315,0
27,1316,0
27,1317,0
27,1318,0
27,1319,0
27,1320,0
27,1321,0
27,1322,0
27,1323,0
27,1324,0
27,1325,0
27,1326,0
27,1327,0
27,1328,0
27,1329,0
27,1330,0
27,1331,0
27,1332,0
27,1333,0
27,1334,0
27,1335,0
27,1336,0
27,1337,0
27,1338,0
27,1339,0
27,1340,0
27,1341,0
27,1342,0
27,1343,0
27,1344,0
27,1345,0
27,1346,0
27,1347,0
27,1348,0
27,1349,0
27,1350,0
27,1351,0
27,1352,0
27,1353,0
27,1354,0
27,1355,0
27,1356,0
27,1357,0
27,1358,0
27,1359,0
27,1360,0
27,1361,0
27,1362,0
27,1363,0
27,1364,0
27,1365,0
27,1366,0
27,1367,0
27,1368,0
27,1369,0
27,1370,0
27,1371,0
27,1372,0
27,1373,0
27,1374,0
27,1375,0
27,1376,0
27,1377,0
27,1378,0
27,1379,0
27,1380,0
27,1381,0
27,1382,0
27,1383,0
27,1384,0
27,1385,0
27,1386,0
27,1387,0
27,1388,0
27,1389,0
27,1390,0
27,1391,0
27,1392,0
27,1393,0
27,1394,0
27,1395,0
27,1396,0
27,1397,0
27,1398,0
27,1399,0
27,1400,0
27,1401,0
27,1402,0
27,1403,0
27,1404,0
27,1405,0
27,1406,0
27,1407,0
27,1408,0
27,1409,0
27,1410,0
27,1411,0
27,1412,0
27,1413,0
27,1414,0
27,1415,0
27,1416,0
27,1417,0
27,1418,0
27,1419,0
27,1420,0
27,1421,0
27,1422,0
27,1423,0
27,1424,0
27,1425,0
27,1426,0
27,1427,0
27,1428,0
27,1429,0
27,1430,0
27,1431,0
27,1432,0
27,1433,0
27,1434,0
27,1435,0
27,1436,0
27,1437,0
27,1438,0
27,1439,0
27,1440,0
27,1441,0
27,1442,0
27,1443,0
27,1444,0
27,1445,0
27,1446,0
27,1447,0
27,1448,0
27,1449,0
27,1450,0
27,1451,0
27,1452,0
27,1453,0
27,1454,0
27,1455,0
27,1456,0
27,1457,0
27,1458,0
27,1459,0
27,1460,0
27,1461,0
27,1462,0
27,1463,0
27,1464,0
27,1465,0
27,1466,0
27,1467,0
27,1468,0
27,1469,0
27,1470,0
27,1471,0
27,1472,0
27,1473,0
27,1474,0
27,1475,0
27,1476,0
27,1477,0
27,1478,0
27,1479,0
27,1480,0
27,1481,0
27,1482,0
27,1483,0
27,1484,0
27,1485,0
27,1486,0
27,1487,0
27,1488,0
27,1489,0
27,1490,0
27,1491,0
27,1492,0
27,1493,0
27,1494,0
27,1495,0
27,1496,0
27,1497,0
27,1498,0
27,1499,0
27,1500,0
27,1501,0
27,1502,0
27,1503,0
27,1504,0
27,1505,0
27,1506,0
27,1507,0
27,1508,0
27,1509,0
27,1510,0
27,1511,0
27,1512,0
27,1513,0
27,1514,0
27,1515,0
27,1516,0
27,1517,0
27,1518,0
27,1519,0
27,1520,0
27,1521,0
27,1522,0
27,1523,0
27,1524,0
27,1525,0
27,1526,0
27,1527,0
27,1528,0
27,1529,0
27,1530,0
27,1531,0
27,1532,0
27,1533,0
27,1534,0
27,1535,0
27,1536,0
27,1537,0
27,1538,0
27,1539,0
27,1540,0
27,1541,0
27,1542,0
27,1543,0
27,1544,0
27,1545,0
27,1546,0
27,1547,0
27,1548,0
27,1549,0
27,1550,0
27,1551,0
27,1552,0
27,1553,0
27,1554,0
27,1555,0
27,1556,0
27,1557,0
27,1558,0
27,1559,0
27,1560,0
27,1561,0
27,1562,0
27,1563,0
27,1564,0
27,1565,0
27,1566,0
27,1567,0
27,1568,0
27,1569,0
27,1570,0
27,1571,0
27,1572,0
27,1573,0
27,1574,0
27,1575,0
27,1576,0
27,1577,0
27,1578,0
27,1579,0
27,1580,0
27,1581,0
27,1582,0
27,1583,0
27,1584,0
27,1585,0
27,1586,0
27,1587,0
27,1588,0
27,1589,0
27,1590,0
27,1591,0
27,1592,0
27,1593,0
27,1594,0
27,1595,0
27,1596,0
27,1597,0
27,1598,0
27,1599,0
27,1600,0
27,1601,0
27,1602,0
27,1603,0
27,1604,0
27,1605,0
27,1606,0
27,1607,0
27,1608,0
27,1609,0
27,1610,0
27,1611,0
27,1612,0
27,1613,0
27,1614,0
27,1615,0
27,1616,0
27,1617,0
27,1618,0
27,1619,0
27,1620,0
27,1621,0
27,1622,0
27,1623,0
27,1624,0
27,1625,0
27,1626,0
27,1627,0
27,1628,0
27,1629,0
27,1630,0
27,1631,0
27,1632,0
27,1633,0
27,1634,0
27,1635,0
27,1636,0
27,1637,0
27,1638,0
27,1639,0
27,1640,0
27,1641,0
27,1642,0
27,1643,0
27,1644,0
27,1645,0
27,1646,0
27,1647,0
27,1648,0
27,1649,0
27,1650,0
27,1651,0
27,1652,0
27,1653,0
27,1654,0
27,1655,0
27,1656,0
27,1657,0
27,1658,0
27,1659,0
27,1660,0
27,1661,0
27,1662,0
27,1663,0
27,1664,0
27,1665,0
27,1666,0
27,1667,0
27,1668,0
27,1669,0
27,1670,0
27,1671,0
27,1672,0
27,1673,0
27,1674,0
27,1675,0
27,1676,0
27,1677,0
27,1678,0
27,1679,0
27,1680,0
27,1681,0
27,1682,0
27,1683,0
27,1684,0
27,1685,0
27,1686,0
27,1687,0
27,1688,0
27,1689,0
27,1690,0
27,1691,0
27,1692,0
27,1693,0
27,1694,0
27,1695,0
27,1696,0
27,1697,0
27,1698,0
27,1699,0
27,1700,0
27,1701,0
27,1702,0
27,1703,0
27,1704,0
27,1705,0
27,1706,0
27,1707,0
27,1708,0
27,1709,0
27,1710,0
27,1711,0
27,1712,0
27,1713,0
27,1714,0
27,1715,0
27,1716,0
27,1717,0
27,1718,0
27,1719,0
27,1720,0
27,1721,0
27,1722,0
27,1723,0
27,1724,0
27,1725,0
27,1726,0
27,1727,0
27,1728,0
27,1729,0
27,1730,0
27,1731,0
27,1732,0
27,1733,0
27,1734,0
27,1735,0
27,1736,0
27,1737,0
27,1738,0
27,1739,0
27,1740,0
27,1741,0
27,1742,0
27,1743,0
27,1744,0
27,1745,0
27,1746,0
27,1747,0
27,1748,0
27,1749,0
27,1750,0
27,1751,0
27,1752,0
27,1753,0
27,1754,0
27,1755,0
27,1756,0
27,1757,0
27,1758,0
27,1759,0
27,1760,0
27,1761,0
27,1762,0
27,1763,0
27,1764,0
27,1765,0
27,1766,0
27,1767,0
27,1768,0
27,1769,0
27,1770,0
27,1771,0
27,1772,0
27,1773,0
27,1774,0
27,1775,0
27,1776,0
27,1777,0
27,1778,0
27,1779,0
27,1780,0
27,1781,0
27,1782,0
27,1783,0
27,1784,0
27,1785,0
27,1786,0
27,1787,0
27,1788,0
27,1789,0
27,1790,0
27,1791,0
27,1792,0
27,1793,0
27,1794,0
27,1795,0
27,1796,0
27,1797,0
27,1798,0
27,1799,0
27,1800,0
27,1801,0
27,1802,0
27,1803,0
27,1804,0
27,1805,0
27,1806,0
27,1807,0
27,1808,0
27,1809,0
27,1810,0
27,1811,0
27,1812,0
27,1813,0
27,1814,0
27,1815,0
27,1816,0
27,1817,0
27,1818,0
27,1819,0
27,1820,0
27,1821,0
27,1822,0
27,1823,0
27,1824,0
27,1825,0
27,1826,0
27,1827,0
27,1828,0
27,1829,0
27,1830,0
27,1831,0
27,1832,0
27,1833,0
27,1834,0
27,1835,0
27,1836,0
27,1837,0
27,1838,0
27,1839,0
27,1840,0
27,1841,0
27,1842,0
27,1843,0
27,1844,0
27,1845,0
27,1846,0
27,1847,0
27,1848,0
27,1849,0
27,1850,0
27,1851,0
27,1852,0
27,1853,0
27,1854,0
27,1855,0
27,1856,0
27,1857,0
27,1858,0
27,1859,0
27,1860,0
27,1861,0
27,1862,0
27,1863,0
27,1864,0
27,1865,0
27,1866,0
27,1867,0
27,1868,0
27,1869,0
27,1870,0
27,1871,0
27,1872,0
27,1873,0
27,1874,0
27,1875,0
27,1876,0
27,1877,0
27,1878,0
27,1879,0
27,1880,0
27,1881,0
27,1882,0
27,1883,0
27,1884,0
27,1885,0
27,1886,0
27,1887,0
27,1888,0
27,1889,0
27,1890,0
27,1891,0
27,1892,0
27,1893,0
27,1894,0
27,1895,0
27,1896,0
27,1897,0
27,1898,0
27,1899,0
27,1900,0
27,1901,0
27,1902,0
27,1903,0
27,1904,0
27,1905,0
27,1906,0
27,1907,0
27,1908,0
27,1909,0
27,1910,0
27,1911,0
27,1912,0
27,1913,0
27,1914,0
27,1915,0
27,1916,0
27,1917,0
27,1918,0
27,1919,0
27,1920,0
27,1921,0
27,1922,0
27,1923,0
27,1924,0
27,1925,0
27,1926,0
27,1927,0
27,1928,0
27,1929,0
27,1930,0
27,1931,0
27,1932,0
27,1933,0
27,1934,0
27,1935,0
27,1936,0
27,1937,0
27,1938,0
27,1939,0
27,1940,0
27,1941,0
27,1942,0
27,1943,0
27,1944,0
27,1945,0
27,1946,0
27,1947,0
27,1948,0
27,1949,0
27,1950,0
27,1951,0
27,1952,0
27,1953,0
27,1954,0
27,1955,0
27,1956,0
27,1957,0
27,1958,0
27,1959,0
27,1960,0
27,1961,0
27,1962,0
27,1963,0
27,1964,0
27,1965,0
27,1966,0
27,1967,0
27,1968,0
27,1969,0
27,1970,0
27,1971,0
27,1972,0
27,1973,0
27,1974,0
27,1975,0
27,1976,0
27,1977,0
27,1978,0
27,1979,0
27,1980,0
27,1981,0
27,1982,0
27,1983,0
27,1984,0
27,1985,0
27,1986,0
27,1987,0
27,1988,0
27,1989,0
27,1990,0
27,1991,0
27,1992,0
27,1993,0
27,1994,0
27,1995,0
27,1996,0
27,1997,0
27,1998,0
27,1999,0
27,2000,0
27,2001,0
27,2002,0
27,2003,0
27,2004,0
27,2005,0
27,2006,0
27,2007,0
27,2008,0
27,2009,0
27,2010,0
27,2011,0
27,2012,0
27,2013,0
27,2014,0
27,2015,0
27,2016,0
27,2017,0
27,2018,0
27,2019,0
27,2020,0
27,2021,0
27,2022,0
27,2023,0
27,2024,0
27,2025,0
27,2026,0
27,2027,0
27,2028,0
27,2029,0
27,2030,0
27,2031,0
27,2032,0
27,2033,0
27,2034,0
27,2035,0
27,2036,0
27,2037,0
27,2038,0
27,2039,0
27,2040,0
27,2041,0
27,2042,0
27,2043,0
27,2044,0
27,2045,0
27,2046,0
27,2047,0
27,2048,0
27,2049,0
27,2050,0
27,2051,0
27,2052,0
27,2053,0
27,2054,0
27,2055,0
27,2056,0
27,2057,0
27,2058,0
27,2059,0
27,2060,0
27,2061,0
27,2062,0
27,2063,0
27,2064,0
27,2065,0
27,2066,0
27,2067,0
27,2068,0
27,2069,0
27,2070,0
27,2071,0
27,2072,0
27,2073,0
27,2074,0
27,2075,0
27,2076,0
27,2077,0
27,2078,0
27,2079,0
27,2080,0
27,2081,0
27,2082,0
27,2083,0
27,2084,0
27,2085,0
27,2086,0
27,2087,0
27,2088,0
27,2089,0
27,2090,0
27,2091,0
27,2092,0
27,2093,0
27,2094,0
27,2095,0
27,2096,0
27,2097,0
27,2098,0
27,2099,0
27,2100,0
27,2101,0
27,2102,0
27,2103,0
27,2104,0
27,2105,0
27,2106,0
27,2107,0
27,2108,0
27,2109,0
27,2110,0
27,2111,0
27,2112,0
27,2113,0
27,2114,0
27,2115,0
27,2116,0
27,2117,0
27,2118,0
27,2119,0
27,2120,0
27,2121,0
27,2122,0
27,2123,0
27,2124,0
27,2125,0
27,2126,0
27,2127,0
27,2128,0
27,2129,0
27,2130,0
27,2131,0
27,2132,0
27,2133,0
27,2134,0
27,2135,0
27,2136,0
27,2137,0
27,2138,0
27,2139,0
27,2140,0
27,2141,0
27,2142,0
27,2143,0
27,2144,0
27,2145,0
27,2146,0
27,2147,0
27,2148,0
27,2149,0
27,2150,0
27,2151,0
27,2152,0
27,2153,0
27,2154,0
27,2155,0
27,2156,0
27,2157,0
27,2158,0
27,2159,0
27,2160,0
27,2161,0
27,2162,0
27,2163,0
27,2164,0
27,2165,0
27,2166,0
27,2167,0
27,2168,0
27,2169,0
27,2170,0
27,2171,0
27,2172,0
27,2173,0
27,2174,0
27,2175,0
27,2176,0
27,2177,0
27,2178,0
27,2179,0
27,2180,0
27,2181,0
27,2182,0
27,2183,0
27,2184,0
27,2185,0
27,2186,0
27,2187,0
27,2188,0
27,2189,0
27,2190,0
27,2191,0
27,2192,0
27,2193,0
27,2194,0
27,2195,0
27,2196,0
27,2197,0
27,2198,0
27,2199,0
27,2200,0
27,2201,0
27,2202,0
27,2203,0
27,2204,0
27,2205,0
27,2206,0
27,2207,0
27,2208,0
27,2209,0
27,2210,0
27,2211,0
27,2212,0
27,2213,0
27,2214,0
27,2215,0
27,2216,0
27,2217,0
27,2218,0
27,2219,0
27,2220,0
27,2221,0
27,2222,0
27,2223,0
27,2224,0
27,2225,0
27,2226,0
27,2227,0
27,2228,0
27,2229,0
27,2230,0
27,2231,0
27,2232,0
27,2233,0
28,0,0
28,1,0
28,2,9.44047e-06
28,3,0
28,4,0
28,5,1.23166e-05
28,6,0
28,7,0
28,8,0
28,9,0
28,10,2.62377e-05
28,11,0
28,12,0
28,13,0.000758545
28,14,0
28,15,7.69814e-05
28,16,0
28,17,0
28,18,2.24028e-05
28,19,0
28,20,0
28,21,0
28,22,0
28,23,2.94758e-05
28,24,0
28,25,0
28,26,0.000115184
28,27,0
28,28,5.85994e-05
28,29,0
28,30,0
28,31,3.019e-05
28,32,0
28,33,0
28,34,0
28,35,0
28,36,3.34281e-05
28,37,0
28,38,0
28,39,0.00010947
28,40,0
28,41,0
28,42,0
28,43,0
28,44,4.6048e-05
28,45,0
28,46,0
28,47,5.11351e-05
28,48,0
28,49,0.000623189
28,50,0
28,51,0
28,52,6.77366e-05
28,53,0
28,54,0
28,55,0
28,56,0
28,57,2.28332e-05
28,58,0
28,59,0
28,60,0.000684381
28,61,0
28,62,0
28,63,0
28,64,0
28,65,9.20764e-05
28,66,0
28,67,0
28,68,5.38058e-06
28,69,0
28,70,0.000698311
28,71,0
28,72,0
28,73,0.000108453
28,74,0
28,75,0
28,76,0
28,77,0
28,78,8.7185e-05
28,79,0
28,80,0
28,81,0.000707038
28,82,0
28,83,0.000118177
28,84,0
28,85,0
28,86,0.000148289
28,87,0
28,88,0
28,89,0
28,90,0
28,91,9.52656e-05
28,92,0
28,93,0
28,94,0.000209461
28,95,0
28,96,0
28,97,0
28,98,0
28,99,0.000155655
28,100,0
28,101,0
28,102,5.79538e-05
28,103,0
28,104,0.000111985
28,105,0
28,106,0
28,107,0.000177305
28,108,0
28,109,0
28,110,0
28,111,0
28,112,8.21272e-05
28,113,0
28,114,0
28,115,0.000163668
28,116,0
28,117,0
28,118,0
28,119,0
28,120,0.000199893
28,121,0
28,122,0
28,123,0
28,124,0
28,125,0.000143671
28,126,0
28,127,0
28,128,0.000167365
28,129,0
28,130,0
28,131,0
28,132,0
28,133,0.000147193
28,134,0
28,135,0
28,136,0.000142145
28,137,0
28,138,9.40721e-05
28,139,0
28,140,0
28,141,0.000220085
28,142,0
28,143,0
28,144,0
28,145,0
28,146,4.50991e-05
28,147,3.15009e-06
28,148,0
28,149,0.000203181
28,150,0
28,151,0
28,152,0
28,153,0
28,154,0.000200148
28,155,0
28,156,0
28,157,0
28,158,0
28,159,9.82983e-05
28,160,3.66858e-06
28,161,0
28,162,0.000202378
28,163,0
28,164,0
28,165,0
28,166,0
28,167,9.42287e-05
28,168,1.43808e-06
28,169,0
28,170,0.000144239
28,171,0
28,172,0
28,173,0
28,174,0
28,175,0.000214255
28,176,0
28,177,0
28,178,0
28,179,0
28,180,1.28058e-05
28,181,1.6083e-05
28,182,0
28,183,0.000147761
28,184,0
28,185,0
28,186,0
28,187,0
28,188,0.000146655
28,189,0
28,190,0
28,191,4.46099e-06
28,192,0
28,193,1.52026e-05
28,194,3.42401e-06
28,195,0
28,196,0.000206487
28,197,0
28,198,0
28,199,0
28,200,0
28,201,4.911e-05
28,202,1.97614e-05
28,203,0
28,204,0.000103581
28,205,0
28,206,0
28,207,0
28,208,0
28,209,0.000185924
28,210,0
28,211,0
28,212,0
28,213,0
28,214,0
28,215,2.24321e-05
28,216,0
28,217,0.000169156
28,218,0
28,219,0
28,220,0
28,221,0
28,222,9.72222e-05
28,223,1.33928e-05
28,224,0
28,225,1.86266e-05
28,226,0
28,227,0
28,228,0
28,229,0
28,230,0.000195305
28,231,0
28,232,0
28,233,0
28,234,0
28,235,1.37939e-05
28,236,3.41814e-05
28,237,0
28,238,0.000116856
28,239,0
28,240,0
28,241,0
28,242,0
28,243,0.000139024
28,244,1.84896e-06
28,245,0
28,246,0
28,247,0
28,248,0
28,249,2.71181e-05
28,250,0
28,251,0.000176914
28,252,0
28,253,0
28,254,0
28,255,0
28,256,4.52947e-05
28,257,3.57858e-05
28,258,0
28,259,5.58798e-05
28,260,0
28,261,0
28,262,0
28,263,0
28,264,0.000162758
28,265,0
28,266,0
28,267,0
28,268,0
28,269,0
28,270,6.33539e-05
28,271,0
28,272,0.000140932
28,273,0
28,274,0
28,275,0
28,276,0
28,277,8.98459e-05
28,278,2.61496e-05
28,279,0
28,280,9.21547e-06
28,281,0
28,282,0
28,283,2.33909e-05
28,284,0
28,285,0.000163149
28,286,0
28,287,0
28,288,0
28,289,0
28,290,1.24145e-05
28,291,7.76467e-05
28,292,0
28,293,8.51501e-05
28,294,0
28,295,0
28,296,0
28,297,0
28,298,0.000121454
28,299,1.10155e-05
28,300,0
28,301,0
28,302,0
28,303,0
28,304,7.73532e-05
28,305,0
28,306,0.000143397
28,307,0
28,308,0
28,309,0
28,310,0
28,311,4.44827e-05
28,312,6.65431e-05
28,313,0
28,314,2.71377e-05
28,315,0
28,316,0
28,317,1.31482e-05
28,318,0
28,319,0.000135874
28,320,0
28,321,0
28,322,0
28,323,0
28,324,0
28,325,0.000113736
28,326,0
28,327,0.000106741
28,328,0
28,329,0
28,330,0
28,331,0
28,332,7.80184e-05
28,333,4.24675e-05
28,334,0
28,335,0
28,336,0
28,337,0
28,338,7.48292e-05
28,339,0
28,340,0.000131345
28,341,0
28,342,0
28,343,0
28,344,0
28,345,1.01742e-05
28,346,0.000120907
28,347,0
28,348,5.4745e-05
28,349,0
28,350,0
28,351,0
28,352,0
28,353,0.000100363
28,354,1.79418e-05
28,355,0
28,356,0
28,357,0
28,358,0
28,359,0.00013923
28,360,0
28,361,0.000110214
28,362,0
28,363,0
28,364,0
28,365,0
28,366,3.31639e-05
28,367,0.000100949
28,368,0
28,369,1.03209e-05
28,370,0
28,371,0
28,372,5.1321e-05
28,373,0
28,374,0.000103601
28,375,0
28,376,0
28,377,0
28,378,0
28,379,0
28,380,0.000172433
28,381,0
28,382,7.4702e-05
28,383,0
28,384,0
28,385,0
28,386,0
28,387,5.95288e-05
28,388,5.8707e-05
28,389,0
28,390,0
28,391,0
28,392,0
28,393,0.000141607
28,394,0
28,395,9.55396e-05
28,396,0
28,397,0
28,398,0
28,399,0
28,400,7.4252e-06
28,401,0.000170613
28,402,0
28,403,2.99258e-05
28,404,0
28,405,0
28,406,2.48289e-05
28,407,0
28,408,7.34107e-05
28,409,2.36452e-05
28,410,0
28,411,0
28,412,0
28,413,0
28,414,0.000213012
28,415,0
28,416,7.79402e-05
28,417,0
28,418,0
28,419,0
28,420,0
28,421,2.43007e-05
28,422,0.000133135
28,423,0
28,424,0
28,425,0
28,426,0
28,427,0.000127138
28,428,0
28,429,7.45455e-05
28,430,4.79361e-07
28,431,0
28,432,0
28,433,0
28,434,0
28,435,0.000241197
28,436,0
28,437,4.47175e-05
28,438,0
28,439,0
28,440,1.05655e-06
28,441,0
28,442,3.69891e-05
28,443,7.80576e-05
28,444,0
28,445,0
28,446,0
28,447,0
28,448,0.000237577
28,449,0
28,450,6.82649e-05
28,451,0
28,452,0
28,453,0
28,454,0
28,455,3.53162e-06
28,456,0.000219019
28,457,0
28,458,8.80459e-06
28,459,0
28,460,0
28,461,8.80459e-05
28,462,0
28,463,4.61067e-05
28,464,2.82823e-05
28,465,0
28,466,0
28,467,0
28,468,0
28,469,0.000300442
28,470,0
28,471,5.04601e-05
28,472,0
28,473,0
28,474,0
28,475,0
28,476,1.50265e-05
28,477,0.000160967
28,478,0
28,479,0
28,480,0
28,481,0
28,482,0.000218412
28,483,0
28,484,4.8435e-05
28,485,4.79361e-07
28,486,0
28,487,0
28,488,0
28,489,0
28,490,0.000310049
28,491,0
28,492,2.38213e-05
28,493,0
28,494,0
28,495,3.63727e-05
28,496,0
28,497,2.23539e-05
28,498,8.53458e-05
28,499,0
28,500,0
28,501,0
28,502,0
28,503,0.000324351
28,504,0
28,505,4.50795e-05
28,506,0
28,507,0
28,508,0
28,509,0
28,510,0
28,511,0.000262993
28,512,0
28,513,0
28,514,0
28,515,0
28,516,0.00016988
28,517,0
28,518,2.41246e-05
28,519,2.68344e-05
28,520,0
28,521,0
28,522,0
28,523,0
28,524,0.000386903
28,525,0
28,526,2.89573e-05
28,527,0
28,528,0
28,529,1.98592e-06
28,530,0
28,531,5.53711e-06
28,532,0.000175818
28,533,0
28,534,0
28,535,0
28,536,0
28,537,0.000317141
28,538,0
28,539,2.38506e-05
28,540,0
28,541,0
28,542,0
28,543,0
28,544,0
28,545,0.000375222
28,546,0
28,547,5.74255e-06
28,548,0
28,549,0
28,550,0.000105469
28,551,0
28,552,1.01155e-05
28,553,8.72437e-05
28,554,0
28,555,0
28,556,0
28,557,0
28,558,0.000428852
28,559,0
28,560,2.31463e-05
28,561,0
28,562,0
28,563,0
28,564,0
28,565,0
28,566,0.000292185
28,567,0
28,568,0
28,569,0
28,570,0
28,571,0.000281179
28,572,0
28,573,1.26982e-05
28,574,2.16984e-05
28,575,0
28,576,0
28,577,0
28,578,0
28,579,0.000469803
28,580,0
28,581,1.09764e-05
28,582,0
28,583,0
28,584,4.03152e-05
28,585,0
28,586,0
28,587,0.000181551
28,588,0
28,589,0
28,590,0
28,591,0
28,592,0.000441266
28,593,0
28,594,1.37058e-05
28,595,0
28,596,0
28,597,0
28,598,0
28,599,0
28,600,0.000420683
28,601,0
28,602,0
28,603,0
28,604,0
28,605,0.000201889
28,606,0
28,607,0
28,608,7.82728e-05
28,609,0
28,610,0
28,611,0
28,612,0
28,613,0.000540553
28,614,0
28,615,9.6557e-06
28,616,0
28,617,0
28,618,0
28,619,0
28,620,0
28,621,0.000306224
28,622,0
28,623,0
28,624,0
28,625,0
28,626,0.000399767
28,627,0
28,628,2.70986e-06
28,629,1.47428e-05
28,630,0
28,631,0
28,632,0
28,633,0
28,634,0.000542089
28,635,0
28,636,1.90766e-06
28,637,0
28,638,0
28,639,0.000116759
28,640,0
28,641,0
28,642,0.000170379
28,643,0
28,644,0
28,645,0
28,646,0
28,647,0.000564726
28,648,0
28,649,4.50991e-06
28,650,0
28,651,0
28,652,0
28,653,0
28,654,0
28,655,0.000449093
28,656,0
28,657,0
28,658,0
28,659,0
28,660,0.00032397
28,661,0
28,662,0
28,663,6.15343e-05
28,664,0
28,665,0
28,666,0
28,667,0
28,668,0.000640729
28,669,0
28,670,2.00549e-06
28,671,0
28,672,0
28,673,3.44846e-05
28,674,0
28,675,0
28,676,0.000299258
28,677,0
28,678,0
28,679,0
28,680,0
28,681,0.000535925
28,682,0
28,683,0
28,684,5.89907e-06
28,685,0
28,686,0
28,687,0
28,688,0
28,689,0.000586718
28,690,0
28,691,0
28,692,0
28,693,0
28,694,0.000215546
28,695,0
28,696,0
28,697,0.000146919
28,698,0
28,699,0
28,700,0
28,701,0
28,702,0.000692549
28,703,0
28,704,0
28,705,0
28,706,0
28,707,0
28,708,0
28,709,0
28,710,0.000443311
28,711,0
28,712,0
28,713,0
28,714,0
28,715,0.000458435
28,716,0
28,717,0
28,718,3.73901e-05
28,719,0
28,720,0
28,721,0
28,722,0
28,723,0.000714326
28,724,0
28,725,0
28,726,0
28,727,0
28,728,0.000106897
28,729,0
28,730,0
28,731,0.000268051
28,732,0
28,733,0
28,734,0
28,735,0
28,736,0.000685036
28,737,0
28,738,0
28,739,0
28,740,0
28,741,0
28,742,0
28,743,0
28,744,0.000601079
28,745,0
28,746,0
28,747,0
28,748,0
28,749,0.000338468
28,750,0
28,751,0
28,752,0.000111114
28,753,0
28,754,0
28,755,0
28,756,0
28,757,0.00080428
28,758,0
28,759,0
28,760,0
28,761,0
28,762,2.80377e-05
28,763,0
28,764,0
28,765,0.000417699
28,766,0
28,767,0
28,768,0
28,769,0
28,770,0.000611596
28,771,0
28,772,0
28,773,1.95462e-05
28,774,0
28,775,0
28,776,0
28,777,0
28,778,0.0007583
28,779,0
28,780,0
28,781,0
28,782,0
28,783,0.000209862
28,784,0
28,785,0
28,786,0.000223372
28,787,0
28,788,0
28,789,0
28,790,0
28,791,4.78187e-05
28,792,0
28,793,0
28,794,0
28,795,0
28,796,0
28,797,0
28,798,0
28,799,0.000586562
28,800,0
28,801,0
28,802,0
28,803,0
28,804,0.000485514
28,805,0
28,806,0
28,807,7.41053e-05
28,808,0
28,809,0
28,810,0
28,811,0
28,812,9.87092e-05
28,813,0
28,814,0
28,815,0
28,816,0
28,817,7.58271e-05
28,818,0
28,819,0
28,820,0.000371045
28,821,0
28,822,0
28,823,0
28,824,0
28,825,0.000772593
28,826,0
28,827,0
28,828,4.55882e-06
28,829,0
28,830,0
28,831,0
28,832,0
28,833,0.000752195
28,834,0
28,835,0
28,836,0
28,837,0
28,838,0.000325789
28,839,0
28,840,0
28,841,0.000165693
28,842,0
28,843,0
28,844,0
28,845,0
28,846,0.000160547
28,847,0
28,848,0
28,849,0
28,850,0
28,851,8.09044e-06
28,852,0
28,853,0
28,854,0.000530271
28,855,0
28,856,0
28,857,0
28,858,0
28,859,0.000646726
28,860,0
28,861,0
28,862,3.34966e-05
28,863,0
28,864,0
28,865,0
28,866,0
28,867,0.000126287
28,868,0
28,869,0
28,870,0
28,871,0
28,872,0.000179653
28,873,0
28,874,0
28,875,0.000297214
28,876,0
28,877,0
28,878,0
28,879,0
28,880,0.000137146
28,881,0
28,882,0
28,883,0
28,884,0
28,885,0
28,886,0
28,887,0
28,888,0.000712448
28,889,0
28,890,0
28,891,0
28,892,0
28,893,0.000470439
28,894,0
28,895,0
28,896,0.000106946
28,897,0
28,898,0
28,899,0
28,900,0
28,901,0.000227158
28,902,0
28,903,0
28,904,0
28,905,0
28,906,5.06655e-05
28,907,0
28,908,0
28,909,0.00045416
28,910,0
28,911,0
28,912,0
28,913,0
28,914,0.00080469
28,915,0
28,916,0
28,917,1.18177e-05
28,918,0
28,919,0
28,920,0
28,921,0
28,922,0.000105518
28,923,0
28,924,0
28,925,0
28,926,0
28,927,0.000285856
28,928,0
28,929,0
28,930,0.000216329
28,931,0
28,932,0
28,933,0
28,934,0
28,935,0.000246039
28,936,0
28,937,0
28,938,0
28,939,0
28,940,0
28,941,0
28,942,0
28,943,0.000633392
28,944,0
28,945,0
28,946,0
28,947,0
28,948,0.000628325
28,949,0
28,950,0
28,951,5.42363e-05
28,952,0
28,953,0
28,954,0
28,955,0
28,956,0.000238898
28,957,0
28,958,0
28,959,0
28,960,0
28,961,0.000124184
28,962,0
28,963,0
28,964,0.000362152
28,965,0
28,966,0
28,967,0
28,968,0
28,969,0.00016628
28,970,0
28,971,0
28,972,0
28,973,0
28,974,0
28,975,0
28,976,0
28,977,0.00081415
28,978,0
28,979,0
28,980,0
28,981,0
28,982,0.000413092
28,983,0
28,984,0
28,985,0.00013696
28,986,0
28,987,0
28,988,0
28,989,0
28,990,0.00029694
28,991,0
28,992,0
28,993,0
28,994,0
28,995,2.51909e-05
28,996,0
28,997,0
28,998,0.000525516
28,999,0
28,1000,0
28,1001,0
28,1002,0
28,1003,0.000779284
28,1004,0
28,1005,0
28,1006,1.68363e-05
28,1007,0
28,1008,0
28,1009,0
28,1010,0
28,1011,0.000194151
28,1012,0
28,1013,0
28,1014,0
28,1015,0
28,1016,0.000224654
28,1017,0
28,1018,0
28,1019,0.000256037
28,1020,0
28,1021,0
28,1022,0
28,1023,0
28,1024,0.000259305
28,1025,0
28,1026,0
28,1027,0
28,1028,0
28,1029,0
28,1030,0
28,1031,0
28,1032,0.000707409
28,1033,0
28,1034,0
28,1035,0
28,1036,0
28,1037,0.000558612
28,1038,0
28,1039,0
28,1040,6.68757e-05
28,1041,0
28,1042,0
28,1043,0
28,1044,0
28,1045,0.000291011
28,1046,0
28,1047,0
28,1048,0
28,1049,0
28,1050,6.37452e-05
28,1051,0
28,1052,0
28,1053,0.000403094
28,1054,0
28,1055,0
28,1056,0
28,1057,0
28,1058,0.00012163
28,1059,0
28,1060,0
28,1061,0
28,1062,0
28,1063,0
28,1064,0
28,1065,0
28,1066,9.95408e-05
28,1067,0
28,1068,0
28,1069,0
28,1070,0
28,1071,0.000332921
28,1072,0
28,1073,0
28,1074,0.000155098
28,1075,0
28,1076,0
28,1077,0
28,1078,0
28,1079,0.000296558
28,1080,0
28,1081,0
28,1082,0
28,1083,0
28,1084,0
28,1085,0
28,1086,0
28,1087,0.000571134
28,1088,0
28,1089,0
28,1090,0
28,1091,0
28,1092,0.000691806
28,1093,0
28,1094,0
28,1095,2.16006e-05
28,1096,0
28,1097,0
28,1098,0
28,1099,0
28,1100,0.000225427
28,1101,0
28,1102,0
28,1103,0
28,1104,0
28,1105,0.000153484
28,1106,0
28,1107,0
28,1108,0.00027663
28,1109,0
28,1110,0
28,1111,0
28,1112,0
28,1113,0.00020094
28,1114,0
28,1115,0
28,1116,0
28,1117,0
28,1118,0
28,1119,0
28,1120,0
28,1121,0.000742002
28,1122,0
28,1123,0
28,1124,0
28,1125,0
28,1126,0.000443732
28,1127,0
28,1128,0
28,1129,7.4839e-05
28,1130,0
28,1131,0
28,1132,0
28,1133,0
28,1134,0.000272306
28,1135,0
28,1136,0
28,1137,0
28,1138,0
28,1139,3.51792e-05
28,1140,0
28,1141,0
28,1142,0.000424127
28,1143,0
28,1144,0
28,1145,0
28,1146,0
28,1147,0.00079433
28,1148,0
28,1149,0
28,1150,0
28,1151,0
28,1152,0
28,1153,0
28,1154,0
28,1155,0.000106672
28,1156,0
28,1157,0
28,1158,0
28,1159,0
28,1160,0.000234642
28,1161,0
28,1162,0
28,1163,0.000162973
28,1164,0
28,1165,0
28,1166,0
28,1167,0
28,1168,0.00022124
28,1169,0
28,1170,0
28,1171,0
28,1172,0
28,1173,0
28,1174,0
28,1175,0
28,1176,0.000580066
28,1177,0
28,1178,0
28,1179,0
28,1180,0
28,1181,0.000558857
28,1182,0
28,1183,0
28,1184,2.12582e-05
28,1185,0
28,1186,0
28,1187,0
28,1188,0
28,1189,0.000189455
28,1190,0
28,1191,0
28,1192,0
28,1193,0
28,1194,6.72181e-05
28,1195,0
28,1196,0
28,1197,0.000273353
28,1198,0
28,1199,0
28,1200,0
28,1201,0
28,1202,7.20411e-05
28,1203,0
28,1204,0
28,1205,0
28,1206,0
28,1207,0
28,1208,0
28,1209,0
28,1210,0.000730595
28,1211,0
28,1212,0
28,1213,0
28,1214,0
28,1215,0.000323852
28,1216,0
28,1217,0
28,1218,7.16498e-05
28,1219,0
28,1220,0
28,1221,0
28,1222,0
28,1223,0.00018159
28,1224,0
28,1225,0
28,1226,0
28,1227,0
28,1228,0
28,1229,0
28,1230,0
28,1231,0.000407114
28,1232,0
28,1233,0
28,1234,0
28,1235,0
28,1236,0.00063844
28,1237,0
28,1238,0
28,1239,0
28,1240,0
28,1241,0
28,1242,0
28,1243,0
28,1244,5.5733e-05
28,1245,0
28,1246,0
28,1247,0
28,1248,0
28,1249,0.000144738
28,1250,0
28,1251,0
28,1252,0.000151498
28,1253,0
28,1254,0
28,1255,0
28,1256,0
28,1257,7.83706e-05
28,1258,0
28,1259,0
28,1260,0
28,1261,0
28,1262,0
28,1263,0
28,1264,0
28,1265,0.000547049
28,1266,0
28,1267,0
28,1268,0
28,1269,0
28,1270,0.000395884
28,1271,0
28,1272,0
28,1273,1.82255e-05
28,1274,0
28,1275,0
28,1276,0
28,1277,0
28,1278,8.58154e-05
28,1279,0
28,1280,0
28,1281,0
28,1282,0
28,1283,3.16574e-05
28,1284,0
28,1285,0
28,1286,0.000252457
28,1287,0
28,1288,0
28,1289,0
28,1290,0
28,1291,0.000676779
28,1292,0
28,1293,0
28,1294,0
28,1295,0
28,1296,0
28,1297,0
28,1298,0
28,1299,0.000659053
28,1300,0
28,1301,0
28,1302,0
28,1303,0
28,1304,0.000199502
28,1305,0
28,1306,0
28,1307,5.7132e-05
28,1308,0
28,1309,0
28,1310,0
28,1311,0
28,1312,0.000806725
28,1313,0
28,1314,0
28,1315,0
28,1316,0
28,1317,0
28,1318,0
28,1319,0
28,1320,0.000362152
28,1321,0
28,1322,0
28,1323,0
28,1324,0
28,1325,0.00045551
28,1326,0
28,1327,0
28,1328,0
28,1329,0
28,1330,0
28,1331,0
28,1332,0
28,1333,0.000720391
28,1334,0
28,1335,0
28,1336,0
28,1337,0
28,1338,5.70733e-05
28,1339,0
28,1340,0
28,1341,0.00012615
28,1342,0
28,1343,0
28,1344,0
28,1345,0
28,1346,0.000666478
28,1347,0
28,1348,0
28,1349,0
28,1350,0
28,1351,0
28,1352,0
28,1353,0
28,1354,0.000471926
28,1355,0
28,1356,0
28,1357,0
28,1358,0
28,1359,0.000251694
28,1360,0
28,1361,0
28,1362,1.21797e-05
28,1363,0
28,1364,0
28,1365,0
28,1366,0
28,1367,0.000703399
28,1368,0
28,1369,0
28,1370,0
28,1371,0
28,1372,0
28,1373,0
28,1374,0
28,1375,0.000202241
28,1376,0
28,1377,0
28,1378,0
28,1379,0
28,1380,0.000474421
28,1381,0
28,1382,0
28,1383,0
28,1384,0
28,1385,0
28,1386,0
28,1387,0
28,1388,0.000544525
28,1389,2.36746e-06
28,1390,0
28,1391,0
28,1392,0
28,1393,9.7594e-05
28,1394,0
28,1395,0
28,1396,4.00217e-05
28,1397,0
28,1398,0
28,1399,0
28,1400,0
28,1401,0.000607507
28,1402,0
28,1403,0
28,1404,0
28,1405,0
28,1406,0
28,1407,0
28,1408,0
28,1409,0.000283322
28,1410,1.43808e-06
28,1411,0
28,1412,0
28,1413,0
28,1414,0.000277834
28,1415,0
28,1416,0
28,1417,0
28,1418,0
28,1419,0
28,1420,0
28,1421,0
28,1422,0.000558103
28,1423,0
28,1424,0
28,1425,0
28,1426,0
28,1427,1.76287e-05
28,1428,0
28,1429,0
28,1430,8.75861e-05
28,1431,0
28,1432,0
28,1433,0
28,1434,0
28,1435,0.000454659
28,1436,0
28,1437,0
28,1438,0
28,1439,0
28,1440,0
28,1441,0
28,1442,0
28,1443,0.000352213
28,1444,9.8807e-06
28,1445,0
28,1446,0
28,1447,0
28,1448,0.000127217
28,1449,0
28,1450,0
28,1451,6.16321e-07
28,1452,0
28,1453,0
28,1454,0
28,1455,0
28,1456,0.000503192
28,1457,0
28,1458,0
28,1459,0
28,1460,0
28,1461,0
28,1462,0
28,1463,0
28,1464,0.000144209
28,1465,1.07612e-07
28,1466,0
28,1467,0
28,1468,0
28,1469,0.00028295
28,1470,0
28,1471,0
28,1472,0
28,1473,0
28,1474,0
28,1475,0
28,1476,0
28,1477,0.000387558
28,1478,1.1221e-05
28,1479,0
28,1480,0
28,1481,0
28,1482,3.16769e-05
28,1483,0
28,1484,0
28,1485,2.21973e-05
28,1486,0
28,1487,0
28,1488,0
28,1489,0
28,1490,0.000392704
28,1491,0
28,1492,0
28,1493,0
28,1494,0
28,1495,0
28,1496,0
28,1497,0
28,1498,0.000198915
28,1499,1.53787e-05
28,1500,0
28,1501,0
28,1502,0
28,1503,0.000139876
28,1504,0
28,1505,0
28,1506,0
28,1507,0
28,1508,0
28,1509,0
28,1510,0
28,1511,0.000369597
28,1512,1.41265e-05
28,1513,0
28,1514,0
28,1515,0
28,1516,0
28,1517,0
28,1518,0
28,1519,4.62632e-05
28,1520,0
28,1521,0
28,1522,0
28,1523,0
28,1524,0.000256429
28,1525,0
28,1526,0
28,1527,0
28,1528,0
28,1529,0
28,1530,0
28,1531,0
28,1532,0.000231541
28,1533,3.53944e-05
28,1534,0
28,1535,0
28,1536,0
28,1537,4.25555e-05
28,1538,0
28,1539,0
28,1540,0
28,1541,0
28,1542,0
28,1543,0
28,1544,0
28,1545,0.000303103
28,1546,1.29134e-05
28,1547,0
28,1548,0
28,1549,0
28,1550,0
28,1551,0
28,1552,0
28,1553,7.35477e-05
28,1554,1.28156e-05
28,1555,0
28,1556,0
28,1557,0
28,1558,0.000137185
28,1559,0
28,1560,0
28,1561,0
28,1562,0
28,1563,0
28,1564,0
28,1565,0
28,1566,0.000234241
28,1567,3.85445e-05
28,1568,0
28,1569,0
28,1570,0
28,1571,0
28,1572,0
28,1573,0
28,1574,4.36316e-06
28,1575,0
28,1576,0
28,1577,0
28,1578,0
28,1579,0.000208815
28,1580,8.44262e-06
28,1581,0
28,1582,0
28,1583,0
28,1584,0
28,1585,0
28,1586,0
28,1587,0.000102016
28,1588,4.20468e-05
28,1589,0
28,1590,0
28,1591,0
28,1592,4.72513e-05
28,1593,0
28,1594,0
28,1595,0
28,1596,0
28,1597,0
28,1598,0
28,1599,0
28,1600,0.000200167
28,1601,2.86247e-05
28,1602,0
28,1603,0
28,1604,0
28,1605,0
28,1606,0
28,1607,0
28,1608,2.10136e-05
28,1609,8.82415e-06
28,1610,0
28,1611,0
28,1612,0
28,1613,0.000114107
28,1614,6.97519e-06
28,1615,0
28,1616,0
28,1617,0
28,1618,0
28,1619,0
28,1620,0
28,1621,0.000114068
28,1622,5.84918e-05
28,1623,0
28,1624,0
28,1625,0
28,1626,3.01313e-06
28,1627,0
28,1628,0
28,1629,0
28,1630,0
28,1631,0
28,1632,0
28,1633,0
28,1634,0.000142908
28,1635,2.73823e-05
28,1636,0
28,1637,0
28,1638,0
28,1639,0
28,1640,0
28,1641,0
28,1642,3.19998e-05
28,1643,3.57858e-05
28,1644,0
28,1645,0
28,1646,0
28,1647,4.25164e-05
28,1648,4.92079e-06
28,1649,0
28,1650,0
28,1651,0
28,1652,0
28,1653,0
28,1654,0
28,1655,0.000105
28,1656,7.22074e-05
28,1657,0
28,1658,0
28,1659,0
28,1660,0
28,1661,0
28,1662,0
28,1663,0
28,1664,0
28,1665,0
28,1666,0
28,1667,0
28,1668,7.89674e-05
28,1669,2.47996e-05
28,1670,0
28,1671,0
28,1672,0
28,1673,0
28,1674,0
28,1675,0
28,1676,3.93369e-05
28,1677,6.56333e-05
28,1678,0
28,1679,0
28,1680,0
28,1681,4.06968e-06
28,1682,4.57839e-06
28,1683,0
28,1684,0
28,1685,0
28,1686,0
28,1687,0
28,1688,0
28,1689,7.70695e-05
28,1690,6.98302e-05
28,1691,0
28,1692,0
28,1693,0
28,1694,0
28,1695,0
28,1696,0
28,1697,0
28,1698,1.96538e-05
28,1699,0
28,1700,0
28,1701,0
28,1702,3.17748e-05
28,1703,2.17767e-05
28,1704,0
28,1705,0
28,1706,0
28,1707,0
28,1708,0
28,1709,0
28,1710,3.93369e-05
28,1711,8.93666e-05
28,1712,0
28,1713,0
28,1714,0
28,1715,0
28,1716,5.50776e-06
28,1717,0
28,1718,0
28,1719,0
28,1720,0
28,1721,0
28,1722,0
28,1723,4.34653e-05
28,1724,6.01256e-05
28,1725,0
28,1726,0
28,1727,0
28,1728,0
28,1729,0
28,1730,0
28,1731,1.68265e-06
28,1732,6.20723e-05
28,1733,0
28,1734,0
28,1735,0
28,1736,1.40873e-06
28,1737,2.06321e-05
28,1738,0
28,1739,0
28,1740,0
28,1741,0
28,1742,0
28,1743,3.61966e-07
28,1744,3.08845e-05
28,1745,9.28786e-05
28,1746,0
28,1747,0
28,1748,0
28,1749,0
28,1750,3.6001e-06
28,1751,0
28,1752,0
28,1753,1.08296e-05
28,1754,0
28,1755,0
28,1756,0
28,1757,1.757e-05
28,1758,5.767e-05
28,1759,0
28,1760,0
28,1761,0
28,1762,0
28,1763,0
28,1764,2.12288e-06
28,1765,5.06753e-06
28,1766,8.96992e-05
28,1767,0
28,1768,0
28,1769,0
28,1770,0
28,1771,1.99571e-05
28,1772,0
28,1773,0
28,1774,0
28,1775,0
28,1776,0
28,1777,1.55548e-06
28,1778,1.83918e-05
28,1779,9.54417e-05
28,1780,0
28,1781,0
28,1782,0
28,1783,0
28,1784,2.0544e-07
28,1785,0
28,1786,0
28,1787,4.06283e-05
28,1788,0
28,1789,0
28,1790,0
28,1791,0
28,1792,5.39232e-05
28,1793,0
28,1794,0
28,1795,0
28,1796,0
28,1797,0
28,1798,7.13172e-06
28,1799,2.73921e-06
28,1800,0.000109881
28,1801,0
28,1802,0
28,1803,0
28,1804,0
28,1805,1.91647e-05
28,1806,0
28,1807,0
28,1808,0
28,1809,0
28,1810,0
28,1811,0
28,1812,2.97399e-06
28,1813,9.08536e-05
28,1814,0
28,1815,0
28,1816,0
28,1817,0
28,1818,0
28,1819,6.10451e-06
28,1820,0
28,1821,7.48683e-05
28,1822,0
28,1823,0
28,1824,0
28,1825,0
28,1826,5.11351e-05
28,1827,0
28,1828,0
28,1829,0
28,1830,0
28,1831,0
28,1832,9.17634e-06
28,1833,0
28,1834,0.000116514
28,1835,0
28,1836,0
28,1837,0
28,1838,0
28,1839,1.32656e-05
28,1840,0
28,1841,0
28,1842,1.84896e-05
28,1843,0
28,1844,0
28,1845,0
28,1846,0
28,1847,8.59034e-05
28,1848,0
28,1849,0
28,1850,0
28,1851,0
28,1852,0
28,1853,1.46058e-05
28,1854,0
28,1855,0.000105547
28,1856,0
28,1857,3.42401e-07
28,1858,0
28,1859,0
28,1860,4.71926e-05
28,1861,0
28,1862,0
28,1863,0
28,1864,0
28,1865,0
28,1866,9.52852e-06
28,1867,0
28,1868,0.000116798
28,1869,0
28,1870,0
28,1871,0
28,1872,0
28,1873,9.90027e-06
28,1874,7.7676e-06
28,1875,0
28,1876,5.67015e-05
28,1877,0
28,1878,6.97519e-06
28,1879,0
28,1880,0
28,1881,8.2137e-05
28,1882,0
28,1883,0
28,1884,0
28,1885,0
28,1886,0
28,1887,2.56116e-05
28,1888,0
28,1889,0.000120486
28,1890,0
28,1891,0
28,1892,0
28,1893,0
28,1894,3.965e-05
28,1895,0
28,1896,0
28,1897,9.49917e-06
28,1898,0
28,1899,9.85136e-06
28,1900,7.78717e-06
28,1901,0
28,1902,0.000118011
28,1903,0
28,1904,0
28,1905,0
28,1906,0
28,1907,7.57195e-06
28,1908,2.47311e-05
28,1909,0
28,1910,8.50328e-05
28,1911,0
28,1912,7.51325e-06
28,1913,0
28,1914,0
28,1915,7.42814e-05
28,1916,0
28,1917,0
28,1918,0
28,1919,0
28,1920,8.69698e-06
28,1921,2.91236e-05
28,1922,0
28,1923,0.000131805
28,1924,0
28,1925,0
28,1926,0
28,1927,0
28,1928,2.95541e-05
28,1929,7.75782e-06
28,1930,0
28,1931,3.19509e-05
28,1932,0
28,1933,1.67385e-05
28,1934,3.17943e-06
28,1935,0
28,1936,0.000114039
28,1937,0
28,1938,0
28,1939,0
28,1940,0
28,1941,1.14557e-05
28,1942,3.81336e-05
28,1943,0
28,1944,0.000112278
28,1945,0
28,1946,5.85994e-06
28,1947,0
28,1948,0
28,1949,6.60735e-05
28,1950,0
28,1951,0
28,1952,0
28,1953,0
28,1954,1.79516e-05
28,1955,2.52496e-05
28,1956,0
28,1957,0.000135552
28,1958,0
28,1959,0
28,1960,0
28,1961,0
28,1962,2.52203e-05
28,1963,2.67953e-05
28,1964,0
28,1965,6.31582e-05
28,1966,0
28,1967,2.52496e-05
28,1968,0
28,1969,0
28,1970,0.000106604
28,1971,0
28,1972,0
28,1973,0
28,1974,0
28,1975,1.76581e-05
28,1976,4.64491e-05
28,1977,0
28,1978,0.000127265
28,1979,0
28,1980,1.18373e-06
28,1981,0
28,1982,0
28,1983,5.62026e-05
28,1984,6.06538e-06
28,1985,0
28,1986,1.41265e-05
28,1987,0
28,1988,3.25378e-05
28,1989,1.6083e-05
28,1990,0
28,1991,0.000135571
28,1992,0
28,1993,0
28,1994,0
28,1995,0
28,1996,2.56116e-05
28,1997,4.75937e-05
28,1998,0
28,1999,9.32112e-05
28,2000,0
28,2001,2.29995e-05
28,2002,0
28,2003,0
28,2004,9.87777e-05
28,2005,0
28,2006,0
28,2007,0
28,2008,0
28,2009,2.99356e-05
28,2010,4.82002e-05
28,2011,0
28,2012,0.000137704
28,2013,0
28,2014,0
28,2015,0
28,2016,0
28,2017,5.04209e-05
28,2018,2.50442e-05
28,2019,0
28,2020,4.26044e-05
28,2021,0
28,2022,4.51871e-05
28,2023,9.17634e-06
28,2024,0
28,2025,0.000133605
28,2026,0
28,2027,0
28,2028,0
28,2029,0
28,2030,3.3115e-05
28,2031,6.49094e-05
28,2032,0
28,2033,0.000113384
28,2034,0
28,2035,1.04579e-05
28,2036,0
28,2037,0
28,2038,8.4886e-05
28,2039,2.86638e-06
28,2040,0
28,2041,5.2534e-06
28,2042,0
28,2043,5.28862e-05
28,2044,4.11761e-05
28,2045,0
28,2046,0.000146254
28,2047,8.5698e-06
28,2048,0
28,2049,0
28,2050,0
28,2051,4.7085e-05
28,2052,4.92861e-05
28,2053,0
28,2054,6.58681e-05
28,2055,0
28,2056,4.0237e-05
28,2057,1.21308e-06
28,2058,0
28,2059,0.000121034
28,2060,0
28,2061,0
28,2062,0
28,2063,0
28,2064,5.07731e-05
28,2065,6.82649e-05
28,2066,0
28,2067,0.0001302
28,2068,0
28,2069,4.29468e-06
28,2070,0
28,2071,0
28,2072,7.18161e-05
28,2073,1.68852e-05
28,2074,0
28,2075,1.95462e-05
28,2076,0
28,2077,5.99103e-05
28,2078,2.60518e-05
28,2079,0
28,2080,0.000144953
28,2081,7.30879e-05
28,2082,0
28,2083,0
28,2084,0
28,2085,5.43732e-05
28,2086,6.8803e-05
28,2087,0
28,2088,9.1059e-05
28,2089,0
28,2090,2.93682e-05
28,2091,0
28,2092,0
28,2093,0.000101077
28,2094,0
28,2095,0
28,2096,0
28,2097,0
28,2098,5.77777e-05
28,2099,5.82081e-05
28,2100,0
28,2101,0.000138506
28,2102,6.66018e-05
28,2103,0
28,2104,0
28,2105,0
28,2106,6.14071e-05
28,2107,4.14598e-05
28,2108,0
28,2109,4.55491e-05
28,2110,0
28,2111,5.6682e-05
28,2112,1.17981e-05
28,2113,0
28,2114,0.00013021
28,2115,9.19003e-05
28,2116,0
28,2117,0
28,2118,0
28,2119,5.61439e-05
28,2120,7.88108e-05
28,2121,0
28,2122,0.000112728
28,2123,0
28,2124,8.98068e-06
28,2125,0
28,2126,0
28,2127,8.30957e-05
28,2128,1.11916e-05
28,2129,0
28,2130,8.26653e-06
28,2131,0
28,2132,6.46648e-05
28,2133,4.21348e-05
28,2134,0
28,2135,0.000135591
28,2136,5.05579e-05
28,2137,0
28,2138,0
28,2139,0
28,2140,6.08886e-05
28,2141,6.50463e-05
28,2142,0
28,2143,6.81964e-05
28,2144,0
28,2145,4.06381e-05
28,2146,5.66428e-06
28,2147,0
28,2148,0.000108864
28,2149,4.21642e-05
28,2150,0
28,2151,0
28,2152,0
28,2153,5.90103e-05
28,2154,6.72964e-05
28,2155,0
28,2156,0.000112787
28,2157,6.19158e-05
28,2158,5.12623e-06
28,2159,0
28,2160,0
28,2161,7.2315e-05
28,2162,3.25574e-05
28,2163,0
28,2164,1.90081e-05
28,2165,0
28,2166,6.84312e-05
28,2167,3.01019e-05
28,2168,0
28,2169,0.000129701
28,2170,0.000699613
28,2171,0
28,2172,0
28,2173,0
28,2174,6.2268e-05
28,2175,7.23248e-05
28,2176,0
28,2177,8.51208e-05
28,2178,0
28,2179,2.56605e-05
28,2180,0
28,2181,0
28,2182,8.25577e-05
28,2183,7.29802e-06
28,2184,0
28,2185,0
28,2186,0
28,2187,6.263e-05
28,2188,4.776e-05
28,2189,0
28,2190,0.000109539
28,2191,0.000645738
28,2192,0
28,2193,0
28,2194,0
28,2195,5.87755e-05
28,2196,4.20761e-05
28,2197,0
28,2198,4.01294e-05
28,2199,0
28,2200,5.13112e-05
28,2201,1.00177e-05
28,2202,0
28,2203,0.000103376
28,2204,0
28,2205,0
28,2206,0
28,2207,0
28,2208,6.12017e-05
28,2209,6.52811e-05
28,2210,0
28,2211,8.61089e-05
28,2212,3.51499e-05
28,2213,7.03389e-06
28,2214,0
28,2215,0
28,2216,6.42735e-05
28,2217,1.95364e-05
28,2218,0
28,2219,9.91005e-06
28,2220,0
28,2221,5.95092e-05
28,2222,3.06204e-05
28,2223,0
28,2224,0.0001032
28,2225,0.000332569
28,2226,0
28,2227,0
28,2228,0
28,2229,5.587e-05
28,2230,5.68874e-05
28,2231,0
28,2232,5.34047e-05
28,2233,0.000764395
29,0,0
29,1,0
29,2,0
29,3,0
29,4,0
29,5,0
29,6,0
29,7,0
29,8,0
29,9,0
29,10,0
29,11,0
29,12,0
29,13,0
29,14,0
29,15,0
29,16,0
29,17,0
29,18,0
29,19,0
29,20,0
29,21,0
29,22,0
29,23,0
29,24,0
29,25,0
29,26,0
29,27,0
29,28,0
29,29,0
29,30,0
29,31,0
29,32,0
29,33,0
29,34,0
29,35,0
29,36,0
29,37,0
29,38,0
29,39,0
29,40,0
29,41,0
29,42,0
29,43,0
29,44,0
29,45,0
29,46,0
29,47,0
29,48,0
29,49,0
29,50,0
29,51,0
29,52,0
29,53,0
29,54,0
29,55,0
29,56,0
29,57,0
29,58,0
29,59,0
29,60,0
29,61,0
29,62,0
29,63,0
29,64,0
29,65,0
29,66,0
29,67,0
29,68,0
29,69,0
29,70,0
29,71,0
29,72,0
29,73,0
29,74,0
29,75,0
29,76,0
29,77,0
29,78,0
29,79,0
29,80,0
29,81,0
29,82,0
29,83,0
29,84,0
29,85,0
29,86,0
29,87,0
29,88,0
29,89,0
29,90,0
29,91,0
29,92,0
29,93,0
29,94,0
29,95,0
29,96,0
29,97,0
29,98,0
29,99,0
29,100,0
29,101,0
29,102,0
29,103,0
29,104,0
29,105,0
29,106,0
29,107,0
29,108,0
29,109,0
29,110,0
29,111,0
29,112,0
29,113,0
29,114,0
29,115,0
29,116,0
29,117,0
29,118,0
29,119,0
29,120,0
29,121,0
29,122,0
29,123,0
29,124,0
29,125,0
29,126,0
29,127,0
29,128,0
29,129,0
29,130,0
29,131,0
29,132,0
29,133,0
29,134,0
29,135,0
29,136,0
29,137,0
29,138,0
29,139,0
29,140,0
29,141,0
29,142,0
29,143,0
29,144,0
29,145,0
29,146,0
29,147,0
29,148,0
29,149,0
29,150,0
29,151,0
29,152,0
29,153,0
29,154,0
29,155,0
29,156,0
29,157,0
29,158,0
29,159,0
29,160,0
29,161,0
29,162,0
29,163,0
29,164,0
29,165,0
29,166,0
29,167,0
29,168,0
29,169,0
29,170,0
29,171,0
29,172,0
29,173,0
29,174,0
29,175,0
29,176,0
29,177,0
29,178,0
29,179,0
29,180,0
29,181,0
29,182,0
29,183,0
29,184,0
29,185,0
29,186,0
29,187,0
29,188,0
29,189,0
29,190,0
29,191,0
29,192,0
29,193,0
29,194,0
29,195,0
29,196,0
29,197,0
29,198,0
29,199,0
29,200,0
29,201,0
29,202,0
29,203,0
29,204,0
29,205,0
29,206,0
29,207,0
29,208,0
29,209,0
29,210,0
29,211,0
29,212,0
29,213,0
29,214,0
29,215,0
29,216,0
29,217,0
29,218,0
29,219,0
29,220,0
29,221,0
29,222,0
29,223,0
29,224,0
29,225,0
29,226,0
29,227,0
29,228,0
29,229,0
29,230,0
29,231,0
29,232,0
29,233,0
29,234,0
29,235,0
29,236,0
29,237,0
29,238,0
29,239,0
29,240,0
29,241,0
29,242,0
29,243,0
29,244,0
29,245,0
29,246,0
29,247,0
29,248,0
29,249,0
29,250,0
29,251,0
29,252,0
29,253,0
29,254,0
29,255,0
29,256,0
29,257,0
29,258,0
29,259,0
29,260,0
29,261,0
29,262,0
29,263,0
29,264,0
29,265,0
29,266,0
29,267,0
29,268,0
29,269,0
29,270,0
29,271,0
29,272,0
29,273,0
29,274,0
29,275,0
29,276,0
29,277,0
29,278,0
29,279,0
29,280,0
29,281,0
29,282,0
29,283,0
29,284,0
29,285,0
29,286,0
29,287,0
29,288,0
29,289,0
29,290,0
29,291,0
29,292,0
29,293,0
29,294,0
29,295,0
29,296,0
29,297,0
29,298,0
29,299,0
29,300,0
29,301,0
29,302,0
29,303,0
29,304,0
29,305,0
29,306,0
29,307,0
29,308,0
29,309,0
29,310,0
29,311,0
29,312,0
29,313,0
29,314,0
29,315,0
29,316,0
29,317,0
29,318,0
29,319,0
29,320,0
29,321,0
29,322,0
29,323,0
29,324,0
29,325,0
29,326,0
29,327,0
29,328,0
29,329,0
29,330,0
29,331,0
29,332,0
29,333,0
29,334,0
29,335,0
29,336,0
29,337,0
29,338,0
29,339,0
29,340,0
29,341,0
29,342,0
29,343,0
29,344,0
29,345,0
29,346,0
29,347,0
29,348,0
29,349,0
29,350,0
29,351,0
29,352,0
29,353,0
29,354,0
29,355,0
29,356,0
29,357,0
29,358,0
29,359,0
29,360,0
29,361,0
29,362,0
29,363,0
29,364,0
29,365,0
29,366,0
29,367,0
29,368,0
29,369,0
29,370,0
29,371,0
29,372,0
29,373,0
29,374,0
29,375,0
29,376,0
29,377,0
29,378,0
29,379,0
29,380,0
29,381,0
29,382,0
29,383,0
29,384,0
29,385,0
29,386,0
29,387,0
29,388,0
29,389,0
29,390,0
29,391,0
29,392,0
29,393,0
29,394,0
29,395,0
29,396,0
29,397,0
29,398,0
29,399,0
29,400,0
29,401,0
29,402,0
29,403,0
29,404,0
29,405,0
29,406,0
29,407,0
29,408,0
29,409,0
29,410,0
29,411,0
29,412,0
29,413,0
29,414,0
29,415,0
29,416,0
29,417,0
29,418,0
29,419,0
29,420,0
29,421,0
29,422,0
29,423,0
29,424,0
29,425,0
29,426,0
29,427,0
29,428,0
29,429,0
29,430,0
29,431,0
29,432,0
29,433,0
29,434,0
29,435,0
29,436,0
29,437,0
29,438,0
29,439,0
29,440,0
29,441,0
29,442,0
29,443,0
29,444,0
29,445,0
29,446,0
29,447,0
29,448,0
29,449,0
29,450,0
29,451,0
29,452,0
29,453,0
29,454,0
29,455,0
29,456,0
29,457,0
29,458,0
29,459,0
29,460,0
29,461,0
29,462,0
29,463,0
29,464,0
29,465,0
29,466,0
29,467,0
29,468,0
29,469,0
29,470,0
29,471,0
29,472,0
29,473,0
29,474,0
29,475,0
29,476,0
29,477,0
29,478,0
29,479,0
29,480,0
29,481,0
29,482,0
29,483,0
29,484,0
29,485,0
29,486,0
29,487,0
29,488,0
29,489,0
29,490,0
29,491,0
29,492,0
29,493,0
29,494,0
29,495,0
29,496,0
29,497,0
29,498,0
29,499,0
29,500,0
29,501,0
29,502,0
29,503,0
29,504,0
29,505,0
29,506,0
29,507,0
29,508,0
29,509,0
29,510,0
29,511,0
29,512,0
29,513,0
29,514,0
29,515,0
29,516,0
29,517,0
29,518,0
29,519,0
29,520,0
29,521,0
29,522,0
29,523,0
29,524,0
29,525,0
29,526,0
29,527,0
29,528,0
29,529,0
29,530,0
29,531,0
29,532,0
29,533,0
29,534,0
29,535,0
29,536,0
29,537,0
29,538,0
29,539,0
29,540,0
29,541,0
29,542,0
29,543,0
29,544,0
29,545,0
29,546,0
29,547,0
29,548,0
29,549,0
29,550,0
29,551,0
29,552,0
29,553,0
29,554,0
29,555,0
29,556,0
29,557,0
29,558,0
29,559,0
29,560,0
29,561,0
29,562,0
29,563,0
29,564,0
29,565,0
29,566,0
29,567,0
29,568,0
29,569,0
29,570,0
29,571,0
29,572,0
29,573,0
29,574,0
29,575,0
29,576,0
29,577,0
29,578,0
29,579,0
29,580,0
29,581,0
29,582,0
29,583,0
29,584,0
29,585,0
29,586,0
29,587,0
29,588,0
29,589,0
29,590,0
29,591,0
29,592,0
29,593,0
29,594,0
29,595,0
29,596,0
29,597,0
29,598,0
29,599,0
29,600,0
29,601,0
29,602,0
29,603,0
29,604,0
29,605,0
29,606,0
29,607,0
29,608,0
29,609,0
29,610,0
29,611,0
29,612,0
29,613,0
29,614,0
29,615,0
29,616,0
29,617,0
29,618,0
29,619,0
29,620,0
29,621,0
29,622,0
29,623,0
29,624,0
29,625,0
29,626,0
29,627,0
29,628,0
29,629,0
29,630,0
29,631,0
29,632,0
29,633,0
29,634,0
29,635,0
29,636,0
29,637,0
29,638,0
29,639,0
29,640,0
29,641,0
29,642,0
29,643,0
29,644,0
29,645,0
29,646,0
29,647,0
29,648,0
29,649,0
29,650,0
29,651,0
29,652,0
29,653,0
29,654,0
29,655,0
29,656,0
29,657,0
29,658,0
29,659,0
29,660,0
29,661,0
29,662,0
29,663,0
29,664,0
29,665,0
29,666,0
29,667,0
29,668,0
29,669,0
29,670,0
29,671,0
29,672,0
29,673,0
29,674,0
29,675,0
29,676,0
29,677,0
29,678,0
29,679,0
29,680,0
29,681,0
29,682,0
29,683,0
29,684,0
29,685,0
29,686,0
29,687,0
29,688,0
29,689,0
29,690,0
29,691,0
29,692,0
29,693,0
29,694,0
29,695,0
29,696,0
29,697,0
29,698,0
29,699,0
29,700,0
29,701,0
29,702,0
29,703,0
29,704,0
29,705,0
29,706,0
29,707,0
29,708,0
29,709,0
29,710,0
29,711,0
29,712,0
29,713,0
29,714,0
29,715,0
29,716,0
29,717,0
29,718,0
29,719,0
29,720,0
29,721,0
29,722,0
29,723,0
29,724,0
29,725,0
29,726,0
29,727,0
29,728,0
29,729,0
29,730,0
29,731,0
29,732,0
29,733,0
29,734,0
29,735,0
29,736,0
29,737,0
29,738,0
29,739,0
29,740,0
29,741,0
29,742,0
29,743,0
29,744,0
29,745,0
29,746,0
29,747,0
29,748,0
29,749,0
29,750,0
29,751,0
29,752,0
29,753,0
29,754,0
29,755,0
29,756,0
29,757,0
29,758,0
29,759,0
29,760,0
29,761,0
29,762,0
29,763,0
29,764,0
29,765,0
29,766,0
29,767,0
29,768,0
29,769,0
29,770,0
29,771,0
29,772,0
29,773,0
29,774,0
29,775,0
29,776,0
29,777,0
29,778,0
29,779,0
29,780,0
29,781,0
29,782,0
29,783,0
29,784,0
29,785,0
29,786,0
29,787,0
29,788,0
29,789,0
29,790,0
29,791,0
29,792,0
29,793,0
29,794,0
29,795,0
29,796,0
29,797,0
29,798,0
29,799,0
29,800,0
29,801,0
29,802,0
29,803,0
29,804,0
29,805,0
29,806,0
29,807,0
29,808,0
29,809,0
29,810,0
29,811,0
29,812,0
29,813,0
29,814,0
29,815,0
29,816,0
29,817,0
29,818,0
29,819,0
29,820,0
29,821,0
29,822,0
29,823,0
29,824,0
29,825,0
29,826,0
29,827,0
29,828,0
29,829,0
29,830,0
29,831,0
29,832,0
29,833,0
29,834,0
29,835,0
29,836,0
29,837,0
29,838,0
29,839,0
29,840,0
29,841,0
29,842,0
29,843,0
29,844,0
29,845,0
29,846,0
29,847,0
29,848,0
29,849,0
29,850,0
29,851,0
29,852,0
29,853,0
29,854,0
29,855,0
29,856,0
29,857,0
29,858,0
29,859,0
29,860,0
29,861,0
29,862,0
29,863,0
29,864,0
29,865,0
29,866,0
29,867,0
29,868,0
29,869,0
29,870,0
29,871,0
29,872,0
29,873,0
29,874,0
29,875,0
29,876,0
29,877,0
29,878,0
29,879,0
29,880,0
29,881,0
29,882,0
29,883,0
29,884,0
29,885,0
29,886,0
29,887,0
29,888,0
29,889,0
29,890,0
29,891,0
29,892,0
29,893,0
29,894,0
29,895,0
29,896,0
29,897,0
29,898,0
29,899,0
29,900,0
29,901,0
29,902,0
29,903,0
29,904,0
29,905,0
29,906,0
29,907,0
29,908,0
29,909,0
29,910,0
29,911,0
29,912,0
29,913,0
29,914,0
29,915,0
29,916,0
29,917,0
29,918,0
29,919,0
29,920,0
29,921,0
29,922,0
29,923,0
29,924,0
29,925,0
29,926,0
29,927,0
29,928,0
29,929,0
29,930,0
29,931,0
29,932,0
29,933,0
29,934,0
29,935,0
29,936,0
29,937,0
29,938,0
29,939,0
29,940,0
29,941,0
29,942,0
29,943,0
29,944,0
29,945,0
29,946,0
29,947,0
29,948,0
29,949,0
29,950,0
29,951,0
29,952,0
29,953,0
29,954,0
29,955,0
29,956,0
29,957,0
29,958,0
29,959,0
29,960,0
29,961,0
29,962,0
29,963,0
29,964,0
29,965,0
29,966,0
29,967,0
29,968,0
29,969,0
29,970,0
29,971,0
29,972,0
29,973,0
29,974,0
29,975,0
29,976,0
29,977,0
29,978,0
29,979,0
29,980,0
29,981,0
29,982,0
29,983,0
29,984,0
29,985,0
29,986,0
29,987,0
29,988,0
29,989,0
29,990,0
29,991,0
29,992,0
29,993,0
29,994,0
29,995,0
29,996,0
29,997,0
29,998,0
29,999,0
29,1000,0
29,1001,0
29,1002,0
29,1003,0
29,1004,0
29,1005,0
29,1006,0
29,1007,0
29,1008,0
29,1009,0
29,1010,0
29,1011,0
29,1012,0
29,1013,0
29,1014,0
29,1015,0
29,1016,0
29,1017,0
29,1018,0
29,1019,0
29,1020,0
29,1021,0
29,1022,0
29,1023,0
29,1024,0
29,1025,0
29,1026,0
29,1027,0
29,1028,0
29,1029,0
29,1030,0
29,1031,0
29,1032,0
29,1033,0
29,1034,0
29,1035,0
29,1036,0
29,1037,0
29,1038,0
29,1039,0
29,1040,0
29,1041,0
29,1042,0
29,1043,0
29,1044,0
29,1045,0
29,1046,0
29,1047,0
29,1048,0
29,1049,0
29,1050,0
29,1051,0
29,1052,0
29,1053,0
29,1054,0
29,1055,0
29,1056,0
29,1057,0
29,1058,0
29,1059,0
29,1060,0
29,1061,0
29,1062,0
29,1063,0
29,1064,0
29,1065,0
29,1066,0
29,1067,0
29,1068,0
29,1069,0
29,1070,0
29,1071,0
29,1072,0
29,1073,0
29,1074,0
29,1075,0
29,1076,0
29,1077,0
29,1078,0
29,1079,0
29,1080,0
29,1081,0
29,1082,0
29,1083,0
29,1084,0
29,1085,0
29,1086,0
29,1087,0
29,1088,0
29,1089,0
29,1090,0
29,1091,0
29,1092,0
29,1093,0
29,1094,0
29,1095,0
29,1096,0
29,1097,0
29,1098,0
29,1099,0
29,1100,0
29,1101,0
29,1102,0
29,1103,0
29,1104,0
29,1105,0
29,1106,0
29,1107,0
29,1108,0
29,1109,0
29,1110,0
29,1111,0
29,1112,0
29,1113,0
29,1114,0
29,1115,0
29,1116,0
29,1117,0
29,1118,0
29,1119,0
29,1120,0
29,1121,0
29,1122,0
29,1123,0
29,1124,0
29,1125,0
29,1126,0
29,1127,0
29,1128,0
29,1129,0
29,1130,0
29,1131,0
29,1132,0
29,1133,0
29,1134,0
29,1135,0
29,1136,0
29,1137,0
29,1138,0
29,1139,0
29,1140,0
29,1141,0
29,1142,0
29,1143,0
29,1144,0
29,1145,0
29,1146,0
29,1147,0
29,1148,0
29,1149,0
29,1150,0
29,1151,0
29,1152,0
29,1153,0
29,1154,0
29,1155,0
29,1156,0
29,1157,0
29,1158,0
29,1159,0
29,1160,0
29,1161,0
29,1162,0
29,1163,0
29,1164,0
29,1165,0
29,1166,0
29,1167,0
29,1168,0
29,1169,0
29,1170,0
29,1171,0
29,1172,0
29,1173,0
29,1174,0
29,1175,0
29,1176,0
29,1177,0
29,1178,0
29,1179,0
29,1180,0
29,1181,0
29,1182,0
29,1183,0
29,1184,0
29,1185,0
29,1186,0
29,1187,0
29,1188,0
29,1189,0
29,1190,0
29,1191,0
29,1192,0
29,1193,0
29,1194,0
29,1195,0
29,1196,0
29,1197,0
29,1198,0
29,1199,0
29,1200,0
29,1201,0
29,1202,0
29,1203,0
29,1204,0
29,1205,0
29,1206,0
29,1207,0
29,1208,0
29,1209,0
29,1210,0
29,1211,0
29,1212,0
29,1213,0
29,1214,0
29,1215,0
29,1216,0
29,1217,0
29,1218,0
29,1219,0
29,1220,0
29,1221,0
29,1222,0
29,1223,0
29,1224,0
29,1225,0
29,1226,0
29,1227,0
29,1228,0
29,1229,0
29,1230,0
29,1231,0
29,1232,0
29,1233,0
29,1234,0
29,1235,0
29,1236,0
29,1237,0
29,1238,0
29,1239,0
29,1240,0
29,1241,0
29,1242,0
29,1243,0
29,1244,0
29,1245,0
29,1246,0
29,1247,0
29,1248,0
29,1249,0
29,1250,0
29,1251,0
29,1252,0
29,1253,0
29,1254,0
29,1255,0
29,1256,0
29,1257,0
29,1258,0
29,1259,0
29,1260,0
29,1261,0
29,1262,0
29,1263,0
29,1264,0
29,1265,0
29,1266,0
29,1267,0
29,1268,0
29,1269,0
29,1270,0
29,1271,0
29,1272,0
29,1273,0
29,1274,0
29,1275,0
29,1276,0
29,1277,0
29,1278,0
29,1279,0
29,1280,0
29,1281,0
29,1282,0
29,1283,0
29,1284,0
29,1285,0
29,1286,0
29,1287,0
29,1288,0
29,1289,0
29,1290,0
29,1291,0
29,1292,0
29,1293,0
29,1294,0
29,1295,0
29,1296,0
29,1297,0
29,1298,0
29,1299,0
29,1300,0
29,1301,0
29,1302,0
29,1303,0
29,1304,0
29,1305,0
29,1306,0
29,1307,0
29,1308,0
29,1309,0
29,1310,0
29,1311,0
29,1312,0
29,1313,0
29,1314,0
29,1315,0
29,1316,0
29,1317,0
29,1318,0
29,1319,0
29,1320,0
29,1321,0
29,1322,0
29,1323,0
29,1324,0
29,1325,0
29,1326,0
29,1327,0
29,1328,0
29,1329,0
29,1330,0
29,1331,0
29,1332,0
29,1333,0
29,1334,0
29,1335,0
29,1336,0
29,1337,0
29,1338,0
29,1339,0
29,1340,0
29,1341,0
29,1342,0
29,1343,0
29,1344,0
29,1345,0
29,1346,0
29,1347,0
29,1348,0
29,1349,0
29,1350,0
29,1351,0
29,1352,0
29,1353,0
29,1354,0
29,1355,0
29,1356,0
29,1357,0
29,1358,0
29,1359,0
29,1360,0
29,1361,0
29,1362,0
29,1363,0
29,1364,0
29,1365,0
29,1366,0
29,1367,0
29,1368,0
29,1369,0
29,1370,0
29,1371,0
29,1372,0
29,1373,0
29,1374,0
29,1375,0
29,1376,0
29,1377,0
29,1378,0
29,1379,0
29,1380,0
29,1381,0
29,1382,0
29,1383,0
29,1384,0
29,1385,0
29,1386,0
29,1387,0
29,1388,0
29,1389,0
29,1390,0
29,1391,0
29,1392,0
29,1393,0
29,1394,0
29,1395,0
29,1396,0
29,1397,0
29,1398,0
29,1399,0
29,1400,0
29,1401,0
29,1402,0
29,1403,0
29,1404,0
29,1405,0
29,1406,0
29,1407,0
29,1408,0
29,1409,0
29,1410,0
29,1411,0
29,1412,0
29,1413,0
29,1414,0
29,1415,0
29,1416,0
29,1417,0
29,1418,0
29,1419,0
29,1420,0
29,1421,0
29,1422,0
29,1423,0
29,1424,0
29,1425,0
29,1426,0
29,1427,0
29,1428,0
29,1429,0
29,1430,0
29,1431,0
29,1432,0
29,1433,0
29,1434,0
29,1435,0
29,1436,0
29,1437,0
29,1438,0
29,1439,0
29,1440,0
29,1441,0
29,1442,0
29,1443,0
29,1444,0
29,1445,0
29,1446,0
29,1447,0
29,1448,0
29,1449,0
29,1450,0
29,1451,0
29,1452,0
29,1453,0
29,1454,0
29,1455,0
29,1456,0
29,1457,0
29,1458,0
29,1459,0
29,1460,0
29,1461,0
29,1462,0
29,1463,0
29,1464,0
29,1465,0
29,1466,0
29,1467,0
29,1468,0
29,1469,0
29,1470,0
29,1471,0
29,1472,0
29,1473,0
29,1474,0
29,1475,0
29,1476,0
29,1477,0
29,1478,0
29,1479,0
29,1480,0
29,1481,0
29,1482,0
29,1483,0
29,1484,0
29,1485,0
29,1486,0
29,1487,0
29,1488,0
29,1489,0
29,1490,0
29,1491,0
29,1492,0
29,1493,0
29,1494,0
29,1495,0
29,1496,0
29,1497,0
29,1498,0
29,1499,0
29,1500,0
29,1501,0
29,1502,0
29,1503,0
29,1504,0
29,1505,0
29,1506,0
29,1507,0
29,1508,0
29,1509,0
29,1510,0
29,1511,0
29,1512,0
29,1513,0
29,1514,0
29,1515,0
29,1516,0
29,1517,0
29,1518,0
29,1519,0
29,1520,0
29,1521,0
29,1522,0
29,1523,0
29,1524,0
29,1525,0
29,1526,0
29,1527,0
29,1528,0
29,1529,0
29,1530,0
29,1531,0
29,1532,0
29,1533,0
29,1534,0
29,1535,0
29,1536,0
29,1537,0
29,1538,0
29,1539,0
29,1540,0
29,1541,0
29,1542,0
29,1543,0
29,1544,0
29,1545,0
29,1546,0
29,1547,0
29,1548,0
29,1549,0
29,1550,0
29,1551,0
29,1552,0
29,1553,0
29,1554,0
29,1555,0
29,1556,0
29,1557,0
29,1558,0
29,1559,0
29,1560,0
29,1561,0
29,1562,0
29,1563,0
29,1564,0
29,1565,0
29,1566,0
29,1567,0
29,1568,0
29,1569,0
29,1570,0
29,1571,0
29,1572,0
29,1573,0
29,1574,0
29,1575,0
29,1576,0
29,1577,0
29,1578,0
29,1579,0
29,1580,0
29,1581,0
29,1582,0
29,1583,0
29,1584,0
29,1585,0
29,1586,0
29,1587,0
29,1588,0
29,1589,0
29,1590,0
29,1591,0
29,1592,0
29,1593,0
29,1594,0
29,1595,0
29,1596,0
29,1597,0
29,1598,0
29,1599,0
29,1600,0
29,1601,0
29,1602,0
29,1603,0
29,1604,0
29,1605,0
29,1606,0
29,1607,0
29,1608,0
29,1609,0
29,1610,0
29,1611,0
29,1612,0
29,1613,0
29,1614,0
29,1615,0
29,1616,0
29,1617,0
29,1618,0
29,1619,0
29,1620,0
29,1621,0
29,1622,0
29,1623,0
29,1624,0
29,1625,0
29,1626,0
29,1627,0
29,1628,0
29,1629,0
29,1630,0
29,1631,0
29,1632,0
29,1633,0
29,1634,0
29,1635,0
29,1636,0
29,1637,0
29,1638,0
29,1639,0
29,1640,0
29,1641,0
29,1642,0
29,1643,0
29,1644,0
29,1645,0
29,1646,0
29,1647,0
29,1648,0
29,1649,0
29,1650,0
29,1651,0
29,1652,0
29,1653,0
29,1654,0
29,1655,0
29,1656,0
29,1657,0
29,1658,0
29,1659,0
29,1660,0
29,1661,0
29,1662,0
29,1663,0
29,1664,0
29,1665,0
29,1666,0
29,1667,0
29,1668,0
29,1669,0
29,1670,0
29,1671,0
29,1672,0
29,1673,0
29,1674,0
29,1675,0
29,1676,0
29,1677,0
29,1678,0
29,1679,0
29,1680,0
29,1681,0
29,1682,0
29,1683,0
29,1684,0
29,1685,0
29,1686,0
29,1687,0
29,1688,0
29,1689,0
29,1690,0
29,1691,0
29,1692,0
29,1693,0
29,1694,0
29,1695,0
29,1696,0
29,1697,0
29,1698,0
29,1699,0
29,1700,0
29,1701,0
29,1702,0
29,1703,0
29,1704,0
29,1705,0
29,1706,0
29,1707,0
29,1708,0
29,1709,0
29,1710,0
29,1711,0
29,1712,0
29,1713,0
29,1714,0
29,1715,0
29,1716,0
29,1717,0
29,1718,0
29,1719,0
29,1720,0
29,1721,0
29,1722,0
29,1723,0
29,1724,0
29,1725,0
29,1726,0
29,1727,0
29,1728,0
29,1729,0
29,1730,0
29,1731,0
29,1732,0
29,1733,0
29,1734,0
29,1735,0
29,1736,0
29,1737,0
29,1738,0
29,1739,0
29,1740,0
29,1741,0
29,1742,0
29,1743,0
29,1744,0
29,1745,0
29,1746,0
29,1747,0
29,1748,0
29,1749,0
29,1750,0
29,1751,0
29,1752,0
29,1753,0
29,1754,0
29,1755,0
29,1756,0
29,1757,0
29,1758,0
29,1759,0
29,1760,0
29,1761,0
29,1762,0
29,1763,0
29,1764,0
29,1765,0
29,1766,0
29,1767,0
29,1768,0
29,1769,0
29,1770,0
29,1771,0
29,1772,0
29,1773,0
29,1774,0
29,1775,0
29,1776,0
29,1777,0
29,1778,0
29,1779,0
29,1780,0
29,1781,0
29,1782,0
29,1783,0
29,1784,0
29,1785,0
29,1786,0
29,1787,0
29,1788,0
29,1789,0
29,1790,0
29,1791,0
29,1792,0
29,1793,0
29,1794,0
29,1795,0
29,1796,0
29,1797,0
29,1798,0
29,1799,0
29,1800,0
29,1801,0
29,1802,0
29,1803,0
29,1804,0
29,1805,0
29,1806,0
29,1807,0
29,1808,0
29,1809,0
29,1810,0
29,1811,0
29,1812,0
29,1813,0
29,1814,0
29,1815,0
29,1816,0
29,1817,0
29,1818,0
29,1819,0
29,1820,0
29,1821,0
29,1822,0
29,1823,0
29,1824,0
29,1825,0
29,1826,0
29,1827,0
29,1828,0
29,1829,0
29,1830,0
29,1831,0
29,1832,0
29,1833,0
29,1834,0
29,1835,0
29,1836,0
29,1837,0
29,1838,0
29,1839,0
29,1840,0
29,1841,0
29,1842,0
29,1843,0
29,1844,0
29,1845,0
29,1846,0
29,1847,0
29,1848,0
29,1849,0
29,1850,0
29,1851,0
29,1852,0
29,1853,0
29,1854,0
29,1855,0
29,1856,0
29,1857,0
29,1858,0
29,1859,0
29,1860,0
29,1861,0
29,1862,0
29,1863,0
29,1864,0
29,1865,0
29,1866,0
29,1867,0
29,1868,0
29,1869,0
29,1870,0
29,1871,0
29,1872,0
29,1873,0
29,1874,0
29,1875,0
29,1876,0
29,1877,0
29,1878,0
29,1879,0
29,1880,0
29,1881,0
29,1882,0
29,1883,0
29,1884,0
29,1885,0
29,1886,0
29,1887,0
29,1888,0
29,1889,0
29,1890,0
29,1891,0
29,1892,0
29,1893,0
29,1894,0
29,1895,0
29,1896,0
29,1897,0
29,1898,0
29,1899,0
29,1900,0
29,1901,0
29,1902,0
29,1903,0
29,1904,0
29,1905,0
29,1906,0
29,1907,0
29,1908,0
29,1909,0
29,1910,0
29,1911,0
29,1912,0
29,1913,0
29,1914,0
29,1915,0
29,1916,0
29,1917,0
29,1918,0
29,1919,0
29,1920,0
29,1921,0
29,1922,0
29,1923,0
29,1924,0
29,1925,0
29,1926,0
29,1927,0
29,1928,0
29,1929,0
29,1930,0
29,1931,0
29,1932,0
29,1933,0
29,1934,0
29,1935,0
29,1936,0
29,1937,0
29,1938,0
29,1939,0
29,1940,0
29,1941,0
29,1942,0
29,1943,0
29,1944,0
29,1945,0
29,1946,0
29,1947,0
29,1948,0
29,1949,0
29,1950,0
29,1951,0
29,1952,0
29,1953,0
29,1954,0
29,1955,0
29,1956,0
29,1957,0
29,1958,0
29,1959,0
29,1960,0
29,1961,0
29,1962,0
29,1963,0
29,1964,0
29,1965,0
29,1966,0
29,1967,0
29,1968,0
29,1969,0
29,1970,0
29,1971,0
29,1972,0
29,1973,0
29,1974,0
29,1975,0
29,1976,0
29,1977,0
29,1978,0
29,1979,0
29,1980,0
29,1981,0
29,1982,0
29,1983,0
29,1984,0
29,1985,0
29,1986,0
29,1987,0
29,1988,0
29,1989,0
29,1990,0
29,1991,0
29,1992,0
29,1993,0
29,1994,0
29,1995,0
29,1996,0
29,1997,0
29,1998,0
29,1999,0
29,2000,0
29,2001,0
29,2002,0
29,2003,0
29,2004,0
29,2005,0
29,2006,0
29,2007,0
29,2008,0
29,2009,0
29,2010,0
29,2011,0
29,2012,0
29,2013,0
29,2014,0
29,2015,0
29,2016,0
29,2017,0
29,2018,0
29,2019,0
29,2020,0
29,2021,0
29,2022,0
29,2023,0
29,2024,0
29,2025,0
29,2026,0
29,2027,0
29,2028,0
29,2029,0
29,2030,0
29,2031,0
29,2032,0
29,2033,0
29,2034,0
29,2035,0
29,2036,0
29,2037,0
29,2038,0
29,2039,0
29,2040,0
29,2041,0
29,2042,0
29,2043,0
29,2044,0
29,2045,0
29,2046,0
29,2047,0
29,2048,0
29,2049,0
29,2050,0
29,2051,0
29,2052,0
29,2053,0
29,2054,0
29,2055,0
29,2056,0
29,2057,0
29,2058,0
29,2059,0
29,2060,0
29,2061,0
29,2062,0
29,2063,0
29,2064,0
29,2065,0
29,2066,0
29,2067,0
29,2068,0
29,2069,0
29,2070,0
29,2071,0
29,2072,0
29,2073,0
29,2074,0
29,2075,0
29,2076,0
29,2077,0
29,2078,0
29,2079,0
29,2080,0
29,2081,0
29,2082,0
29,2083,0
29,2084,0
29,2085,0
29,2086,0
29,2087,0
29,2088,0
29,2089,0
29,2090,0
29,2091,0
29,2092,0
29,2093,0
29,2094,0
29,2095,0
29,2096,0
29,2097,0
29,2098,0
29,2099,0
29,2100,0
29,2101,0
29,2102,0
29,2103,0
29,2104,0
29,2105,0
29,2106,0
29,2107,0
29,2108,0
29,2109,0
29,2110,0
29,2111,0
29,2112,0
29,2113,0
29,2114,0
29,2115,0
29,2116,0
29,2117,0
29,2118,0
29,2119,0
29,2120,0
29,2121,0
29,2122,0
29,2123,0
29,2124,0
29,2125,0
29,2126,0
29,2127,0
29,2128,0
29,2129,0
29,2130,0
29,2131,0
29,2132,0
29,2133,0
29,2134,0
29,2135,0
29,2136,0
29,2137,0
29,2138,0
29,2139,0
29,2140,0
29,2141,0
29,2142,0
29,2143,0
29,2144,0
29,2145,0
29,2146,0
29,2147,0
29,2148,0
29,2149,0
29,2150,0
29,2151,0
29,2152,0
29,2153,0
29,2154,0
29,2155,0
29,2156,0
29,2157,0
29,2158,0
29,2159,0
29,2160,0
29,2161,0
29,2162,0
29,2163,0
29,2164,0
29,2165,0
29,2166,0
29,2167,0
29,2168,0
29,2169,0
29,2170,0
29,2171,0
29,2172,0
29,2173,0
29,2174,0
29,2175,0
29,2176,0
29,2177,0
29,2178,0
29,2179,0
29,2180,0
29,2181,0
29,2182,0
29,2183,0
29,2184,0
29,2185,0
29,2186,0
29,2187,0
29,2188,0
29,2189,0
29,2190,0
29,2191,0
29,2192,0
29,2193,0
29,2194,0
29,2195,0
29,2196,0
29,2197,0
29,2198,0
29,2199,0
29,2200,0
29,2201,0
29,2202,0
29,2203,0
29,2204,0
29,2205,0
29,2206,0
29,2207,0
29,2208,0
29,2209,0
29,2210,0
29,2211,0
29,2212,0
29,2213,0
29,2214,0
29,2215,0
29,2216,0
29,2217,0
29,2218,0
29,2219,0
29,2220,0
29,2221,0
29,2222,0
29,2223,0
29,2224,0
29,2225,0
29,2226,0
29,2227,0
29,2228,0
29,2229,0
29,2230,0
29,2231,0
29,2232,0
29,2233,0
30,0,0
30,1,0
30,2,0
30,3,0
30,4,0
30,5,0
30,6,0
30,7,0
30,8,0
30,9,0
30,10,0
30,11,0
30,12,0
30,13,0
30,14,0
30,15,0
30,16,0
30,17,0
30,18,0
30,19,0
30,20,0
30,21,0
30,22,0
30,23,0
30,24,0
30,25,0
30,26,0
30,27,0
30,28,0
30,29,0
30,30,0
30,31,0
30,32,0
30,33,0
30,34,0
30,35,0
30,36,0
30,37,0
30,38,0
30,39,0
30,40,0
30,41,0
30,42,0
30,43,0
30,44,0
30,45,0
30,46,0
30,47,0
30,48,0
30,49,0
30,50,0
30,51,0
30,52,0
30,53,0
30,54,0
30,55,0
30,56,0
30,57,0
30,58,0
30,59,0
30,60,0
30,61,0
30,62,0
30,63,0
30,64,0
30,65,0
30,66,0
30,67,0
30,68,0
30,69,0
30,70,0
30,71,0
30,72,0
30,73,0
30,74,0
30,75,0
30,76,0
30,77,0
30,78,0
30,79,0
30,80,0
30,81,0
30,82,0
30,83,0
30,84,0
30,85,0
30,86,0
30,87,0
30,88,0
30,89,0
30,90,0
30,91,0
30,92,0
30,93,0
30,94,0
30,95,0
30,96,0
30,97,0
30,98,0
30,99,0
30,100,0
30,101,0
30,102,0
30,103,0
30,104,0
30,105,0
30,106,0
30,107,0
30,108,0
30,109,0
30,110,0
30,111,0
30,112,0
30,113,0
30,114,0
30,115,0
30,116,0
30,117,0
30,118,0
30,119,0
30,120,0
30,121,0
30,122,0
30,123,0
30,124,0
30,125,0
30,126,0
30,127,0
30,128,0
30,129,0
30,130,0
30,131,0
30,132,0
30,133,0
30,134,0
30,135,0
30,136,0
30,137,0
30,138,0
30,139,0
30,140,0
30,141,0
30,142,0
30,143,0
30,144,0
30,145,0
30,146,0
30,147,0
30,148,0
30,149,0
30,150,0
30,151,0
30,152,0
30,153,0
30,154,0
30,155,0
30,156,0
30,157,0
30,158,0
30,159,0
30,160,0
30,161,0
30,162,0
30,163,0
30,164,0
30,165,0
30,166,0
30,167,0
30,168,0
30,169,0
30,170,0
30,171,0
30,172,0
30,173,0
30,174,0
30,175,0
30,176,0
30,177,0
30,178,0
30,179,0
30,180,0
30,181,0
30,182,0
30,183,0
30,184,0
30,185,0
30,186,0
30,187,0
30,188,0
30,189,0
30,190,0
30,191,0
30,192,0
30,193,0
30,194,0
30,195,0
30,196,0
30,197,0
30,198,0
30,199,0
30,200,0
30,201,0
30,202,0
30,203,0
30,204,0
30,205,0
30,206,0
30,207,0
30,208,0
30,209,0
30,210,0
30,211,0
30,212,0
30,213,0
30,214,0
30,215,0
30,216,0
30,217,0
30,218,0
30,219,0
30,220,0
30,221,0
30,222,0
30,223,0
30,224,0
30,225,0
30,226,0
30,227,0
30,228,0
30,229,0
30,230,0
30,231,0
30,232,0
30,233,0
30,234,0
30,235,0
30,236,0
30,237,0
30,238,0
30,239,0
30,240,0
30,241,0
30,242,0
30,243,0
30,244,0
30,245,0
30,246,0
30,247,0
30,248,0
30,249,0
30,250,0
30,251,0
30,252,0
30,253,0
30,254,0
30,255,0
30,256,0
30,257,0
30,258,0
30,259,0
30,260,0
30,261,0
30,262,0
30,263,0
30,264,0
30,265,0
30,266,0
30,267,0
30,268,0
30,269,0
30,270,0
30,271,0
30,272,0
30,273,0
30,274,0
30,275,0
30,276,0
30,277,0
30,278,0
30,279,0
30,280,0
30,281,0
30,282,0
30,283,0
30,284,0
30,285,0
30,286,0
30,287,0
30,288,0
30,289,0
30,290,0
30,291,0
30,292,0
30,293,0
30,294,0
30,295,0
30,296,0
30,297,0
30,298,0
30,299,0
30,300,0
30,301,0
30,302,0
30,303,0
30,304,0
30,305,0
30,306,0
30,307,0
30,308,0
30,309,0
30,310,0
30,311,0
30,312,0
30,313,0
30,314,0
30,315,0
30,316,0
30,317,0
30,318,0
30,319,0
30,320,0
30,321,0
30,322,0
30,323,0
30,324,0
30,325,0
30,326,0
30,327,0
30,328,0
30,329,0
30,330,0
30,331,0
30,332,0
30,333,0
30,334,0
30,335,0
30,336,0
30,337,0
30,338,0
30,339,0
30,340,0
30,341,0
30,342,0
30,343,0
30,344,0
30,345,0
30,346,0
30,347,0
30,348,0
30,349,0
30,350,0
30,351,0
30,352,0
30,353,0
30,354,0
30,355,0
30,356,0
30,357,0
30,358,0
30,359,0
30,360,0
30,361,0
30,362,0
30,363,0
30,364,0
30,365,0
30,366,0
30,367,0
30,368,0
30,369,0
30,370,0
30,371,0
30,372,0
30,373,0
30,374,0
30,375,0
30,376,0
30,377,0
30,378,0
30,379,0
30,380,0
30,381,0
30,382,0
30,383,0
30,384,0
30,385,0
30,386,0
30,387,0
30,388,0
30,389,0
30,390,0
30,391,0
30,392,0
30,393,0
30,394,0
30,395,0
30,396,0
30,397,0
30,398,0
30,399,0
30,400,0
30,401,0
30,402,0
30,403,0
30,404,0
30,405,0
30,406,0
30,407,0
30,408,0
30,409,0
30,410,0
30,411,0
30,412,0
30,413,0
30,414,0
30,415,0
30,416,0
30,417,0
30,418,0
30,419,0
30,420,0
30,421,0
30,422,0
30,423,0
30,424,0
30,425,0
30,426,0
30,427,0
30,428,0
30,429,0
30,430,0
30,431,0
30,432,0
30,433,0
30,434,0
30,435,0
30,436,0
30,437,0
30,438,0
30,439,0
30,440,0
30,441,0
30,442,0
30,443,0
30,444,0
30,445,0
30,446,0
30,447,0
30,448,0
30,449,0
30,450,0
30,451,0
30,452,0
30,453,0
30,454,0
30,455,0
30,456,0
30,457,0
30,458,0
30,459,0
30,460,0
30,461,0
30,462,0
30,463,0
30,464,0
30,465,0
30,466,0
30,467,0
30,468,0
30,469,0
30,470,0
30,471,0
30,472,0
30,473,0
30,474,0
30,475,0
30,476,0
30,477,0
30,478,0
30,479,0
30,480,0
30,481,0
30,482,0
30,483,0
30,484,0
30,485,0
30,486,0
30,487,0
30,488,0
30,489,0
30,490,0
30,491,0
30,492,0
30,493,0
30,494,0
30,495,0
30,496,0
30,497,0
30,498,0
30,499,0
30,500,0
30,501,0
30,502,0
30,503,0
30,504,0
30,505,0
30,506,0
30,507,0
30,508,0
30,509,0
30,510,0
30,511,0
30,512,0
30,513,0
30,514,0
30,515,0
30,516,0
30,517,0
30,518,0
30,519,0
30,520,0
30,521,0
30,522,0
30,523,0
30,524,0
30,525,0
30,526,0
30,527,0
30,528,0
30,529,0
30,530,0
30,531,0
30,532,0
30,533,0
30,534,0
30,535,0
30,536,0
30,537,0
30,538,0
30,539,0
30,540,0
30,541,0
30,542,0
30,543,0
30,544,0
30,545,0
30,546,0
30,547,0
30,548,0
30,549,0
30,550,0
30,551,0
30,552,0
30,553,0
30,554,0
30,555,0
30,556,0
30,557,0
30,558,0
30,559,0
30,560,0
30,561,0
30,562,0
30,563,0
30,564,0
30,565,0
30,566,0
30,567,0
30,568,0
30,569,0
30,570,0
30,571,0
30,572,0
30,573,0
30,574,0
30,575,0
30,576,0
30,577,0
30,578,0
30,579,0
30,580,0
30,581,0
30,582,0
30,583,0
30,584,0
30,585,0
30,586,0
30,587,0
30,588,0
30,589,0
30,590,0
30,591,0
30,592,0
30,593,0
30,594,0
30,595,0
30,596,0
30,597,0
30,598,0
30,599,0
30,600,0
30,601,0
30,602,0
30,603,0
30,604,0
30,605,0
30,606,0
30,607,0
30,608,0
30,609,0
30,610,0
30,611,0
30,612,0
30,613,0
30,614,0
30,615,0
30,616,0
30,617,0
30,618,0
30,619,0
30,620,0
30,621,0
30,622,0
30,623,0
30,624,0
30,625,0
30,626,0
30,627,0
30,628,0
30,629,0
30,630,0
30,631,0
30,632,0
30,633,0
30,634,0
30,635,0
30,636,0
30,637,0
30,638,0
30,639,0
30,640,0
30,641,0
30,642,0
30,643,0
30,644,0
30,645,0
30,646,0
30,647,0
30,648,0
30,649,0
30,650,0
30,651,0
30,652,0
30,653,0
30,654,0
30,655,0
30,656,0
30,657,0
30,658,0
30,659,0
30,660,0
30,661,0
30,662,0
30,663,0
30,664,0
30,665,0
30,666,0
30,667,0
30,668,0
30,669,0
30,670,0
30,671,0
30,672,0
30,673,0
30,674,0
30,675,0
30,676,0
30,677,0
30,678,0
30,679,0
30,680,0
30,681,0
30,682,0
30,683,0
30,684,0
30,685,0
30,686,0
30,687,0
30,688,0
30,689,0
30,690,0
30,691,0
30,692,0
30,693,0
30,694,0
30,695,0
30,696,0
30,697,0
30,698,0
30,699,0
30,700,0
30,701,0
30,702,0
30,703,0
30,704,0
30,705,0
30,706,0
30,707,0
30,708,0
30,709,0
30,710,0
30,711,0
30,712,0
30,713,0
30,714,0
30,715,0
30,716,0
30,717,0
30,718,0
30,719,0
30,720,0
30,721,0
30,722,0
30,723,0
30,724,0
30,725,0
30,726,0
30,727,0
30,728,0
30,729,0
30,730,0
30,731,0
30,732,0
30,733,0
30,734,0
30,735,0
30,736,0
30,737,0
30,738,0
30,739,0
30,740,0
30,741,0
30,742,0
30,743,0
30,744,0
30,745,0
30,746,0
30,747,0
30,748,0
30,749,0
30,750,0
30,751,0
30,752,0
30,753,0
30,754,0
30,755,0
30,756,0
30,757,0
30,758,0
30,759,0
30,760,0
30,761,0
30,762,0
30,763,0
30,764,0
30,765,0
30,766,0
30,767,0
30,768,0
30,769,0
30,770,0
30,771,0
30,772,0
30,773,0
30,774,0
30,775,0
30,776,0
30,777,0
30,778,0
30,779,0
30,780,0
30,781,0
30,782,0
30,783,0
30,784,0
30,785,0
30,786,0
30,787,0
30,788,0
30,789,0
30,790,0
30,791,0
30,792,0
30,793,0
30,794,0
30,795,0
30,796,0
30,797,0
30,798,0
30,799,0
30,800,0
30,801,0
30,802,0
30,803,0
30,804,0
30,805,0
30,806,0
30,807,0
30,808,0
30,809,0
30,810,0
30,811,0
30,812,0
30,813,0
30,814,0
30,815,0
30,816,0
30,817,0
30,818,0
30,819,0
30,820,0
30,821,0
30,822,0
30,823,0
30,824,0
30,825,0
30,826,0
30,827,0
30,828,0
30,829,0
30,830,0
30,831,0
30,832,0
30,833,0
30,834,0
30,835,0
30,836,0
30,837,0
30,838,0
30,839,0
30,840,0
30,841,0
30,842,0
30,843,0
30,844,0
30,845,0
30,846,0
30,847,0
30,848,0
30,849,0
30,850,0
30,851,0
30,852,0
30,853,0
30,854,0
30,855,0
30,856,0
30,857,0
30,858,0
30,859,0
30,860,0
30,861,0
30,862,0
30,863,0
30,864,0
30,865,0
30,866,0
30,867,0
30,868,0
30,869,0
30,870,0
30,871,0
30,872,0
30,873,0
30,874,0
30,875,0
30,876,0
30,877,0
30,878,0
30,879,0
30,880,0
30,881,0
30,882,0
30,883,0
30,884,0
30,885,0
30,886,0
30,887,0
30,888,0
30,889,0
30,890,0
30,891,0
30,892,0
30,893,0
30,894,0
30,895,0
30,896,0
30,897,0
30,898,0
30,899,0
30,900,0
30,901,0
30,902,0
30,903,0
30,904,0
30,905,0
30,906,0
30,907,0
30,908,0
30,909,0
30,910,0
30,911,0
30,912,0
30,913,0
30,914,0
30,915,0
30,916,0
30,917,0
30,918,0
30,919,0
30,920,0
30,921,0
30,922,0
30,923,0
30,924,0
30,925,0
30,926,0
30,927,0
30,928,0
30,929,0
30,930,0
30,931,0
30,932,0
30,933,0
30,934,0
30,935,0
30,936,0
30,937,0
30,938,0
30,939,0
30,940,0
30,941,0
30,942,0
30,943,0
30,944,0
30,945,0
30,946,0
30,947,0
30,948,0
30,949,0
30,950,0
30,951,0
30,952,0
30,953,0
30,954,0
30,955,0
30,956,0
30,957,0
30,958,0
30,959,0
30,960,0
30,961,0
30,962,0
30,963,0
30,964,0
30,965,0
30,966,0
30,967,0
30,968,0
30,969,0
30,970,0
30,971,0
30,972,0
30,973,0
30,974,0
30,975,0
30,976,0
30,977,0
30,978,0
30,979,0
30,980,0
30,981,0
30,982,0
30,983,0
30,984,0
30,985,0
30,986,0
30,987,0
30,988,0
30,989,0
30,990,0
30,991,0
30,992,0
30,993,0
30,994,0
30,995,0
30,996,0
30,997,0
30,998,0
30,999,0
30,1000,0
30,1001,0
30,1002,0
30,1003,0
30,1004,0
30,1005,0
30,1006,0
30,1007,0
30,1008,0
30,1009,0
30,1010,0
30,1011,0
30,1012,0
30,1013,0
30,1014,0
30,1015,0
30,1016,0
30,1017,0
30,1018,0
30,1019,0
30,1020,0
30,1021,0
30,1022,0
30,1023,0
30,1024,0
30,1025,0
30,1026,0
30,1027,0
30,1028,0
30,1029,0
30,1030,0
30,1031,0
30,1032,0
30,1033,0
30,1034,0
30,1035,0
30,1036,0
30,1037,0
30,1038,0
30,1039,0
30,1040,0
30,1041,0
30,1042,0
30,1043,0
30,1044,0
30,1045,0
30,1046,0
30,1047,0
30,1048,0
30,1049,0
30,1050,0
30,1051,0
30,1052,0
30,1053,0
30,1054,0
30,1055,0
30,1056,0
30,1057,0
30,1058,0
30,1059,0
30,1060,0
30,1061,0
30,1062,0
30,1063,0
30,1064,0
30,1065,0
30,1066,0
30,1067,0
30,1068,0
30,1069,0
30,1070,0
30,1071,0
30,1072,0
30,1073,0
30,1074,0
30,1075,0
30,1076,0
30,1077,0
30,1078,0
30,1079,0
30,1080,0
30,1081,0
30,1082,0
30,1083,0
30,1084,0
30,1085,0
30,1086,0
30,1087,0
30,1088,0
30,1089,0
30,1090,0
30,1091,0
30,1092,0
30,1093,0
30,1094,0
30,1095,0
30,1096,0
30,1097,0
30,1098,0
30,1099,0
30,1100,0
30,1101,0
30,1102,0
30,1103,0
30,1104,0
30,1105,0
30,1106,0
30,1107,0
30,1108,0
30,1109,0
30,1110,0
30,1111,0
30,1112,0
30,1113,0
30,1114,0
30,1115,0
30,1116,0
30,1117,0
30,1118,0
30,1119,0
30,1120,0
30,1121,0
30,1122,0
30,1123,0
30,1124,0
30,1125,0
30,1126,0
30,1127,0
30,1128,0
30,1129,0
30,1130,0
30,1131,0
30,1132,0
30,1133,0
30,1134,0
30,1135,0
30,1136,0
30,1137,0
30,1138,0
30,1139,0
30,1140,0
30,1141,0
30,1142,0
30,1143,0
30,1144,0
30,1145,0
30,1146,0
30,1147,0
30,1148,0
30,1149,0
30,1150,0
30,1151,0
30,1152,0
30,1153,0
30,1154,0
30,1155,0
30,1156,0
30,1157,0
30,1158,0
30,1159,0
30,1160,0
30,1161,0
30,1162,0
30,1163,0
30,1164,0
30,1165,0
30,1166,0
30,1167,0
30,1168,0
30,1169,0
30,1170,0
30,1171,0
30,1172,0
30,1173,0
30,1174,0
30,1175,0
30,1176,0
30,1177,0
30,1178,0
30,1179,0
30,1180,0
30,1181,0
30,1182,0
30,1183,0
30,1184,0
30,1185,0
30,1186,0
30,1187,0
30,1188,0
30,1189,0
30,1190,0
30,1191,0
30,1192,0
30,1193,0
30,1194,0
30,1195,0
30,1196,0
30,1197,0
30,1198,0
30,1199,0
30,1200,0
30,1201,0
30,1202,0
30,1203,0
30,1204,0
30,1205,0
30,1206,0
30,1207,0
30,1208,0
30,1209,0
30,1210,0
30,1211,0
30,1212,0
30,1213,0
30,1214,0
30,1215,0
30,1216,0
30,1217,0
30,1218,0
30,1219,0
30,1220,0
30,1221,0
30,1222,0
30,1223,0
30,1224,0
30,1225,0
30,1226,0
30,1227,0
30,1228,0
30,1229,0
30,1230,0
30,1231,0
30,1232,0
30,1233,0
30,1234,0
30,1235,0
30,1236,0
30,1237,0
30,1238,0
30,1239,0
30,1240,0
30,1241,0
30,1242,0
30,1243,0
30,1244,0
30,1245,0
30,1246,0
30,1247,0
30,1248,0
30,1249,0
30,1250,0
30,1251,0
30,1252,0
30,1253,0
30,1254,0
30,1255,0
30,1256,0
30,1257,0
30,1258,0
30,1259,0
30,1260,0
30,1261,0
30,1262,0
30,1263,0
30,1264,0
30,1265,0
30,1266,0
30,1267,0
30,1268,0
30,1269,0
30,1270,0
30,1271,0
30,1272,0
30,1273,0
30,1274,0
30,1275,0
30,1276,0
30,1277,0
30,1278,0
30,1279,0
30,1280,0
30,1281,0
30,1282,0
30,1283,0
30,1284,0
30,1285,0
30,1286,0
30,1287,0
30,1288,0
30,1289,0
30,1290,0
30,1291,0
30,1292,0
30,1293,0
30,1294,0
30,1295,0
30,1296,0
30,1297,0
30,1298,0
30,1299,0
30,1300,0
30,1301,0
30,1302,0
30,1303,0
30,1304,0
30,1305,0
30,1306,0
30,1307,0
30,1308,0
30,1309,0
30,1310,0
30,1311,0
30,1312,0
30,1313,0
30,1314,0
30,1315,0
30,1316,0
30,1317,0
30,1318,0
30,1319,0
30,1320,0
30,1321,0
30,1322,0
30,1323,0
30,1324,0
30,1325,0
30,1326,0
30,1327,0
30,1328,0
30,1329,0
30,1330,0
30,1331,0
30,1332,0
30,1333,0
30,1334,0
30,1335,0
30,1336,0
30,1337,0
30,1338,0
30,1339,0
30,1340,0
30,1341,0
30,1342,0
30,1343,0
30,1344,0
30,1345,0
30,1346,0
30,1347,0
30,1348,0
30,1349,0
30,1350,0
30,1351,0
30,1352,0
30,1353,0
30,1354,0
30,1355,0
30,1356,0
30,1357,0
30,1358,0
30,1359,0
30,1360,0
30,1361,0
30,1362,0
30,1363,0
30,1364,0
30,1365,0
30,1366,0
30,1367,0
30,1368,0
30,1369,0
30,1370,0
30,1371,0
30,1372,0
30,1373,0
30,1374,0
30,1375,0
30,1376,0
30,1377,0
30,1378,0
30,1379,0
30,1380,0
30,1381,0
30,1382,0
30,1383,0
30,1384,0
30,1385,0
30,1386,0
30,1387,0
30,1388,0
30,1389,0
30,1390,0
30,1391,0
30,1392,0
30,1393,0
30,1394,0
30,1395,0
30,1396,0
30,1397,0
30,1398,0
30,1399,0
30,1400,0
30,1401,0
30,1402,0
30,1403,0
30,1404,0
30,1405,0
30,1406,0
30,1407,0
30,1408,0
30,1409,0
30,1410,0
30,1411,0
30,1412,0
30,1413,0
30,1414,0
30,1415,0
30,1416,0
30,1417,0
30,1418,0
30,1419,0
30,1420,0
30,1421,0
30,1422,0
30,1423,0
30,1424,0
30,1425,0
30,1426,0
30,1427,0
30,1428,0
30,1429,0
30,1430,0
30,1431,0
30,1432,0
30,1433,0
30,1434,0
30,1435,0
30,1436,0
30,1437,0
30,1438,0
30,1439,0
30,1440,0
30,1441,0
30,1442,0
30,1443,0
30,1444,0
30,1445,0
30,1446,0
30,1447,0
30,1448,0
30,1449,0
30,1450,0
30,1451,0
30,1452,0
30,1453,0
30,1454,0
30,1455,0
30,1456,0
30,1457,0
30,1458,0
30,1459,0
30,1460,0
30,1461,0
30,1462,0
30,1463,0
30,1464,0
30,1465,0
30,1466,0
30,1467,0
30,1468,0
30,1469,0
30,1470,0
30,1471,0
30,1472,0
30,1473,0
30,1474,0
30,1475,0
30,1476,0
30,1477,0
30,1478,0
30,1479,0
30,1480,0
30,1481,0
30,1482,0
30,1483,0
30,1484,0
30,1485,0
30,1486,0
30,1487,0
30,1488,0
30,1489,0
30,1490,0
30,1491,0
30,1492,0
30,1493,0
30,1494,0
30,1495,0
30,1496,0
30,1497,0
30,1498,0
30,1499,0
30,1500,0
30,1501,0
30,1502,0
30,1503,0
30,1504,0
30,1505,0
30,1506,0
30,1507,0
30,1508,0
30,1509,0
30,1510,0
30,1511,0
30,1512,0
30,1513,0
30,1514,0
30,1515,0
30,1516,0
30,1517,0
30,1518,0
30,1519,0
30,1520,0
30,1521,0
30,1522,0
30,1523,0
30,1524,0
30,1525,0
30,1526,0
30,1527,0
30,1528,0
30,1529,0
30,1530,0
30,1531,0
30,1532,0
30,1533,0
30,1534,0
30,1535,0
30,1536,0
30,1537,0
30,1538,0
30,1539,0
30,1540,0
30,1541,0
30,1542,0
30,1543,0
30,1544,0
30,1545,0
30,1546,0
30,1547,0
30,1548,0
30,1549,0
30,1550,0
30,1551,0
30,1552,0
30,1553,0
30,1554,0
30,1555,0
30,1556,0
30,1557,0
30,1558,0
30,1559,0
30,1560,0
30,1561,0
30,1562,0
30,1563,0
30,1564,0
30,1565,0
30,1566,0
30,1567,0
30,1568,0
30,1569,0
30,1570,0
30,1571,0
30,1572,0
30,1573,0
30,1574,0
30,1575,0
30,1576,0
30,1577,0
30,1578,0
30,1579,0
30,1580,0
30,1581,0
30,1582,0
30,1583,0
30,1584,0
30,1585,0
30,1586,0
30,1587,0
30,1588,0
30,1589,0
30,1590,0
30,1591,0
30,1592,0
30,1593,0
30,1594,0
30,1595,0
30,1596,0
30,1597,0
30,1598,0
30,1599,0
30,1600,0
30,1601,0
30,1602,0
30,1603,0
30,1604,0
30,1605,0
30,1606,0
30,1607,0
30,1608,0
30,1609,0
30,1610,0
30,1611,0
30,1612,0
30,1613,0
30,1614,0
30,1615,0
30,1616,0
30,1617,0
30,1618,0
30,1619,0
30,1620,0
30,1621,0
30,1622,0
30,1623,0
30,1624,0
30,1625,0
30,1626,0
30,1627,0
30,1628,0
30,1629,0
30,1630,0
30,1631,0
30,1632,0
30,1633,0
30,1634,0
30,1635,0
30,1636,0
30,1637,0
30,1638,0
30,1639,0
30,1640,0
30,1641,0
30,1642,0
30,1643,0
30,1644,0
30,1645,0
30,1646,0
30,1647,0
30,1648,0
30,1649,0
30,1650,0
30,1651,0
30,1652,0
30,1653,0
30,1654,0
30,1655,0
30,1656,0
30,1657,0
30,1658,0
30,1659,0
30,1660,0
30,1661,0
30,1662,0
30,1663,0
30,1664,0
30,1665,0
30,1666,0
30,1667,0
30,1668,0
30,1669,0
30,1670,0
30,1671,0
30,1672,0
30,1673,0
30,1674,0
30,1675,0
30,1676,0
30,1677,0
30,1678,0
30,1679,0
30,1680,0
30,1681,0
30,1682,0
30,1683,0
30,1684,0
30,1685,0
30,1686,0
30,1687,0
30,1688,0
30,1689,0
30,1690,0
30,1691,0
30,1692,0
30,1693,0
30,1694,0
30,1695,0
30,1696,0
30,1697,0
30,1698,0
30,1699,0
30,1700,0
30,1701,0
30,1702,0
30,1703,0
30,1704,0
30,1705,0
30,1706,0
30,1707,0
30,1708,0
30,1709,0
30,1710,0
30,1711,0
30,1712,0
30,1713,0
30,1714,0
30,1715,0
30,1716,0
30,1717,0
30,1718,0
30,1719,0
30,1720,0
30,1721,0
30,1722,0
30,1723,0
30,1724,0
30,1725,0
30,1726,0
30,1727,0
30,1728,0
30,1729,0
30,1730,0
30,1731,0
30,1732,0
30,1733,0
30,1734,0
30,1735,0
30,1736,0
30,1737,0
30,1738,0
30,1739,0
30,1740,0
30,1741,0
30,1742,0
30,1743,0
30,1744,0
30,1745,0
30,1746,0
30,1747,0
30,1748,0
30,1749,0
30,1750,0
30,1751,0
30,1752,0
30,1753,0
30,1754,0
30,1755,0
30,1756,0
30,1757,0
30,1758,0
30,1759,0
30,1760,0
30,1761,0
30,1762,0
30,1763,0
30,1764,0
30,1765,0
30,1766,0
30,1767,0
30,1768,0
30,1769,0
30,1770,0
30,1771,0
30,1772,0
30,1773,0
30,1774,0
30,1775,0
30,1776,0
30,1777,0
30,1778,0
30,1779,0
30,1780,0
30,1781,0
30,1782,0
30,1783,0
30,1784,0
30,1785,0
30,1786,0
30,1787,0
30,1788,0
30,1789,0
30,1790,0
30,1791,0
30,1792,0
30,1793,0
30,1794,0
30,1795,0
30,1796,0
30,1797,0
30,1798,0
30,1799,0
30,1800,0
30,1801,0
30,1802,0
30,1803,0
30,1804,0
30,1805,0
30,1806,0
30,1807,0
30,1808,0
30,1809,0
30,1810,0
30,1811,0
30,1812,0
30,1813,0
30,1814,0
30,1815,0
30,1816,0
30,1817,0
30,1818,0
30,1819,0
30,1820,0
30,1821,0
30,1822,0
30,1823,0
30,1824,0
30,1825,0
30,1826,0
30,1827,0
30,1828,0
30,1829,0
30,1830,0
30,1831,0
30,1832,0
30,1833,0
30,1834,0
30,1835,0
30,1836,0
30,1837,0
30,1838,0
30,1839,0
30,1840,0
30,1841,0
30,1842,0
30,1843,0
30,1844,0
30,1845,0
30,1846,0
30,1847,0
30,1848,0
30,1849,0
30,1850,0
30,1851,0
30,1852,0
30,1853,0
30,1854,0
30,1855,0
30,1856,0
30,1857,0
30,1858,0
30,1859,0
30,1860,0
30,1861,0
30,1862,0
30,1863,0
30,1864,0
30,1865,0
30,1866,0
30,1867,0
30,1868,0
30,1869,0
30,1870,0
30,1871,0
30,1872,0
30,1873,0
30,1874,0
30,1875,0
30,1876,0
30,1877,0
30,1878,0
30,1879,0
30,1880,0
30,1881,0
30,1882,0
30,1883,0
30,1884,0
30,1885,0
30,1886,0
30,1887,0
30,1888,0
30,1889,0
30,1890,0
30,1891,0
30,1892,0
30,1893,0
30,1894,0
30,1895,0
30,1896,0
30,1897,0
30,1898,0
30,1899,0
30,1900,0
30,1901,0
30,1902,0
30,1903,0
30,1904,0
30,1905,0
30,1906,0
30,1907,0
30,1908,0
30,1909,0
30,1910,0
30,1911,0
30,1912,0
30,1913,0
30,1914,0
30,1915,0
30,1916,0
30,1917,0
30,1918,0
30,1919,0
30,1920,0
30,1921,0
30,1922,0
30,1923,0
30,1924,0
30,1925,0
30,1926,0
30,1927,0
30,1928,0
30,1929,0
30,1930,0
30,1931,0
30,1932,0
30,1933,0
30,1934,0
30,1935,0
30,1936,0
30,1937,0
30,1938,0
30,1939,0
30,1940,0
30,1941,0
30,1942,0
30,1943,0
30,1944,0
30,1945,0
30,1946,0
30,1947,0
30,1948,0
30,1949,0
30,1950,0
30,1951,0
30,1952,0
30,1953,0
30,1954,0
30,1955,0
30,1956,0
30,1957,0
30,1958,0
30,1959,0
30,1960,0
30,1961,0
30,1962,0
30,1963,0
30,1964,0
30,1965,0
30,1966,0
30,1967,0
30,1968,0
30,1969,0
30,1970,0
30,1971,0
30,1972,0
30,1973,0
30,1974,0
30,1975,0
30,1976,0
30,1977,0
30,1978,0
30,1979,0
30,1980,0
30,1981,0
30,1982,0
30,1983,0
30,1984,0
30,1985,0
30,1986,0
30,1987,0
30,1988,0
30,1989,0
30,1990,0
30,1991,0
30,1992,0
30,1993,0
30,1994,0
30,1995,0
30,1996,0
30,1997,0
30,1998,0
30,1999,0
30,2000,0
30,2001,0
30,2002,0
30,2003,0
30,2004,0
30,2005,0
30,2006,0
30,2007,0
30,2008,0
30,2009,0
30,2010,0
30,2011,0
30,2012,0
30,2013,0
30,2014,0
30,2015,0
30,2016,0
30,2017,0
30,2018,0
30,2019,0
30,2020,0
30,2021,0
30,2022,0
30,2023,0
30,2024,0
30,2025,0
30,2026,0
30,2027,0
30,2028,0
30,2029,0
30,2030,0
30,2031,0
30,2032,0
30,2033,0
30,2034,0
30,2035,0
30,2036,0
30,2037,0
30,2038,0
30,2039,0
30,2040,0
30,2041,0
30,2042,0
30,2043,0
30,2044,0
30,2045,0
30,2046,0
30,2047,0
30,2048,0
30,2049,0
30,2050,0
30,2051,0
30,2052,0
30,2053,0
30,2054,0
30,2055,0
30,2056,0
30,2057,0
30,2058,0
30,2059,0
30,2060,0
30,2061,0
30,2062,0
30,2063,0
30,2064,0
30,2065,0
30,2066,0
30,2067,0
30,2068,0
30,2069,0
30,2070,0
30,2071,0
30,2072,0
30,2073,0
30,2074,0
30,2075,0
30,2076,0
30,2077,0
30,2078,0
30,2079,0
30,2080,0
30,2081,0
30,2082,0
30,2083,0
30,2084,0
30,2085,0
30,2086,0
30,2087,0
30,2088,0
30,2089,0
30,2090,0
30,2091,0
30,2092,0
30,2093,0
30,2094,0
30,2095,0
30,2096,0
30,2097,0
30,2098,0
30,2099,0
30,2100,0
30,2101,0
30,2102,0
30,2103,0
30,2104,0
30,2105,0
30,2106,0
30,2107,0
30,2108,0
30,2109,0
30,2110,0
30,2111,0
30,2112,0
30,2113,0
30,2114,0
30,2115,0
30,2116,0
30,2117,0
30,2118,0
30,2119,0
30,2120,0
30,2121,0
30,2122,0
30,2123,0
30,2124,0
30,2125,0
30,2126,0
30,2127,0
30,2128,0
30,2129,0
30,2130,0
30,2131,0
30,2132,0
30,2133,0
30,2134,0
30,2135,0
30,2136,0
30,2137,0
30,2138,0
30,2139,0
30,2140,0
30,2141,0
30,2142,0
30,2143,0
30,2144,0
30,2145,0
30,2146,0
30,2147,0
30,2148,0
30,2149,0
30,2150,0
30,2151,0
30,2152,0
30,2153,0
30,2154,0
30,2155,0
30,2156,0
30,2157,0
30,2158,0
30,2159,0
30,2160,0
30,2161,0
30,2162,0
30,2163,0
30,2164,0
30,2165,0
30,2166,0
30,2167,0
30,2168,0
30,2169,0
30,2170,0
30,2171,0
30,2172,0
30,2173,0
30,2174,0
30,2175,0
30,2176,0
30,2177,0
30,2178,0
30,2179,0
30,2180,0
30,2181,0
30,2182,0
30,2183,0
30,2184,0
30,2185,0
30,2186,0
30,2187,0
30,2188,0
30,2189,0
30,2190,0
30,2191,0
30,2192,0
30,2193,0
30,2194,0
30,2195,0
30,2196,0
30,2197,0
30,2198,0
30,2199,0
30,2200,0
30,2201,0
30,2202,0
30,2203,0
30,2204,0
30,2205,0
30,2206,0
30,2207,0
30,2208,0
30,2209,0
30,2210,0
30,2211,0
30,2212,0
30,2213,0
30,2214,0
30,2215,0
30,2216,0
30,2217,0
30,2218,0
30,2219,0
30,2220,0
30,2221,0
30,2222,0
30,2223,0
30,2224,0
30,2225,0
30,2226,0
30,2227,0
30,2228,0
30,2229,0
30,2230,0
30,2231,0
30,2232,0
30,2233,0
