batch,channel,real,imag
0,0,0.0012207,-0.00305176
0,1,0.000610352,0.000610352
0,2,-0.000488281,-0.000976562
0,3,-0.000244141,-0.000244141
0,4,-0.00170898,0.00561523
0,5,-0.00012207,-0.0045166
0,6,-0.00109863,0.0012207
0,7,0.000488281,-0.000610352
0,8,-0.00463867,-0.00634766
0,9,0.00390625,0.00158691
0,10,0.00146484,0.00183105
0,11,0.00256348,0.00244141
0,12,0.0045166,-0.00012207
0,13,0.00012207,0.00610352
0,14,0.0020752,0.00134277
0,15,-0.000366211,-0.00354004
0,16,0.00109863,0.00183105
0,17,-0.00292969,-0.0012207
0,18,-0.000488281,0.00402832
0,19,0.0012207,0.00219727
0,20,0.00256348,0.00280762
0,21,0.00158691,0.00378418
0,22,-0.00317383,0.00244141
0,23,0.00280762,0.00817871
0,24,0.00170898,-0.00280762
0,25,0.00012207,0.000488281
0,26,0.00183105,-0.00317383
0,27,-0.000732422,-0.000854492
0,28,-0.000488281,-0.00256348
0,29,0.00012207,-0.0032959
0,30,-0.00158691,0.00549316
0,31,-0.00524902,-0.0012207
0,32,0.0045166,-0.00158691
0,33,-0.00280762,-0.00415039
0,34,0.000610352,-0.00170898
0,35,0.000976562,0.00427246
0,36,-0.00549316,-0.00354004
0,37,-0.00219727,-0.00231934
0,38,0.00561523,-0.000488281
0,39,-0.0012207,0.00195312
0,40,0.00146484,-0.00292969
0,41,0.000366211,0.00109863
0,42,-0.00622559,0.00158691
0,43,0.00134277,-0.00280762
0,44,-0.00134277,-0.000610352
0,45,-0.00219727,-0.00439453
0,46,0.00354004,-0.000244141
0,47,0.00561523,0.00219727
1,0,0.00634766,0.0020752
1,1,0.00256348,0.000732422
1,2,0.00219727,-0.00109863
1,3,0.00109863,0.00012207
1,4,-0.000732422,-0.00463867
1,5,0.00170898,-0.00390625
1,6,-0.00415039,-0.000488281
1,7,0.0045166,0.00305176
1,8,-0.00622559,0.00195312
1,9,-0.00134277,0.0012207
1,10,-0.0057373,0.00378418
1,11,-0.00109863,0.00354004
1,12,0.000732422,0.000244141
1,13,0.000610352,0.00341797
1,14,-0.00244141,0.0012207
1,15,-0.00280762,0.00256348
1,16,0.00305176,0.000488281
1,17,-0.0012207,0.00170898
1,18,-0.00244141,-0.000366211
1,19,-0.000244141,-0.000854492
1,20,-0.000366211,-0.00146484
1,21,-0.00549316,0.000488281
1,22,-0.00231934,0.00341797
1,23,0.000488281,-0.00585938
1,24,-0.000976562,0.00354004
1,25,0.000244141,-0.0012207
1,26,-0.000244141,-0.000976562
1,27,-0.00439453,-0.00610352
1,28,0.00341797,0.00146484
1,29,-0.00695801,-0.00561523
1,30,-0.000244141,-0.00195312
1,31,-0.00524902,0.000976562
1,32,-0.00390625,-0.00292969
1,33,-0.00219727,-0.000854492
1,34,-0.000244141,-0.00195312
1,35,-0.000488281,-0.00268555
1,36,-0.00402832,-0.00170898
1,37,0.00280762,-0.00219727
1,38,-0.000488281,-0.00183105
1,39,-0.00195312,0.0020752
1,40,-0.00183105,0
1,41,-0.00366211,-0.0012207
1,42,0.00585938,-0.00195312
1,43,0.00500488,-0.00268555
1,44,-0.000976562,-0.000854492
1,45,-0.00183105,-0.00280762
1,46,0.00012207,-0.00219727
1,47,-0.00390625,0.00244141
2,0,-0.00463867,0.00415039
2,1,-0.00280762,0.00683594
2,2,0.00561523,-0.00109863
2,3,0.00244141,0.00012207
2,4,0.000366211,-0.000732422
2,5,0.000732422,-0.000366211
2,6,-0.000854492,-0.000976562
2,7,0.00280762,-0.00109863
2,8,-0.00317383,0.00219727
2,9,-0.00219727,-0.00170898
2,10,-0.000610352,-0.00769043
2,11,-0.000854492,0.00195312
2,12,0.00402832,-0.00256348
2,13,-0.000732422,-0.0032959
2,14,0.00244141,-0.00170898
2,15,-0.0020752,0.00244141
2,16,-0.00683594,0
2,17,0.0045166,-0.00463867
2,18,0.0012207,0.00195312
2,19,0.00488281,-0.00183105
2,20,0.00305176,0.000610352
2,21,0.000488281,0
2,22,0.00195312,0.000488281
2,23,0.0012207,-0.0020752
2,24,0.0057373,-0.000976562
2,25,-0.000854492,-0.00268555
2,26,0.00183105,-0.000244141
2,27,0.000732422,-0.00585938
2,28,0.000488281,0.00134277
2,29,0.00183105,0.00537109
2,30,-0.00305176,0.00195312
2,31,-0.00354004,-0.00170898
2,32,-0.000244141,0.00012207
2,33,-0.0020752,0.0020752
2,34,-0.00134277,-0.000732422
2,35,-0.00109863,0.00109863
2,36,-0.00476074,-0.000244141
2,37,-0.00109863,0.00366211
2,38,-0.00244141,-0.00146484
2,39,-0.00256348,-0.00378418
2,40,-0.000610352,0.00512695
2,41,-0.0012207,0.00439453
2,42,0.00292969,-0.00195312
2,43,-0.000976562,-0.00158691
2,44,0.00256348,-0.00219727
2,45,-0.00134277,-0.00341797
2,46,0.00378418,-0.00769043
2,47,0.00183105,-0.00561523
3,0,0.00012207,0.00146484
3,1,-0.00170898,0.000366211
3,2,-0.00341797,0.00183105
3,3,0.00183105,0.00231934
3,4,-0.000732422,0.000244141
3,5,0.00146484,0.000366211
3,6,-0.0012207,-0.00280762
3,7,-0.0065918,0.00439453
3,8,0.00402832,-0.0012207
3,9,-0.00720215,-0.00170898
3,10,-0.00317383,0.000366211
3,11,-0.00341797,-0.0020752
3,12,0.00231934,-0.00231934
3,13,-0.00378418,0.000488281
3,14,0.0032959,0.00012207
3,15,0.0012207,0.00256348
3,16,-0.000244141,-0.00109863
3,17,-0.00183105,0.000976562
3,18,-0.000610352,-0.00183105
3,19,0.00109863,-0.00390625
3,20,-0.00341797,0.00280762
3,21,-0.00256348,0
3,22,0.000976562,0.0012207
3,23,-0.00134277,0.000366211
3,24,-0.0020752,-0.000732422
3,25,-0.00256348,0.0012207
3,26,0.000610352,-0.00244141
3,27,0.00292969,-0.000488281
3,28,0.00134277,0.00012207
3,29,0.0020752,0.000366211
3,30,-0.000610352,0.000732422
3,31,0.00256348,0.00195312
3,32,0.00158691,-0.00170898
3,33,-0.00244141,0.00170898
3,34,-0.00134277,-0.0020752
3,35,0.000732422,-0.00012207
3,36,0.00341797,0.00183105
3,37,0.00268555,-0.00012207
3,38,0.00244141,0.00317383
3,39,-0.000610352,0.00500488
3,40,-0.00158691,-0.0020752
3,41,-0.000854492,-0.00585938
3,42,0.00134277,-0.00317383
3,43,0.00244141,-0.000976562
3,44,-0.00415039,0.000244141
3,45,0.000610352,-0.00256348
3,46,0.00244141,0.00280762
3,47,-0.000366211,-0.00109863
4,0,0.000610352,-0.00317383
4,1,-0.00256348,0.000610352
4,2,-0.00195312,-0.00354004
4,3,-0.00183105,0.00366211
4,4,0.000610352,-0.00146484
4,5,0.00146484,0.0012207
4,6,-0.00158691,-0.00158691
4,7,0.00109863,0.00012207
4,8,-0.00256348,0.00244141
4,9,-0.00476074,0.00158691
4,10,0.0012207,0.00183105
4,11,-0.00280762,-0.00292969
4,12,-0.00402832,-0.00158691
4,13,-0.00134277,-0.00244141
4,14,0.00146484,-0.00537109
4,15,0.000976562,-0.00231934
4,16,-0.00231934,0.0020752
4,17,0.000732422,0.000854492
4,18,0.000366211,-0.00439453
4,19,-0.00012207,-0.00231934
4,20,-0.00524902,-0.0065918
4,21,-0.00683594,-0.00219727
4,22,-0.000366211,0.0045166
4,23,0.000610352,-0.00341797
4,24,-0.000244141,0.000244141
4,25,-0.00537109,0.00268555
4,26,0.00109863,0
4,27,-0.00598145,0.00292969
4,28,-0.00280762,-0.00183105
4,29,-0.00549316,0.00292969
4,30,-0.000732422,0.00158691
4,31,-0.00256348,0.000854492
4,32,0.00378418,-0.00317383
4,33,-0.000244141,0.00012207
4,34,-0.00109863,-0.00280762
4,35,-0.000244141,-0.00158691
4,36,-0.00317383,0.00500488
4,37,0.00280762,0.00170898
4,38,-0.0020752,0.00720215
4,39,-0.000732422,0.00012207
4,40,0.00183105,0.0078125
4,41,-0.00378418,0.00354004
4,42,-0.00183105,0.000244141
4,43,-0.0020752,-0.00170898
4,44,0.000488281,0.000854492
4,45,0.000854492,-0.00500488
4,46,0.00402832,0.00170898
4,47,-0.00305176,-0.00158691
5,0,0.00012207,-0.00305176
5,1,0.00354004,0.00183105
5,2,-0.00500488,0.00134277
5,3,-0.00109863,0.00280762
5,4,-0.00158691,-0.00219727
5,5,-0.0012207,-0.00378418
5,6,-0.000366211,0.00170898
5,7,-0.00549316,0.00146484
5,8,-0.00170898,-0.00244141
5,9,-0.00231934,0.00183105
5,10,0.00012207,-0.00244141
5,11,-0.00195312,-0.0057373
5,12,0.0032959,0.0020752
5,13,-0.00109863,-0.0012207
5,14,-0.00415039,-0.000732422
5,15,0.00183105,0.000854492
5,16,0.0020752,-0.00195312
5,17,0.00402832,0.00109863
5,18,-0.00183105,-0.00378418
5,19,0.00219727,0.00109863
5,20,-0.000244141,-0.00488281
5,21,0.000488281,0.000610352
5,22,0.00317383,0.00183105
5,23,-0.00219727,-0.00195312
5,24,-0.0012207,0.00109863
5,25,-0.000976562,0
5,26,0.00366211,0.000366211
5,27,0.0065918,0.00158691
5,28,-0.000976562,-0.000244141
5,29,0.00366211,0.00292969
5,30,0.00256348,-0.00561523
5,31,0.000610352,0.00793457
5,32,0.00146484,0.00012207
5,33,-0.00134277,-0.000366211
5,34,0.00109863,-0.0012207
5,35,-0.00183105,-0.000244141
5,36,0.00341797,0.00012207
5,37,-0.000366211,-0.00366211
5,38,-0.00146484,0.00354004
5,39,0.00512695,-0.00341797
5,40,-0.00427246,-0.000976562
5,41,-0.00231934,-0.000488281
5,42,0.00109863,0.000488281
5,43,-0.00402832,-0.00231934
5,44,-0.00708008,-0.00219727
5,45,-0.00292969,-0.00256348
5,46,-0.00317383,0.00170898
5,47,-0.00500488,0.00292969
6,0,-0.00146484,-0.00134277
6,1,-0.0012207,-0.00427246
6,2,-0.00280762,-0.00280762
6,3,-0.000976562,0.00109863
6,4,-0.00256348,0.00427246
6,5,0.000976562,-0.000244141
6,6,-0.00109863,-0.000854492
6,7,-0.00256348,-0.00610352
6,8,-0.000610352,-0.00537109
6,9,-0.00427246,-0.00366211
6,10,0.00341797,-0.00109863
6,11,0.000244141,0.000488281
6,12,0.000366211,0.00341797
6,13,0.00231934,0.000732422
6,14,-0.00158691,0.00317383
6,15,0.00585938,-0.000610352
6,16,0.00256348,-0.00256348
6,17,0.00109863,0.00256348
6,18,-0.00354004,-0.00292969
6,19,-0.00158691,-0.00109863
6,20,-0.000366211,-0.00280762
6,21,-0.000732422,0.00195312
6,22,0.000244141,0.00305176
6,23,-0.00463867,0.00146484
6,24,0.00170898,-0.000244141
6,25,0.00256348,0.00170898
6,26,-0.00366211,-0.00146484
6,27,0.00354004,-0.000366211
6,28,-0.00268555,0.00134277
6,29,-0.00170898,-0.00585938
6,30,-0.000366211,-0.00378418
6,31,-0.00244141,-0.00158691
6,32,0.000366211,-0.0032959
6,33,-0.00280762,0.00134277
6,34,-0.00244141,-0.00219727
6,35,-0.00524902,0
6,36,0.00170898,-0.00512695
6,37,-0.000610352,0.00280762
6,38,0.000366211,-0.0020752
6,39,-0.00109863,-0.00134277
6,40,0.000488281,0.000854492
6,41,0.00256348,-0.00012207
6,42,-0.00109863,-0.000244141
6,43,-0.00500488,-0.00231934
6,44,0.00378418,0.000366211
6,45,0.00134277,-0.00622559
6,46,-0.00183105,0.00378418
6,47,-0.00280762,0.00354004
7,0,-0.00634766,0.0012207
7,1,-0.00378418,-0.00366211
7,2,-0.00317383,-0.00305176
7,3,-0.000244141,-0.00219727
7,4,-0.00317383,0.00183105
7,5,0.000854492,-0.00195312
7,6,-0.00231934,0.000488281
7,7,-0.00390625,-0.00537109
7,8,0.000488281,0.000732422
7,9,-0.00219727,0.00842285
7,10,-0.00671387,0.0012207
7,11,0.00244141,-0.00146484
7,12,-0.00195312,-0.00183105
7,13,0.00195312,0.0012207
7,14,0.00317383,0.000488281
7,15,-0.000488281,0.000244141
7,16,0.000732422,-0.00512695
7,17,-0.000976562,0.00390625
7,18,0.00476074,0.00524902
7,19,-0.00354004,0.000976562
7,20,0.000732422,-0.00305176
7,21,0.00219727,-0.00439453
7,22,0.00402832,-0.00427246
7,23,0.00280762,0.000366211
7,24,0.00305176,0.0020752
7,25,0.00146484,-0.000244141
7,26,0.000366211,0.00170898
7,27,-0.0012207,-0.000854492
7,28,-0.00549316,0.000610352
7,29,-0.00366211,-0.00134277
7,30,0.00317383,0.0012207
7,31,0.00134277,0.00244141
7,32,0.00012207,-0.00354004
7,33,0.00134277,-0.00134277
7,34,-0.00146484,-0.0032959
7,35,-0.00158691,-0.00244141
7,36,0.00183105,-0.0020752
7,37,0.00244141,-0.00244141
7,38,-0.00305176,-0.000854492
7,39,0.0020752,0.000366211
7,40,-0.00476074,0.00292969
7,41,-0.000732422,-0.000488281
7,42,-0.00134277,-0.00195312
7,43,0.000854492,-0.000976562
7,44,-0.00439453,0.0090332
7,45,0.00134277,-0.00158691
7,46,0.00341797,-0.000244141
7,47,-0.00012207,0
8,0,-0.000366211,-0.00366211
8,1,0.00305176,-0.000244141
8,2,0.000244141,-0.00012207
8,3,0.000366211,-0.0032959
8,4,-0.000732422,-0.00305176
8,5,0,-0.000732422
8,6,-0.00109863,-0.0012207
8,7,-0.00463867,-0.0032959
8,8,-0.00170898,-0.0114746
8,9,-0.00317383,0.00109863
8,10,-0.00292969,-0.00427246
8,11,-0.000732422,0.00134277
8,12,0.00366211,-0.00305176
8,13,-0.00500488,0.00341797
8,14,0.000976562,-0.0045166
8,15,-0.00390625,0.00134277
8,16,0.00268555,0.00341797
8,17,0,0.00109863
8,18,-0.00305176,0.00280762
8,19,-0.00134277,0.00378418
8,20,-0.00585938,0.0032959
8,21,0.00012207,0.00292969
8,22,-0.00012207,0.000732422
8,23,-0.00524902,0.00427246
8,24,-0.00012207,0.00305176
8,25,0.00317383,0.000854492
8,26,0.00134277,-0.00292969
8,27,-0.00292969,-0.00549316
8,28,-0.0020752,0.00170898
8,29,-0.000976562,0.00195312
8,30,0.00158691,0.00341797
8,31,-0.00219727,-0.0020752
8,32,-0.00439453,0.00219727
8,33,0.000244141,0.00012207
8,34,0.000610352,-0.000610352
8,35,-0.00134277,-0.000488281
8,36,0.000366211,0.00256348
8,37,0.00012207,0.00134277
8,38,0.000366211,-0.00378418
8,39,-0.00585938,0.000366211
8,40,-0.000854492,0.00195312
8,41,-0.00219727,0.000244141
8,42,-0.000488281,-0.00598145
8,43,0.00109863,0.000244141
8,44,-0.00415039,0.000366211
8,45,0.00146484,0.00134277
8,46,0.00256348,-0.000244141
8,47,-0.000610352,-0.00280762
9,0,0.00317383,0.00634766
9,1,0.00366211,-0.00170898
9,2,0.000610352,-0.000488281
9,3,-0.000244141,-0.00134277
9,4,-0.0020752,0.00109863
9,5,0.0012207,-0.00244141
9,6,-0.00610352,-0.00134277
9,7,-0.00341797,0.00524902
9,8,0.000976562,0.000610352
9,9,-0.00219727,0
9,10,0.00524902,-0.000610352
9,11,-0.00134277,-0.00439453
9,12,0.00158691,0.00341797
9,13,0.000610352,-0.00378418
9,14,-0.000610352,0.000366211
9,15,0.00561523,-0.00463867
9,16,-0.00366211,-0.0020752
9,17,-0.00402832,0.00012207
9,18,-0.00146484,-0.00427246
9,19,-0.000854492,-0.00292969
9,20,-0.00439453,0.00256348
9,21,-0.00195312,-0.000976562
9,22,-0.000854492,0.00134277
9,23,-0.00354004,0.000610352
9,24,0.000488281,-0.00341797
9,25,0.000244141,-0.00244141
9,26,0.00354004,0.0045166
9,27,0.000488281,0.000976562
9,28,-0.000366211,-0.00183105
9,29,0.00109863,0.00341797
9,30,-0.00109863,0.00341797
9,31,0.00378418,-0.00610352
9,32,0.00439453,-0.00646973
9,33,0.000976562,-0.00183105
9,34,0.00476074,0.000488281
9,35,-0.00390625,-0.00146484
9,36,0.00268555,-0.000610352
9,37,0.0012207,-0.00695801
9,38,0.0020752,-0.0020752
9,39,0.000366211,0.00415039
9,40,-0.00012207,-0.00317383
9,41,0.00183105,-0.0012207
9,42,-0.0045166,0.00305176
9,43,-0.000976562,-0.0012207
9,44,-0.00231934,-0.00195312
9,45,-0.00354004,0.00109863
9,46,-0.00231934,0.00012207
9,47,-0.00268555,0.00317383
10,0,-0.000854492,-0.00219727
10,1,-0.00354004,0.00170898
10,2,-0.00292969,-0.00317383
10,3,-0.000610352,0.00268555
10,4,-0.0032959,0.00280762
10,5,-0.000488281,-0.00378418
10,6,0,0.00537109
10,7,0.00378418,0.00195312
10,8,0.00317383,0.000854492
10,9,0.00170898,-0.00195312
10,10,0.00390625,0.000976562
10,11,0.00366211,-0.000610352
10,12,0.00268555,0.0020752
10,13,0.000732422,0.00183105
10,14,0.00183105,0.000732422
10,15,-0.00354004,-0.00158691
10,16,-0.000488281,-0.00427246
10,17,0.00256348,-0.00195312
10,18,0.00280762,0.0020752
10,19,-0.000366211,0.000366211
10,20,0.00219727,-0.0020752
10,21,-0.000610352,-0.00390625
10,22,0.00146484,-0.00231934
10,23,-0.00146484,0.000732422
10,24,0.00244141,0.0012207
10,25,-0.00109863,-0.00183105
10,26,0.000488281,0.00402832
10,27,-0.00231934,-0.00561523
10,28,0.00378418,-0.0045166
10,29,0.00134277,0.00158691
10,30,0,0.000732422
10,31,0.00439453,0.000488281
10,32,-0.000732422,-0.00134277
10,33,-0.000610352,0.00219727
10,34,-0.00219727,-0.00146484
10,35,-0.00012207,-0.00317383
10,36,-0.00512695,-0.00244141
10,37,-0.000366211,-0.00646973
10,38,-0.00256348,0.00292969
10,39,-0.000976562,-0.00219727
10,40,-0.000610352,-0.00439453
10,41,0.00378418,-0.00268555
10,42,-0.0020752,-0.00354004
10,43,-0.000732422,-0.000488281
10,44,0.00109863,0.000854492
10,45,0.00231934,-0.00146484
10,46,-0.000854492,-0.00341797
10,47,0,-0.00231934
11,0,-0.00146484,-0.000732422
11,1,0.00317383,0.000244141
11,2,0.00012207,-0.00231934
11,3,-0.000244141,0.0012207
11,4,-0.000610352,0.0012207
11,5,-0.00134277,0
11,6,-0.000732422,-0.000244141
11,7,-0.0020752,-0.0057373
11,8,-0.000366211,-0.00231934
11,9,0.00341797,-0.00195312
11,10,-0.00195312,0.000976562
11,11,-0.00488281,-0.000488281
11,12,-0.00170898,0.0020752
11,13,-0.00219727,0.00268555
11,14,-0.00158691,0.00317383
11,15,-0.00268555,0.00268555
11,16,-0.000732422,-0.00390625
11,17,-0.00268555,0.00109863
11,18,-0.00195312,0.00878906
11,19,-0.00463867,0.00366211
11,20,0.00146484,-0.0020752
11,21,-0.00341797,0.000732422
11,22,-0.0045166,0.00231934
11,23,-0.00305176,-0.00402832
11,24,-0.00231934,-0.000244141
11,25,0.00390625,0.000854492
11,26,-0.00463867,-0.000854492
11,27,-0.00231934,-0.000610352
11,28,0.00146484,0.000366211
11,29,0.00146484,-0.00134277
11,30,-0.00598145,-0.000732422
11,31,0.0032959,0.00012207
11,32,-0.00280762,-0.00231934
11,33,-0.00500488,0.00378418
11,34,-0.000488281,0.00134277
11,35,0.000976562,-0.00158691
11,36,-0.00012207,-0.000366211
11,37,0.00158691,0.000366211
11,38,-0.00219727,0.00158691
11,39,-0.00268555,-0.000244141
11,40,0,0.000366211
11,41,0.00219727,-0.00012207
11,42,0.00354004,-0.00231934
11,43,0.000244141,0.00183105
11,44,-0.000488281,0.00366211
11,45,0.00170898,-0.00109863
11,46,-0.0020752,0.000366211
11,47,-0.00268555,-0.0012207
12,0,-0.00317383,-0.00158691
12,1,0.0020752,0.00195312
12,2,0.00134277,-0.000488281
12,3,0.00280762,0.000488281
12,4,-0.00610352,0.00183105
12,5,-0.000366211,-0.00292969
12,6,0.000488281,-0.00109863
12,7,-0.00390625,0.00463867
12,8,-0.000610352,0.00720215
12,9,-0.000610352,0.00317383
12,10,-0.00170898,0.00292969
12,11,0.00195312,-0.00170898
12,12,-0.00109863,-0.00231934
12,13,0.000610352,0.000488281
12,14,0.000244141,-0.00134277
12,15,0.00195312,0.0012207
12,16,-0.00695801,0.000488281
12,17,-0.00146484,0.00268555
12,18,-0.00585938,0.000976562
12,19,-0.00268555,0.00256348
12,20,-0.00268555,0.00231934
12,21,0.00012207,0.00280762
12,22,-0.0020752,-0.00646973
12,23,-0.00231934,-0.000854492
12,24,-0.00146484,-0.00158691
12,25,-0.00463867,-0.0012207
12,26,0.00244141,-0.00012207
12,27,-0.000854492,-0.00231934
12,28,0.00256348,-0.00280762
12,29,-0.000854492,-0.0012207
12,30,0.00390625,-0.00170898
12,31,0.00512695,0.00341797
12,32,-0.00634766,-0.00378418
12,33,-0.00183105,0.000610352
12,34,-0.000244141,0.00012207
12,35,-0.00183105,-0.00268555
12,36,0.0032959,-0.00292969
12,37,-0.00317383,0.00683594
12,38,-0.000488281,-0.00268555
12,39,-0.000854492,-0.0045166
12,40,-0.0020752,-0.00366211
12,41,0.00439453,0.00292969
12,42,0.00830078,0.000366211
12,43,-0.00183105,-0.000976562
12,44,-0.00366211,-0.00512695
12,45,-0.00268555,-0.00427246
12,46,-0.00219727,0.000610352
12,47,-0.00280762,-0.00585938
13,0,-0.00170898,0.00598145
13,1,0.00598145,-0.00427246
13,2,-0.00317383,0.000732422
13,3,-0.00134277,-0.00219727
13,4,-0.00720215,0.00158691
13,5,0,0.00134277
13,6,-0.000976562,0.000976562
13,7,-0.00354004,0.00292969
13,8,-0.00354004,-0.00134277
13,9,-0.00134277,0.00244141
13,10,-0.00256348,-0.00268555
13,11,-0.00134277,-0.00476074
13,12,0.000610352,-0.00231934
13,13,-0.0012207,-0.0012207
13,14,0.00183105,-0.00598145
13,15,0.0020752,0.0020752
13,16,-0.00732422,-0.00146484
13,17,0.0032959,-0.00109863
13,18,0.00463867,-0.00012207
13,19,0.000976562,-0.0032959
13,20,-0.00390625,0.00256348
13,21,0.000488281,0.00366211
13,22,0.00109863,0.0012207
13,23,0.00256348,-0.000976562
13,24,-0.00183105,-0.00366211
13,25,-0.00231934,-0.00463867
13,26,-0.0012207,0.00109863
13,27,0.00158691,-0.00488281
13,28,0.00292969,-0.00158691
13,29,-0.000732422,0.000976562
13,30,0.00305176,0.00134277
13,31,0.00305176,-0.00292969
13,32,0.00305176,-0.00244141
13,33,-0.00280762,0.00109863
13,34,-0.00012207,-0.00244141
13,35,-0.0012207,0.000244141
13,36,0.000488281,-0.00170898
13,37,-0.00134277,-0.000610352
13,38,0.00183105,-0.000488281
13,39,-0.000610352,0.00170898
13,40,-0.00183105,0
13,41,0.00146484,-0.000854492
13,42,-0.00366211,-0.000488281
13,43,0.00158691,0.00219727
13,44,0,0.0012207
13,45,0.00012207,0.00427246
13,46,-0.00524902,0.00231934
13,47,0.00292969,-0.0045166
14,0,-0.174438,-0.0394287
14,1,-0.187622,0.0795898
14,2,-0.181885,0.189819
14,3,-0.158569,0.202026
14,4,0.146851,-0.218018
14,5,0.0614014,-0.10498
14,6,-0.0511475,0.133789
14,7,0.020874,0.0548096
14,8,0.10144,0.0123291
14,9,0.0831299,0.0615234
14,10,0.0507812,0.10022
14,11,0.0303955,0.113892
14,12,0.00830078,0.108398
14,13,-0.0140381,0.118164
14,14,-0.0773926,0.0773926
14,15,-0.149048,0.0440674
14,16,-0.14917,0.0131836
14,17,-0.0155029,0.164307
14,18,0.174316,0.279297
14,19,0.183105,0.21582
14,20,0.230957,0.235474
14,21,0.192505,0.154297
14,22,0.125122,0.03479
14,23,-0.0561523,-0.069458
14,24,-0.144409,-0.0595703
14,25,-0.113647,-0.11145
14,26,-0.057251,-0.137085
14,27,-0.0262451,-0.135376
14,28,-0.0134277,-0.129028
14,29,0.00842285,-0.122925
14,30,0.0692139,-0.0881348
14,31,0.105469,-0.0543213
14,32,-0.115479,-0.127319
14,33,-0.0650635,-0.0773926
14,34,-0.0787354,-0.208252
14,35,-0.0554199,-0.19751
14,36,-0.0441895,-0.178101
14,37,-0.0268555,-0.174805
14,38,-0.0217285,-0.095459
14,39,-0.0679932,-0.0446777
14,40,-0.101929,0.123291
14,41,0.0545654,0.145264
14,42,0.180298,0.0247803
14,43,0.165283,-0.0419922
14,44,0.165527,-0.0679932
14,45,0.105225,-0.0993652
14,46,0.010498,-0.173096
14,47,-0.122559,-0.149658
15,0,-0.120239,-0.0224609
15,1,-0.0872803,0.0197754
15,2,-0.0424805,0.0465088
15,3,-0.0233154,0.046875
15,4,0.0179443,-0.0388184
15,5,0.00622559,-0.0078125
15,6,-0.0125732,-0.0321045
15,7,-0.0102539,-0.090332
15,8,-0.0233154,0.0130615
15,9,0.0124512,0.118164
15,10,0.0507812,0.201294
15,11,0.0457764,0.212891
15,12,0.0367432,0.193359
15,13,0.0249023,0.185425
15,14,-0.0437012,0.0604248
15,15,-0.138062,-0.0529785
15,16,-0.133423,0.0294189
15,17,0.00695801,0.06604
15,18,0.176392,0.0794678
15,19,0.160156,0.0616455
15,20,0.18396,0.0616455
15,21,0.122192,0.0383301
15,22,-0.0286865,0.00952148
15,23,-0.177124,-0.00317383
15,24,-0.104614,0.129517
15,25,-0.130127,0.12793
15,26,-0.153442,0.050293
15,27,-0.158936,0.00927734
15,28,-0.16394,-0.00891113
15,29,-0.164673,-0.0447998
15,30,-0.151611,-0.108154
15,31,-0.0913086,-0.105713
15,32,-0.00964355,0.0142822
15,33,-0.0515137,-0.00585938
15,34,-0.165283,-0.0715332
15,35,-0.159668,-0.0717773
15,36,-0.150513,-0.0687256
15,37,-0.146118,-0.0651855
15,38,-0.103149,-0.0244141
15,39,-0.0767822,-0.0150146
15,40,-0.088501,-0.00134277
15,41,0.0759277,0.0423584
15,42,0.162964,-0.0301514
15,43,0.127197,-0.0631104
15,44,0.113892,-0.0910645
15,45,0.0355225,-0.095459
15,46,-0.14917,-0.119873
15,47,-0.290039,-0.0750732
16,0,0.1073,-0.0960693
16,1,0.120728,-0.0772705
16,2,0.131836,-0.0473633
16,3,0.11853,-0.0395508
16,4,-0.121216,0.038208
16,5,-0.057373,0.0206299
16,6,0.0911865,-0.0500488
16,7,0.0982666,-0.105835
16,8,0.178345,0.102173
16,9,0.163086,0.220947
16,10,0.0993652,0.243164
16,11,0.0554199,0.231567
16,12,0.0275879,0.195312
16,13,-0.0245361,0.172119
16,14,-0.105103,0.0500488
16,15,-0.143799,-0.0496826
16,16,0.00427246,-0.0913086
16,17,0.0390625,-0.0848389
16,18,0.0557861,-0.0805664
16,19,0.0362549,-0.0656738
16,20,0.0217285,-0.074707
16,21,-0.0144043,-0.0601807
16,22,-0.147339,-0.0272217
16,23,-0.233032,0.0932617
16,24,-0.218628,0.179443
16,25,-0.248413,0.0662842
16,26,-0.234131,-0.0306396
16,27,-0.221436,-0.0679932
16,28,-0.215454,-0.0866699
16,29,-0.202026,-0.11792
16,30,-0.161621,-0.180542
16,31,-0.0767822,-0.209229
16,32,0.0246582,0.104492
16,33,-0.0153809,0.0571289
16,34,-0.119019,0.0782471
16,35,-0.136841,0.0484619
16,36,-0.146118,0.0302734
16,37,-0.183472,0.0108643
16,38,-0.198486,-0.0692139
16,39,-0.140503,-0.102417
16,40,-0.169678,0.0736084
16,41,-0.0253906,0.206177
16,42,0.180176,0.158447
16,43,0.191528,0.0640869
16,44,0.18811,0.0129395
16,45,0.112671,-0.0639648
16,46,-0.11084,-0.205444
16,47,-0.381592,-0.0927734
17,0,0.203369,-0.282349
17,1,0.166992,-0.142212
17,2,0.124634,0.0220947
17,3,0.0998535,0.0734863
17,4,-0.103027,-0.0864258
17,5,-0.0452881,-0.0549316
17,6,0.103027,0.0640869
17,7,0.187988,-0.0578613
17,8,0.381226,0.0524902
17,9,0.260498,0.237183
17,10,0.0528564,0.343384
17,11,-0.0308838,0.362305
17,12,-0.0655518,0.321533
17,13,-0.151123,0.330811
17,14,-0.226929,0.154907
17,15,-0.30188,-0.0134277
17,16,-0.173584,-0.372803
17,17,-0.16394,-0.198608
17,18,-0.0782471,0.0438232
17,19,-0.0452881,0.086792
17,20,-0.0456543,0.114014
17,21,-0.0556641,0.113892
17,22,-0.240601,0.106689
17,23,-0.452515,0.109619
17,24,-0.580322,0.0861816
17,25,-0.551636,-0.123291
17,26,-0.39917,-0.25
17,27,-0.325928,-0.282837
17,28,-0.292725,-0.297485
17,29,-0.211548,-0.307251
17,30,-0.0247803,-0.348389
17,31,0.119751,-0.338379
17,32,-0.197998,0.0185547
17,33,-0.143677,0.00280762
17,34,-0.264526,-0.0893555
17,35,-0.226562,-0.111816
17,36,-0.200684,-0.116821
17,37,-0.190552,-0.147095
17,38,-0.168091,-0.180298
17,39,-0.200439,-0.206665
17,40,-0.430786,0.22998
17,41,-0.0065918,0.445312
17,42,0.570801,0.21228
17,43,0.630859,-0.0192871
17,44,0.666992,-0.12793
17,45,0.49353,-0.295776
17,46,0.123291,-0.624512
17,47,-0.500366,-0.461182
18,0,-0.0313721,-0.2771
18,1,0.0339355,-0.179077
18,2,0.126709,-0.0334473
18,3,0.137329,0.0166016
18,4,-0.146729,-0.041748
18,5,-0.0736084,-0.0368652
18,6,0.0859375,0.0679932
18,7,0.0125732,-0.0400391
18,8,0.229004,-0.311523
18,9,0.230347,-0.170044
18,10,0.161499,0.0452881
18,11,0.135864,0.146851
18,12,0.112793,0.182739
18,13,0.11084,0.280151
18,14,0.0738525,0.336792
18,15,-0.00268555,0.353516
18,16,-0.489014,-0.0841064
18,17,-0.331055,0.0147705
18,18,0.00292969,0.127563
18,19,0.0897217,0.128418
18,20,0.129028,0.164551
18,21,0.129028,0.161377
18,22,0.0257568,0.278198
18,23,-0.165649,0.327148
18,24,-0.274292,0.489624
18,25,-0.367188,0.415771
18,26,-0.373413,0.226318
18,27,-0.369141,0.142456
18,28,-0.358398,0.10083
18,29,-0.333252,0.0246582
18,30,-0.266235,-0.156494
18,31,-0.171021,-0.243652
18,32,-0.27417,-0.0460205
18,33,-0.190186,0.00695801
18,34,-0.367432,-0.0144043
18,35,-0.301758,-0.0098877
18,36,-0.266602,-0.00549316
18,37,-0.230713,0.0125732
18,38,-0.124268,0.0905762
18,39,-0.122314,0.133423
18,40,0.112061,0.487915
18,41,0.536133,0.194336
18,42,0.638916,-0.397339
18,43,0.469116,-0.532227
18,44,0.386597,-0.604004
18,45,0.122681,-0.529541
18,46,-0.32959,-0.357422
18,47,-0.570312,0.128784
19,0,0.0460205,-0.0559082
19,1,0.0447998,-0.120117
19,2,0.0755615,-0.252319
19,3,0.0825195,-0.284058
19,4,-0.0881348,0.309204
19,5,-0.0513916,0.167358
19,6,0.115479,-0.291992
19,7,0.102905,-0.209473
19,8,0.000244141,0.0584717
19,9,-0.0893555,0.0784912
19,10,-0.154785,0.0576172
19,11,-0.148071,0.0150146
19,12,-0.130859,-0.0137939
19,13,-0.101318,-0.0830078
19,14,0.0438232,-0.2146
19,15,0.214722,-0.320557
19,16,0.124878,0.0279541
19,17,0.017334,-0.0194092
19,18,-0.112549,-0.057251
19,19,-0.11731,-0.0476074
19,20,-0.150146,-0.0454102
19,21,-0.123169,-0.0166016
19,22,-0.0783691,0.0548096
19,23,0.024292,0.101929
19,24,0.188721,0.198242
19,25,0.139526,0.234375
19,26,0.034668,0.192505
19,27,0.000854492,0.171265
19,28,-0.0129395,0.155762
19,29,-0.041748,0.130493
19,30,-0.0369873,0.0773926
19,31,-0.0065918,0.0507812
19,32,0.000366211,0.216797
19,33,0.0118408,0.128906
19,34,0.0152588,0.269531
19,35,0.0187988,0.2229
19,36,0.0172119,0.194702
19,37,0.0318604,0.159912
19,38,0.086792,0.0332031
19,39,0.163208,-0.0500488
19,40,0.0513916,-0.388062
19,41,-0.253662,-0.37793
19,42,-0.374268,-0.195923
19,43,-0.296143,-0.085083
19,44,-0.274658,-0.0546875
19,45,-0.150269,0.0234375
19,46,0.0184326,0.116943
19,47,0.12085,0.120972
20,0,-0.255859,0.5448
20,1,-0.197388,0.772217
20,2,-0.19104,0.849976
20,3,-0.15979,0.78418
20,4,0.131958,-0.786255
20,5,0.0489502,-0.350952
20,6,-0.0373535,0.459595
20,7,0.0911865,0.354492
20,8,-0.0821533,0.0314941
20,9,-0.140259,-0.135498
20,10,-0.078125,-0.238525
20,11,-0.0235596,-0.257935
20,12,0.00146484,-0.232178
20,13,0.0635986,-0.227417
20,14,0.140869,-0.0742188
20,15,0.190796,0.113037
20,16,0.0740967,0.578369
20,17,0.393311,0.540771
20,18,0.689331,0.221924
20,19,0.611084,0.0410156
20,20,0.728149,-0.0466309
20,21,0.60791,-0.168945
20,22,0.561523,-0.426514
20,23,0.184448,-0.377563
20,24,-0.103638,-0.359375
20,25,0.0349121,-0.469116
20,26,0.180542,-0.417725
20,27,0.260132,-0.367798
20,28,0.291382,-0.344116
20,29,0.348877,-0.274658
20,30,0.504517,-0.117798
20,31,0.502441,0.0440674
20,32,-0.586304,-0.164185
20,33,-0.208862,-0.120361
20,34,-0.16687,-0.428345
20,35,-0.0725098,-0.445312
20,36,-0.0356445,-0.423706
20,37,0.050293,-0.453979
20,38,0.177856,-0.33313
20,39,0.167847,-0.0881348
20,40,0.179565,-0.0175781
20,41,-0.147583,-0.0732422
20,42,-0.383423,0.132568
20,43,-0.309448,0.196411
20,44,-0.270142,0.241821
20,45,-0.100708,0.217529
20,46,0.279785,0.0909424
20,47,0.43689,-0.238647
21,0,0.20166,-0.275146
21,1,-0.0526123,-0.43811
21,2,-0.245361,-0.52771
21,3,-0.277954,-0.477661
21,4,0.315552,0.452881
21,5,0.159668,0.184937
21,6,-0.266846,-0.141846
21,7,-0.297485,0.0600586
21,8,-0.322998,0.00354004
21,9,-0.167236,0.0333252
21,10,0.013916,0.0828857
21,11,0.0697021,0.0888672
21,12,0.0863037,0.0875244
21,13,0.125488,0.0870361
21,14,0.0883789,0.00158691
21,15,-0.00427246,-0.120483
21,16,-0.119995,-0.283203
21,17,-0.600098,-0.214355
21,18,-0.940308,-0.00646973
21,19,-0.765625,0.0856934
21,20,-0.852905,0.154785
21,21,-0.615845,0.207764
21,22,-0.259033,0.349121
21,23,0.192261,0.196045
21,24,0.288574,0.0164795
21,25,0.34668,0.162964
21,26,0.324219,0.247925
21,27,0.272339,0.28125
21,28,0.240112,0.30188
21,29,0.158081,0.303101
21,30,-0.105469,0.330078
21,31,-0.320435,0.270142
21,32,0.720093,-0.301392
21,33,0.281494,-0.0996094
21,34,0.342529,0.0756836
21,35,0.223511,0.15271
21,36,0.162598,0.189575
21,37,0.0714111,0.255371
21,38,-0.0931396,0.273315
21,39,-0.122559,0.11377
21,40,0.144043,-0.164307
21,41,0.358154,-0.197144
21,42,0.321655,-0.182251
21,43,0.189087,-0.0906982
21,44,0.14209,-0.0537109
21,45,0.0196533,0.0523682
21,46,-0.124023,0.326172
21,47,-0.00830078,0.422729
22,0,-0.163452,0.0701904
22,1,0.0338135,-0.0786133
22,2,0.173584,-0.141113
22,3,0.177246,-0.144653
22,4,-0.171021,0.155762
22,5,-0.0718994,0.0789795
22,6,0.0463867,-0.155518
22,7,-0.0344238,-0.208984
22,8,0.132202,-0.311157
22,9,0.0986328,-0.286377
22,10,-0.0177002,-0.162842
22,11,-0.0726318,-0.0891113
22,12,-0.0859375,-0.0428467
22,13,-0.123657,0.0214844
22,14,-0.0878906,0.140137
22,15,-0.000244141,0.18689
22,16,0.0269775,0.134155
22,17,0.228638,-0.034668
22,18,0.358032,-0.158813
22,19,0.293457,-0.145508
22,20,0.331299,-0.178589
22,21,0.244629,-0.133789
22,22,0.190674,-0.0855713
22,23,0.120605,-0.0246582
22,24,0.0991211,0.00708008
22,25,-0.0296631,0.0924072
22,26,-0.0931396,0.140503
22,27,-0.0968018,0.128296
22,28,-0.0899658,0.119995
22,29,-0.0645752,0.0882568
22,30,0.0322266,-0.0368652
22,31,0.0924072,-0.141235
22,32,-0.155762,0.345825
22,33,-0.0114746,0.0957031
22,34,0.0643311,0.0308838
22,35,0.0976562,-0.00488281
22,36,0.105713,-0.0179443
22,37,0.13208,-0.0306396
22,38,0.15332,0.0130615
22,39,0.123413,0.0678711
22,40,0.0299072,0.27478
22,41,-0.136597,0.324951
22,42,-0.259644,0.241333
22,43,-0.225586,0.155273
22,44,-0.230713,0.130249
22,45,-0.1521,0.0533447
22,46,-0.0183105,-0.0639648
22,47,0.142212,-0.115112
23,0,0.0507812,-0.0335693
23,1,0.0588379,0.110596
23,2,0.0633545,0.199219
23,3,0.0601807,0.192871
23,4,-0.0695801,-0.198975
23,5,-0.0354004,-0.0965576
23,6,0.0666504,0.1521
23,7,0.0759277,0.162109
23,8,0.0206299,0.226562
23,9,-0.00268555,0.173706
23,10,-0.0224609,0.0482178
23,11,-0.0256348,-0.0125732
23,12,-0.019165,-0.0357666
23,13,-0.0130615,-0.0860596
23,14,0.000854492,-0.10498
23,15,0.00134277,-0.0782471
23,16,-0.0944824,-0.0408936
23,17,-0.0854492,0.071167
23,18,-0.0716553,0.10498
23,19,-0.050293,0.0854492
23,20,-0.0596924,0.0895996
23,21,-0.0512695,0.0570068
23,22,-0.108032,0.0114746
23,23,-0.149048,0.0112305
23,24,-0.160156,-0.0166016
23,25,-0.104492,-0.067749
23,26,-0.000610352,-0.100464
23,27,0.0269775,-0.102783
23,28,0.0410156,-0.0928955
23,29,0.0595703,-0.0749512
23,30,0.0556641,0.010498
23,31,0.0184326,0.0933838
23,32,-0.0714111,-0.197876
23,33,-0.0296631,-0.0430908
23,34,-0.0430908,-0.00878906
23,35,-0.0345459,0.000732422
23,36,-0.0270996,-0.000366211
23,37,-0.0289307,-0.00537109
23,38,-0.0489502,-0.0616455
23,39,-0.0535889,-0.0855713
23,40,-0.0125732,-0.0802002
23,41,-0.00378418,-0.133789
23,42,-0.0211182,-0.123291
23,43,-0.0384521,-0.0981445
23,44,-0.0517578,-0.0861816
23,45,-0.0648193,-0.052124
23,46,-0.137817,-0.0249023
23,47,-0.190796,0.000610352
24,0,-0.0175781,0.101196
24,1,-0.103882,0.0253906
24,2,-0.157349,-0.0330811
24,3,-0.148071,-0.0314941
24,4,0.147217,0.0283203
24,5,0.0648193,0.00646973
24,6,-0.0635986,-0.00732422
24,7,-0.0137939,0.00939941
24,8,-0.0507812,-0.010376
24,9,-0.0625,-0.0012207
24,10,-0.0507812,0.0162354
24,11,-0.0378418,0.0301514
24,12,-0.02771,0.0307617
24,13,-0.0131836,0.0458984
24,14,0.0115967,0.050415
24,15,0.0288086,0.0594482
24,16,0.0817871,0.0600586
24,17,0.0280762,0.00158691
24,18,-0.0111084,-0.0400391
24,19,-0.0106201,-0.0322266
24,20,-0.00769043,-0.0452881
24,21,0.00976562,-0.0351562
24,22,0.0527344,-0.0246582
24,23,0.0727539,-0.0177002
24,24,0.0706787,-0.010498
24,25,0.0908203,0.00366211
24,26,0.0770264,0.0109863
24,27,0.0626221,0.00488281
24,28,0.0501709,0.00805664
24,29,0.0345459,0.00231934
24,30,-0.000854492,-0.0222168
24,31,-0.00830078,-0.0314941
24,32,0.067627,0.0698242
24,33,0.0129395,-0.0106201
24,34,-0.0032959,-0.0639648
24,35,-0.00500488,-0.0592041
24,36,-0.000366211,-0.0532227
24,37,-0.00512695,-0.0483398
24,38,0.020874,0.0151367
24,39,0.0390625,0.0546875
24,40,0.0427246,0.0100098
24,41,0.0657959,0.0126953
24,42,0.098999,0.0224609
24,43,0.103638,0.024292
24,44,0.112183,0.0228271
24,45,0.0996094,0.0213623
24,46,0.121338,0.0238037
24,47,0.102905,-0.000488281
25,0,0.0328369,-0.0185547
25,1,0.050415,-0.0623779
25,2,0.0410156,-0.0866699
25,3,0.0299072,-0.0842285
25,4,-0.0239258,0.0814209
25,5,-0.00524902,0.0350342
25,6,-0.0219727,-0.0324707
25,7,-0.0543213,-0.00366211
25,8,-0.0473633,-0.052124
25,9,-0.0106201,-0.0621338
25,10,0.0291748,-0.0596924
25,11,0.0336914,-0.0439453
25,12,0.0318604,-0.0378418
25,13,0.0429688,-0.0230713
25,14,0.0323486,0.0125732
25,15,0.0131836,0.0161133
25,16,-0.0692139,0.0078125
25,17,-0.0615234,-0.0332031
25,18,-0.0574951,-0.0496826
25,19,-0.0427246,-0.0357666
25,20,-0.0498047,-0.0396729
25,21,-0.038208,-0.0144043
25,22,-0.0537109,0.0220947
25,23,-0.0440674,0.034668
25,24,-0.0385742,0.0211182
25,25,-0.041626,0.067627
25,26,-0.00463867,0.0727539
25,27,0.00415039,0.0650635
25,28,0.00878906,0.0657959
25,29,0.0158691,0.0528564
25,30,-0.00793457,0.0175781
25,31,-0.0543213,-0.000976562
25,32,0.0289307,0.0340576
25,33,0.0183105,0.0217285
25,34,0.010498,0.0623779
25,35,0.00561523,0.0717773
25,36,-0.000488281,0.0654297
25,37,-0.0032959,0.0734863
25,38,-0.0203857,0.0626221
25,39,-0.0289307,0.0391846
25,40,-0.0455322,0.0275879
25,41,-0.0357666,0.00927734
25,42,-0.0455322,-0.00610352
25,43,-0.0449219,-0.0166016
25,44,-0.0507812,-0.0142822
25,45,-0.0478516,-0.000610352
25,46,-0.0693359,0.0335693
25,47,-0.0493164,0.0595703
26,0,-0.0749512,0.156982
26,1,0.0107422,0.0943604
26,2,0.0601807,-0.000976562
26,3,0.0611572,-0.0421143
26,4,-0.0672607,0.05896
26,5,-0.0263672,0.0427246
26,6,0.0119629,-0.103638
26,7,-0.0568848,-0.109253
26,8,-0.0158691,-0.12793
26,9,0.0926514,-0.116455
26,10,0.16626,-0.0478516
26,11,0.17395,-0.00439453
26,12,0.153687,0.00769043
26,13,0.144531,0.0424805
26,14,0.0400391,0.0865479
26,15,-0.0806885,0.088501
26,16,-0.158813,-0.00769043
26,17,-0.0939941,-0.0361328
26,18,0.0168457,-0.0562744
26,19,0.0450439,-0.053833
26,20,0.0654297,-0.0646973
26,21,0.0731201,-0.0587158
26,22,0.106567,-0.106445
26,23,0.100098,-0.109497
26,24,-0.0211182,-0.175659
26,25,-0.140991,-0.125854
26,26,-0.106934,0.0332031
26,27,-0.043335,0.0870361
26,28,-0.0161133,0.106323
26,29,0.0672607,0.122437
26,30,0.199219,0.057251
26,31,0.131714,-0.0744629
26,32,-0.161377,0.0499268
26,33,-0.0601807,0.0163574
26,34,-0.0915527,0.0216064
26,35,-0.0838623,0.0275879
26,36,-0.0814209,0.0222168
26,37,-0.0892334,0.0316162
26,38,-0.100586,0.0373535
26,39,-0.124512,0.0239258
26,40,-0.125366,-0.0974121
26,41,-0.0963135,-0.107544
26,42,-0.0684814,-0.106567
26,43,-0.043335,-0.0865479
26,44,-0.0361328,-0.0894775
26,45,-0.015625,-0.064209
26,46,0.03125,-0.0686035
26,47,0.078125,-0.0698242
27,0,-0.0925293,0.197632
27,1,0.0020752,0.197998
27,2,0.0864258,0.170166
27,3,0.100952,0.140137
27,4,-0.122314,-0.138306
27,5,-0.0620117,-0.053833
27,6,0.090332,0.0401611
27,7,0.0424805,-0.0213623
27,8,0.000854492,-0.0952148
27,9,0.0324707,-0.0341797
27,10,0.052124,0.0308838
27,11,0.0537109,0.0513916
27,12,0.0427246,0.0515137
27,13,0.0428467,0.0802002
27,14,0.0233154,0.0822754
27,15,-0.0148926,0.0842285
27,16,-0.124756,0.00109863
27,17,-0.0753174,-0.0478516
27,18,0.0164795,-0.083252
27,19,0.0476074,-0.079834
27,20,0.0697021,-0.0924072
27,21,0.0895996,-0.0811768
27,22,0.159058,-0.0994873
27,23,0.150513,-0.0667725
27,24,0.0563965,-0.15332
27,25,-0.0209961,-0.160645
27,26,-0.050415,-0.0560303
27,27,-0.041748,-0.000610352
27,28,-0.0328369,0.0247803
27,29,-0.00720215,0.067749
27,30,0.064209,0.0848389
27,31,0.0621338,-0.0163574
27,32,-0.181519,0.0133057
27,33,-0.0897217,-0.0211182
27,34,-0.161011,-0.116089
27,35,-0.134888,-0.114136
27,36,-0.113892,-0.1073
27,37,-0.0963135,-0.119141
27,38,-0.0452881,-0.0924072
27,39,-0.0251465,-0.0428467
27,40,-0.000244141,-0.0915527
27,41,0.020752,-0.110718
27,42,0.0415039,-0.0878906
27,43,0.0443115,-0.0609131
27,44,0.0488281,-0.0522461
27,45,0.0447998,-0.0294189
27,46,0.0789795,-0.0184326
27,47,0.117798,-0.0211182
28,0,-0.210449,0.595459
28,1,-0.0257568,0.665283
28,2,0.146851,0.714722
28,3,0.187988,0.664795
28,4,-0.232788,-0.66626
28,5,-0.130859,-0.307373
28,6,0.245728,0.424072
28,7,0.268188,0.277344
28,8,-0.0284424,0.0983887
28,9,-0.162109,0.12207
28,10,-0.179932,0.0626221
28,11,-0.144287,0.0239258
28,12,-0.103149,0.00585938
28,13,-0.0449219,-0.0344238
28,14,0.143433,-0.0512695
28,15,0.295776,0.0213623
28,16,0.117188,0.283569
28,17,0.42749,0.0656738
28,18,0.685425,-0.240356
28,19,0.572266,-0.291382
28,20,0.649658,-0.380859
28,21,0.489868,-0.374878
28,22,0.332031,-0.466431
28,23,0.00134277,-0.253296
28,24,-0.208252,-0.160767
28,25,-0.171265,-0.247437
28,26,-0.102783,-0.214478
28,27,-0.0646973,-0.193115
28,28,-0.0435791,-0.177246
28,29,-0.0126953,-0.15271
28,30,0.0588379,-0.11377
28,31,0.130493,-0.0893555
28,32,-0.624634,0.186401
28,33,-0.298462,0.00866699
28,34,-0.512939,-0.227417
28,35,-0.416504,-0.261597
28,36,-0.358887,-0.271484
28,37,-0.283325,-0.317383
28,38,-0.0432129,-0.267822
28,39,0.121704,-0.0941162
28,40,0.17981,-0.220093
28,41,-0.00610352,-0.308594
28,42,-0.0970459,-0.185181
28,43,-0.06604,-0.105225
28,44,-0.0499268,-0.074585
28,45,0,-0.0238037
28,46,0.0839844,-0.0284424
28,47,0.0141602,-0.0600586
29,0,-0.24292,0.340942
29,1,-0.191406,0.644165
29,2,-0.0894775,0.841797
29,3,-0.0340576,0.800537
29,4,-0.0100098,-0.807251
29,5,-0.0314941,-0.364258
29,6,0.147949,0.410156
29,7,0.294067,0.0823975
29,8,0.202393,-0.0577393
29,9,0.0950928,0.182251
29,10,0.0755615,0.291504
29,11,0.0891113,0.306885
29,12,0.083374,0.266724
29,13,0.102051,0.272217
29,14,0.0849609,0.166626
29,15,0.015625,0.174072
29,16,-0.126465,-0.194458
29,17,0.138916,-0.165405
29,18,0.495972,-0.147095
29,19,0.477051,-0.118652
29,20,0.58667,-0.137817
29,21,0.493774,-0.115845
29,22,0.427979,-0.092041
29,23,0.0646973,0.0908203
29,24,-0.120117,-0.0601807
29,25,-0.202026,-0.286133
29,26,-0.327637,-0.242798
29,27,-0.356934,-0.180908
29,28,-0.357788,-0.141235
29,29,-0.334839,-0.0703125
29,30,-0.16333,-0.0115967
29,31,0.0904541,-0.147705
29,32,-0.468506,-0.134521
29,33,-0.293701,-0.0767822
29,34,-0.640381,-0.28125
29,35,-0.579956,-0.285522
29,36,-0.525879,-0.282593
29,37,-0.500854,-0.305664
29,38,-0.292358,-0.245483
29,39,-0.127197,-0.0830078
29,40,0.0491943,-0.129395
29,41,0.240967,-0.420288
29,42,0.41272,-0.612061
29,43,0.395264,-0.567383
29,44,0.405884,-0.568604
29,45,0.279053,-0.422363
29,46,0.106934,-0.241699
29,47,-0.217163,0.110962
30,0,0.452759,-0.209229
30,1,-0.112549,-0.138306
30,2,-0.619141,0.00366211
30,3,-0.691895,0.0618896
30,4,0.726929,-0.0936279
30,5,0.35437,-0.0670166
30,6,-0.42688,0.169067
30,7,-0.00390625,0.270874
30,8,-0.0643311,0.257935
30,9,-0.353149,0.106567
30,10,-0.389893,-0.00427246
30,11,-0.343628,-0.0463867
30,12,-0.269043,-0.0628662
30,13,-0.182739,-0.11377
30,14,0.0975342,-0.173584
30,15,0.299683,-0.237549
30,16,0.556152,0.0761719
30,17,0.373291,0.279297
30,18,0.159058,0.459595
30,19,0.0609131,0.359619
30,20,0.0253906,0.398438
30,21,-0.0529785,0.262573
30,22,-0.285645,-0.0488281
30,23,-0.525146,-0.421021
30,24,-0.463745,-0.200439
30,25,-0.0369873,-0.133301
30,26,0.242432,-0.216309
30,27,0.281494,-0.270508
30,28,0.28064,-0.297729
30,29,0.246582,-0.327026
30,30,0.125488,-0.254761
30,31,0.129639,0.0631104
30,32,0.199097,-0.0723877
30,33,0.0133057,-0.102417
30,34,0.0377197,-0.28125
30,35,0.072998,-0.268311
30,36,0.0883789,-0.246582
30,37,0.151245,-0.230591
30,38,0.263062,-0.118408
30,39,0.283813,-0.0384521
30,40,-0.111938,0.177979
30,41,-0.0673828,0.306641
30,42,0.216431,0.359253
30,43,0.319702,0.282104
30,44,0.380981,0.257812
30,45,0.36731,0.124268
30,46,0.341919,-0.141357
30,47,-0.120483,-0.482544
31,0,0.201294,0.420898
31,1,0.155884,0.19165
31,2,0.0289307,-0.0754395
31,3,-0.0223389,-0.150757
31,4,0.0561523,0.18457
31,5,0.0532227,0.102295
31,6,-0.216797,-0.165894
31,7,-0.39209,-0.000732422
31,8,-0.392578,-0.0671387
31,9,-0.11499,-0.269043
31,10,0.137939,-0.365723
31,11,0.225586,-0.360107
31,12,0.23877,-0.309326
31,13,0.300903,-0.27478
31,14,0.229736,-0.0256348
31,15,0.128784,0.221191
31,16,-0.265259,0.482788
31,17,-0.332397,0.434814
31,18,-0.317749,0.244629
31,19,-0.207153,0.0997314
31,20,-0.204346,0.0588379
31,21,-0.102295,-0.0557861
31,22,0.11731,-0.341309
31,23,0.334473,-0.468994
31,24,0.0169678,-0.306152
31,25,-0.0922852,-0.0618896
31,26,0.108521,0.140015
31,27,0.231812,0.172119
31,28,0.288574,0.176392
31,29,0.37793,0.146606
31,30,0.390991,0.00537109
31,31,0.0306396,-0.0395508
31,32,-0.0408936,0.090332
31,33,0.0158691,-0.0250244
31,34,0.143188,-0.141846
31,35,0.167114,-0.158936
31,36,0.170654,-0.153687
31,37,0.196289,-0.154419
31,38,0.17334,-0.0697021
31,39,0.0544434,0.0811768
31,40,-0.359131,-0.0699463
31,41,-0.501343,-0.0672607
31,42,-0.534058,0.144287
31,43,-0.426636,0.198608
31,44,-0.392944,0.237671
31,45,-0.217896,0.211914
31,46,0.0933838,0.136963
31,47,0.427979,-0.1604
32,0,-0.0280762,-0.55127
32,1,-0.0626221,-0.666504
32,2,-0.0579834,-0.735229
32,3,-0.0671387,-0.692749
32,4,0.0950928,0.69458
32,5,0.0559082,0.323242
32,6,-0.172241,-0.501953
32,7,-0.359741,-0.430176
32,8,-0.19043,-0.545166
32,9,0.0981445,-0.476807
32,10,0.28479,-0.235596
32,11,0.315796,-0.114502
32,12,0.286499,-0.0440674
32,13,0.288574,0.0662842
32,14,0.0894775,0.210083
32,15,-0.0957031,0.256592
32,16,-0.240479,-0.190796
32,17,-0.521362,-0.0881348
32,18,-0.779785,0.112427
32,19,-0.634155,0.177979
32,20,-0.712769,0.27063
32,21,-0.526489,0.305176
32,22,-0.2229,0.54541
32,23,0.30957,0.471558
32,24,0.491943,0.407349
32,25,0.347656,0.675415
32,26,0.146362,0.65918
32,27,0.0289307,0.610596
32,28,-0.0379639,0.561523
32,29,-0.161133,0.453369
32,30,-0.509644,0.215088
32,31,-0.66626,0.0324707
32,32,0.505249,-0.286621
32,33,0.268921,-0.0299072
32,34,0.526001,0.312256
32,35,0.447144,0.397705
32,36,0.394897,0.425537
32,37,0.354492,0.521851
32,38,0.143433,0.553589
32,39,-0.0378418,0.366699
32,40,0.28833,0.320312
32,41,0.466919,0.0284424
32,42,0.141235,-0.381714
32,43,-0.10376,-0.394165
32,44,-0.223389,-0.392334
32,45,-0.349121,-0.250488
32,46,-0.524048,0.135254
32,47,-0.0709229,0.535645
33,0,0.000854492,-0.425049
33,1,-0.052002,-0.689453
33,2,-0.126465,-0.825439
33,3,-0.161255,-0.775269
33,4,0.196899,0.759399
33,5,0.107666,0.345581
33,6,-0.216919,-0.471558
33,7,-0.285645,-0.32312
33,8,0.00976562,-0.287354
33,9,0.0716553,-0.22583
33,10,0.015625,-0.129395
33,11,-0.0280762,-0.0925293
33,12,-0.0495605,-0.0740967
33,13,-0.0983887,-0.0524902
33,14,-0.148193,-0.0230713
33,15,-0.169312,-0.0462646
33,16,-0.217896,-0.306396
33,17,-0.495605,-0.283447
33,18,-0.665649,-0.00146484
33,19,-0.511719,0.123047
33,20,-0.559204,0.220459
33,21,-0.365967,0.2771
33,22,0.0213623,0.477783
33,23,0.46875,0.293457
33,24,0.580566,0.0526123
33,25,0.41333,0.285156
33,26,0.133301,0.459595
33,27,0.015625,0.51062
33,28,-0.0474854,0.525879
33,29,-0.141602,0.526489
33,30,-0.324585,0.473389
33,31,-0.353027,0.263184
33,32,0.461182,0.312378
33,33,0.334595,0.0876465
33,34,0.750977,0.145874
33,35,0.668701,0.10437
33,36,0.604126,0.0876465
33,37,0.544556,0.0823975
33,38,0.199707,0.0725098
33,39,-0.0512695,0.0510254
33,40,-0.144287,0.34314
33,41,-0.0380859,0.377075
33,42,0.0142822,0.189087
33,43,-0.00354004,0.0946045
33,44,-0.00805664,0.0527344
33,45,-0.020874,0.0032959
33,46,0.020874,0.0148926
33,47,0.311523,0.0739746
34,0,-0.0289307,0.0810547
34,1,0.16333,0.100098
34,2,0.344604,0.0803223
34,3,0.369629,0.0505371
34,4,-0.386353,-0.0286865
34,5,-0.190552,0.00732422
34,6,0.287109,-0.0559082
34,7,0.184082,-0.111694
34,8,0.193848,-0.180786
34,9,0.0535889,-0.182983
34,10,-0.114624,-0.178467
34,11,-0.152466,-0.174072
34,12,-0.147461,-0.155762
34,13,-0.151123,-0.141479
34,14,-0.000732422,-0.0439453
34,15,0.198853,0.0570068
34,16,-0.0236816,-0.0258789
34,17,0.104126,-0.0595703
34,18,0.197388,-0.111694
34,19,0.171265,-0.109131
34,20,0.199219,-0.130981
34,21,0.149536,-0.116089
34,22,0.114136,-0.146118
34,23,0.0799561,-0.0523682
34,24,0.0367432,0.0561523
34,25,-0.149536,0.0219727
34,26,-0.237549,0.00915527
34,27,-0.232544,-0.00109863
34,28,-0.2146,-0.00964355
34,29,-0.16687,-0.0355225
34,30,-0.0170898,-0.141235
34,31,0.0882568,-0.206055
34,32,-0.179321,0.326416
34,33,-0.0560303,0.156616
34,34,-0.104858,0.18042
34,35,-0.0960693,0.114014
34,36,-0.0916748,0.0782471
34,37,-0.0910645,0.0250244
34,38,-0.0528564,-0.0550537
34,39,0.0461426,-0.0117188
34,40,0.167114,-0.0246582
34,41,-0.0811768,-0.113403
34,42,-0.290161,-0.184448
34,43,-0.30127,-0.207153
34,44,-0.32019,-0.224731
34,45,-0.258301,-0.189697
34,46,-0.208618,-0.221069
34,47,-0.100342,-0.132446
35,0,-0.0632324,0.0582275
35,1,-0.15625,0.209351
35,2,-0.211304,0.378418
35,3,-0.19397,0.402466
35,4,0.181641,-0.433228
35,5,0.0782471,-0.226074
35,6,-0.0596924,0.393921
35,7,0.0726318,0.363159
35,8,-0.0307617,0.195679
35,9,-0.147095,0.0963135
35,10,-0.142578,-0.0368652
35,11,-0.104614,-0.09021
35,12,-0.074585,-0.0911865
35,13,-0.0252686,-0.128906
35,14,0.0876465,-0.0681152
35,15,0.152344,0.0688477
35,16,0.137085,0.273193
35,17,0.219971,0.379761
35,18,0.291626,0.336548
35,19,0.234741,0.220215
35,20,0.257324,0.21167
35,21,0.179565,0.115967
35,22,0.0469971,-0.041626
35,23,-0.171021,-0.0792236
35,24,-0.262939,0.0355225
35,25,-0.0793457,-0.0166016
35,26,0.0794678,-0.131714
35,27,0.117798,-0.175049
35,28,0.130859,-0.192383
35,29,0.120728,-0.217529
35,30,0.0717773,-0.183472
35,31,0.0583496,-0.00793457
35,32,-0.0513916,-0.141602
35,33,-0.0505371,-0.0683594
35,34,-0.0866699,-0.174072
35,35,-0.0600586,-0.17041
35,36,-0.0419922,-0.165771
35,37,0.00195312,-0.177856
35,38,0.11145,-0.133423
35,39,0.134033,-0.0100098
35,40,0.155396,0.232178
35,41,0.132202,0.0848389
35,42,0.0352783,-0.0780029
35,43,-0.000366211,-0.123535
35,44,-0.0169678,-0.148315
35,45,-0.0400391,-0.145752
35,46,-0.107666,-0.190674
35,47,-0.213867,-0.168457
36,0,0.0585938,0.0925293
36,1,-0.0307617,0.00634766
36,2,-0.0869141,-0.0396729
36,3,-0.0992432,-0.0369873
36,4,0.104492,0.0357666
36,5,0.0507812,0.0101318
36,6,-0.0800781,0.0136719
36,7,-0.0748291,0.0435791
36,8,-0.182007,0.00866699
36,9,-0.177002,0.0390625
36,10,-0.092041,0.0654297
36,11,-0.0404053,0.0593262
36,12,-0.0162354,0.0545654
36,13,0.0217285,0.0327148
36,14,0.0841064,-0.041748
36,15,0.118896,-0.126587
36,16,0.105835,0.0421143
36,17,-0.00805664,-0.0397949
36,18,-0.0922852,-0.0948486
36,19,-0.0749512,-0.0853271
36,20,-0.0888672,-0.0939941
36,21,-0.0587158,-0.067749
36,22,-0.0107422,-0.0621338
36,23,0.00708008,-0.0731201
36,24,0.0938721,-0.0336914
36,25,0.162964,0.0419922
36,26,0.14624,0.0799561
36,27,0.118164,0.10144
36,28,0.103882,0.097168
36,29,0.0563965,0.0899658
36,30,-0.0455322,0.0393066
36,31,-0.0904541,-0.0214844
36,32,0.154175,0.101929
36,33,0.020874,0.0145264
36,34,-0.0736084,-0.0411377
36,35,-0.0961914,-0.0562744
36,36,-0.102661,-0.0644531
36,37,-0.111084,-0.0814209
36,38,-0.0644531,-0.078125
36,39,0.0283203,-0.0584717
36,40,0.136353,-0.153687
36,41,0.130127,-0.0784912
36,42,0.139038,0.0445557
36,43,0.125488,0.0843506
36,44,0.123535,0.103149
36,45,0.0875244,0.103149
36,46,0.0369873,0.103149
36,47,-0.053833,0.0130615
37,0,-0.0323486,-0.0681152
37,1,0.036377,-0.0823975
37,2,0.0714111,-0.0690918
37,3,0.0661621,-0.0548096
37,4,-0.05896,0.0548096
37,5,-0.0229492,0.0200195
37,6,0.0146484,-0.0253906
37,7,-0.00964355,-0.0249023
37,8,0.0286865,-0.0784912
37,9,0.0517578,-0.0379639
37,10,0.0499268,0.0195312
37,11,0.0372314,0.0355225
37,12,0.0321045,0.0396729
37,13,0.0247803,0.0397949
37,14,0.00964355,-0.00427246
37,15,0.0316162,-0.067749
37,16,-0.00634766,-0.00878906
37,17,0.015625,-0.00683594
37,18,0.0118408,0.0228271
37,19,0.0045166,0.0256348
37,20,0.00158691,0.0321045
37,21,0.00476074,0.0330811
37,22,0.00646973,0.050415
37,23,0.0361328,0.0407715
37,24,0.0668945,0.0202637
37,25,0.0294189,-0.00305176
37,26,-0.00598145,-0.0128174
37,27,-0.0236816,-0.0108643
37,28,-0.03479,-0.00256348
37,29,-0.0421143,-0.00390625
37,30,-0.0516357,0.0181885
37,31,-0.0250244,0.0184326
37,32,-0.0510254,0.0223389
37,33,-0.00415039,0.00390625
37,34,0.0183105,0.0280762
37,35,0.0238037,0.0438232
37,36,0.0229492,0.0385742
37,37,0.0167236,0.0594482
37,38,0.00268555,0.0722656
37,39,0.010498,0.0344238
37,40,-0.03125,-0.0911865
37,41,-0.11792,-0.0777588
37,42,-0.158813,-0.0145264
37,43,-0.131348,0.00732422
37,44,-0.12207,0.026123
37,45,-0.0767822,0.045166
37,46,-0.00317383,0.0865479
37,47,0.0780029,0.0861816
38,0,0.0247803,-0.0395508
38,1,0.0285645,0.0098877
38,2,0.0344238,0.0467529
38,3,0.0390625,0.0446777
38,4,-0.0338135,-0.0455322
38,5,-0.0178223,-0.0228271
38,6,0.0236816,0.0288086
38,7,0.0119629,0.0111084
38,8,-0.00378418,0.0102539
38,9,0.00280762,0.0330811
38,10,0.0032959,0.0270996
38,11,0.0102539,0.017334
38,12,0.00683594,0.00512695
38,13,0.0114746,-0.0162354
38,14,0.0157471,-0.0529785
38,15,0.0246582,-0.0880127
38,16,0.0335693,-0.0828857
38,17,0.024292,-0.019165
38,18,0.0218506,0.0318604
38,19,0.0123291,0.0375977
38,20,0.0101318,0.0367432
38,21,0.00683594,0.034668
38,22,-0.000854492,-0.00109863
38,23,-0.0209961,-0.0289307
38,24,-0.0235596,-0.0767822
38,25,0.00366211,-0.0968018
38,26,0.0361328,-0.0625
38,27,0.045166,-0.0452881
38,28,0.0435791,-0.0338135
38,29,0.0487061,-0.0118408
38,30,0.0397949,0.0202637
38,31,0.0179443,0.0230713
38,32,0.0134277,-0.0935059
38,33,-0.00598145,-0.0185547
38,34,-0.0307617,0.00231934
38,35,-0.0355225,0.00915527
38,36,-0.036377,0.0112305
38,37,-0.0385742,0.00561523
38,38,-0.00842285,-0.0297852
38,39,0.0142822,-0.0588379
38,40,-0.00354004,-0.0767822
38,41,-0.0292969,-0.074707
38,42,-0.0612793,-0.0592041
38,43,-0.0625,-0.0511475
38,44,-0.0692139,-0.0623779
38,45,-0.0596924,-0.0407715
38,46,-0.0557861,-0.0489502
38,47,-0.0491943,-0.0369873
39,0,-0.0209961,0.0214844
39,1,-0.0183105,0.0240479
39,2,-0.000732422,0.0175781
39,3,0.0112305,0.0153809
39,4,-0.0114746,-0.0144043
39,5,-0.00866699,-0.00732422
39,6,0.0325928,0.000244141
39,7,0.0345459,-0.0178223
39,8,0.00427246,-0.0150146
39,9,-0.015625,-0.00537109
39,10,-0.0350342,0.0102539
39,11,-0.0452881,0.012207
39,12,-0.0430908,0.00939941
39,13,-0.0493164,0.0147705
39,14,-0.0393066,0.00891113
39,15,-0.0280762,0.000610352
39,16,0.00244141,-0.00219727
39,17,-0.00476074,-0.0145264
39,18,-0.0106201,-0.0228271
39,19,-0.00561523,-0.0179443
39,20,0.00146484,-0.0229492
39,21,0.00756836,-0.0130615
39,22,0.0340576,-0.0186768
39,23,0.0426025,-0.00646973
39,24,0.0253906,0.00634766
39,25,0.00915527,0.00231934
39,26,-0.00317383,0.00720215
39,27,-0.00622559,0.00683594
39,28,-0.0153809,0.0109863
39,29,-0.00476074,0.00830078
39,30,0.00952148,-0.00524902
39,31,0.0262451,-0.0187988
39,32,-0.0231934,-0.0153809
39,33,-0.0136719,-0.0098877
39,34,-0.0167236,-0.0358887
39,35,-0.00952148,-0.0341797
39,36,-0.010498,-0.0306396
39,37,-0.00183105,-0.0396729
39,38,-0.00341797,-0.0330811
39,39,-0.00378418,-0.0234375
39,40,0.0175781,-0.0012207
39,41,0.0307617,0.0177002
39,42,0.043457,0.0230713
39,43,0.0473633,0.0195312
39,44,0.0458984,0.0170898
39,45,0.0441895,0.0140381
39,46,0.0529785,-0.00012207
39,47,0.0476074,-0.0119629
40,0,-0.012085,0.0180664
40,1,0.00793457,0.0179443
40,2,0.00549316,0.0117188
40,3,0.00866699,0.0155029
40,4,-0.00622559,-0.0146484
40,5,-0.00537109,-0.00830078
40,6,0.0012207,0.00756836
40,7,0.00292969,0.0112305
40,8,0.0136719,-0.000854492
40,9,-0.00012207,0.000488281
40,10,-0.0185547,0.00549316
40,11,-0.0202637,0.00952148
40,12,-0.0255127,0.00939941
40,13,-0.0284424,0.0148926
40,14,-0.0227051,0.0201416
40,15,-0.00939941,0.0205078
40,16,-0.0111084,0.00390625
40,17,0.0129395,-0.0108643
40,18,0.0179443,-0.0175781
40,19,0.013916,-0.012207
40,20,0.0112305,-0.0136719
40,21,0.00671387,-0.00854492
40,22,-0.00805664,-0.00390625
40,23,-0.0152588,0.00769043
40,24,-0.0032959,0.0151367
40,25,-0.0163574,0.00183105
40,26,-0.0185547,-0.000732422
40,27,-0.0151367,-0.00402832
40,28,-0.0135498,-0.00219727
40,29,-0.0098877,-0.00305176
40,30,-0.00183105,-0.00268555
40,31,0.00402832,0.00183105
40,32,-0.0195312,0.00476074
40,33,-0.00195312,-0.00732422
40,34,0.00439453,-0.015625
40,35,0.00720215,-0.0159912
40,36,0.00476074,-0.012085
40,37,0.00805664,-0.012207
40,38,0.00793457,-0.00415039
40,39,0.000610352,0.000244141
40,40,-0.0113525,0.0114746
40,41,-0.0020752,0.0222168
40,42,0.0125732,0.0200195
40,43,0.0137939,0.0158691
40,44,0.0162354,0.0195312
40,45,0.0158691,0.0145264
40,46,0.0258789,0.0147705
40,47,0.0201416,0.0200195
41,0,-0.0102539,0.0114746
41,1,-0.00732422,0.00488281
41,2,-0.000732422,-0.00280762
41,3,-0.00390625,-0.00598145
41,4,0.00183105,0.00817871
41,5,-0.00012207,0.000244141
41,6,0.00170898,-0.00512695
41,7,-0.0057373,-0.00549316
41,8,0.00683594,-0.00585938
41,9,0.00769043,0.00134277
41,10,0.00292969,0.00549316
41,11,0.00695801,0.0159912
41,12,0.00500488,0.012085
41,13,0.000366211,0.0142822
41,14,0.00012207,0.012085
41,15,-0.000732422,-0.000366211
41,16,-0.00195312,-0.00427246
41,17,0.012207,-0.0129395
41,18,0.012207,-0.0151367
41,19,0.00830078,-0.0179443
41,20,0.00866699,-0.00317383
41,21,0.00756836,-0.00817871
41,22,0.00561523,0.00195312
41,23,0.00268555,0.0117188
41,24,0.00769043,-0.0126953
41,25,0.00244141,-0.0175781
41,26,0.00280762,-0.00231934
41,27,0.000976562,0.00769043
41,28,0.00195312,0.00720215
41,29,0.000976562,0.0113525
41,30,0.00695801,0.0144043
41,31,0.00695801,0.00292969
41,32,-0.0109863,0.00720215
41,33,-0.0032959,0.000610352
41,34,-0.000610352,-0.000732422
41,35,-0.00268555,-0.00524902
41,36,-0.00305176,-0.00378418
41,37,-0.00244141,0.000732422
41,38,-0.00524902,-0.00146484
41,39,-0.0045166,-0.0045166
41,40,0.00195312,-0.0133057
41,41,-0.00488281,-0.010376
41,42,0.000976562,-0.0130615
41,43,-0.000610352,-0.0114746
41,44,0.000976562,-0.0158691
41,45,0.000366211,-0.0100098
41,46,-0.00402832,-0.00891113
41,47,-0.00402832,0.00512695
42,0,0.02771,-0.0231934
42,1,-0.00109863,-0.0178223
42,2,-0.0289307,-0.00683594
42,3,-0.0270996,-0.0020752
42,4,0.0356445,-0.00292969
42,5,0.0126953,-0.00415039
42,6,-0.0124512,0.0112305
42,7,0.00720215,0.0201416
42,8,-0.0147705,0.0268555
42,9,-0.0351562,0.00805664
42,10,-0.0406494,-0.0206299
42,11,-0.0396729,-0.0344238
42,12,-0.0310059,-0.0355225
42,13,-0.0245361,-0.0455322
42,14,0.00671387,-0.0343018
42,15,0.0385742,-0.026123
42,16,0.036499,0.010498
42,17,0.0184326,0.0161133
42,18,-0.0115967,0.00500488
42,19,-0.0211182,0.0100098
42,20,-0.0211182,0.00537109
42,21,-0.0196533,0.00610352
42,22,-0.0338135,0.00158691
42,23,-0.0335693,-0.00708008
42,24,-0.0290527,0.00927734
42,25,0.00830078,0.0247803
42,26,0.0427246,-0.00634766
42,27,0.0380859,-0.0187988
42,28,0.0372314,-0.0273438
42,29,0.0262451,-0.0445557
42,30,-0.00891113,-0.0509033
42,31,-0.0216064,-0.0145264
42,32,0.0186768,0.00598145
42,33,0.000366211,0.00598145
42,34,0.0145264,0.0134277
42,35,0.0123291,0.00817871
42,36,0.0247803,0.00610352
42,37,0.026123,0.00830078
42,38,0.0350342,0.00732422
42,39,0.0388184,0.0117188
42,40,-0.00463867,0.0119629
42,41,-0.0218506,0.0179443
42,42,-0.0322266,0.0301514
42,43,-0.0279541,0.0311279
42,44,-0.0235596,0.0336914
42,45,-0.0233154,0.0202637
42,46,-0.0178223,0.00610352
42,47,-0.0245361,-0.0170898
43,0,0.0218506,-0.0578613
43,1,-0.0311279,-0.0328369
43,2,-0.06604,0.0115967
43,3,-0.072876,0.0205078
43,4,0.074707,-0.0332031
43,5,0.0385742,-0.0244141
43,6,-0.0384521,0.0568848
43,7,0.00769043,0.0803223
43,8,-0.0133057,0.0938721
43,9,-0.0629883,0.0596924
43,10,-0.0805664,-0.00231934
43,11,-0.0784912,-0.0168457
43,12,-0.0644531,-0.0289307
43,13,-0.057373,-0.0454102
43,14,0.00646973,-0.048584
43,15,0.0499268,-0.0223389
43,16,0.0308838,0.0472412
43,17,0.0177002,0.0681152
43,18,-0.0187988,0.0667725
43,19,-0.0162354,0.0438232
43,20,-0.0275879,0.0449219
43,21,-0.0253906,0.0291748
43,22,-0.0472412,0.0128174
43,23,-0.0612793,0.00891113
43,24,-0.0407715,0.0439453
43,25,0.0307617,0.0362549
43,26,0.0661621,-0.0291748
43,27,0.0637207,-0.0637207
43,28,0.0476074,-0.0749512
43,29,0.0186768,-0.0842285
43,30,-0.0512695,-0.0294189
43,31,-0.0478516,0.0606689
43,32,0.0490723,-0.012085
43,33,0.0183105,-0.00134277
43,34,0.0539551,0.00476074
43,35,0.0579834,-0.00427246
43,36,0.0604248,-0.00915527
43,37,0.0718994,-0.00537109
43,38,0.0795898,-0.00146484
43,39,0.0706787,0.010498
43,40,0.0216064,0.0656738
43,41,0.00598145,0.0581055
43,42,-0.0174561,0.0461426
43,43,-0.0211182,0.0450439
43,44,-0.0286865,0.043457
43,45,-0.0174561,0.0311279
43,46,-0.0257568,0.029541
43,47,-0.0286865,0.0213623
44,0,0.119873,-0.00146484
44,1,0.0197754,-0.053833
44,2,-0.0882568,-0.0760498
44,3,-0.115356,-0.0644531
44,4,0.130737,0.0561523
44,5,0.0692139,0.0229492
44,6,-0.131958,0.0150146
44,7,-0.0998535,0.103638
44,8,-0.116455,0.0981445
44,9,-0.119263,-0.0123291
44,10,-0.0791016,-0.113037
44,11,-0.0384521,-0.131226
44,12,-0.0205078,-0.125122
44,13,0.0175781,-0.140015
44,14,0.0749512,-0.0544434
44,15,0.0795898,0.0396729
44,16,-0.00891113,0.123169
44,17,-0.0428467,0.0898438
44,18,-0.0737305,0.0407715
44,19,-0.0615234,0.00744629
44,20,-0.0690918,0.00317383
44,21,-0.0596924,-0.00817871
44,22,-0.0799561,-0.0244141
44,23,-0.0809326,-0.0206299
44,24,-0.100342,0.0598145
44,25,-0.0256348,0.120972
44,26,0.0783691,0.0491943
44,27,0.10144,-0.00537109
44,28,0.108521,-0.0361328
44,29,0.0952148,-0.0883789
44,30,-0.0196533,-0.144653
44,31,-0.12085,-0.0206299
44,32,0.0893555,0.101929
44,33,0.0291748,0.0488281
44,34,0.0570068,0.102783
44,35,0.0513916,0.0915527
44,36,0.0522461,0.083374
44,37,0.0720215,0.092041
44,38,0.0765381,0.0887451
44,39,0.0477295,0.10083
44,40,-0.0732422,0.128784
44,41,-0.0675049,0.0864258
44,42,-0.0755615,0.0269775
44,43,-0.0749512,0.0111084
44,44,-0.0703125,0.00219727
44,45,-0.0568848,-0.00952148
44,46,-0.0570068,-0.0142822
44,47,-0.0491943,-0.022583
45,0,-0.0529785,0.267456
45,1,0.0228271,0.122925
45,2,0.0620117,-0.0458984
45,3,0.0606689,-0.0915527
45,4,-0.0596924,0.113037
45,5,-0.0186768,0.0650635
45,6,-0.0218506,-0.126221
45,7,-0.130981,-0.0792236
45,8,-0.135254,-0.128906
45,9,0.00756836,-0.181396
45,10,0.137573,-0.142334
45,11,0.171265,-0.0961914
45,12,0.15271,-0.0611572
45,13,0.162109,-0.0189209
45,14,0.0411377,0.0949707
45,15,-0.130615,0.145386
45,16,-0.223755,0.0380859
45,17,-0.156738,-0.0325928
45,18,-0.012085,-0.0922852
45,19,0.0385742,-0.0871582
45,20,0.0654297,-0.0997314
45,21,0.0827637,-0.0887451
45,22,0.11377,-0.123657
45,23,0.0596924,-0.12146
45,24,-0.0601807,-0.143311
45,25,-0.171509,-0.0565186
45,26,-0.106445,0.0751953
45,27,-0.0284424,0.100342
45,28,0.0144043,0.10791
45,29,0.10376,0.0944824
45,30,0.244141,-0.0366211
45,31,0.114746,-0.142578
45,32,-0.208618,0.102661
45,33,-0.0976562,0.0336914
45,34,-0.180054,0.032959
45,35,-0.153931,0.0413818
45,36,-0.140381,0.0428467
45,37,-0.136475,0.0568848
45,38,-0.12854,0.0834961
45,39,-0.158691,0.0675049
45,40,-0.195923,-0.115845
45,41,-0.111694,-0.12085
45,42,-0.000854492,-0.104736
45,43,0.0377197,-0.0826416
45,44,0.0574951,-0.072998
45,45,0.0795898,-0.0477295
45,46,0.134277,-0.0527344
45,47,0.11853,-0.0797119
46,0,0.213379,-0.328125
46,1,0.0264893,-0.268555
46,2,-0.140503,-0.110474
46,3,-0.170776,-0.0366211
46,4,0.184814,0.000732422
46,5,0.0930176,-0.0280762
46,6,-0.127441,0.119995
46,7,-0.0284424,0.167358
46,8,0.0045166,0.164795
46,9,-0.0540771,0.0805664
46,10,-0.0839844,-0.00280762
46,11,-0.0773926,-0.0334473
46,12,-0.0617676,-0.0373535
46,13,-0.0421143,-0.0571289
46,14,0.0546875,-0.0749512
46,15,0.177368,-0.0725098
46,16,0.17981,-0.00891113
46,17,0.0164795,0.119629
46,18,-0.186401,0.265991
46,19,-0.192261,0.233765
46,20,-0.244385,0.27832
46,21,-0.224243,0.221924
46,22,-0.228271,0.176514
46,23,-0.0958252,0.0305176
46,24,-0.103516,0.027832
46,25,-0.0393066,0.0169678
46,26,0.0709229,-0.125244
46,27,0.081665,-0.181519
46,28,0.086792,-0.203979
46,29,0.0672607,-0.227417
46,30,-0.0487061,-0.13501
46,31,-0.0869141,0.0726318
46,32,0.257446,-0.123291
46,33,0.0916748,-0.0666504
46,34,0.167114,-0.111084
46,35,0.145996,-0.09729
46,36,0.130615,-0.0855713
46,37,0.138672,-0.0866699
46,38,0.121094,-0.0476074
46,39,0.113281,-0.0114746
46,40,-0.0362549,0.236206
46,41,-0.0145264,0.300659
46,42,0.0267334,0.27417
46,43,0.0308838,0.196533
46,44,0.0273438,0.172852
46,45,0.00866699,0.0876465
46,46,-0.0428467,-0.052124
46,47,-0.0488281,-0.158081
47,0,0.0795898,-0.132324
47,1,0.0144043,-0.102539
47,2,-0.0432129,-0.114014
47,3,-0.0756836,-0.119385
47,4,0.0861816,0.130249
47,5,0.0471191,0.0718994
47,6,-0.0961914,-0.174072
47,7,-0.0726318,-0.19519
47,8,0.0274658,-0.0932617
47,9,0.0361328,-0.00488281
47,10,0.0305176,0.0712891
47,11,0.0270996,0.0825195
47,12,0.020874,0.0717773
47,13,0.0119629,0.0549316
47,14,-0.00878906,-0.0330811
47,15,-0.00830078,-0.141113
47,16,0.0102539,-0.0974121
47,17,-0.0117188,-0.0535889
47,18,-0.0268555,0.0136719
47,19,-0.0275879,0.0270996
47,20,-0.0286865,0.0374756
47,21,-0.0334473,0.0371094
47,22,-0.0618896,0.00891113
47,23,-0.0617676,-0.0628662
47,24,-0.12854,-0.112427
47,25,-0.0626221,-0.0308838
47,26,0.00695801,0.0114746
47,27,0.00402832,0.00634766
47,28,-0.000610352,-0.00561523
47,29,-0.0296631,-0.0273438
47,30,-0.130737,-0.0843506
47,31,-0.126465,-0.10022
47,32,0.069458,0.103149
47,33,0.0562744,0.0654297
47,34,0.140015,0.134399
47,35,0.140625,0.109619
47,36,0.13501,0.0883789
47,37,0.115845,0.0721436
47,38,0.0543213,-0.0057373
47,39,0.00622559,-0.0732422
47,40,-0.0844727,0.128662
47,41,-0.0793457,0.185303
47,42,-0.0996094,0.122314
47,43,-0.109985,0.0692139
47,44,-0.128784,0.0426025
47,45,-0.128784,0.000488281
47,46,-0.204102,-0.0622559
47,47,-0.196899,-0.102661
48,0,-0.363281,-0.0375977
48,1,-0.193481,-0.0513916
48,2,-0.0587158,-0.0372314
48,3,-0.0568848,-0.0206299
48,4,0.0592041,0.00939941
48,5,0.0418701,-0.000976562
48,6,-0.221924,0.0146484
48,7,-0.440796,0.010498
48,8,-0.39917,-0.317261
48,9,-0.115967,-0.384766
48,10,0.146729,-0.320923
48,11,0.237671,-0.252808
48,12,0.24646,-0.189087
48,13,0.304443,-0.0966797
48,14,0.243164,0.156006
48,15,0.139282,0.38208
48,16,-0.599243,0.223999
48,17,-0.46228,0.214111
48,18,-0.146851,0.178589
48,19,0.00219727,0.13562
48,20,0.0678711,0.161621
48,21,0.150024,0.13147
48,22,0.374268,0.134277
48,23,0.428467,0.00952148
48,24,0.316772,-0.083252
48,25,0.272095,0.19165
48,26,0.206787,0.414551
48,27,0.165405,0.464966
48,28,0.138794,0.484131
48,29,0.0841064,0.486206
48,30,-0.115723,0.412354
48,31,-0.306763,0.220825
48,32,-0.0673828,-0.165527
48,33,0.0340576,-0.0449219
48,34,0.176758,0.00415039
48,35,0.187988,0.0396729
48,36,0.18689,0.0582275
48,37,0.208374,0.109253
48,38,0.163208,0.245605
48,39,0.050293,0.323242
48,40,0.285889,0.264648
48,41,0.211914,-0.180908
48,42,-0.210571,-0.432373
48,43,-0.34314,-0.34314
48,44,-0.416016,-0.306519
48,45,-0.395508,-0.121826
48,46,-0.278809,0.200073
48,47,0.176636,0.246216
49,0,-0.269775,0.254883
49,1,-0.21814,0.187012
49,2,-0.140869,0.12915
49,3,-0.116455,0.119873
49,4,0.11084,-0.126465
49,5,0.0522461,-0.0579834
49,6,-0.149292,0.0979004
49,7,-0.212402,0.0958252
49,8,-0.110962,-0.0499268
49,9,-0.0522461,-0.0615234
49,10,0.0109863,-0.0565186
49,11,0.0335693,-0.0388184
49,12,0.0367432,-0.0256348
49,13,0.0561523,-0.00476074
49,14,0.0539551,0.0603027
49,15,0.0467529,0.148193
49,16,-0.0394287,0.274048
49,17,0.138428,0.123779
49,18,0.341064,-0.0522461
49,19,0.298462,-0.0823975
49,20,0.344482,-0.109009
49,21,0.265503,-0.0981445
49,22,0.15918,-0.101685
49,23,-0.0256348,-0.105347
49,24,0.0429688,-0.174316
49,25,0.149048,-0.0195312
49,26,0.181396,0.129517
49,27,0.166992,0.174683
49,28,0.155396,0.18811
49,29,0.132446,0.207764
49,30,0.0341797,0.179932
49,31,-0.0249023,0.0997314
49,32,0.0961914,0.0119629
49,33,0.0307617,-0.0214844
49,34,0.00598145,-0.0996094
49,35,-0.00622559,-0.107422
49,36,-0.0153809,-0.104614
49,37,-0.0141602,-0.119995
49,38,0.0155029,-0.076416
49,39,0.0356445,0.0175781
49,40,0.251709,0.147461
49,41,0.168457,-0.0345459
49,42,-0.117065,-0.103882
49,43,-0.211548,-0.0638428
49,44,-0.259766,-0.0441895
49,45,-0.258179,0.0144043
49,46,-0.267212,0.106567
49,47,-0.166748,0.036377
50,0,-0.0789795,0.345703
50,1,-0.0938721,0.294312
50,2,-0.112061,0.227295
50,3,-0.113525,0.207275
50,4,0.10144,-0.209595
50,5,0.0543213,-0.10144
50,6,-0.0998535,0.209106
50,7,-0.086792,0.28125
50,8,-0.128296,0.124878
50,9,-0.0849609,-0.0102539
50,10,-0.0090332,-0.112183
50,11,0.0249023,-0.134644
50,12,0.041626,-0.132446
50,13,0.0760498,-0.133057
50,14,0.114502,-0.0321045
50,15,0.150024,0.0769043
50,16,0.0102539,0.369629
50,17,0.111694,0.168457
50,18,0.228271,-0.147705
50,19,0.191895,-0.194214
50,20,0.229858,-0.260376
50,21,0.1875,-0.243042
50,22,0.147705,-0.249146
50,23,0.0032959,-0.143677
50,24,0.0362549,-0.123535
50,25,0.159546,-0.0578613
50,26,0.212646,0.0332031
50,27,0.208252,0.0667725
50,28,0.205688,0.083374
50,29,0.194214,0.118652
50,30,0.126587,0.190063
50,31,0.0610352,0.219116
50,32,-0.00878906,-0.0478516
50,33,-0.0057373,-0.0455322
50,34,-0.0427246,-0.132446
50,35,-0.0557861,-0.117554
50,36,-0.0595703,-0.109985
50,37,-0.0720215,-0.0946045
50,38,-0.0380859,-0.026001
50,39,0.012207,0.0549316
50,40,0.265991,-0.0439453
50,41,0.123779,-0.179443
50,42,-0.0772705,-0.0708008
50,43,-0.115967,0.0415039
50,44,-0.125488,0.0980225
50,45,-0.0969238,0.168335
50,46,-0.0159912,0.287964
50,47,0.020752,0.157349
51,0,0.0109863,0.331909
51,1,-0.0817871,0.284058
51,2,-0.146484,0.244263
51,3,-0.136353,0.234863
51,4,0.131104,-0.248047
51,5,0.057251,-0.133179
51,6,-0.102051,0.302612
51,7,-0.097168,0.404785
51,8,-0.249146,0.187866
51,9,-0.21936,0.0115967
51,10,-0.11731,-0.145142
51,11,-0.0576172,-0.187134
51,12,-0.0245361,-0.180908
51,13,0.0471191,-0.197021
51,14,0.159058,-0.0950928
51,15,0.249023,0.00891113
51,16,0.178223,0.311157
51,17,0.122314,0.139038
51,18,0.0634766,-0.122559
51,19,0.0427246,-0.164917
51,20,0.0479736,-0.21936
51,21,0.0518799,-0.209717
51,22,0.0876465,-0.25293
51,23,0.0323486,-0.206299
51,24,0.00915527,-0.275757
51,25,0.186157,-0.230713
51,26,0.335449,-0.109497
51,27,0.369995,-0.0452881
51,28,0.383545,-0.0150146
51,29,0.386719,0.0509033
51,30,0.331055,0.210449
51,31,0.184326,0.274536
51,32,0.012207,-0.160156
51,33,-0.00756836,-0.0955811
51,34,-0.0178223,-0.166138
51,35,-0.0125732,-0.138062
51,36,-0.0101318,-0.126587
51,37,0.00878906,-0.105713
51,38,0.0847168,-0.0447998
51,39,0.149658,0.0212402
51,40,0.325195,-0.183472
51,41,0.0856934,-0.264404
51,42,-0.136841,-0.00708008
51,43,-0.141357,0.145386
51,44,-0.122314,0.226074
51,45,-0.0462646,0.28186
51,46,0.165405,0.375122
51,47,0.254028,0.12854
52,0,-0.0413818,0.0338135
52,1,-0.140747,-0.0383301
52,2,-0.211182,-0.0712891
52,3,-0.21936,-0.05896
52,4,0.222168,0.0428467
52,5,0.110229,-0.000732422
52,6,-0.207886,0.0817871
52,7,-0.243896,0.167969
52,8,-0.164673,-0.155884
52,9,-0.0234375,-0.213623
52,10,0.102173,-0.163086
52,11,0.135498,-0.110352
52,12,0.132202,-0.0690918
52,13,0.1604,0.00256348
52,14,0.120728,0.131226
52,15,0.0480957,0.210083
52,16,-0.151245,0.097168
52,17,-0.237427,0.0314941
52,18,-0.242676,-0.0361328
52,19,-0.155884,-0.0192871
52,20,-0.156128,-0.0174561
52,21,-0.0826416,0.0189209
52,22,0.0489502,0.119385
52,23,0.133179,0.128418
52,24,0.130615,-0.0209961
52,25,0.227539,0.0703125
52,26,0.293091,0.169922
52,27,0.291138,0.204712
52,28,0.284058,0.224243
52,29,0.263794,0.252075
52,30,0.133179,0.302246
52,31,-0.0424805,0.255249
52,32,0.20166,-0.256958
52,33,0.085083,-0.109863
52,34,0.152466,-0.0797119
52,35,0.121704,-0.0169678
52,36,0.105103,0.0159912
52,37,0.0911865,0.0754395
52,38,0.027832,0.16748
52,39,-0.0344238,0.16333
52,40,0.261841,0.133545
52,41,0.322266,-0.0742188
52,42,0.119141,-0.183228
52,43,-0.00524902,-0.117676
52,44,-0.0489502,-0.0751953
52,45,-0.108643,0.0367432
52,46,-0.123657,0.324585
52,47,0.0471191,0.438477
53,0,0.174194,0.0286865
53,1,0.221924,-0.0360107
53,2,0.242798,-0.0634766
53,3,0.21936,-0.0760498
53,4,-0.21582,0.081665
53,5,-0.0924072,0.0394287
53,6,0.113892,-0.0865479
53,7,0.0887451,-0.132202
53,8,0.169067,-0.00842285
53,9,0.0736084,0.0699463
53,10,-0.0863037,0.0950928
53,11,-0.160522,0.0949707
53,12,-0.167236,0.079834
53,13,-0.226318,0.0657959
53,14,-0.205078,-0.0126953
53,15,-0.152222,-0.0944824
53,16,0.181885,-0.132568
53,17,0.160767,-0.258057
53,18,0.0511475,-0.296387
53,19,-0.0214844,-0.217529
53,20,-0.0623779,-0.239624
53,21,-0.11145,-0.170776
53,22,-0.267822,-0.0913086
53,23,-0.271973,0.0246582
53,24,-0.197021,0.0323486
53,25,-0.204712,0.0258789
53,26,-0.153198,0.00195312
53,27,-0.132324,-0.0262451
53,28,-0.115845,-0.0354004
53,29,-0.0809326,-0.0640869
53,30,-0.00720215,-0.161743
53,31,0.050415,-0.205811
53,32,0.0714111,0.294922
53,33,0.00427246,0.0980225
53,34,-0.079834,0.0992432
53,35,-0.102905,0.0551758
53,36,-0.108032,0.0338135
53,37,-0.131836,0.00256348
53,38,-0.137573,-0.0635986
53,39,-0.0800781,-0.098999
53,40,-0.2229,0.0447998
53,41,-0.164185,0.275513
53,42,0.0577393,0.27771
53,43,0.120972,0.168945
53,44,0.145996,0.124512
53,45,0.121704,0.00195312
53,46,-0.00585938,-0.210938
53,47,-0.248779,-0.209717
54,0,0.104492,-0.139648
54,1,0.0827637,-0.0506592
54,2,0.0418701,0
54,3,0.0302734,-0.00109863
54,4,-0.0270996,0.00012207
54,5,-0.0128174,-0.00512695
54,6,0.0230713,-0.0198975
54,7,0.022583,-0.0111084
54,8,0.00280762,0.0185547
54,9,0.0639648,-0.03125
54,10,0.0996094,-0.0744629
54,11,0.106689,-0.0860596
54,12,0.0941162,-0.0800781
54,13,0.0952148,-0.0678711
54,14,0.0401611,-0.00317383
54,15,-0.0142822,0.0791016
54,16,-0.169312,0.00183105
54,17,-0.155518,0.11145
54,18,-0.116455,0.169678
54,19,-0.0726318,0.140747
54,20,-0.0709229,0.155273
54,21,-0.0450439,0.116211
54,22,-0.0323486,0.0870361
54,23,-0.0106201,0.0721436
54,24,-0.060791,0.114502
54,25,-0.0837402,0.083374
54,26,-0.0585938,0.0354004
54,27,-0.0358887,0.0279541
54,28,-0.0297852,0.0239258
54,29,-0.00939941,0.0106201
54,30,-0.0123291,0.0168457
54,31,-0.0469971,0.0296631
54,32,-0.0806885,-0.127686
54,33,-0.0275879,-0.0169678
54,34,-0.0241699,0.0584717
54,35,-0.0108643,0.0838623
54,36,-0.00732422,0.0932617
54,37,-0.0109863,0.124146
54,38,-0.0400391,0.158691
54,39,-0.0689697,0.130127
54,40,-0.0605469,0.0372314
54,41,-0.0297852,-0.112793
54,42,-0.0455322,-0.223877
54,43,-0.0596924,-0.200928
54,44,-0.0638428,-0.200317
54,45,-0.0656738,-0.136108
54,46,-0.0792236,-0.012207
54,47,-0.0247803,0.134888
55,0,-0.223999,-0.00195312
55,1,-0.228638,0.0743408
55,2,-0.161621,0.128784
55,3,-0.101196,0.132446
55,4,0.0795898,-0.140137
55,5,0.0161133,-0.0686035
55,6,0.0443115,0.0905762
55,7,0.0908203,0.0231934
55,8,0.0662842,0.0290527
55,9,0.00158691,0.116089
55,10,-0.0679932,0.137695
55,11,-0.0897217,0.123779
55,12,-0.0917969,0.107544
55,13,-0.117554,0.0842285
55,14,-0.115112,-0.0236816
55,15,-0.137817,-0.128174
55,16,0.0604248,-0.184204
55,17,0.0895996,-0.168091
55,18,0.124146,-0.0916748
55,19,0.10376,-0.0322266
55,20,0.112671,-0.0236816
55,21,0.088501,0.0140381
55,22,0.0328369,0.0957031
55,23,-0.0770264,0.11084
55,24,0.0876465,0.0697021
55,25,0.12793,-0.081543
55,26,0.0465088,-0.129517
55,27,0.0098877,-0.102295
55,28,-0.0101318,-0.0861816
55,29,-0.0327148,-0.0429688
55,30,-0.00927734,0.085083
55,31,0.0823975,0.0849609
55,32,-0.0343018,-0.116699
55,33,-0.0245361,-0.0531006
55,34,-0.0426025,-0.107056
55,35,-0.0321045,-0.0959473
55,36,-0.0266113,-0.0928955
55,37,-0.00976562,-0.101807
55,38,0.020874,-0.115723
55,39,0.0198975,-0.126831
55,40,0.098999,-0.155273
55,41,0.134277,-0.0723877
55,42,0.172241,0.0186768
55,43,0.151245,0.0443115
55,44,0.157227,0.0621338
55,45,0.129272,0.0627441
55,46,0.109741,0.0993652
55,47,0.0332031,0.108032
56,0,-0.199951,-0.430298
56,1,-0.318359,-0.204346
56,2,-0.359497,0.0876465
56,3,-0.321045,0.1875
56,4,0.300781,-0.248657
56,5,0.118164,-0.159302
56,6,-0.0300293,0.386597
56,7,0.245239,0.428833
56,8,0.261108,0.469971
56,9,-0.11145,0.378174
56,10,-0.415894,0.189087
56,11,-0.494995,0.0828857
56,12,-0.465088,0.0345459
56,13,-0.489868,-0.0726318
56,14,-0.225952,-0.228516
56,15,0.0723877,-0.360962
56,16,0.366211,-0.0594482
56,17,0.487915,0.0847168
56,18,0.4823,0.245605
56,19,0.331665,0.229492
56,20,0.338013,0.280396
56,21,0.178345,0.252441
56,22,-0.149292,0.309692
56,23,-0.461182,0.200317
56,24,-0.200195,0.425781
56,25,0.147583,0.185181
56,26,0.183472,-0.239258
56,27,0.106689,-0.349487
56,28,0.0570068,-0.383911
56,29,-0.0596924,-0.370483
56,30,-0.222656,-0.0515137
56,31,-0.0126953,0.371826
56,32,0.127563,-0.354736
56,33,0.0379639,-0.162231
56,34,0.053833,-0.311523
56,35,0.0185547,-0.280151
56,36,0.0123291,-0.262085
56,37,-0.00512695,-0.250854
56,38,0.0179443,-0.207153
56,39,0.106934,-0.153442
56,40,0.373535,0.130859
56,41,0.334473,0.27771
56,42,0.279541,0.414673
56,43,0.193604,0.410034
56,44,0.165039,0.426758
56,45,0.0709229,0.34082
56,46,-0.172485,0.353394
56,47,-0.475098,0.277222
57,0,-0.164551,-0.345825
57,1,-0.327026,-0.128418
57,2,-0.438354,0.0839844
57,3,-0.431274,0.15332
57,4,0.423096,-0.205933
57,5,0.19458,-0.127075
57,6,-0.211548,0.282104
57,7,-0.000732422,0.35022
57,8,0.0423584,0.410156
57,9,-0.199463,0.262817
57,10,-0.383667,0.046875
57,11,-0.414673,-0.0557861
57,12,-0.374756,-0.0793457
57,13,-0.368652,-0.154419
57,14,-0.12146,-0.174316
57,15,0.144775,-0.173584
57,16,0.2323,-0.0517578
57,17,0.382324,0.215088
57,18,0.445923,0.457886
57,19,0.320801,0.400635
57,20,0.334351,0.456421
57,21,0.19458,0.348755
57,22,-0.116699,0.217285
57,23,-0.41748,-0.0627441
57,24,-0.326538,0.0556641
57,25,0.0411377,-0.0928955
57,26,0.202759,-0.305908
57,27,0.185913,-0.342529
57,28,0.158691,-0.338013
57,29,0.0865479,-0.27832
57,30,-0.10791,0.0510254
57,31,-0.0740967,0.387939
57,32,0.120728,-0.264038
57,33,0.0411377,-0.122925
57,34,0.0776367,-0.313232
57,35,0.0603027,-0.336426
57,36,0.050415,-0.332031
57,37,0.0510254,-0.377686
57,38,0.0739746,-0.36853
57,39,0.134888,-0.232666
57,40,0.159058,0.118164
57,41,0.0916748,0.229858
57,42,0.0406494,0.358643
57,43,0.00756836,0.342407
57,44,-0.0124512,0.35144
57,45,-0.0499268,0.270874
57,46,-0.241211,0.192749
57,47,-0.494751,0.019043
58,0,-0.0906982,-0.15271
58,1,-0.133301,-0.0396729
58,2,-0.171631,0.0201416
58,3,-0.16333,0.0354004
58,4,0.161255,-0.0412598
58,5,0.074585,-0.0247803
58,6,-0.0994873,0.0266113
58,7,-0.0472412,0.0213623
58,8,0.0366211,0.0090332
58,9,-0.0323486,-0.0300293
58,10,-0.122192,-0.0449219
58,11,-0.140747,-0.0351562
58,12,-0.139771,-0.0236816
58,13,-0.152588,0.0020752
58,14,-0.0541992,0.067627
58,15,0.0537109,0.101196
58,16,-0.0716553,-0.0577393
58,17,-0.00488281,0.106567
58,18,0.0960693,0.23877
58,19,0.105347,0.198486
58,20,0.130981,0.227417
58,21,0.107788,0.167358
58,22,0.0463867,0.064209
58,23,-0.117065,-0.0474854
58,24,-0.0665283,-0.172485
58,25,0.104614,-0.204346
58,26,0.177612,-0.13623
58,27,0.183838,-0.0789795
58,28,0.172974,-0.0469971
58,29,0.150391,0.0148926
58,30,0.0675049,0.157959
58,31,0.0147705,0.185547
58,32,-0.0543213,-0.0825195
58,33,-0.0430908,-0.020752
58,34,-0.0738525,-0.0961914
58,35,-0.0511475,-0.117676
58,36,-0.0289307,-0.121582
58,37,0.0065918,-0.15332
58,38,0.112915,-0.155518
58,39,0.158447,-0.0897217
58,40,0.0257568,-0.05896
58,41,-0.0386963,-0.0732422
58,42,-0.0616455,-0.0648193
58,43,-0.0651855,-0.0496826
58,44,-0.065918,-0.0472412
58,45,-0.0588379,-0.0455322
58,46,-0.106689,-0.0610352
58,47,-0.216797,-0.098999
59,0,0.259155,0.0314941
59,1,0.179199,-0.0284424
59,2,0.0783691,-0.104492
59,3,0.045166,-0.131226
59,4,-0.020874,0.151123
59,5,0.00622559,0.0891113
59,6,-0.0245361,-0.19873
59,7,-0.0421143,-0.205444
59,8,0.0866699,-0.283691
59,9,0.157104,-0.237305
59,10,0.187866,-0.0838623
59,11,0.19519,-0.00354004
59,12,0.180054,0.0333252
59,13,0.196777,0.104004
59,14,0.147461,0.175781
59,15,0.114624,0.238647
59,16,-0.115723,0.0839844
59,17,-0.185181,0.0628662
59,18,-0.16394,-0.00769043
59,19,-0.108032,-0.027832
59,20,-0.10376,-0.0466309
59,21,-0.050415,-0.0653076
59,22,0.0119629,-0.105469
59,23,0.0560303,-0.0571289
59,24,-0.0518799,-0.178833
59,25,-0.133911,-0.0637207
59,26,-0.0471191,0.0762939
59,27,0.0179443,0.09375
59,28,0.0482178,0.0900879
59,29,0.110474,0.0541992
59,30,0.178589,-0.115356
59,31,0.0856934,-0.223877
59,32,-0.00415039,0.168823
59,33,-0.0476074,0.103516
59,34,-0.144775,0.189087
59,35,-0.127319,0.171509
59,36,-0.108398,0.154663
59,37,-0.0895996,0.153809
59,38,-0.0150146,0.140747
59,39,0.00720215,0.145386
59,40,-0.262939,0.0966797
59,41,-0.243164,-0.0152588
59,42,-0.172852,-0.155029
59,43,-0.124146,-0.189575
59,44,-0.107422,-0.208862
59,45,-0.0635986,-0.181763
59,46,-0.0065918,-0.210449
59,47,0.0513916,-0.14978
60,0,0.131226,0.0197754
60,1,0.00646973,0.0111084
60,2,-0.0965576,0.0147705
60,3,-0.105347,0.0123291
60,4,0.114014,-0.0169678
60,5,0.0499268,-0.00878906
60,6,-0.0437012,0.0484619
60,7,0.0324707,0.107422
60,8,-0.0574951,0.0111084
60,9,-0.0987549,-0.0820312
60,10,-0.048584,-0.114746
60,11,0.00476074,-0.128296
60,12,0.0328369,-0.106934
60,13,0.0976562,-0.116455
60,14,0.210327,-0.065918
60,15,0.266602,0.0238037
60,16,-0.00842285,0.170898
60,17,-0.00378418,0.149658
60,18,0.0224609,0.104736
60,19,0.0371094,0.0621338
60,20,0.0511475,0.0614014
60,21,0.0523682,0.0412598
60,22,0.0855713,0.050415
60,23,0.114868,0.0529785
60,24,0.0528564,-0.108765
60,25,0.00366211,-0.0565186
60,26,0.012207,-0.0321045
60,27,0.015625,-0.0516357
60,28,0.0111084,-0.0629883
60,29,0.00646973,-0.102295
60,30,-0.0603027,-0.146606
60,31,-0.0860596,-0.0367432
60,32,-0.0554199,0.0545654
60,33,-0.0450439,0.0544434
60,34,-0.0498047,0.10083
60,35,-0.000732422,0.0775146
60,36,0.0205078,0.0667725
60,37,0.0637207,0.0338135
60,38,0.14978,0.00317383
60,39,0.119751,0.0411377
60,40,-0.0932617,0.09021
60,41,-0.110718,-0.0706787
60,42,-0.149902,-0.139282
60,43,-0.125488,-0.121704
60,44,-0.125244,-0.11084
60,45,-0.0812988,-0.0687256
60,46,0.032959,-0.020874
60,47,0.180542,-0.00146484
61,0,0.0045166,-0.399414
61,1,-0.151245,-0.142578
61,2,-0.209106,0.105225
61,3,-0.177246,0.163696
61,4,0.155396,-0.19519
61,5,0.0528564,-0.105957
61,6,0.0250244,0.161987
61,7,0.221924,0.0991211
61,8,0.136475,0.119263
61,9,-0.0994873,0.119751
61,10,-0.216675,0.0855713
61,11,-0.210571,0.0465088
61,12,-0.17688,0.0252686
61,13,-0.136963,-0.03479
61,14,0.0650635,-0.159424
61,15,0.304077,-0.269653
61,16,0.420288,-0.0834961
61,17,0.370972,0.0870361
61,18,0.185547,0.250732
61,19,0.0794678,0.226929
61,20,0.0548096,0.281128
61,21,-0.0141602,0.226318
61,22,-0.128784,0.224487
61,23,-0.122681,0.0423584
61,24,0.0352783,0.0621338
61,25,0.194092,0.0645752
61,26,0.133545,-0.125488
61,27,0.043457,-0.211426
61,28,-0.0106201,-0.243652
61,29,-0.116821,-0.274902
61,30,-0.253296,-0.208618
61,31,-0.0339355,-0.00549316
61,32,0.18042,-0.316772
61,33,0.0592041,-0.0863037
61,34,0.107544,-0.0953369
61,35,0.0965576,-0.092041
61,36,0.0942383,-0.0909424
61,37,0.105835,-0.122803
61,38,0.170532,-0.192627
61,39,0.244141,-0.174072
61,40,0.391113,0.116699
61,41,0.24292,0.0953369
61,42,0.0246582,0.134644
61,43,-0.0529785,0.146606
61,44,-0.0904541,0.164185
61,45,-0.116333,0.146851
61,46,-0.187012,0.128784
61,47,-0.177246,-0.0197754
62,0,-0.265015,0.517578
62,1,0.0936279,0.494873
62,2,0.355469,0.315918
62,3,0.371216,0.19519
62,4,-0.393188,-0.133301
62,5,-0.175903,-0.0187988
62,6,0.18335,-0.157104
62,7,-0.0223389,-0.348511
62,8,0.0177002,-0.396118
62,9,0.197021,-0.165894
62,10,0.249268,0.048584
62,11,0.221069,0.124878
62,12,0.172119,0.133911
62,13,0.107178,0.184937
62,14,-0.140015,0.141968
62,15,-0.374023,0.0534668
62,16,-0.147217,-0.184204
62,17,-0.0178223,-0.424194
62,18,0.0983887,-0.61731
62,19,0.109497,-0.501221
62,20,0.135498,-0.563843
62,21,0.13208,-0.428345
62,22,0.171753,-0.289917
62,23,0.10144,-0.0371094
62,24,0.0776367,-0.0541992
62,25,-0.0235596,-0.102905
62,26,-0.163086,0.120605
62,27,-0.177124,0.247559
62,28,-0.166138,0.299316
62,29,-0.109009,0.371338
62,30,0.111084,0.283447
62,31,0.172241,-0.172974
62,32,-0.295532,0.101196
62,33,-0.0876465,0.0426025
62,34,-0.181152,0.0633545
62,35,-0.200317,0.0534668
62,36,-0.210693,0.046875
62,37,-0.264648,0.0318604
62,38,-0.344238,-0.0356445
62,39,-0.3125,-0.098877
62,40,0.0910645,-0.509033
62,41,0.0618896,-0.481323
62,42,0.0601807,-0.256226
62,43,0.0759277,-0.110962
62,44,0.0946045,-0.0474854
62,45,0.112793,0.0534668
62,46,0.182251,0.239746
62,47,0.143066,0.299683
63,0,0.358765,0.457397
63,1,0.391602,0.00866699
63,2,0.310547,-0.329224
63,3,0.244751,-0.374634
63,4,-0.213135,0.404785
63,5,-0.076416,0.193726
63,6,0.0310059,-0.242798
63,7,-0.12793,-0.109375
63,8,-0.017334,-0.0866699
63,9,0.158081,-0.106934
63,10,0.187134,-0.0111084
63,11,0.155273,0.0717773
63,12,0.119019,0.108643
63,13,0.0723877,0.21582
63,14,-0.0892334,0.374023
63,15,-0.286011,0.522339
63,16,-0.294678,0.0518799
63,17,-0.481812,-0.126343
63,18,-0.593384,-0.209473
63,19,-0.455078,-0.162354
63,20,-0.495728,-0.181763
63,21,-0.346924,-0.127441
63,22,-0.156738,-0.0428467
63,23,0.0708008,0.105591
63,24,0.159546,-0.0620117
63,25,-0.0482178,-0.0509033
63,26,0.00195312,0.158325
63,27,0.103027,0.235718
63,28,0.169678,0.26001
63,29,0.290771,0.265015
63,30,0.457031,0.131836
63,31,0.183105,-0.0767822
63,32,-0.0233154,0.267822
63,33,-0.0428467,0.0620117
63,34,-0.150757,0.103394
63,35,-0.156006,0.129639
63,36,-0.154175,0.141357
63,37,-0.180908,0.196167
63,38,-0.237305,0.268677
63,39,-0.293213,0.221069
63,40,-0.626221,-0.242065
63,41,-0.356567,-0.249146
63,42,0.100098,-0.312378
63,43,0.258179,-0.307373
63,44,0.343506,-0.326904
63,45,0.367065,-0.285645
63,46,0.53418,-0.26062
63,47,0.512695,-0.0599365
64,0,0.196289,-0.161377
64,1,-0.153809,-0.432617
64,2,-0.392334,-0.583862
64,3,-0.409912,-0.529663
64,4,0.422729,0.51123
64,5,0.191162,0.207764
64,6,-0.212891,-0.14563
64,7,-0.122314,0.209351
64,8,-0.113892,0.128052
64,9,-0.116333,-0.108643
64,10,-0.0447998,-0.193604
64,11,0.0273438,-0.183472
64,12,0.0593262,-0.150757
64,13,0.150024,-0.107056
64,14,0.25,0.0732422
64,15,0.276123,0.239502
64,16,-0.0516357,0.319092
64,17,-0.16333,0.419922
64,18,-0.221558,0.465698
64,19,-0.181396,0.342896
64,20,-0.204956,0.374756
64,21,-0.156738,0.259644
64,22,-0.124756,0.103638
64,23,0.0233154,-0.0631104
64,24,-0.0629883,-0.019165
64,25,-0.0616455,0.135376
64,26,0.095459,0.0571289
64,27,0.163452,-0.029541
64,28,0.186523,-0.0898438
64,29,0.218018,-0.192383
64,30,0.151733,-0.327393
64,31,-0.0352783,-0.0648193
64,32,0.245728,-0.0262451
64,33,0.05896,-0.0269775
64,34,0.115234,0.0189209
64,35,0.152588,0.0588379
64,36,0.156006,0.0787354
64,37,0.209351,0.126953
64,38,0.253052,0.209229
64,39,0.143555,0.195557
64,40,-0.0981445,0.396484
64,41,0.0479736,0.280884
64,42,-0.0194092,-0.0189209
64,43,-0.0941162,-0.130859
64,44,-0.134521,-0.181396
64,45,-0.180908,-0.201172
64,46,-0.280518,-0.263184
64,47,-0.139282,-0.177979
65,0,0.61499,0.115479
65,1,0.299316,-0.25708
65,2,-0.107178,-0.563721
65,3,-0.243652,-0.583496
65,4,0.321289,0.584106
65,5,0.205811,0.262573
65,6,-0.462524,-0.255859
65,7,-0.521973,0.194946
65,8,-0.685669,0.157104
65,9,-0.504028,-0.387329
65,10,-0.155884,-0.769287
65,11,0.0307617,-0.831177
65,12,0.0983887,-0.746704
65,13,0.289307,-0.72644
65,14,0.435547,-0.21106
65,15,0.473877,0.33606
65,16,-0.172485,0.7771
65,17,-0.504028,0.728149
65,18,-0.780273,0.40979
65,19,-0.640015,0.165039
65,20,-0.722534,0.0950928
65,21,-0.541504,-0.106201
65,22,-0.274414,-0.658936
65,23,0.266479,-0.971802
65,24,-0.358032,-0.534302
65,25,-0.38916,0.262573
65,26,0.135986,0.541016
65,27,0.332397,0.452759
65,28,0.408691,0.372681
65,29,0.479614,0.164062
65,30,0.235962,-0.27417
65,31,-0.317993,-0.137695
65,32,0.470093,0.501831
65,33,0.230591,0.161011
65,34,0.471924,0.196899
65,35,0.455322,0.13562
65,36,0.434937,0.111572
65,37,0.461426,0.0943604
65,38,0.407959,0.149414
65,39,0.24231,0.306885
65,40,-0.231445,0.539673
65,41,-0.407837,0.394653
65,42,-0.650513,0.265625
65,43,-0.632324,0.163574
65,44,-0.655518,0.118286
65,45,-0.50708,0.0235596
65,46,-0.305542,-0.31543
65,47,0.206543,-0.772949
66,0,0.142456,0.637329
66,1,0.316772,0.300659
66,2,0.38916,-0.120605
66,3,0.339478,-0.251709
66,4,-0.318481,0.326904
66,5,-0.109863,0.200073
66,6,-0.0296631,-0.439087
66,7,-0.37146,-0.465942
66,8,-0.537476,-0.454712
66,9,-0.170898,-0.371216
66,10,0.197021,-0.25708
66,11,0.298218,-0.199585
66,12,0.296509,-0.151978
66,13,0.32666,-0.0897217
66,14,0.0970459,0.0827637
66,15,-0.255127,0.239746
66,16,-0.344482,-0.012085
66,17,-0.463013,-0.352173
66,18,-0.410034,-0.654907
66,19,-0.280884,-0.576416
66,20,-0.274658,-0.67041
66,21,-0.141602,-0.556885
66,22,0.0795898,-0.596069
66,23,0.217773,-0.433105
66,24,0.0802002,-0.306152
66,25,-0.0517578,0.124146
66,26,0.00402832,0.586548
66,27,0.0631104,0.694824
66,28,0.0974121,0.700928
66,29,0.154175,0.656738
66,30,0.140503,0.216064
66,31,-0.195312,-0.309326
66,32,-0.238403,0.605957
66,33,-0.0825195,0.214111
66,34,-0.0548096,0.268311
66,35,0.015625,0.198608
66,36,0.046875,0.166626
66,37,0.106812,0.14978
66,38,0.126099,0.134277
66,39,-0.0274658,0.144409
66,40,-0.0648193,-0.279297
66,41,-0.0258789,-0.371216
66,42,-0.0474854,-0.327637
66,43,-0.0245361,-0.248657
66,44,0.0012207,-0.221436
66,45,0.0406494,-0.145386
66,46,0.202393,-0.110352
66,47,0.346924,-0.180176
67,0,0.293091,-0.336548
67,1,0.0825195,-0.327637
67,2,-0.0406494,-0.131348
67,3,-0.0603027,-0.0162354
67,4,0.0588379,-0.0288086
67,5,0.0284424,-0.0585938
67,6,-0.0146484,0.2229
67,7,0.0410156,0.253418
67,8,0.109131,0.415527
67,9,0.0751953,0.323975
67,10,0.0148926,0.103394
67,11,-0.0234375,0.00109863
67,12,-0.0408936,-0.0390625
67,13,-0.074707,-0.125854
67,14,-0.0792236,-0.181885
67,15,-0.0500488,-0.168945
67,16,0.246948,-0.0975342
67,17,-0.0334473,0.0286865
67,18,-0.327148,0.291016
67,19,-0.320679,0.302856
67,20,-0.387085,0.379517
67,21,-0.331665,0.347412
67,22,-0.255127,0.37561
67,23,-0.00524902,0.205688
67,24,0.175781,0.275024
67,25,0.164795,0.182739
67,26,0.142578,-0.0864258
67,27,0.123169,-0.169434
67,28,0.107422,-0.200317
67,29,0.0465088,-0.213989
67,30,-0.0906982,-0.0483398
67,31,-0.12915,0.226929
67,32,0.34729,-0.196045
67,33,0.0965576,-0.168335
67,34,0.164917,-0.327271
67,35,0.138306,-0.265137
67,36,0.128784,-0.231445
67,37,0.138916,-0.17395
67,38,0.10437,0.00854492
67,39,0.0488281,0.09729
67,40,-0.120483,0.282593
67,41,0.0184326,0.34375
67,42,0.182251,0.300415
67,43,0.191528,0.216431
67,44,0.200562,0.193848
67,45,0.165039,0.113892
67,46,0.141357,0.0198975
67,47,0.167603,-0.0223389
68,0,-0.104004,0.195923
68,1,-0.123413,0.13623
68,2,-0.107788,0.0410156
68,3,-0.0900879,0.0100098
68,4,0.0874023,0.00256348
68,5,0.0316162,0.00927734
68,6,-0.0415039,-0.00512695
68,7,-0.0268555,0.0671387
68,8,-0.0683594,0.116089
68,9,-0.0787354,0.0534668
68,10,-0.0743408,-0.00915527
68,11,-0.072876,-0.0366211
68,12,-0.0629883,-0.0452881
68,13,-0.052002,-0.0692139
68,14,-0.00964355,-0.0559082
68,15,0.041748,-0.0236816
68,16,0.0540771,0.164307
68,17,0.134033,0.09375
68,18,0.186523,-0.0183105
68,19,0.139404,-0.0445557
68,20,0.157715,-0.072876
68,21,0.107666,-0.0769043
68,22,0.0045166,-0.109863
68,23,-0.117188,-0.0914307
68,24,-0.0360107,-0.0518799
68,25,0.0959473,-0.0895996
68,26,0.101196,-0.0942383
68,27,0.0604248,-0.0787354
68,28,0.0311279,-0.0756836
68,29,-0.0340576,-0.0452881
68,30,-0.178833,0.0625
68,31,-0.177368,0.145996
68,32,-0.0410156,0.0826416
68,33,0.012085,0.00524902
68,34,0.121826,-0.010498
68,35,0.148438,-0.0151367
68,36,0.153076,-0.0115967
68,37,0.179077,-0.00366211
68,38,0.170166,0.0306396
68,39,0.123413,0.0354004
68,40,0.126099,-0.0565186
68,41,-0.000854492,-0.0163574
68,42,-0.217041,0.117676
68,43,-0.257324,0.158691
68,44,-0.295044,0.186768
68,45,-0.263306,0.18811
68,46,-0.295166,0.248047
68,47,-0.253418,0.202759
69,0,-0.0750732,0.0330811
69,1,-0.0400391,-0.00549316
69,2,-0.0137939,-0.00708008
69,3,-0.0012207,0.00354004
69,4,0.00183105,-0.0133057
69,5,0.000732422,-0.0145264
69,6,-0.0124512,0.0537109
69,7,-0.012207,0.0803223
69,8,-0.0169678,0.0528564
69,9,-0.0648193,-0.0262451
69,10,-0.100708,-0.0654297
69,11,-0.104614,-0.0570068
69,12,-0.0997314,-0.039917
69,13,-0.0905762,-0.0142822
69,14,-0.0379639,0.0638428
69,15,0.00402832,0.123657
69,16,-0.0646973,0.0201416
69,17,-0.0616455,0.00366211
69,18,-0.0201416,0.0133057
69,19,-0.00952148,0.0211182
69,20,-0.00695801,0.0209961
69,21,0.00683594,0.0231934
69,22,0.0106201,0.0288086
69,23,-0.0249023,0.0125732
69,24,0.0213623,0.074585
69,25,0.0322266,0.116577
69,26,0.0252686,0.0925293
69,27,0.0245361,0.0841064
69,28,0.0219727,0.0748291
69,29,0.0236816,0.0605469
69,30,0.020874,0.0604248
69,31,0.0057373,0.0721436
69,32,-0.041626,0.0158691
69,33,-0.0201416,-0.0211182
69,34,-0.0294189,-0.0714111
69,35,-0.0214844,-0.0599365
69,36,-0.0157471,-0.0465088
69,37,-0.010498,-0.0307617
69,38,0.0275879,0.0554199
69,39,0.0440674,0.098877
69,40,0.0473633,0.0482178
69,41,0.088501,0.0268555
69,42,0.134766,-0.0184326
69,43,0.129517,-0.0292969
69,44,0.137695,-0.0327148
69,45,0.106812,-0.0456543
69,46,0.0631104,-0.0560303
69,47,-0.0209961,-0.0571289
70,0,0.0150146,0.0274658
70,1,-0.00439453,0.032959
70,2,0.0152588,0.0388184
70,3,0.0263672,0.0406494
70,4,-0.0317383,-0.0426025
70,5,-0.0194092,-0.015625
70,6,0.0435791,0.0268555
70,7,0.0411377,0.0130615
70,8,0.0692139,0.00354004
70,9,0.0941162,0.0305176
70,10,0.081665,0.0280762
70,11,0.0710449,0.0212402
70,12,0.0549316,0.0186768
70,13,0.0428467,0.00427246
70,14,-0.0133057,-0.0141602
70,15,-0.0565186,-0.0228271
70,16,-0.0231934,0.0124512
70,17,-0.0179443,0.00512695
70,18,-0.00720215,-0.010498
70,19,0.00195312,-0.012085
70,20,-0.0045166,-0.0151367
70,21,-0.0045166,-0.0111084
70,22,-0.0108643,0.000244141
70,23,-0.0090332,0.0205078
70,24,-0.0222168,0.0391846
70,25,-0.0703125,0.019165
70,26,-0.0860596,-0.0141602
70,27,-0.0697021,-0.0280762
70,28,-0.0701904,-0.0307617
70,29,-0.0543213,-0.0330811
70,30,-0.0167236,-0.0268555
70,31,0.00854492,-0.0146484
70,32,0.0146484,-0.00610352
70,33,-0.0124512,0.00500488
70,34,-0.0408936,0.0129395
70,35,-0.0422363,0.0111084
70,36,-0.0402832,0.0125732
70,37,-0.0426025,0.00805664
70,38,-0.0395508,-0.00012207
70,39,-0.0557861,-0.00219727
70,40,-0.00915527,0.0325928
70,41,0.0400391,0.0179443
70,42,0.0332031,-0.00964355
70,43,0.00512695,-0.0272217
70,44,-0.00830078,-0.0313721
70,45,-0.0324707,-0.0245361
70,46,-0.0723877,-0.0161133
70,47,-0.0556641,0.0197754
71,0,-0.0357666,0.0197754
71,1,-0.00805664,0.012207
71,2,-0.000244141,-0.00561523
71,3,-0.00170898,-0.00964355
71,4,0.000488281,0.0146484
71,5,-0.00170898,0.00769043
71,6,0.00354004,-0.0106201
71,7,0.0175781,0.000854492
71,8,0.0334473,0.00756836
71,9,0.0230713,-0.0198975
71,10,-0.00195312,-0.0288086
71,11,-0.0100098,-0.0257568
71,12,-0.00952148,-0.0328369
71,13,-0.00585938,-0.0227051
71,14,-0.0045166,-0.00537109
71,15,0.020752,-0.00317383
71,16,-0.0334473,0.0205078
71,17,-0.00646973,0.00366211
71,18,0.0297852,-0.0195312
71,19,0.0340576,-0.0231934
71,20,0.0406494,-0.02771
71,21,0.0406494,-0.0203857
71,22,0.0428467,-0.029541
71,23,0.019165,-0.0166016
71,24,0.012207,-0.00952148
71,25,0.00927734,0.00012207
71,26,-0.00537109,0.00378418
71,27,-0.00439453,0.00817871
71,28,-0.0012207,0.00878906
71,29,0.00390625,0.0140381
71,30,0.0195312,0.0230713
71,31,0.0310059,0.0321045
71,32,-0.0452881,0.0263672
71,33,-0.00939941,0.012207
71,34,0.000610352,0.0300293
71,35,0.00134277,0.0344238
71,36,0.012085,0.0327148
71,37,0.0137939,0.0333252
71,38,0.017334,0.0236816
71,39,0.0266113,0.00488281
71,40,0.0185547,-0.0339355
71,41,-0.012207,-0.0335693
71,42,-0.0307617,-0.0163574
71,43,-0.0244141,-0.00671387
71,44,-0.020752,0.00439453
71,45,-0.0196533,0.00598145
71,46,-0.00524902,0.02771
71,47,0.00878906,0.0263672
72,0,0.00646973,0.0170898
72,1,0.000976562,-0.00183105
72,2,-0.00402832,-0.00402832
72,3,0.00524902,-0.00805664
72,4,-0.00354004,0.00683594
72,5,-0.00317383,0.0032959
72,6,-0.00305176,-0.00488281
72,7,-0.00952148,-0.00415039
72,8,0.00366211,0.00390625
72,9,0.00585938,0.00158691
72,10,-0.000244141,-0.00646973
72,11,-0.00415039,-0.0012207
72,12,-0.00744629,-0.00561523
72,13,-0.0114746,-0.00415039
72,14,-0.0109863,-0.00598145
72,15,-0.00598145,-0.00561523
72,16,0.0306396,0.00134277
72,17,0.0164795,-0.00866699
72,18,-0.00830078,-0.0177002
72,19,-0.0181885,-0.00646973
72,20,-0.0180664,-0.0118408
72,21,-0.0214844,-0.0012207
72,22,-0.0170898,-0.000732422
72,23,-0.0020752,-0.00927734
72,24,0.0098877,-0.00634766
72,25,0.00585938,-0.00134277
72,26,0.00292969,0.00244141
72,27,0,0.00134277
72,28,-0.000244141,0.00634766
72,29,-0.00292969,0.010498
72,30,-0.00671387,0.00671387
72,31,-0.00561523,0.00732422
72,32,0.0255127,0.00317383
72,33,0.00793457,-0.00366211
72,34,0.00732422,-0.00109863
72,35,-0.00292969,-0.00488281
72,36,-0.0057373,0.000732422
72,37,-0.00390625,0.00195312
72,38,-0.0118408,0.00622559
72,39,-0.00146484,0.00109863
72,40,0.00817871,-0.00805664
72,41,0.00219727,0.00488281
72,42,0.0140381,0.0275879
72,43,0.0175781,0.0308838
72,44,0.0181885,0.02771
72,45,0.012085,0.0211182
72,46,0.00634766,0.00219727
72,47,0.00561523,-0.00793457
73,0,0.0090332,-0.0151367
73,1,0.0115967,-0.0113525
73,2,0.0090332,-0.00842285
73,3,0.00598145,-0.00390625
73,4,-0.0045166,0.00793457
73,5,-0.00292969,0.00280762
73,6,0.00317383,-0.00537109
73,7,0.00646973,-0.0145264
73,8,0.00195312,-0.00708008
73,9,-0.0012207,-0.00549316
73,10,0.000610352,-0.00231934
73,11,-0.00927734,-0.00292969
73,12,-0.00830078,-0.00183105
73,13,-0.0057373,-0.000976562
73,14,0.00549316,-0.00366211
73,15,0.00134277,-0.00292969
73,16,-0.00463867,-0.00830078
73,17,-0.00939941,-0.00842285
73,18,-0.0213623,-0.0113525
73,19,-0.0174561,-0.00976562
73,20,-0.0255127,-0.0106201
73,21,-0.0175781,-0.00708008
73,22,-0.00744629,-0.00964355
73,23,-0.000976562,-0.00354004
73,24,0.00842285,0.00390625
73,25,-0.00280762,0.00195312
73,26,-0.00720215,-0.00219727
73,27,-0.0108643,0.00427246
73,28,-0.00952148,0.000854492
73,29,-0.00830078,-0.000854492
73,30,-0.00280762,-0.00305176
73,31,0.00012207,-0.00720215
73,32,0.00720215,0.00439453
73,33,0.00524902,0.00585938
73,34,0.000244141,0.0146484
73,35,0.00561523,0.0133057
73,36,0.00500488,0.0119629
73,37,0.00219727,0.00720215
73,38,0.00134277,0.00305176
73,39,-0.00195312,-0.00378418
73,40,0.0012207,-0.00610352
73,41,0.0106201,0.00622559
73,42,0.00756836,-0.00231934
73,43,0.00292969,0.000854492
73,44,0.00915527,0.00134277
73,45,0.00244141,-0.00537109
73,46,0.0078125,-0.00488281
73,47,0.00500488,-0.000366211
74,0,0.0698242,-0.0167236
74,1,0.0393066,-0.032959
74,2,-0.00610352,-0.0368652
74,3,-0.0158691,-0.0368652
74,4,0.0194092,0.0268555
74,5,0.0131836,0.0126953
74,6,-0.0284424,0.00109863
74,7,-0.0235596,0.0327148
74,8,-0.0400391,0.0251465
74,9,-0.0473633,-0.00134277
74,10,-0.0405273,-0.0257568
74,11,-0.0288086,-0.0450439
74,12,-0.026123,-0.0350342
74,13,-0.00878906,-0.0362549
74,14,0.0292969,-0.012207
74,15,0.0649414,0.0262451
74,16,0.0057373,0.0584717
74,17,-0.0166016,0.0489502
74,18,-0.0489502,0.0292969
74,19,-0.0430908,0.0114746
74,20,-0.0532227,0.00756836
74,21,-0.0490723,-0.00463867
74,22,-0.0498047,-0.0285645
74,23,-0.0236816,-0.0335693
74,24,-0.0380859,0.00280762
74,25,-0.026001,0.0343018
74,26,0.0184326,0.0227051
74,27,0.0291748,0.00585938
74,28,0.0333252,0.000976562
74,29,0.0340576,-0.0234375
74,30,-0.00695801,-0.0516357
74,31,-0.0501709,-0.015625
74,32,0.0377197,0.0479736
74,33,0.0175781,0.0229492
74,34,0.027832,0.0375977
74,35,0.0328369,0.0303955
74,36,0.0306396,0.0274658
74,37,0.0374756,0.0235596
74,38,0.0351562,0.0255127
74,39,0.0292969,0.0310059
74,40,-0.0185547,0.0632324
74,41,-0.0407715,0.0421143
74,42,-0.0570068,0.0147705
74,43,-0.0454102,0.00170898
74,44,-0.0439453,-0.00244141
74,45,-0.0313721,-0.0115967
74,46,-0.0266113,-0.0361328
74,47,-0.0090332,-0.0438232
75,0,-0.0263672,-0.0257568
75,1,-0.0356445,-0.0101318
75,2,-0.0408936,0.00842285
75,3,-0.0437012,0.0124512
75,4,0.0352783,-0.0140381
75,5,0.0153809,-0.010376
75,6,-0.00927734,-0.000244141
75,7,0.00927734,-0.00219727
75,8,0.0102539,0.00634766
75,9,-0.00537109,0.0125732
75,10,-0.0157471,0.00878906
75,11,-0.00634766,0.00952148
75,12,-0.00866699,0.0065918
75,13,-0.00683594,0.00268555
75,14,-0.00439453,-0.0164795
75,15,0.00134277,-0.0421143
75,16,0.0270996,-0.0333252
75,17,0.0244141,0.00354004
75,18,0.0230713,0.039917
75,19,0.0195312,0.0439453
75,20,0.0241699,0.046875
75,21,0.0201416,0.0401611
75,22,0.0158691,0.0241699
75,23,0.00390625,-0.012207
75,24,-0.000976562,-0.0251465
75,25,0.0162354,-0.036377
75,26,0.00878906,-0.0281982
75,27,0.00012207,-0.027832
75,28,0.0020752,-0.0229492
75,29,0.00476074,-0.0134277
75,30,0.0179443,0.00720215
75,31,0.0262451,0.00354004
75,32,-0.00866699,-0.0251465
75,33,-0.00439453,-0.0140381
75,34,0.00549316,-0.0200195
75,35,0.012085,-0.0283203
75,36,0.0135498,-0.0258789
75,37,0.0157471,-0.0325928
75,38,0.0177002,-0.0386963
75,39,0.0112305,-0.0412598
75,40,0.0270996,-0.015625
75,41,0.0101318,-0.012207
75,42,0.000732422,0.00268555
75,43,0.00341797,0.0119629
75,44,0.0057373,0.00915527
75,45,0.00598145,0.0123291
75,46,0.0157471,-0.00256348
75,47,0.000854492,-0.0297852
76,0,0.0227051,-0.0537109
76,1,0.00939941,-0.0330811
76,2,-0.000366211,-0.000610352
76,3,-0.00170898,0.0216064
76,4,0.00439453,-0.0198975
76,5,-0.000366211,-0.0115967
76,6,0.00012207,0.0219727
76,7,0.000976562,0.00415039
76,8,0.0131836,-0.00671387
76,9,0.0111084,0.0090332
76,10,-0.00415039,0.00793457
76,11,-0.0158691,0.00769043
76,12,-0.0155029,0.00366211
76,13,-0.0203857,0.00402832
76,14,-0.0231934,-0.00964355
76,15,-0.00622559,-0.020752
76,16,0.0367432,-0.0341797
76,17,-0.000854492,-0.0197754
76,18,-0.0523682,-0.000244141
76,19,-0.0557861,0.0114746
76,20,-0.0611572,0.0175781
76,21,-0.0540771,0.0316162
76,22,-0.0476074,0.0637207
76,23,-0.0144043,0.0692139
76,24,0.0419922,0.0792236
76,25,0.0583496,0.0428467
76,26,0.0273438,0.00402832
76,27,0.000244141,-0.0090332
76,28,-0.00622559,-0.0020752
76,29,-0.0389404,-0.00378418
76,30,-0.0705566,0.0325928
76,31,-0.0404053,0.0386963
76,32,0.0672607,-0.0340576
76,33,0.0299072,-0.0140381
76,34,0.045166,-0.0180664
76,35,0.0362549,-0.0169678
76,36,0.0266113,-0.0216064
76,37,0.0300293,-0.0239258
76,38,0.0177002,-0.0179443
76,39,0.0114746,-0.0111084
76,40,0.0648193,0.0148926
76,41,0.0626221,0.0135498
76,42,0.0437012,0.0198975
76,43,0.019165,0.0229492
76,44,0.012207,0.0247803
76,45,-0.00622559,0.0253906
76,46,-0.010376,0.0496826
76,47,-0.0118408,0.0621338
77,0,0.0146484,0.0125732
77,1,0.0198975,0.0168457
77,2,0.0297852,0.0206299
77,3,0.0307617,0.0195312
77,4,-0.0361328,-0.0174561
77,5,-0.0168457,-0.00427246
77,6,0.0341797,0.0153809
77,7,0.0545654,0.0131836
77,8,0.0670166,0.0479736
77,9,0.013916,0.043335
77,10,-0.0385742,0.0324707
77,11,-0.0509033,0.0175781
77,12,-0.0552979,0.00817871
77,13,-0.0614014,-0.00280762
77,14,-0.0423584,-0.0145264
77,15,-0.0065918,-0.0209961
77,16,0.0473633,0.0216064
77,17,0.0598145,0.00549316
77,18,0.050415,-0.00830078
77,19,0.0334473,-0.0163574
77,20,0.0335693,-0.0234375
77,21,0.0197754,-0.0168457
77,22,-0.0145264,-0.0368652
77,23,-0.0528564,-0.0217285
77,24,-0.0385742,-0.00549316
77,25,-0.0216064,-0.0012207
77,26,-0.019043,-0.0291748
77,27,-0.0201416,-0.0437012
77,28,-0.0184326,-0.0489502
77,29,-0.0201416,-0.0539551
77,30,-0.00183105,-0.057251
77,31,0.0415039,-0.0305176
77,32,-0.0146484,0.0367432
77,33,-0.0098877,0.0144043
77,34,-0.0285645,0.0136719
77,35,-0.0302734,0.0108643
77,36,-0.0202637,0.00842285
77,37,-0.0256348,-0.00231934
77,38,-0.00927734,-0.012207
77,39,0.00524902,-0.0158691
77,40,-0.0223389,0.00695801
77,41,-0.041748,0.0322266
77,42,-0.0159912,0.0366211
77,43,0.00549316,0.0163574
77,44,0.0100098,0.00976562
77,45,0.0217285,-0.00537109
77,46,0.0144043,-0.050415
77,47,-0.0317383,-0.0751953
78,0,-0.0224609,0.0266113
78,1,-0.0148926,0.043457
78,2,-0.00524902,0.0490723
78,3,-0.000366211,0.0441895
78,4,-0.00183105,-0.0507812
78,5,-0.000854492,-0.0235596
78,6,0.00427246,0.0472412
78,7,-0.00134277,0.0617676
78,8,-0.0561523,0.0205078
78,9,-0.0385742,-0.0168457
78,10,-0.0155029,-0.0500488
78,11,0.00805664,-0.0515137
78,12,0.0172119,-0.0437012
78,13,0.0305176,-0.0424805
78,14,0.0522461,-0.00427246
78,15,0.0600586,0.0401611
78,16,-0.017334,0.0548096
78,17,-0.00561523,0.0489502
78,18,0.020752,0.0153809
78,19,0.0229492,0.00463867
78,20,0.038208,-0.00390625
78,21,0.0368652,-0.0078125
78,22,0.0550537,-0.00634766
78,23,0.0439453,-0.000610352
78,24,0.0302734,0.00463867
78,25,0.0407715,0.0101318
78,26,0.0302734,0.00744629
78,27,0.020752,0.00634766
78,28,0.0162354,0.0152588
78,29,0.00683594,0.0184326
78,30,-0.00378418,0.0559082
78,31,-0.0115967,0.072876
78,32,-0.0318604,-0.0402832
78,33,-0.0102539,-0.00915527
78,34,-0.0146484,-0.0137939
78,35,-0.012085,-0.00842285
78,36,-0.00683594,-0.00476074
78,37,-0.00402832,-0.0045166
78,38,0.0124512,0.00939941
78,39,0.0170898,0.0291748
78,40,0.0922852,-0.00402832
78,41,0.0640869,-0.0772705
78,42,-0.000244141,-0.0733643
78,43,-0.0262451,-0.0390625
78,44,-0.02771,-0.0218506
78,45,-0.026123,0.0128174
78,46,-0.00146484,0.0794678
78,47,0.0494385,0.0771484
79,0,0.0510254,0.0626221
79,1,0.00292969,0.0512695
79,2,-0.0439453,0.0422363
79,3,-0.0550537,0.0424805
79,4,0.0576172,-0.0412598
79,5,0.0286865,-0.0172119
79,6,-0.0423584,0.0218506
79,7,-0.000610352,0.0231934
79,8,0.0401611,0.0806885
79,9,0.00415039,0.0770264
79,10,-0.0300293,0.0574951
79,11,-0.0336914,0.0379639
79,12,-0.0410156,0.0214844
79,13,-0.0570068,0.0145264
79,14,-0.0582275,-0.0227051
79,15,-0.0617676,-0.0522461
79,16,0.050293,-0.00390625
79,17,0.0245361,0.0128174
79,18,0.00695801,0.0332031
79,19,-0.0057373,0.0257568
79,20,-0.0057373,0.0218506
79,21,-0.0141602,0.00463867
79,22,-0.0439453,-0.0522461
79,23,-0.0689697,-0.0965576
79,24,-0.0963135,-0.117554
79,25,-0.0616455,-0.107178
79,26,-0.00158691,-0.083374
79,27,0.0274658,-0.0823975
79,28,0.0408936,-0.0777588
79,29,0.0626221,-0.0803223
79,30,0.100586,-0.0710449
79,31,0.0853271,-0.0357666
79,32,0.00756836,0.0478516
79,33,-0.00585938,-0.00488281
79,34,-0.0136719,-0.0458984
79,35,-0.00512695,-0.0543213
79,36,-0.00378418,-0.0524902
79,37,-0.00292969,-0.0615234
79,38,0.00646973,-0.0646973
79,39,0.00671387,-0.0620117
79,40,-0.170898,-0.00878906
79,41,-0.152466,0.0944824
79,42,-0.0212402,0.141602
79,43,0.0478516,0.101929
79,44,0.0740967,0.0894775
79,45,0.0861816,0.0296631
79,46,0.120483,-0.098877
79,47,0.0249023,-0.186646
80,0,0.0301514,-0.0335693
80,1,0.0340576,-0.06604
80,2,0.0429688,-0.0982666
80,3,0.0423584,-0.0909424
80,4,-0.0383301,0.0919189
80,5,-0.00976562,0.0456543
80,6,0.00012207,-0.0566406
80,7,-0.0498047,-0.0391846
80,8,-0.0866699,-0.0715332
80,9,-0.0230713,-0.0697021
80,10,0.0401611,-0.0407715
80,11,0.0618896,-0.0273438
80,12,0.0645752,-0.0136719
80,13,0.0825195,0.00305176
80,14,0.0717773,0.0301514
80,15,0.0501709,0.0397949
80,16,-0.0983887,-0.0252686
80,17,-0.132568,-0.0599365
80,18,-0.138062,-0.0776367
80,19,-0.103027,-0.0517578
80,20,-0.104126,-0.0511475
80,21,-0.0629883,-0.0205078
80,22,0.00622559,0.0345459
80,23,0.0939941,0.0736084
80,24,0.0823975,0.0770264
80,25,0.0379639,0.101807
80,26,-0.0098877,0.111938
80,27,-0.0228271,0.11084
80,28,-0.0328369,0.101929
80,29,-0.0457764,0.102295
80,30,-0.0802002,0.0848389
80,31,-0.0946045,0.0479736
80,32,0.0388184,-0.0100098
80,33,0.0194092,0.00170898
80,34,0.0211182,0.053833
80,35,0.00866699,0.0645752
80,36,0.00512695,0.064209
80,37,-0.000732422,0.0825195
80,38,-0.0181885,0.0943604
80,39,-0.0247803,0.0772705
80,40,0.100464,-0.0181885
80,41,0.123413,-0.0965576
80,42,0.0441895,-0.123413
80,43,-0.00244141,-0.0952148
80,44,-0.0268555,-0.0717773
80,45,-0.043457,-0.0148926
80,46,-0.0709229,0.0985107
80,47,0.0109863,0.168945
81,0,-0.108521,0.157471
81,1,-0.0736084,0.195312
81,2,-0.043335,0.210083
81,3,-0.0302734,0.191772
81,4,0.00646973,-0.192993
81,5,-0.00158691,-0.0909424
81,6,0.0172119,0.112915
81,7,0.0324707,0.0943604
81,8,-0.0230713,0.0484619
81,9,-0.0576172,-0.0090332
81,10,-0.0670166,-0.0700684
81,11,-0.0571289,-0.0893555
81,12,-0.0499268,-0.0883789
81,13,-0.0327148,-0.108398
81,14,0.0228271,-0.0771484
81,15,0.0814209,-0.0266113
81,16,0.106567,0.179932
81,17,0.198242,0.156494
81,18,0.242798,0.0922852
81,19,0.194946,0.0366211
81,20,0.222656,0.0115967
81,21,0.168091,-0.0234375
81,22,0.135254,-0.126587
81,23,0.0512695,-0.161621
81,24,0.0162354,-0.146118
81,25,0.0372314,-0.147827
81,26,0.0554199,-0.119263
81,27,0.0722656,-0.0966797
81,28,0.0869141,-0.0914307
81,29,0.10376,-0.0671387
81,30,0.147217,-0.00256348
81,31,0.141602,0.050415
81,32,-0.164062,-0.00146484
81,33,-0.0537109,-0.0240479
81,34,-0.0274658,-0.109863
81,35,-0.00158691,-0.119507
81,36,0.0111084,-0.118774
81,37,0.0458984,-0.138306
81,38,0.102661,-0.115601
81,39,0.117676,-0.0445557
81,40,0.0456543,-0.0494385
81,41,-0.119629,-0.0552979
81,42,-0.194092,0.0582275
81,43,-0.151245,0.0955811
81,44,-0.127686,0.115845
81,45,-0.0473633,0.109619
81,46,0.119995,0.0623779
81,47,0.200439,-0.0900879
82,0,0.0904541,0.0993652
82,1,0.059082,0.0947266
82,2,0.0438232,0.0672607
82,3,0.0333252,0.0444336
82,4,-0.0345459,-0.0374756
82,5,-0.0178223,-0.0142822
82,6,0.0322266,0.0142822
82,7,0.052124,0.0170898
82,8,-0.0252686,0.0811768
82,9,-0.0344238,0.0895996
82,10,-0.0244141,0.0655518
82,11,-0.022583,0.043335
82,12,-0.00891113,0.0263672
82,13,-0.0159912,0.00915527
82,14,-0.0216064,-0.0456543
82,15,-0.0321045,-0.0849609
82,16,0.0811768,-0.0662842
82,17,0.02771,-0.109009
82,18,-0.0424805,-0.139893
82,19,-0.0478516,-0.109619
82,20,-0.0709229,-0.123169
82,21,-0.0498047,-0.0917969
82,22,-0.0549316,-0.0644531
82,23,-0.032959,-0.0150146
82,24,0.00354004,-0.0340576
82,25,0.0308838,-0.0411377
82,26,0.0150146,-0.0302734
82,27,0.00500488,-0.0212402
82,28,-0.00683594,-0.0206299
82,29,-0.0159912,-0.0136719
82,30,-0.0408936,-0.0106201
82,31,-0.0249023,-0.0148926
82,32,0.0775146,-0.0148926
82,33,0.0124512,-0.0020752
82,34,-0.0413818,0.0136719
82,35,-0.0635986,0.0162354
82,36,-0.0682373,0.0166016
82,37,-0.0946045,0.0134277
82,38,-0.106445,-0.0177002
82,39,-0.0654297,-0.0515137
82,40,-0.0078125,-0.150269
82,41,0.0098877,-0.0883789
82,42,0.0449219,-0.000610352
82,43,0.0498047,0.0180664
82,44,0.0600586,0.0368652
82,45,0.0437012,0.0349121
82,46,0.019165,0.0368652
82,47,-0.0446777,0.0135498
83,0,0.0643311,-0.0402832
83,1,0.0375977,-0.0606689
83,2,-0.00317383,-0.0444336
83,3,-0.0196533,-0.0422363
83,4,0.0212402,0.0383301
83,5,0.0181885,0.0183105
83,6,-0.0202637,-0.032959
83,7,-0.00305176,-0.036377
83,8,0.00964355,-0.00402832
83,9,0.0157471,-0.0144043
83,10,0.00842285,-0.0245361
83,11,0.00317383,-0.0195312
83,12,-0.00158691,-0.0172119
83,13,-0.0137939,-0.00854492
83,14,-0.0300293,0.0163574
83,15,-0.0241699,0.0350342
83,16,0.072998,-0.0250244
83,17,0.0302734,-0.012207
83,18,-0.0301514,0.0148926
83,19,-0.0435791,0.0141602
83,20,-0.0533447,0.0251465
83,21,-0.055542,0.012085
83,22,-0.0352783,-0.0163574
83,23,0.0129395,-0.0435791
83,24,0.0333252,-0.0307617
83,25,0.0109863,-0.0185547
83,26,-0.00390625,0.00280762
83,27,-0.010498,0.00671387
83,28,-0.00695801,0.00732422
83,29,-0.0168457,0.0100098
83,30,-0.0273438,0.0078125
83,31,-0.0159912,0.00769043
83,32,0.0408936,-0.00646973
83,33,0.020752,-0.00646973
83,34,0.0369873,0.0032959
83,35,0.0306396,0.0236816
83,36,0.0268555,0.0328369
83,37,0.0256348,0.052124
83,38,0.0180664,0.0808105
83,39,0.012207,0.0648193
83,40,-0.083374,0.0335693
83,41,-0.0849609,0.0473633
83,42,-0.0238037,0.0367432
83,43,0.00720215,0.0249023
83,44,0.0224609,0.0213623
83,45,0.0423584,0.00976562
83,46,0.0799561,-0.0216064
83,47,0.092041,-0.0311279
84,0,0.00610352,-0.0203857
84,1,0.0020752,-0.0167236
84,2,-0.0101318,-0.0187988
84,3,-0.0148926,-0.0166016
84,4,0.0144043,0.0168457
84,5,0.00756836,0.00170898
84,6,-0.0168457,-0.000732422
84,7,-0.0279541,0.0230713
84,8,-0.0378418,0.0390625
84,9,-0.0175781,-0.000366211
84,10,-0.00146484,-0.0310059
84,11,0.00720215,-0.0429688
84,12,0.00488281,-0.0358887
84,13,0.0114746,-0.0423584
84,14,0.00561523,-0.0239258
84,15,-0.0118408,0.00366211
84,16,-0.0419922,-0.0168457
84,17,-0.0424805,0.000976562
84,18,-0.0283203,0.0236816
84,19,-0.0184326,0.0161133
84,20,-0.0170898,0.020874
84,21,-0.0187988,0.0162354
84,22,-0.0187988,-0.0162354
84,23,-0.0301514,-0.0463867
84,24,-0.0477295,-0.0383301
84,25,-0.0296631,-0.0247803
84,26,0.0108643,-0.00512695
84,27,0.0239258,-0.000976562
84,28,0.0313721,-0.00378418
84,29,0.0465088,-0.000488281
84,30,0.0430908,-0.00170898
84,31,0.00891113,0.015625
84,32,-0.00292969,-0.0263672
84,33,0.00317383,-0.0045166
84,34,0.0250244,0.0113525
84,35,0.0362549,0.012207
84,36,0.036377,0.015625
84,37,0.0432129,0.0212402
84,38,0.0412598,0.0112305
84,39,0.010498,0.00500488
84,40,-0.0303955,0.022583
84,41,-0.0247803,0.0218506
84,42,-0.0327148,0.024292
84,43,-0.0238037,0.015625
84,44,-0.0284424,0.00793457
84,45,-0.0177002,0.00244141
84,46,-0.0192871,-0.019043
84,47,-0.00500488,-0.0432129
85,0,-0.0498047,-0.0184326
85,1,-0.0439453,-0.00500488
85,2,-0.0241699,0.00964355
85,3,-0.00524902,0.0117188
85,4,0.00524902,-0.0141602
85,5,-0.000732422,-0.0090332
85,6,0.0141602,0.0111084
85,7,0.0202637,0.00720215
85,8,0.0269775,0.00500488
85,9,0.0115967,0.00732422
85,10,-0.0153809,0.00793457
85,11,-0.0227051,0.00878906
85,12,-0.0223389,0.0126953
85,13,-0.0279541,0.0152588
85,14,-0.0227051,0.012085
85,15,-0.010498,0.00537109
85,16,-0.00183105,-0.00866699
85,17,0.0196533,0.00939941
85,18,0.0322266,0.0311279
85,19,0.024292,0.0263672
85,20,0.0283203,0.0306396
85,21,0.0240479,0.0272217
85,22,0.0197754,0.0289307
85,23,0.00463867,0.0078125
85,24,-0.00427246,0.00952148
85,25,0.00390625,-0.00402832
85,26,-0.00512695,-0.0218506
85,27,-0.0098877,-0.0255127
85,28,-0.0140381,-0.0252686
85,29,-0.00744629,-0.0194092
85,30,0.00830078,-0.00732422
85,31,0.0234375,0.00524902
85,32,-0.0162354,-0.0267334
85,33,-0.00292969,-0.0148926
85,34,0.00292969,-0.0435791
85,35,0.00598145,-0.0428467
85,36,0.00610352,-0.0406494
85,37,0.00683594,-0.0378418
85,38,0.0032959,-0.0291748
85,39,-0.00585938,-0.0137939
85,40,0.0321045,0.0268555
85,41,0.0488281,0.0313721
85,42,0.0506592,0.0301514
85,43,0.0319824,0.0240479
85,44,0.0404053,0.0230713
85,45,0.0235596,0.0166016
85,46,0.0128174,0.0170898
85,47,0.0020752,0.000854492
86,0,-0.019043,0.0335693
86,1,-0.00793457,0.0307617
86,2,0.00842285,0.034668
86,3,0.00402832,0.0256348
86,4,-0.0142822,-0.0251465
86,5,-0.0065918,-0.00964355
86,6,0.00683594,0.00952148
86,7,0.0151367,-0.00732422
86,8,0.0159912,-0.0167236
86,9,0.0168457,0.0107422
86,10,0.0153809,0.0319824
86,11,0.0151367,0.0335693
86,12,0.00891113,0.0300293
86,13,0.00524902,0.0311279
86,14,-0.00170898,0.0170898
86,15,-0.00793457,0.00769043
86,16,0.00634766,0.00866699
86,17,0.0135498,-0.00292969
86,18,0.0146484,-0.0114746
86,19,0.0115967,-0.0115967
86,20,0.00976562,-0.0140381
86,21,0.00756836,-0.00891113
86,22,0.00939941,-0.00134277
86,23,0.0100098,0.0147705
86,24,0.0262451,0.0108643
86,25,0.0241699,-0.00488281
86,26,-0.00195312,-0.010498
86,27,-0.0180664,0.00683594
86,28,-0.0180664,0.00683594
86,29,-0.0283203,0.0114746
86,30,-0.0297852,0.0206299
86,31,-0.0112305,0.00219727
86,32,-0.00927734,0.00012207
86,33,-0.000976562,-0.00317383
86,34,-0.00366211,-0.0157471
86,35,-0.00744629,-0.0192871
86,36,-0.0128174,-0.022583
86,37,-0.0119629,-0.020752
86,38,-0.010376,-0.0239258
86,39,-0.00708008,-0.00842285
86,40,0.0360107,-0.0299072
86,41,0.0270996,-0.0350342
86,42,0.0192871,-0.0162354
86,43,0.00732422,-0.00866699
86,44,0.00769043,-0.00170898
86,45,0.00976562,0.0117188
86,46,0.0113525,0.0302734
86,47,0.0186768,0.0427246
87,0,-0.0142822,-0.00341797
87,1,-0.0174561,0.0195312
87,2,-0.0140381,0.0323486
87,3,-0.0114746,0.0344238
87,4,-0.000610352,-0.0334473
87,5,-0.00109863,-0.0195312
87,6,0.0264893,0.0157471
87,7,0.0489502,-0.0057373
87,8,0.0457764,0.0216064
87,9,0.0258789,0.045166
87,10,-0.000488281,0.0549316
87,11,-0.0151367,0.0491943
87,12,-0.0187988,0.0424805
87,13,-0.0294189,0.038208
87,14,-0.0238037,0.000610352
87,15,-0.0128174,-0.0185547
87,16,0.0509033,0.00488281
87,17,0.0445557,0.00500488
87,18,0.0321045,-0.00317383
87,19,0.017334,0.00549316
87,20,0.0141602,0.000366211
87,21,0.00976562,0.000244141
87,22,0.00830078,0.0323486
87,23,-0.00683594,0.0581055
87,24,0.0516357,0.0620117
87,25,0.0733643,0.00012207
87,26,0.0219727,-0.0311279
87,27,-0.00158691,-0.0343018
87,28,-0.015625,-0.0270996
87,29,-0.0310059,-0.0109863
87,30,-0.026001,0.0273438
87,31,0.0321045,0.0446777
87,32,0.0258789,-0.0197754
87,33,0.00769043,-0.00341797
87,34,-0.0032959,-0.00341797
87,35,-0.0057373,-0.0020752
87,36,-0.00720215,-0.00537109
87,37,-0.0057373,-0.0129395
87,38,0.00622559,-0.019043
87,39,0.0220947,-0.0157471
87,40,0.060791,-0.0389404
87,41,0.053833,-0.0407715
87,42,0.0421143,-0.027832
87,43,0.0386963,-0.017334
87,44,0.0317383,-0.012085
87,45,0.0239258,0.00671387
87,46,0.0281982,0.03479
87,47,0.00708008,0.0640869
88,0,0.000244141,0.106812
88,1,0.0559082,0.0749512
88,2,0.102539,0.00964355
88,3,0.110107,-0.0147705
88,4,-0.113403,0.0231934
88,5,-0.0544434,0.0178223
88,6,0.0732422,-0.0426025
88,7,0.019165,-0.046875
88,8,0.00598145,-0.0793457
88,9,0.072876,-0.0708008
88,10,0.106812,-0.0332031
88,11,0.107666,-0.0065918
88,12,0.09375,0.00158691
88,13,0.0882568,0.0235596
88,14,0.0172119,0.0449219
88,15,-0.0445557,0.0396729
88,16,-0.0551758,-0.00402832
88,17,-0.019165,-0.0532227
88,18,0.0164795,-0.097168
88,19,0.0206299,-0.0838623
88,20,0.0299072,-0.0959473
88,21,0.0247803,-0.0805664
88,22,0.0469971,-0.0739746
88,23,0.0599365,-0.0305176
88,24,0.0263672,-0.0383301
88,25,-0.0865479,-0.0183105
88,26,-0.112549,0.0412598
88,27,-0.0906982,0.0670166
88,28,-0.0692139,0.0654297
88,29,-0.0222168,0.0593262
88,30,0.0899658,-0.00854492
88,31,0.0789795,-0.079834
88,32,-0.0444336,0.0372314
88,33,-0.0256348,0.0161133
88,34,-0.0943604,0.0240479
88,35,-0.102539,0.0206299
88,36,-0.103149,0.0273438
88,37,-0.128784,0.0273438
88,38,-0.144287,0.0229492
88,39,-0.124878,0.0065918
88,40,-0.039917,-0.0596924
88,41,-0.0230713,-0.0704346
88,42,0.0111084,-0.0843506
88,43,0.0153809,-0.088501
88,44,0.0109863,-0.0899658
88,45,0.0147705,-0.0715332
88,46,0.0334473,-0.0668945
88,47,0.0517578,-0.0299072
89,0,0.100708,-0.127563
89,1,0.0664062,-0.0733643
89,2,0.0290527,-0.00195312
89,3,0.00927734,0.0200195
89,4,-0.0150146,-0.0307617
89,5,-0.0032959,-0.0200195
89,6,0.0162354,0.0314941
89,7,0.0501709,0.0153809
89,8,0.0183105,0.0407715
89,9,-0.0358887,0.038208
89,10,-0.0682373,0.0057373
89,11,-0.0643311,-0.0246582
89,12,-0.0561523,-0.026001
89,13,-0.052124,-0.0460205
89,14,0.00280762,-0.0657959
89,15,0.0893555,-0.0596924
89,16,0.135132,0
89,17,0.0860596,0.0435791
89,18,0.000854492,0.078125
89,19,-0.0228271,0.0585938
89,20,-0.0394287,0.0584717
89,21,-0.052124,0.0435791
89,22,-0.0671387,0.0101318
89,23,-0.0454102,-0.0212402
89,24,-0.0189209,-0.0065918
89,25,0.0192871,-0.00317383
89,26,0.0294189,-0.0284424
89,27,0.019165,-0.0301514
89,28,0.00866699,-0.0377197
89,29,-0.0133057,-0.0367432
89,30,-0.0596924,-0.0245361
89,31,-0.0286865,0.0125732
89,32,0.059082,-0.0292969
89,33,0.0256348,0.000366211
89,34,0.0422363,0.0213623
89,35,0.0384521,0.0159912
89,36,0.0343018,0.0166016
89,37,0.0354004,0.00280762
89,38,0.0522461,-0.0112305
89,39,0.0760498,-0.0113525
89,40,0.0273438,0.0205078
89,41,-0.0264893,0.0410156
89,42,-0.0583496,0.0599365
89,43,-0.0489502,0.0446777
89,44,-0.0583496,0.0462646
89,45,-0.0412598,0.0272217
89,46,-0.0467529,-0.0169678
89,47,-0.0509033,-0.0543213
90,0,0.0932617,0.0296631
90,1,0.108276,0.0557861
90,2,0.121094,0.0539551
90,3,0.102783,0.039917
90,4,-0.108521,-0.0256348
90,5,-0.0461426,-0.0102539
90,6,0.0568848,-0.0360107
90,7,0.0377197,-0.0743408
90,8,-0.0114746,-0.0198975
90,9,-0.020874,0.0184326
90,10,-0.0230713,0.0222168
90,11,-0.0246582,0.0136719
90,12,-0.024292,0.00317383
90,13,-0.0159912,-0.0098877
90,14,0.00317383,-0.0488281
90,15,0.0488281,-0.074707
90,16,0.0662842,-0.0306396
90,17,0.0692139,-0.0773926
90,18,0.0478516,-0.125366
90,19,0.0270996,-0.109619
90,20,0.0206299,-0.143677
90,21,0.000732422,-0.118774
90,22,-0.041626,-0.140869
90,23,-0.0622559,-0.0843506
90,24,-0.0876465,-0.0721436
90,25,-0.0616455,-0.0494385
90,26,-0.024292,-0.00683594
90,27,-0.0185547,0.000976562
90,28,-0.0123291,0.00366211
90,29,-0.00891113,-0.0131836
90,30,-0.0166016,-0.079834
90,31,-0.0228271,-0.11853
90,32,-0.0421143,0.118896
90,33,-0.0211182,0.0662842
90,34,-0.0578613,0.125
90,35,-0.0551758,0.0980225
90,36,-0.0487061,0.0880127
90,37,-0.0505371,0.0693359
90,38,-0.0327148,0.0128174
90,39,0.00305176,-0.0224609
90,40,-0.0511475,-0.0266113
90,41,-0.105225,0.00219727
90,42,-0.0848389,0.00244141
90,43,-0.0626221,-0.00646973
90,44,-0.0500488,-0.0162354
90,45,-0.0249023,-0.0296631
90,46,-0.0078125,-0.072876
90,47,-0.0439453,-0.0968018
91,0,0.0769043,-0.00512695
91,1,0.129395,-0.00842285
91,2,0.14917,0.00402832
91,3,0.134033,-0.000244141
91,4,-0.121338,-0.0020752
91,5,-0.0455322,-0.00134277
91,6,0.0183105,0.00683594
91,7,-0.0479736,0.00952148
91,8,-0.136597,0.00732422
91,9,-0.0866699,-0.0296631
91,10,-0.0273438,-0.0795898
91,11,-0.0020752,-0.0964355
91,12,0.00634766,-0.0915527
91,13,0.0279541,-0.102661
91,14,0.0549316,-0.0654297
91,15,0.0792236,0.00244141
91,16,0.0150146,0.0299072
91,17,0.0195312,0.0100098
91,18,0.000366211,-0.024292
91,19,-0.00830078,-0.0241699
91,20,-0.0216064,-0.0357666
91,21,-0.0200195,-0.0354004
91,22,-0.0428467,-0.048584
91,23,-0.0125732,-0.0426025
91,24,-0.0146484,-0.0185547
91,25,-0.00109863,0.0511475
91,26,0.024292,0.0849609
91,27,0.0192871,0.0822754
91,28,0.0236816,0.074707
91,29,0.0114746,0.0612793
91,30,-0.0509033,0.00671387
91,31,-0.111816,-0.0214844
91,32,-0.043335,0.036377
91,33,-0.0224609,0.0321045
91,34,-0.0410156,0.0891113
91,35,-0.0279541,0.0853271
91,36,-0.0224609,0.0826416
91,37,-0.0212402,0.0802002
91,38,0.0065918,0.0734863
91,39,0.0322266,0.0722656
91,40,-0.0150146,-0.00305176
91,41,-0.104248,-0.0673828
91,42,-0.157959,-0.0770264
91,43,-0.142212,-0.0479736
91,44,-0.136353,-0.052124
91,45,-0.0932617,-0.0297852
91,46,-0.0388184,-0.0136719
91,47,0.0227051,-0.0195312
92,0,0.0838623,0.114502
92,1,0.114502,0.10144
92,2,0.136719,0.0703125
92,3,0.129517,0.0537109
92,4,-0.13269,-0.0466309
92,5,-0.0549316,-0.0192871
92,6,0.0681152,0.0115967
92,7,0.0125732,-0.00708008
92,8,-0.0407715,-0.00585938
92,9,-0.0020752,-0.0194092
92,10,0.0294189,-0.0535889
92,11,0.0447998,-0.0629883
92,12,0.0430908,-0.0599365
92,13,0.0522461,-0.0692139
92,14,0.0408936,-0.0200195
92,15,0.043457,0.0323486
92,16,0.0477295,0.0151367
92,17,0.0290527,-0.0229492
92,18,0.00427246,-0.072998
92,19,-0.0108643,-0.0821533
92,20,-0.012085,-0.107178
92,21,-0.0174561,-0.102417
92,22,-0.0057373,-0.149658
92,23,0.0241699,-0.121826
92,24,-0.0339355,-0.133667
92,25,-0.0692139,-0.0878906
92,26,-0.0297852,-0.00292969
92,27,-0.0119629,0.0144043
92,28,0.0057373,0.0263672
92,29,0.0170898,0.0246582
92,30,0.0186768,-0.0288086
92,31,-0.0194092,-0.083374
92,32,-0.0366211,0.0760498
92,33,-0.0303955,0.0408936
92,34,-0.0773926,0.0651855
92,35,-0.0738525,0.0535889
92,36,-0.0683594,0.0449219
92,37,-0.067627,0.0336914
92,38,-0.0411377,0.00354004
92,39,-0.00634766,-0.00366211
92,40,-0.0402832,-0.0324707
92,41,-0.105347,-0.0623779
92,42,-0.117432,-0.0710449
92,43,-0.0961914,-0.0670166
92,44,-0.0802002,-0.0683594
92,45,-0.0447998,-0.0651855
92,46,0.0090332,-0.0959473
92,47,0.0528564,-0.112549
93,0,-0.0223389,0.0197754
93,1,-0.00842285,0.0848389
93,2,0.0090332,0.134399
93,3,0.0185547,0.124634
93,4,-0.019043,-0.126587
93,5,-0.0167236,-0.0577393
93,6,0.041748,0.0583496
93,7,0.0704346,-0.00402832
93,8,0.0222168,-0.00744629
93,9,-0.00756836,0.0131836
93,10,-0.00695801,0.010498
93,11,-0.00793457,0.00927734
93,12,-0.00634766,0.00341797
93,13,-0.0118408,-0.00463867
93,14,-0.0118408,-0.0229492
93,15,-0.0223389,-0.0255127
93,16,0.0423584,-0.0814209
93,17,0.0766602,-0.083374
93,18,0.105103,-0.0545654
93,19,0.0806885,-0.0383301
93,20,0.0936279,-0.0325928
93,21,0.0640869,-0.020752
93,22,0.041626,0.00012207
93,23,-0.0128174,0.0272217
93,24,0.038208,0.0339355
93,25,0.041626,-0.00512695
93,26,-0.00769043,-0.00976562
93,27,-0.0336914,-0.0057373
93,28,-0.0490723,0.00195312
93,29,-0.0581055,0.00280762
93,30,-0.0603027,0.0111084
93,31,0.0032959,-0.0108643
93,32,-0.113281,-0.0279541
93,33,-0.055542,-0.00915527
93,34,-0.0849609,-0.0231934
93,35,-0.0665283,-0.0123291
93,36,-0.0513916,-0.00695801
93,37,-0.0288086,-0.00842285
93,38,0.00866699,0.0065918
93,39,0.0218506,0.00402832
93,40,0.0537109,-0.0634766
93,41,0.0446777,-0.107178
93,42,0.0561523,-0.131348
93,43,0.053833,-0.117432
93,44,0.0620117,-0.110229
93,45,0.0559082,-0.0799561
93,46,0.0557861,-0.0460205
93,47,0.0246582,0.0112305
94,0,0.0125732,0.101562
94,1,0.000854492,0.11499
94,2,0.00146484,0.128906
94,3,0.00805664,0.12207
94,4,-0.00561523,-0.127319
94,5,-0.00939941,-0.0633545
94,6,0.0334473,0.0993652
94,7,0.0701904,0.0897217
94,8,0.036377,0.0997314
94,9,-0.0032959,0.0825195
94,10,-0.0151367,0.0418701
94,11,-0.0186768,0.0275879
94,12,-0.0162354,0.0109863
94,13,-0.013916,0.00012207
94,14,-0.0012207,-0.00585938
94,15,-0.000854492,0.0180664
94,16,0.0578613,0.0402832
94,17,0.0800781,0.0142822
94,18,0.103394,-0.0213623
94,19,0.0754395,-0.0303955
94,20,0.0861816,-0.0395508
94,21,0.0643311,-0.0427246
94,22,0.0351562,-0.0706787
94,23,-0.0192871,-0.0541992
94,24,-0.0175781,-0.0239258
94,25,-0.0300293,-0.0469971
94,26,-0.0375977,-0.0565186
94,27,-0.0372314,-0.0616455
94,28,-0.0308838,-0.0646973
94,29,-0.0238037,-0.0632324
94,30,0.0181885,-0.0545654
94,31,0.0639648,-0.0205078
94,32,-0.0372314,0.0238037
94,33,-0.0412598,-0.0130615
94,34,-0.119629,-0.0588379
94,35,-0.115356,-0.0704346
94,36,-0.110962,-0.0683594
94,37,-0.109619,-0.0693359
94,38,-0.0732422,-0.0374756
94,39,-0.0299072,0.00622559
94,40,-0.0119629,0.036377
94,41,0.0201416,0.0280762
94,42,0.0783691,0.00732422
94,43,0.0855713,-0.00244141
94,44,0.0974121,-0.00500488
94,45,0.0877686,-0.0223389
94,46,0.0812988,-0.0551758
94,47,0.0292969,-0.067749
95,0,0.00366211,0.0654297
95,1,0.0150146,0.0447998
95,2,0.0349121,0.0273438
95,3,0.0288086,0.0170898
95,4,-0.0316162,-0.0101318
95,5,-0.0174561,-0.00476074
95,6,0.0203857,-0.00512695
95,7,0.0107422,-0.00524902
95,8,-0.0281982,0.0129395
95,9,-0.0198975,0.00830078
95,10,-0.00109863,0.00561523
95,11,0.00744629,0.00793457
95,12,0.00476074,0.0012207
95,13,0.0195312,0.000488281
95,14,0.0245361,-0.00793457
95,15,0.0327148,-0.0153809
95,16,0.0424805,0.0118408
95,17,0.0551758,-0.0118408
95,18,0.0588379,-0.0238037
95,19,0.0371094,-0.0223389
95,20,0.0408936,-0.0231934
95,21,0.026001,-0.0157471
95,22,0.00866699,-0.0098877
95,23,0.00354004,0.00488281
95,24,0.0114746,0.0170898
95,25,0.0124512,-0.00158691
95,26,-0.00537109,0.00366211
95,27,-0.0114746,0.0129395
95,28,-0.015625,0.0161133
95,29,-0.0223389,0.0344238
95,30,-0.0231934,0.052124
95,31,-0.0212402,0.052124
95,32,-0.0384521,0.0228271
95,33,-0.0220947,0.00732422
95,34,-0.0386963,0.00964355
95,35,-0.0325928,0.00744629
95,36,-0.0352783,0.00842285
95,37,-0.032959,0.0090332
95,38,-0.0203857,0.00561523
95,39,0.00695801,-0.00256348
95,40,0.00524902,-0.0739746
95,41,-0.0133057,-0.0919189
95,42,-0.0302734,-0.0616455
95,43,-0.0292969,-0.0380859
95,44,-0.0266113,-0.0230713
95,45,-0.0115967,-0.000488281
95,46,-0.0032959,0.0498047
95,47,0.00732422,0.0782471
96,0,0.0112305,0.0111084
96,1,0.0227051,0.024292
96,2,0.0395508,0.038208
96,3,0.0419922,0.0317383
96,4,-0.0439453,-0.0367432
96,5,-0.0249023,-0.0108643
96,6,0.043457,0.00720215
96,7,0.038208,-0.0180664
96,8,0.0283203,0.012207
96,9,0.0239258,0.0258789
96,10,0.00146484,0.0272217
96,11,-0.0057373,0.0167236
96,12,-0.00732422,0.0100098
96,13,-0.0198975,0.00378418
96,14,-0.0228271,-0.012085
96,15,-0.0218506,-0.0238037
96,16,0.057251,-0.0301514
96,17,0.0467529,-0.0561523
96,18,0.022583,-0.0698242
96,19,0.0065918,-0.0509033
96,20,-0.00415039,-0.0644531
96,21,-0.00708008,-0.0531006
96,22,-0.00927734,-0.0216064
96,23,0.00964355,0.0078125
96,24,0.0445557,0.0290527
96,25,0.0296631,-0.00256348
96,26,-0.0157471,-0.0151367
96,27,-0.0262451,-0.00866699
96,28,-0.0323486,-0.00695801
96,29,-0.0316162,0.00305176
96,30,-0.027832,0.0203857
96,31,0.00524902,0.0115967
96,32,0.00646973,0.0167236
96,33,-0.000488281,0.0123291
96,34,-0.0161133,0.0246582
96,35,-0.0150146,0.0119629
96,36,-0.0163574,0.00964355
96,37,-0.020874,0.00830078
96,38,-0.00927734,-0.00695801
96,39,0.0057373,-0.00610352
96,40,-0.00012207,-0.0114746
96,41,-0.0202637,-0.00671387
96,42,-0.0234375,0.012085
96,43,-0.00695801,0.0129395
96,44,-0.00354004,0.0151367
96,45,0.00744629,0.010376
96,46,0.0322266,0.0158691
96,47,0.0490723,0.0341797
97,0,-0.00708008,-0.0124512
97,1,0.0158691,-0.00512695
97,2,0.019165,-0.00256348
97,3,0.0220947,-0.00366211
97,4,-0.0264893,0.00756836
97,5,-0.0169678,0.00439453
97,6,0.0195312,-0.0177002
97,7,0.0235596,-0.0246582
97,8,0.0175781,0.0102539
97,9,0.0126953,0.0200195
97,10,-0.00769043,0.0157471
97,11,-0.0126953,0.0109863
97,12,-0.0168457,0.0107422
97,13,-0.029541,0.00280762
97,14,-0.0385742,-0.00732422
97,15,-0.0566406,-0.0267334
97,16,0.0020752,-0.0150146
97,17,0.0115967,-0.015625
97,18,0.0098877,-0.0187988
97,19,0.00439453,-0.010498
97,20,-0.00549316,-0.00769043
97,21,-0.00854492,-0.00537109
97,22,-0.0340576,-0.00317383
97,23,-0.0380859,0.0118408
97,24,-0.0224609,0.00378418
97,25,-0.015625,-0.00219727
97,26,-0.0115967,0.00134277
97,27,-0.0163574,0.000732422
97,28,-0.0133057,-0.00317383
97,29,-0.00805664,0.00488281
97,30,0.000732422,0.0114746
97,31,0.0065918,0.00842285
97,32,-0.000366211,-0.000732422
97,33,-0.00305176,0.00610352
97,34,-0.00292969,0.0267334
97,35,0,0.0284424
97,36,0.00231934,0.0281982
97,37,-0.00976562,0.0280762
97,38,-0.00939941,0.00866699
97,39,-0.0175781,-0.0155029
97,40,-0.0303955,0.0146484
97,41,-0.0252686,0.0322266
97,42,-0.00366211,0.0177002
97,43,0.000976562,0.00341797
97,44,-0.000854492,0.00195312
97,45,0.00244141,-0.00891113
97,46,-0.00793457,-0.0115967
97,47,-0.0235596,0.0100098
98,0,0.0057373,-0.0539551
98,1,0.0115967,-0.0571289
98,2,0.0101318,-0.0534668
98,3,0.00256348,-0.0397949
98,4,-0.00256348,0.0357666
98,5,0.00390625,0.0142822
98,6,-0.00610352,-0.0117188
98,7,-0.0187988,-0.0124512
98,8,0.0078125,-0.00317383
98,9,0.0045166,-0.00378418
98,10,-0.0148926,0.00170898
98,11,-0.0233154,0.0090332
98,12,-0.0270996,0.00720215
98,13,-0.0377197,0.0123291
98,14,-0.0419922,0.00891113
98,15,-0.0332031,0.00219727
98,16,-0.0124512,-0.0288086
98,17,-0.0249023,-0.00952148
98,18,-0.0323486,0.00244141
98,19,-0.0303955,0.0102539
98,20,-0.0369873,0.0118408
98,21,-0.03479,0.0124512
98,22,-0.0496826,0.0118408
98,23,-0.043457,0.0112305
98,24,-0.0180664,0.0169678
98,25,-0.0244141,0.0126953
98,26,-0.0159912,0.00402832
98,27,-0.0141602,-0.0020752
98,28,-0.0133057,-0.00146484
98,29,-0.00610352,0.0045166
98,30,-0.00708008,0
98,31,-0.00415039,-0.00427246
98,32,0.022583,0.00268555
98,33,0.0144043,-0.000366211
98,34,0.0415039,-0.00610352
98,35,0.0330811,-0.0012207
98,36,0.0289307,0.00109863
98,37,0.0283203,-0.0020752
98,38,0.00927734,0.000244141
98,39,-0.00610352,-0.00756836
98,40,-0.0195312,0.0383301
98,41,0.00366211,0.0708008
98,42,0.0349121,0.0561523
98,43,0.0379639,0.0350342
98,44,0.0458984,0.0238037
98,45,0.036499,0.00549316
98,46,0.012085,-0.0288086
98,47,-0.0186768,-0.0234375
99,0,0.0216064,-0.0206299
99,1,0.00805664,-0.0323486
99,2,0.00012207,-0.0444336
99,3,-0.00854492,-0.0300293
99,4,0.00793457,0.0335693
99,5,0.00793457,0.00769043
99,6,-0.0123291,-0.00708008
99,7,0.00134277,0.013916
99,8,0.00769043,0.0350342
99,9,-0.0107422,0.0144043
99,10,-0.0236816,0.0205078
99,11,-0.0262451,0.0219727
99,12,-0.0288086,0.0209961
99,13,-0.036499,0.015625
99,14,-0.0274658,0.0133057
99,15,-0.0137939,0.00427246
99,16,-0.0322266,-0.00402832
99,17,-0.0390625,0.00585938
99,18,-0.0330811,0.0236816
99,19,-0.0301514,0.0198975
99,20,-0.0269775,0.0192871
99,21,-0.0131836,0.0172119
99,22,-0.00952148,-0.000244141
99,23,-0.0130615,-0.0283203
99,24,-0.0256348,-0.0410156
99,25,-0.0141602,-0.03125
99,26,0.0111084,-0.0244141
99,27,0.0223389,-0.0211182
99,28,0.0252686,-0.0218506
99,29,0.0380859,-0.0238037
99,30,0.0447998,-0.0203857
99,31,0.0374756,-0.00854492
99,32,-0.00134277,0.0147705
99,33,0.00244141,0.00402832
99,34,0.00952148,-0.00146484
99,35,0.0157471,-0.00427246
99,36,0.0141602,-0.0012207
99,37,0.0214844,-0.00878906
99,38,0.0166016,-0.00305176
99,39,0.00195312,-0.0147705
99,40,-0.0189209,0.00830078
99,41,-0.0192871,0.0450439
99,42,0.00939941,0.0499268
99,43,0.0150146,0.0273438
99,44,0.0264893,0.0264893
99,45,0.0249023,0.00354004
99,46,0.0322266,-0.0350342
99,47,0.0155029,-0.0860596
100,0,-0.0300293,-0.0100098
100,1,-0.0255127,-0.0296631
100,2,-0.0288086,-0.0412598
100,3,-0.026001,-0.0404053
100,4,0.0322266,0.0362549
100,5,0.0202637,0.0216064
100,6,-0.0378418,-0.0291748
100,7,-0.0456543,-0.012207
100,8,-0.0123291,-0.0262451
100,9,0.00524902,-0.0279541
100,10,0.017334,-0.010498
100,11,0.0179443,0.00585938
100,12,0.020752,0.00585938
100,13,0.0163574,0.0220947
100,14,-0.0107422,0.0344238
100,15,-0.0158691,0.0334473
100,16,-0.0560303,-0.0167236
100,17,-0.055542,-0.00256348
100,18,-0.0284424,0.0162354
100,19,-0.0135498,0.0223389
100,20,-0.0109863,0.0350342
100,21,0.00610352,0.0351562
100,22,0.0297852,0.0321045
100,23,0.0415039,0.0153809
100,24,0.0245361,-0.0286865
100,25,0.0109863,-0.00769043
100,26,0.00915527,0.0217285
100,27,0.0100098,0.0303955
100,28,0.0123291,0.0344238
100,29,0.019043,0.0375977
100,30,0.0202637,0.039917
100,31,0.0108643,0.012207
100,32,0.00244141,-0.0405273
100,33,0.00683594,-0.0246582
100,34,0.0328369,-0.0367432
100,35,0.0327148,-0.0302734
100,36,0.0280762,-0.0244141
100,37,0.0301514,-0.0184326
100,38,0.0129395,0.0020752
100,39,-0.00561523,0.0129395
100,40,0.00134277,0.0131836
100,41,0.0147705,0.0111084
100,42,0.00744629,0.00366211
100,43,0.00195312,-0.00732422
100,44,-0.00231934,0.00268555
100,45,-0.00280762,0.0045166
100,46,-0.00402832,0.00512695
100,47,0.0178223,-0.00292969
101,0,-0.0090332,0.0174561
101,1,-0.0133057,0.0216064
101,2,-0.00817871,0.010498
101,3,-0.0098877,0.0119629
101,4,0.015625,-0.00854492
101,5,0.00854492,-0.00170898
101,6,-0.0147705,0.00244141
101,7,-0.00427246,0.00500488
101,8,-0.00964355,-0.0065918
101,9,-0.00769043,-0.0177002
101,10,-0.00878906,-0.0228271
101,11,0.00244141,-0.0183105
101,12,0.00305176,-0.0136719
101,13,0.00622559,-0.0119629
101,14,0.0162354,0.00158691
101,15,0.0230713,0.00183105
101,16,0.0179443,0.0351562
101,17,0.0200195,0.0319824
101,18,0.019043,0.0253906
101,19,0.0101318,0.0112305
101,20,0.0129395,0.0152588
101,21,0.00671387,0.00805664
101,22,0.00244141,-0.0233154
101,23,0.00305176,-0.0533447
101,24,-0.0227051,-0.0443115
101,25,-0.0174561,-0.0114746
101,26,0.0045166,-0.00512695
101,27,0.0106201,-0.00134277
101,28,0.017334,-0.00268555
101,29,0.0240479,-0.00708008
101,30,0.0288086,-0.0147705
101,31,0.0141602,-0.012207
101,32,0.00476074,-0.0078125
101,33,0.00549316,-0.0152588
101,34,0.0114746,-0.0373535
101,35,0.0183105,-0.0322266
101,36,0.0161133,-0.0311279
101,37,0.0197754,-0.0268555
101,38,0.0163574,-0.0108643
101,39,0.0162354,-0.000488281
101,40,0.0406494,0.000976562
101,41,0.026001,0.0136719
101,42,-0.00219727,0.0358887
101,43,-0.0167236,0.0358887
101,44,-0.0144043,0.0330811
101,45,-0.0155029,0.0283203
101,46,-0.00976562,-0.00427246
101,47,-0.00805664,-0.0562744
102,0,0.0181885,-0.0380859
102,1,-0.0134277,-0.0257568
102,2,-0.0395508,-0.0227051
102,3,-0.0432129,-0.00769043
102,4,0.0463867,0.00634766
102,5,0.0216064,0.00170898
102,6,-0.0372314,0.0078125
102,7,-0.026123,0.0238037
102,8,-0.0270996,0.020874
102,9,-0.0220947,0.0111084
102,10,-0.0117188,0.0020752
102,11,0.00341797,-0.0142822
102,12,-0.000244141,-0.012207
102,13,0.017334,-0.019043
102,14,0.0249023,-0.0184326
102,15,0.041626,-0.0152588
102,16,0.00585938,0.0113525
102,17,-0.0168457,0.0235596
102,18,-0.032959,0.0319824
102,19,-0.0269775,0.0306396
102,20,-0.0299072,0.0345459
102,21,-0.0153809,0.0272217
102,22,-0.00109863,0.0230713
102,23,0.0107422,0.000610352
102,24,-0.0090332,0.0057373
102,25,0.0181885,0.0198975
102,26,0.0390625,0.00439453
102,27,0.0319824,0.0045166
102,28,0.0296631,-0.00415039
102,29,0.0117188,-0.00476074
102,30,-0.0358887,-0.00012207
102,31,-0.0561523,0.0181885
102,32,0.057251,-0.0107422
102,33,0.0283203,0.000366211
102,34,0.0446777,0.00512695
102,35,0.0386963,0.00537109
102,36,0.0300293,0.000244141
102,37,0.0314941,0.0045166
102,38,0.0130615,0.0065918
102,39,0.0137939,0.0113525
102,40,0.022583,0.0181885
102,41,0.0167236,0.000732422
102,42,-0.00622559,0.00439453
102,43,-0.0192871,0.000366211
102,44,-0.0296631,0.00134277
102,45,-0.0310059,0.00622559
102,46,-0.0513916,0.0180664
102,47,-0.0386963,0.0164795
103,0,0.0220947,-0.00402832
103,1,0.00317383,-0.0125732
103,2,-0.013916,-0.0212402
103,3,-0.0205078,-0.0264893
103,4,0.020874,0.0284424
103,5,0.00549316,0.0151367
103,6,-0.0189209,-0.0313721
103,7,-0.0151367,-0.0378418
103,8,-0.00952148,-0.0164795
103,9,0.00366211,-0.0114746
103,10,0.0112305,-0.0045166
103,11,0.0112305,-0.00134277
103,12,0.0179443,-0.00891113
103,13,0.020874,-0.000732422
103,14,0.0101318,-0.00439453
103,15,0.0118408,0.00231934
103,16,-0.00341797,-0.00927734
103,17,-0.0152588,0.0045166
103,18,-0.0205078,0.00891113
103,19,-0.0220947,0.00793457
103,20,-0.0187988,0.00610352
103,21,-0.0102539,0.00952148
103,22,-0.00805664,0.0020752
103,23,0.000366211,-0.00476074
103,24,0.00341797,-0.027832
103,25,0.000854492,-0.0107422
103,26,-0.000854492,0.00891113
103,27,-0.0012207,0.0114746
103,28,0.00354004,0.00341797
103,29,0.00158691,0.0045166
103,30,-0.0141602,-0.020752
103,31,-0.0355225,-0.0291748
103,32,0.0112305,0.0319824
103,33,0.00427246,0.0187988
103,34,0.0162354,0.0404053
103,35,0.0185547,0.0352783
103,36,0.0140381,0.0313721
103,37,0.0142822,0.0263672
103,38,0.00292969,0.0224609
103,39,-0.00146484,0.0140381
103,40,-0.0516357,-0.00268555
103,41,-0.0626221,-0.00463867
103,42,-0.0501709,-0.0134277
103,43,-0.0350342,-0.0223389
103,44,-0.026123,-0.0153809
103,45,-0.0183105,-0.0172119
103,46,0.0020752,-0.027832
103,47,0.00830078,-0.034668
104,0,-0.0214844,-0.0152588
104,1,-0.00463867,0.00402832
104,2,0.0129395,0.0134277
104,3,0.0250244,0.0185547
104,4,-0.0284424,-0.0189209
104,5,-0.015625,-0.00891113
104,6,0.0318604,0.000610352
104,7,0.0294189,-0.0159912
104,8,0.0275879,-0.0241699
104,9,0.024292,0.00634766
104,10,0.0200195,0.0238037
104,11,0.0141602,0.0327148
104,12,0.0119629,0.02771
104,13,0.00878906,0.0330811
104,14,-0.0133057,0.00671387
104,15,-0.0201416,-0.00500488
104,16,-0.0130615,-0.039917
104,17,-0.000610352,-0.0319824
104,18,0.0135498,-0.00683594
104,19,0.0108643,0.00317383
104,20,0.0107422,0.00622559
104,21,0.0107422,0.0163574
104,22,0.0045166,0.0336914
104,23,-0.0114746,0.041626
104,24,0.0162354,0.0374756
104,25,0.00610352,0.0109863
104,26,-0.0163574,-0.0114746
104,27,-0.0294189,-0.0090332
104,28,-0.0369873,-0.0118408
104,29,-0.0411377,-0.00268555
104,30,-0.0355225,0.00109863
104,31,-0.00402832,-0.00280762
104,32,-0.0246582,-0.0336914
104,33,-0.0184326,-0.00195312
104,34,-0.0192871,0.000732422
104,35,-0.0241699,0.00708008
104,36,-0.0203857,0.00378418
104,37,-0.0196533,0.0108643
104,38,-0.010498,0.00476074
104,39,-0.0133057,-0.0119629
104,40,0.0164795,-0.0163574
104,41,0.0350342,-0.0258789
104,42,0.0324707,-0.0270996
104,43,0.022583,-0.0246582
104,44,0.0174561,-0.0220947
104,45,-0.00012207,-0.00866699
104,46,-0.0241699,0.019165
104,47,-0.0262451,0.0349121
105,0,0.0216064,-0.0212402
105,1,-0.0117188,-0.0340576
105,2,-0.0523682,-0.02771
105,3,-0.05896,-0.015625
105,4,0.0618896,0.00756836
105,5,0.0306396,-0.00793457
105,6,-0.0495605,0.0391846
105,7,-0.0396729,0.0797119
105,8,-0.0507812,0.0571289
105,9,-0.0612793,-0.00012207
105,10,-0.0531006,-0.0518799
105,11,-0.0419922,-0.0662842
105,12,-0.0273438,-0.0616455
105,13,-0.0168457,-0.0701904
105,14,0.0301514,-0.0374756
105,15,0.0621338,0.00427246
105,16,0.0214844,0.064209
105,17,0.013916,0.0733643
105,18,-0.0107422,0.0583496
105,19,-0.0111084,0.0375977
105,20,-0.0175781,0.0402832
105,21,-0.0268555,0.0170898
105,22,-0.0401611,-0.0178223
105,23,-0.0368652,-0.0478516
105,24,-0.0574951,0.00561523
105,25,-0.00610352,0.0462646
105,26,0.0531006,0.0180664
105,27,0.0562744,0.00292969
105,28,0.0606689,-0.0128174
105,29,0.0559082,-0.03125
105,30,0.00512695,-0.0423584
105,31,-0.0424805,0.0135498
105,32,0.0336914,-0.00842285
105,33,0.0196533,-0.0101318
105,34,0.0330811,-0.0134277
105,35,0.0310059,-0.00646973
105,36,0.0279541,-0.00610352
105,37,0.029541,0
105,38,0.0289307,0.0185547
105,39,0.0273438,0.0267334
105,40,0.019165,0.0454102
105,41,-0.00720215,0.0297852
105,42,-0.0344238,0.0247803
105,43,-0.041748,0.020874
105,44,-0.0455322,0.0236816
105,45,-0.036377,0.013916
105,46,-0.0368652,0.00305176
105,47,-0.0231934,-0.0284424
106,0,-0.0100098,-0.095459
106,1,-0.0562744,-0.0469971
106,2,-0.088501,0.0119629
106,3,-0.090332,0.0267334
106,4,0.0853271,-0.0378418
106,5,0.0393066,-0.0227051
106,6,-0.0482178,0.0372314
106,7,0.00854492,0.036499
106,8,0.0233154,0.0855713
106,9,-0.0341797,0.0772705
106,10,-0.0778809,0.0466309
106,11,-0.0877686,0.0206299
106,12,-0.0863037,0.0098877
106,13,-0.0856934,-0.0123291
106,14,-0.0373535,-0.0441895
106,15,0.0214844,-0.0526123
106,16,0.0683594,0.00769043
106,17,0.0456543,0.081543
106,18,0.0244141,0.126343
106,19,0.00915527,0.105103
106,20,0.00671387,0.120605
106,21,-0.00170898,0.0910645
106,22,-0.0148926,0.0638428
106,23,-0.0396729,0.000976562
106,24,-0.00854492,0.0157471
106,25,0.0693359,-0.0100098
106,26,0.065918,-0.0574951
106,27,0.0395508,-0.0626221
106,28,0.0211182,-0.069458
106,29,-0.0167236,-0.055542
106,30,-0.069458,0.0175781
106,31,-0.0280762,0.0794678
106,32,0.076416,-0.0439453
106,33,0.0354004,-0.0206299
106,34,0.0742188,-0.0543213
106,35,0.074707,-0.0657959
106,36,0.0637207,-0.0679932
106,37,0.0709229,-0.0799561
106,38,0.0786133,-0.0906982
106,39,0.0808105,-0.0577393
106,40,0.0563965,0.0576172
106,41,0.043457,0.0754395
106,42,0.02771,0.0823975
106,43,0.0186768,0.0761719
106,44,0.0090332,0.0770264
106,45,0.00634766,0.0562744
106,46,-0.03479,0.0283203
106,47,-0.0631104,-0.0179443
107,0,-0.000244141,0.00012207
107,1,-0.0090332,-0.00305176
107,2,-0.0266113,-0.00915527
107,3,-0.02771,-0.010376
107,4,0.0262451,0.012085
107,5,0.0119629,0.0100098
107,6,-0.0223389,-0.0153809
107,7,-0.0200195,0.00354004
107,8,-0.0198975,-0.0012207
107,9,-0.00170898,-0.0135498
107,10,0.0113525,-0.022583
107,11,0.022583,-0.0189209
107,12,0.0250244,-0.0250244
107,13,0.0220947,-0.0218506
107,14,0.0141602,-0.00854492
107,15,-0.0078125,-0.000610352
107,16,-0.0251465,0.00622559
107,17,-0.0435791,0.00634766
107,18,-0.0599365,-0.0078125
107,19,-0.0415039,-0.00549316
107,20,-0.0535889,-0.00720215
107,21,-0.027832,-0.00109863
107,22,0.00805664,0.00622559
107,23,0.0397949,0.00427246
107,24,0.0467529,0.00805664
107,25,0.029541,0.0281982
107,26,0.0146484,0.0168457
107,27,0.00671387,0.0145264
107,28,-0.00524902,0.0168457
107,29,-0.00537109,0.0119629
107,30,-0.0167236,0.0098877
107,31,-0.0152588,0.0201416
107,32,0.026001,0.0123291
107,33,0.0177002,0.00598145
107,34,0.041626,0.0106201
107,35,0.0360107,0.00854492
107,36,0.0361328,0.00671387
107,37,0.0321045,0.0065918
107,38,0.0178223,0.010376
107,39,0.00756836,0.0166016
107,40,0.0186768,-0.00439453
107,41,-0.00244141,-0.0183105
107,42,-0.0231934,-0.0181885
107,43,-0.0198975,-0.00695801
107,44,-0.0115967,-0.0123291
107,45,-0.00927734,-0.00598145
107,46,0.0213623,0.0140381
107,47,0.0523682,0.00268555
108,0,0.00634766,-0.0275879
108,1,0.00134277,-0.0532227
108,2,-0.00146484,-0.0600586
108,3,-0.00695801,-0.0550537
108,4,0.00622559,0.0551758
108,5,0.000854492,0.0209961
108,6,-0.00500488,-0.0231934
108,7,-0.00854492,-0.00146484
108,8,0.00610352,-0.0201416
108,9,0.00927734,-0.0257568
108,10,0.00415039,-0.0118408
108,11,-0.0032959,-0.0065918
108,12,-0.00390625,0.00256348
108,13,-0.00646973,0.00830078
108,14,-0.0150146,0.0185547
108,15,-0.0197754,0.0234375
108,16,-0.013916,-0.00476074
108,17,-0.0421143,0.00793457
108,18,-0.0477295,0.038208
108,19,-0.0274658,0.0361328
108,20,-0.0262451,0.0479736
108,21,-0.0185547,0.0447998
108,22,0.0166016,0.0511475
108,23,0.0393066,0.0184326
108,24,0.0609131,0.00341797
108,25,0.0374756,0.0302734
108,26,0.00976562,0.0321045
108,27,0.00158691,0.0311279
108,28,-0.00512695,0.0285645
108,29,-0.0032959,0.0266113
108,30,0.00219727,0.0286865
108,31,0.00695801,0.0200195
108,32,0.0360107,-0.0268555
108,33,0.0147705,-0.0115967
108,34,0.0233154,-0.0090332
108,35,0.015625,0.00268555
108,36,0.010376,0.0078125
108,37,0.00134277,0.0162354
108,38,-0.00585938,0.0280762
108,39,-0.0107422,0.0273438
108,40,0.0228271,0.010498
108,41,0.0366211,-0.0045166
108,42,0.0266113,-0.0157471
108,43,0.0163574,-0.0119629
108,44,0.0141602,-0.0158691
108,45,0.00109863,-0.00708008
108,46,0.0045166,0.00305176
108,47,0.0292969,-0.00793457
109,0,0.0224609,0.0239258
109,1,0.0168457,-0.00683594
109,2,0.0158691,-0.0264893
109,3,0.00878906,-0.029541
109,4,-0.000732422,0.0286865
109,5,-0.00439453,0.0123291
109,6,-0.00231934,-0.0180664
109,7,-0.0129395,-0.00537109
109,8,-0.0065918,0.00219727
109,9,-0.0020752,-0.0113525
109,10,-0.000976562,-0.010498
109,11,-0.00244141,-0.0115967
109,12,-0.00415039,-0.00732422
109,13,-0.00109863,-0.00354004
109,14,0.00170898,0.00866699
109,15,0.00622559,0.0209961
109,16,0.000854492,0.0313721
109,17,-0.00646973,0.0107422
109,18,-0.00854492,-0.00610352
109,19,-0.00524902,-0.0155029
109,20,-0.00488281,-0.0140381
109,21,-0.00744629,-0.0130615
109,22,0,-0.0194092
109,23,-0.00769043,-0.0106201
109,24,-0.020752,-0.00952148
109,25,-0.0137939,0.0119629
109,26,-0.00720215,0.012085
109,27,0,0.00195312
109,28,0.0065918,0.00146484
109,29,0.010376,-0.00231934
109,30,0.015625,-0.0169678
109,31,0.00170898,-0.0166016
109,32,0.0201416,0.0405273
109,33,0.00854492,0.0130615
109,34,0.0184326,0.00878906
109,35,0.0166016,0.00793457
109,36,0.0180664,0.00439453
109,37,0.0135498,0.00512695
109,38,0.00378418,0.00109863
109,39,-0.00378418,-0.000854492
109,40,-0.0178223,0.0253906
109,41,-0.0186768,0.0411377
109,42,-0.0195312,0.0407715
109,43,-0.022583,0.0288086
109,44,-0.0212402,0.02771
109,45,-0.0189209,0.0175781
109,46,-0.0223389,-0.00219727
109,47,-0.015625,-0.00854492
110,0,-0.00537109,-0.00842285
110,1,-0.00524902,-0.00524902
110,2,-0.0177002,-0.000732422
110,3,-0.0163574,0.00488281
110,4,0.0227051,-0.0065918
110,5,0.00952148,-0.00756836
110,6,-0.012085,0.00939941
110,7,-0.0111084,0.0161133
110,8,-0.0117188,0.0108643
110,9,-0.00695801,0.00268555
110,10,-0.00830078,-0.00512695
110,11,-0.00500488,-0.00439453
110,12,-0.00512695,-0.0102539
110,13,-0.00341797,-0.0119629
110,14,0.00476074,-0.0057373
110,15,0.00524902,-0.000610352
110,16,-0.0157471,0.0201416
110,17,-0.0178223,0.0257568
110,18,-0.0179443,0.0354004
110,19,-0.00683594,0.0272217
110,20,-0.00939941,0.02771
110,21,-0.00134277,0.0227051
110,22,-0.0090332,0.0108643
110,23,-0.00830078,-0.00952148
110,24,-0.00549316,0.00109863
110,25,0.00695801,0.00439453
110,26,0.0196533,0.000732422
110,27,0.0211182,0.00158691
110,28,0.0203857,0.00268555
110,29,0.0181885,-0.00146484
110,30,0.00378418,0.00256348
110,31,-0.00939941,0.0112305
110,32,-0.000610352,-0.0126953
110,33,-0.000366211,-0.0057373
110,34,0.00512695,-0.00720215
110,35,0.0111084,-0.00378418
110,36,0.00976562,0.000366211
110,37,0.0140381,-0.00109863
110,38,0.0187988,0.00598145
110,39,0.0183105,0.00708008
110,40,0.00476074,-0.000244141
110,41,0.00366211,-0.00341797
110,42,-0.00244141,-0.00500488
110,43,-0.00915527,0.00390625
110,44,-0.0124512,-0.0012207
110,45,-0.0137939,-0.00268555
110,46,-0.0128174,0.00683594
110,47,-0.0230713,0.00427246
111,0,0.0157471,0.000976562
111,1,0.0126953,-0.00292969
111,2,0.00927734,0.000610352
111,3,0.0119629,0
111,4,-0.00939941,0.00134277
111,5,-0.00427246,-0.00244141
111,6,-0.00134277,0.00402832
111,7,-0.0057373,-0.00402832
111,8,0.00463867,-0.000854492
111,9,0.00463867,0.0098877
111,10,0.00439453,0.0157471
111,11,-0.00170898,0.0174561
111,12,-0.00463867,0.0128174
111,13,-0.00488281,0.0098877
111,14,-0.00866699,0.00708008
111,15,-0.00866699,-0.00305176
111,16,0.0124512,-0.0065918
111,17,0.00280762,-0.0178223
111,18,0.00402832,-0.0153809
111,19,-0.00195312,-0.0175781
111,20,-0.0020752,-0.0131836
111,21,-0.00244141,-0.012085
111,22,-0.0328369,-0.00256348
111,23,-0.0325928,0.00512695
111,24,-0.0286865,0.024292
111,25,-0.0290527,0.0187988
111,26,-0.0203857,0.00524902
111,27,-0.0153809,-0.0057373
111,28,-0.0153809,-0.00537109
111,29,-0.0172119,-0.0184326
111,30,-0.0128174,-0.0302734
111,31,-0.0137939,-0.0369873
111,32,0.013916,0.0223389
111,33,-0.000488281,0.00793457
111,34,-0.0197754,0.00244141
111,35,-0.0212402,0.00610352
111,36,-0.0227051,0.0020752
111,37,-0.0263672,0.00378418
111,38,-0.0202637,-0.00463867
111,39,-0.0192871,0.00219727
111,40,-0.00927734,0.0134277
111,41,0.00683594,0.0201416
111,42,0.0308838,0.0113525
111,43,0.0266113,-0.00598145
111,44,0.0256348,-0.00805664
111,45,0.0134277,-0.0164795
111,46,-0.0111084,-0.024292
111,47,-0.0406494,-0.0180664
112,0,-0.0098877,-0.0115967
112,1,-0.00195312,-0.00976562
112,2,0.00842285,-0.00109863
112,3,0.00793457,-0.00280762
112,4,-0.00671387,0
112,5,-0.00805664,0.000610352
112,6,0.00793457,-0.00463867
112,7,0.00549316,-0.00708008
112,8,0.00598145,0.000488281
112,9,0.0164795,0.00231934
112,10,0.0219727,0.00146484
112,11,0.0162354,0.000488281
112,12,0.0146484,0.00524902
112,13,0.00915527,0.00598145
112,14,-0.00402832,-0.00341797
112,15,-0.013916,-0.0111084
112,16,-0.0166016,-0.0112305
112,17,-0.0101318,0.00012207
112,18,0.000732422,0.0098877
112,19,0.00366211,0.0106201
112,20,0.00683594,0.0175781
112,21,0.00793457,0.0119629
112,22,0.00585938,0.0153809
112,23,-0.00280762,0.00708008
112,24,0.000366211,0.0101318
112,25,-0.00842285,-0.0020752
112,26,-0.0148926,0.000488281
112,27,-0.0133057,0.00012207
112,28,-0.0134277,-0.0020752
112,29,-0.0158691,0.0020752
112,30,-0.00317383,0.00390625
112,31,-0.00244141,0.00280762
112,32,-0.0141602,-0.0098877
112,33,-0.00891113,-0.0020752
112,34,-0.0098877,0.00244141
112,35,-0.0106201,0.0106201
112,36,-0.0161133,0.00634766
112,37,-0.015625,0.00488281
112,38,-0.0109863,0.00378418
112,39,-0.0109863,0.00158691
112,40,-0.0175781,-0.0146484
112,41,-0.0106201,-0.0157471
112,42,0.00244141,-0.0166016
112,43,0.0078125,-0.00817871
112,44,0.00415039,-0.0124512
112,45,0.00292969,-0.00585938
112,46,-0.0045166,0.00231934
112,47,-0.00976562,0.0129395
113,0,0.0432129,-0.0108643
113,1,0.0184326,-0.0136719
113,2,0.0045166,-0.0187988
113,3,-0.00512695,-0.0159912
113,4,0.0117188,0.0134277
113,5,0.00952148,0.0078125
113,6,-0.0151367,-0.000244141
113,7,-0.010498,0.0112305
113,8,-0.0106201,0.0111084
113,9,-0.0057373,-0.00305176
113,10,0.00183105,-0.0119629
113,11,0.00537109,-0.0148926
113,12,0.00549316,-0.0189209
113,13,0.0098877,-0.0189209
113,14,0.0213623,-0.0126953
113,15,0.0401611,-0.00805664
113,16,0.0168457,0.0217285
113,17,-0.00524902,0.0333252
113,18,-0.0206299,0.0305176
113,19,-0.0224609,0.0161133
113,20,-0.0268555,0.0150146
113,21,-0.0234375,0.00292969
113,22,-0.0357666,-0.02771
113,23,-0.0247803,-0.053833
113,24,-0.0457764,-0.0294189
113,25,-0.0336914,0.00292969
113,26,-0.00195312,0.0111084
113,27,0.013916,0.00793457
113,28,0.0151367,0.00512695
113,29,0.0256348,0.00695801
113,30,0.0159912,-0.012207
113,31,0.000244141,-0.0020752
113,32,0.0296631,0.0181885
113,33,0.00939941,0.00585938
113,34,0.00549316,0.00512695
113,35,-0.00195312,0.00634766
113,36,-0.000854492,0.00231934
113,37,0.00280762,-0.00195312
113,38,0.00158691,-0.00146484
113,39,0.0111084,-0.0020752
113,40,-0.00305176,0.0302734
113,41,-0.0130615,0.0352783
113,42,-0.0211182,0.02771
113,43,-0.0195312,0.0140381
113,44,-0.0247803,0.00439453
113,45,-0.0172119,-0.00183105
113,46,-0.0167236,-0.0372314
113,47,-0.0285645,-0.0687256
114,0,0.0251465,-0.00292969
114,1,0.0249023,-0.00170898
114,2,0.0131836,-0.0106201
114,3,0.00830078,-0.0130615
114,4,-0.0118408,0.0102539
114,5,-0.00158691,0.0032959
114,6,-0.0112305,-0.0184326
114,7,-0.0180664,-0.0258789
114,8,-0.0166016,-0.0133057
114,9,-0.000854492,-0.00817871
114,10,0.0130615,0.000732422
114,11,0.0168457,0.000610352
114,12,0.0142822,0.00256348
114,13,0.0134277,-0.00244141
114,14,0.00195312,-0.00598145
114,15,-0.00549316,-0.00756836
114,16,-0.0162354,-0.0174561
114,17,-0.0297852,-0.0192871
114,18,-0.0281982,-0.0229492
114,19,-0.022583,-0.0155029
114,20,-0.0194092,-0.0133057
114,21,-0.0168457,-0.0078125
114,22,-0.00695801,-0.000488281
114,23,0.000732422,0.0090332
114,24,-0.00231934,0.00793457
114,25,0.00244141,0.00830078
114,26,0.00585938,0.0166016
114,27,0.0057373,0.0186768
114,28,0.00695801,0.0181885
114,29,-0.0045166,0.0186768
114,30,-0.0108643,0.00769043
114,31,-0.022583,-0.0137939
114,32,0.00695801,0.0223389
114,33,0.00878906,0.0124512
114,34,0.00585938,0.0178223
114,35,0.00634766,0.0141602
114,36,0.00756836,0.0115967
114,37,0.00744629,0.00158691
114,38,-0.000244141,-0.00671387
114,39,-0.0114746,-0.00964355
114,40,-0.00354004,-0.00390625
114,41,-0.00952148,-0.00805664
114,42,-0.0106201,-0.0205078
114,43,-0.0108643,-0.0114746
114,44,-0.0098877,-0.0129395
114,45,-0.00708008,-0.00683594
114,46,-0.0140381,0.0012207
114,47,-0.00891113,0.00561523
115,0,0.00500488,-0.0117188
115,1,0.00280762,-0.00244141
115,2,0.0106201,0.00842285
115,3,0.0090332,0.00146484
115,4,-0.0108643,0.00195312
115,5,-0.00830078,0.000732422
115,6,0.00170898,-0.00183105
115,7,-0.00549316,-0.00378418
115,8,0.00488281,-0.00891113
115,9,0.0126953,-0.0168457
115,10,0.010376,-0.0078125
115,11,0.00720215,-0.00720215
115,12,0.00634766,-0.0032959
115,13,0.00256348,-0.00170898
115,14,0.000610352,0.0090332
115,15,0,0.0119629
115,16,-0.00439453,0.00280762
115,17,-0.00756836,0.0123291
115,18,-0.00512695,0.015625
115,19,-0.00231934,0.00976562
115,20,-0.00537109,0.0174561
115,21,0.000976562,0.0119629
115,22,0.00219727,0.0123291
115,23,0.010376,0.00488281
115,24,0.0279541,0.00378418
115,25,0.0144043,0.015625
115,26,0.00891113,0.012207
115,27,-0.00341797,0.00671387
115,28,-0.00244141,0.0140381
115,29,0.00268555,0.0124512
115,30,0.0020752,0.00634766
115,31,-0.00183105,0.00158691
115,32,-0.00341797,-0.0150146
115,33,-0.00634766,-0.00231934
115,34,-0.0118408,-0.0057373
115,35,-0.0131836,-0.00378418
115,36,-0.0130615,0.000732422
115,37,-0.00964355,0.00415039
115,38,-0.00244141,0.0140381
115,39,0.00439453,0.0136719
115,40,0.012085,0.0123291
115,41,0.0135498,-0.0130615
115,42,0.0032959,-0.0294189
115,43,-0.0012207,-0.0189209
115,44,-0.00500488,-0.0218506
115,45,-0.00378418,-0.0145264
115,46,0.00292969,-0.0117188
115,47,0.0113525,-0.00280762
116,0,0.00317383,0.0114746
116,1,0.0032959,0.00610352
116,2,0.0108643,-0.00549316
116,3,0.00354004,-0.00317383
116,4,-0.0113525,-0.00244141
116,5,-0.00183105,0.00134277
116,6,0.00219727,-0.0112305
116,7,-0.00219727,0.000488281
116,8,-0.00415039,0.00170898
116,9,-0.00549316,0
116,10,-0.00231934,0.000732422
116,11,-0.00292969,0.000732422
116,12,0.00280762,0.00463867
116,13,0.00488281,0.000366211
116,14,0.00585938,-0.00683594
116,15,0.00854492,-0.0129395
116,16,0.0164795,0.00366211
116,17,0.00756836,-0.0065918
116,18,-0.00341797,-0.0194092
116,19,-0.0057373,-0.0131836
116,20,-0.00415039,-0.0195312
116,21,-0.00549316,-0.0155029
116,22,-0.0114746,-0.0111084
116,23,-0.00756836,0.00610352
116,24,0.00341797,0.00671387
116,25,0,0.00341797
116,26,-0.000244141,0.0078125
116,27,0.00244141,0.00170898
116,28,0.00170898,0.00439453
116,29,-0.00671387,0.00549316
116,30,-0.00390625,0.00390625
116,31,-0.00427246,0.00427246
116,32,0.0130615,0.0111084
116,33,0.0065918,0.0045166
116,34,0.0057373,0.0125732
116,35,0.00683594,0.00354004
116,36,0.00134277,0.0090332
116,37,0.000610352,0.00463867
116,38,-0.0012207,-0.00756836
116,39,0.000366211,-0.00549316
116,40,0.00708008,-0.00012207
116,41,0.000366211,-0.00317383
116,42,-0.00341797,0.00402832
116,43,-0.00793457,0.00854492
116,44,-0.00671387,0.00598145
116,45,-0.00598145,0.00756836
116,46,-0.0141602,0.00769043
116,47,-0.00524902,0.0115967
117,0,-0.00402832,-0.00537109
117,1,-0.00256348,-0.00561523
117,2,-0.00183105,-0.00244141
117,3,-0.000488281,-0.0065918
117,4,-0.000488281,0.00427246
117,5,0.000854492,0.0045166
117,6,-0.00891113,-0.000854492
117,7,-0.0147705,-0.00537109
117,8,-0.0112305,-0.0114746
117,9,-0.00537109,-0.0123291
117,10,0.010376,-0.00830078
117,11,0.0078125,-0.00744629
117,12,0.0166016,-0.00744629
117,13,0.00964355,-0.00622559
117,14,0.00561523,0.00366211
117,15,-0.00158691,0.00280762
117,16,-0.00891113,-0.000488281
117,17,-0.00866699,-0.00390625
117,18,-0.000366211,-0.00244141
117,19,-0.00671387,-0.00537109
117,20,0.00109863,0
117,21,-0.000610352,0.00366211
117,22,0.00744629,0.00415039
117,23,0.0119629,0.0140381
117,24,0.0246582,0.0090332
117,25,0.0117188,0.00585938
117,26,0.0111084,0.00720215
117,27,0.0012207,0.00842285
117,28,0.000244141,0.0101318
117,29,-0.00378418,0.0134277
117,30,-0.00732422,-0.00012207
117,31,-0.0115967,0.00390625
117,32,-0.00280762,0.000732422
117,33,0.00244141,0.00183105
117,34,0.00292969,0.00244141
117,35,0.00634766,0.00793457
117,36,0.00488281,0.00866699
117,37,0.00244141,0.00732422
117,38,0.00146484,0.00854492
117,39,-0.00146484,0.00219727
117,40,0.00463867,-0.000244141
117,41,0.00219727,-0.00158691
117,42,-0.00561523,-0.0145264
117,43,-0.00598145,-0.00964355
117,44,-0.0078125,-0.00817871
117,45,-0.00878906,-0.00390625
117,46,-0.00317383,0.00817871
117,47,0.0107422,0.022583
118,0,-0.019165,-0.0133057
118,1,-0.0131836,-0.0114746
118,2,0.000976562,0.00463867
118,3,0.0020752,0.00537109
118,4,-0.00598145,-0.00964355
118,5,-0.00585938,-0.00158691
118,6,0.0108643,0.00244141
118,7,0.015625,-0.00683594
118,8,0.0187988,-0.00744629
118,9,0.0106201,0.00830078
118,10,0.0057373,0.00646973
118,11,-0.00366211,0.0107422
118,12,-0.00195312,0.0117188
118,13,-0.00488281,0.0100098
118,14,-0.0175781,0.00671387
118,15,-0.0147705,0.000366211
118,16,-0.0032959,-0.0145264
118,17,0.00378418,-0.00793457
118,18,0.00305176,0.00756836
118,19,0.010376,0.00952148
118,20,0.00170898,0.0145264
118,21,0.00622559,0.0117188
118,22,0.00854492,0.0100098
118,23,0.00366211,0.00927734
118,24,0.00842285,-0.00463867
118,25,-0.00402832,-0.0179443
118,26,-0.00878906,-0.0078125
118,27,-0.0100098,-0.00817871
118,28,-0.0090332,-0.00488281
118,29,-0.0057373,-0.00231934
118,30,0.00439453,0.0057373
118,31,0.0107422,-0.00256348
118,32,-0.0135498,-0.0157471
118,33,-0.00512695,-0.00463867
118,34,-0.00146484,-0.0146484
118,35,0.00012207,-0.00891113
118,36,-0.00390625,-0.00439453
118,37,-0.00415039,-0.00695801
118,38,-0.00488281,-0.00744629
118,39,-0.0111084,-0.0129395
118,40,-0.00488281,-0.00219727
118,41,0.00463867,0.00439453
118,42,0.00756836,0.00585938
118,43,0.00598145,0.0012207
118,44,0.0118408,-0.00378418
118,45,0.00622559,-0.00390625
118,46,-0.00158691,-0.00866699
118,47,0.00305176,-0.00695801
119,0,-0.00390625,0.000610352
119,1,0.000244141,-0.00366211
119,2,-0.00231934,0.00634766
119,3,-0.000244141,0.00366211
119,4,0.00146484,-0.00170898
119,5,0.00244141,-0.0032959
119,6,-0.00256348,-0.00231934
119,7,0.010498,-0.0065918
119,8,0.00939941,0.00170898
119,9,0.000366211,0.00292969
119,10,-0.012085,0.00854492
119,11,-0.0135498,0.00268555
119,12,-0.010376,0.0111084
119,13,-0.010376,0.00012207
119,14,-0.00390625,-0.0012207
119,15,0.0045166,-0.00817871
119,16,0.0124512,0.000610352
119,17,0.015625,0.00427246
119,18,0.00878906,0.0057373
119,19,0.0090332,0.000244141
119,20,0.00219727,0.00183105
119,21,0.000732422,-0.00317383
119,22,-0.00622559,-0.0106201
119,23,-0.0164795,-0.00744629
119,24,-0.0219727,0.00500488
119,25,-0.0152588,0.00402832
119,26,-0.0100098,-0.00671387
119,27,-0.00439453,-0.00927734
119,28,-0.00939941,-0.0109863
119,29,-0.00512695,-0.0123291
119,30,-0.00695801,-0.0179443
119,31,-0.000610352,-0.0227051
119,32,-0.0118408,0.00195312
119,33,-0.00585938,-0.000854492
119,34,-0.000976562,-0.00512695
119,35,-0.00402832,-0.0057373
119,36,-0.000366211,-0.00378418
119,37,0.00317383,-0.0020752
119,38,0.00500488,0.00366211
119,39,0.00244141,-0.00378418
119,40,0.00512695,-0.0078125
119,41,-0.000488281,-0.00366211
119,42,0.00683594,0.00488281
119,43,0.00427246,-0.00231934
119,44,0.00280762,-0.00280762
119,45,0.000854492,-0.00195312
119,46,-0.00610352,-0.00610352
119,47,-0.0233154,-0.00598145
120,0,0.00280762,-0.0224609
120,1,-0.00378418,-0.0235596
120,2,-0.0109863,-0.0135498
120,3,-0.012207,-0.00720215
120,4,0.0140381,0.00512695
120,5,0.00305176,0.00183105
120,6,-0.00341797,0.00292969
120,7,0.00268555,0.00854492
120,8,-0.00268555,0.0169678
120,9,-0.00830078,0.013916
120,10,-0.0117188,0.0126953
120,11,-0.0106201,0.0130615
120,12,-0.00756836,0.00830078
120,13,-0.00939941,0.00463867
120,14,-0.00439453,-0.00866699
120,15,0.0020752,-0.0115967
120,16,0.00610352,-0.0174561
120,17,-0.00317383,0.00146484
120,18,-0.0128174,0.0174561
120,19,-0.0114746,0.0178223
120,20,-0.00744629,0.0234375
120,21,-0.0109863,0.0212402
120,22,-0.0045166,0.0131836
120,23,0.00170898,0.0119629
120,24,0.00231934,0.0107422
120,25,0.0065918,0.00219727
120,26,0.00146484,-0.00415039
120,27,0.0020752,-0.0065918
120,28,-0.00195312,-0.00976562
120,29,-0.00292969,-0.0115967
120,30,-0.0078125,-0.00744629
120,31,-0.00244141,0.00109863
120,32,0.0032959,-0.00976562
120,33,0.000366211,-0.00427246
120,34,0.00500488,-0.00390625
120,35,0.00146484,-0.00830078
120,36,0.000610352,-0.00366211
120,37,0.00378418,-0.00439453
120,38,0.00598145,-0.00634766
120,39,0.0012207,-0.000366211
120,40,-0.00256348,-0.0140381
120,41,0.00488281,-0.0109863
120,42,0.00500488,-0.00695801
120,43,0.0180664,-0.0101318
120,44,0.0119629,-0.00524902
120,45,0.0144043,-0.00244141
120,46,0.00732422,-0.0057373
120,47,-0.00769043,-0.000732422
121,0,-0.00585938,0.0057373
121,1,-0.00634766,0.00720215
121,2,-0.0124512,0.0032959
121,3,-0.0102539,-0.00292969
121,4,0.0136719,-0.00256348
121,5,0.00756836,-0.00378418
121,6,-0.0119629,0.00671387
121,7,-0.0098877,0.0241699
121,8,-0.0351562,0.00756836
121,9,-0.0336914,-0.0131836
121,10,-0.020752,-0.0322266
121,11,-0.0090332,-0.0380859
121,12,-0.00720215,-0.0296631
121,13,0.00427246,-0.0349121
121,14,0.0179443,-0.0150146
121,15,0.0327148,-0.00158691
121,16,0.0108643,0.0249023
121,17,0.00317383,0.0316162
121,18,0.00146484,0.0211182
121,19,0.00549316,0.0148926
121,20,0.0107422,0.0161133
121,21,0.00830078,-0.000244141
121,22,0.0284424,-0.0137939
121,23,0.0192871,-0.0306396
121,24,0.0137939,-0.0325928
121,25,0.0264893,-0.0223389
121,26,0.0300293,-0.0057373
121,27,0.0324707,-0.00866699
121,28,0.0339355,-0.0057373
121,29,0.0336914,-0.00488281
121,30,0.0130615,0.00537109
121,31,0.00146484,0.0222168
121,32,-0.0167236,-0.00646973
121,33,-0.00512695,-0.00231934
121,34,0.00805664,-0.00708008
121,35,0.0170898,-0.00695801
121,36,0.00939941,-0.00671387
121,37,0.0135498,-0.00964355
121,38,0.0230713,0.00183105
121,39,0.0233154,0.00195312
121,40,0.0177002,-0.0206299
121,41,-0.0098877,-0.0272217
121,42,-0.0389404,-0.00317383
121,43,-0.0269775,0.0113525
121,44,-0.036499,0.0115967
121,45,-0.0200195,0.0229492
121,46,0.0130615,0.0235596
121,47,0.0343018,-0.00939941
122,0,0.0772705,-0.0256348
122,1,0.0249023,-0.0380859
122,2,-0.0308838,-0.03125
122,3,-0.0397949,-0.020874
122,4,0.0460205,0.0195312
122,5,0.0205078,0.00390625
122,6,-0.0432129,0.0129395
122,7,-0.0344238,0.0408936
122,8,-0.0444336,0.0112305
122,9,-0.0460205,-0.0196533
122,10,-0.0223389,-0.0438232
122,11,-0.00708008,-0.0454102
122,12,0.00964355,-0.0358887
122,13,0.0220947,-0.0356445
122,14,0.0526123,-0.0133057
122,15,0.0704346,0.0294189
122,16,0.00305176,0.059082
122,17,-0.0336914,0.0554199
122,18,-0.0562744,0.0383301
122,19,-0.0495605,0.0230713
122,20,-0.0551758,0.0194092
122,21,-0.043457,-0.00012207
122,22,-0.0439453,-0.0175781
122,23,-0.0228271,-0.0308838
122,24,-0.0594482,-0.0135498
122,25,-0.0289307,0.0339355
122,26,0.0263672,0.0250244
122,27,0.0457764,0.00866699
122,28,0.0461426,-0.00244141
122,29,0.0472412,-0.0266113
122,30,-0.00354004,-0.0648193
122,31,-0.0452881,-0.0256348
122,32,0.0583496,0.0294189
122,33,0.0230713,0.0180664
122,34,0.0340576,0.0401611
122,35,0.026123,0.0302734
122,36,0.0238037,0.0345459
122,37,0.0244141,0.0341797
122,38,0.0257568,0.0418701
122,39,0.022583,0.0491943
122,40,-0.0196533,0.0792236
122,41,-0.0244141,0.0469971
122,42,-0.0444336,0.00427246
122,43,-0.0490723,-0.00830078
122,44,-0.0581055,-0.0179443
122,45,-0.0467529,-0.0178223
122,46,-0.052124,-0.0316162
122,47,-0.0345459,-0.0477295
123,0,0.0078125,0.041748
123,1,0.0428467,-0.0174561
123,2,0.0667725,-0.10022
123,3,0.0616455,-0.123779
123,4,-0.0500488,0.144165
123,5,-0.0201416,0.0765381
123,6,-0.00585938,-0.150391
123,7,-0.0777588,-0.144775
123,8,-0.0358887,-0.123535
123,9,0.0396729,-0.0932617
123,10,0.0930176,-0.0288086
123,11,0.098877,0.00744629
123,12,0.0853271,0.0109863
123,13,0.0755615,0.0418701
123,14,-0.00341797,0.0506592
123,15,-0.0963135,0.0240479
123,16,-0.0705566,-0.0751953
123,17,-0.0637207,-0.112671
123,18,-0.0267334,-0.112183
123,19,-0.012085,-0.0743408
123,20,-0.0129395,-0.0810547
123,21,-0.00305176,-0.0457764
123,22,-0.0161133,-0.0239258
123,23,-0.00915527,-0.0170898
123,24,-0.0405273,-0.0274658
123,25,-0.0911865,0.0301514
123,26,-0.0715332,0.09375
123,27,-0.041748,0.0986328
123,28,-0.0374756,0.0991211
123,29,-0.00732422,0.0777588
123,30,0.0272217,-0.0324707
123,31,-0.0227051,-0.126099
123,32,-0.0358887,0.0750732
123,33,-0.0158691,0.0391846
123,34,-0.0482178,0.090332
123,35,-0.0458984,0.092041
123,36,-0.0472412,0.0883789
123,37,-0.055542,0.0997314
123,38,-0.0838623,0.0806885
123,39,-0.0948486,0.0354004
123,40,-0.117065,-0.0366211
123,41,-0.0578613,-0.0131836
123,42,0.000610352,-0.041748
123,43,0.00634766,-0.0506592
123,44,0.0065918,-0.0600586
123,45,0.00402832,-0.0528564
123,46,-0.0269775,-0.0461426
123,47,-0.045166,-0.0146484
124,0,0.00427246,-0.238892
124,1,-0.0124512,-0.2771
124,2,-0.0477295,-0.278198
124,3,-0.0689697,-0.253906
124,4,0.0891113,0.241455
124,5,0.0513916,0.101562
124,6,-0.119019,-0.145874
124,7,-0.154297,-0.103027
124,8,-0.00378418,-0.0628662
124,9,0.0736084,-0.0518799
124,10,0.102661,0.00109863
124,11,0.0895996,0.0299072
124,12,0.0739746,0.0386963
124,13,0.0427246,0.0655518
124,14,-0.0479736,0.0767822
124,15,-0.133179,0.0279541
124,16,-0.132324,-0.144409
124,17,-0.213623,-0.0571289
124,18,-0.263428,0.106079
124,19,-0.213013,0.131226
124,20,-0.234497,0.178223
124,21,-0.182495,0.174927
124,22,-0.125854,0.221313
124,23,-0.00585938,0.134521
124,24,0.0494385,0.0766602
124,25,0.0198975,0.101074
124,26,0.0355225,0.0979004
124,27,0.0412598,0.088623
124,28,0.0313721,0.085083
124,29,0.0184326,0.0793457
124,30,-0.0437012,0.0666504
124,31,-0.121826,0.0338135
124,32,0.147095,-0.0926514
124,33,0.0825195,-0.0302734
124,34,0.182495,0.0275879
124,35,0.165039,0.0585938
124,36,0.151123,0.0720215
124,37,0.135986,0.105591
124,38,0.0390625,0.132202
124,39,-0.0489502,0.0605469
124,40,-0.133911,0.0942383
124,41,-0.00561523,0.147095
124,42,0.0581055,0.0712891
124,43,0.0394287,0.0273438
124,44,0.0284424,0.0197754
124,45,-0.00537109,0.0012207
124,46,-0.0684814,0.00561523
124,47,-0.0289307,0.0574951
125,0,-0.148926,-0.0078125
125,1,-0.105347,-0.0670166
125,2,-0.0913086,-0.109497
125,3,-0.0772705,-0.114014
125,4,0.0843506,0.105103
125,5,0.0428467,0.0479736
125,6,-0.100342,-0.0621338
125,7,-0.144653,-0.0228271
125,8,-0.0427246,-0.0498047
125,9,0.0231934,-0.0687256
125,10,0.0620117,-0.0421143
125,11,0.0750732,-0.0126953
125,12,0.0653076,-0.00012207
125,13,0.0766602,0.0244141
125,14,0.0330811,0.0755615
125,15,-0.00793457,0.104126
125,16,-0.152954,0.109131
125,17,-0.10144,0.105957
125,18,-0.0288086,0.0949707
125,19,0.00109863,0.0701904
125,20,0.0159912,0.0668945
125,21,0.0294189,0.0445557
125,22,0.0546875,0.00415039
125,23,0.071167,-0.0388184
125,24,-0.00500488,-0.0859375
125,25,-0.0136719,-0.0443115
125,26,0.0375977,0.00732422
125,27,0.0633545,0.0246582
125,28,0.074585,0.0290527
125,29,0.0908203,0.039917
125,30,0.090332,0.0328369
125,31,0.00756836,0.0106201
125,32,-0.0308838,0.0108643
125,33,0.0247803,-0.0155029
125,34,0.126099,-0.0559082
125,35,0.13916,-0.0592041
125,36,0.132935,-0.0550537
125,37,0.144043,-0.0567627
125,38,0.108032,-0.0272217
125,39,0.0214844,0.00366211
125,40,-0.00195312,0.121094
125,41,0.0148926,0.115112
125,42,-0.0544434,0.0736084
125,43,-0.0875244,0.0456543
125,44,-0.0993652,0.043335
125,45,-0.0935059,0.019043
125,46,-0.0839844,-0.0192871
125,47,0.0113525,-0.0665283
126,0,-0.0272217,0.0362549
126,1,-0.00842285,-0.0340576
126,2,0.00354004,-0.0874023
126,3,0.0098877,-0.0844727
126,4,-0.0126953,0.0932617
126,5,-0.00317383,0.0438232
126,6,-0.00463867,-0.0368652
126,7,-0.0297852,0.0131836
126,8,-0.0307617,0.000732422
126,9,-0.0131836,-0.0111084
126,10,-0.00476074,-0.00927734
126,11,0.00427246,0.0020752
126,12,0.00537109,0.000244141
126,13,0.019165,0.0057373
126,14,0.029541,0.0166016
126,15,0.0384521,0.0213623
126,16,-0.0554199,0.0581055
126,17,-0.0776367,0.0169678
126,18,-0.0821533,-0.0135498
126,19,-0.0611572,-0.0136719
126,20,-0.0683594,-0.0183105
126,21,-0.0532227,-0.013916
126,22,-0.0202637,0.00830078
126,23,0.00549316,0.0145264
126,24,-0.0202637,0.0146484
126,25,-0.0101318,0.0446777
126,26,0.0219727,0.046875
126,27,0.0292969,0.0311279
126,28,0.0349121,0.0307617
126,29,0.0338135,0.0211182
126,30,0.00842285,-0.0230713
126,31,-0.0369873,-0.024292
126,32,0.0109863,0.029541
126,33,0.0155029,0.00732422
126,34,0.0351562,0.00915527
126,35,0.0323486,0.00170898
126,36,0.0270996,0.00170898
126,37,0.0255127,-0.0012207
126,38,0.00256348,-0.00231934
126,39,-0.00292969,0.00109863
126,40,0.0670166,-0.0239258
126,41,0.0743408,-0.0227051
126,42,0.0288086,-0.00317383
126,43,-0.0020752,0.0118408
126,44,-0.0147705,0.0200195
126,45,-0.0299072,0.0253906
126,46,-0.067749,0.0286865
126,47,-0.0524902,-0.00598145
127,0,0.0241699,0.0198975
127,1,0.0187988,0.0020752
127,2,0.00866699,-0.0169678
127,3,0.00378418,-0.0200195
127,4,-0.00817871,0.0202637
127,5,-0.00476074,0.012207
127,6,0.0124512,-0.0181885
127,7,0.0163574,-0.0196533
127,8,0.00683594,-0.0240479
127,9,0.0157471,-0.00268555
127,10,0.0200195,0.0131836
127,11,0.0179443,0.0135498
127,12,0.0187988,0.00927734
127,13,0.0192871,0.0100098
127,14,0.00793457,-0.000366211
127,15,0.0174561,-0.0135498
127,16,0.020874,0.0187988
127,17,-0.00402832,-0.0135498
127,18,-0.0230713,-0.0447998
127,19,-0.0223389,-0.0360107
127,20,-0.0196533,-0.0437012
127,21,-0.0148926,-0.0297852
127,22,0.00891113,-0.00756836
127,23,0.0350342,0.00683594
127,24,0.026001,0.020752
127,25,0.0229492,0.0266113
127,26,0.0123291,0.0218506
127,27,0.00793457,0.013916
127,28,0.00170898,0.0126953
127,29,0,0.00280762
127,30,-0.0172119,-0.0148926
127,31,-0.0169678,-0.0178223
127,32,0.0270996,0.0308838
127,33,0.0126953,0.00927734
127,34,0.0106201,0.0223389
127,35,0.00183105,0.0164795
127,36,-0.000244141,0.0185547
127,37,-0.00720215,0.0198975
127,38,-0.0101318,0.0206299
127,39,-0.000732422,0.00415039
127,40,0.020874,-0.0515137
127,41,-0.00671387,-0.0467529
127,42,-0.0275879,-0.0195312
127,43,-0.0281982,-0.0158691
127,44,-0.0241699,-0.00378418
127,45,-0.0195312,0.00488281
127,46,-0.0102539,0.019043
127,47,0.0178223,0.0164795
128,0,0.0117188,-0.00402832
128,1,0.0146484,0.0152588
128,2,0.019043,0.0222168
128,3,0.00866699,0.0249023
128,4,-0.0118408,-0.020752
128,5,-0.0065918,-0.00854492
128,6,0.0065918,0.0090332
128,7,-0.000244141,0.00109863
128,8,-0.000366211,0.00427246
128,9,0.00756836,0.00219727
128,10,0.0164795,-0.00280762
128,11,0.0196533,-0.00402832
128,12,0.0185547,-0.0102539
128,13,0.0179443,-0.0161133
128,14,0.00732422,-0.017334
128,15,0.000854492,-0.0234375
128,16,-0.0102539,-0.0396729
128,17,-0.0129395,-0.02771
128,18,-0.0185547,-0.0169678
128,19,-0.0175781,-0.0200195
128,20,-0.0125732,-0.0200195
128,21,-0.0102539,-0.0157471
128,22,-0.00476074,-0.00500488
128,23,0.00549316,-0.00744629
128,24,0.0090332,-0.0115967
128,25,0.0106201,-0.0111084
128,26,0.00952148,-0.00512695
128,27,0.00366211,0.00292969
128,28,0.00341797,0.00402832
128,29,-0.0045166,0.0109863
128,30,-0.00830078,0.0263672
128,31,-0.0169678,0.0158691
128,32,0.0170898,-0.0222168
128,33,0.0102539,0.00646973
128,34,0.0134277,0.0230713
128,35,0.00793457,0.0250244
128,36,0.0098877,0.0258789
128,37,0.00854492,0.0250244
128,38,0.00170898,0.0209961
128,39,-0.0078125,-0.00805664
128,40,0.00317383,-0.0385742
128,41,-0.00561523,-0.0318604
128,42,-0.0246582,-0.0284424
128,43,-0.020874,-0.0175781
128,44,-0.0299072,-0.0140381
128,45,-0.0263672,-0.0101318
128,46,-0.0269775,0.00427246
128,47,-0.0230713,0.0125732
129,0,0.0128174,-0.0164795
129,1,0.00268555,-0.00683594
129,2,-0.00842285,0.00524902
129,3,-0.00878906,0.0107422
129,4,0.00976562,-0.0111084
129,5,0.00561523,-0.00598145
129,6,-0.0065918,0.0153809
129,7,0.00366211,0.0141602
129,8,0.00622559,0.026123
129,9,-0.00231934,0.00695801
129,10,-0.00683594,-0.012085
129,11,-0.0137939,-0.0220947
129,12,-0.0106201,-0.0214844
129,13,-0.0098877,-0.0230713
129,14,0.000732422,-0.0183105
129,15,0.0057373,-0.00927734
129,16,0.0098877,-0.00952148
129,17,-0.00012207,0.00280762
129,18,-0.00500488,0.00830078
129,19,-0.00866699,0.00866699
129,20,-0.0057373,0.00598145
129,21,-0.00390625,0.00463867
129,22,-0.010498,0.00695801
129,23,0.00146484,-0.00695801
129,24,-0.00732422,-0.00366211
129,25,-0.0045166,0.00256348
129,26,0.00598145,-0.0065918
129,27,0.00708008,-0.00878906
129,28,0.0090332,-0.0078125
129,29,0.00842285,-0.0102539
129,30,0.0065918,-0.0020752
129,31,0.00183105,0.0100098
129,32,0.0229492,-0.00561523
129,33,0.00830078,-0.00012207
129,34,0.0153809,-0.00463867
129,35,0.0136719,0.00244141
129,36,0.0141602,0.00439453
129,37,0.0153809,0.00585938
129,38,0.0133057,0.0057373
129,39,0.0134277,0.00769043
129,40,0.00317383,0.00354004
129,41,-0.00537109,0.00708008
129,42,-0.0135498,0.015625
129,43,-0.0152588,0.0177002
129,44,-0.0114746,0.0117188
129,45,-0.0123291,0.012085
129,46,-0.00646973,0.00231934
129,47,-0.0135498,-0.00146484
130,0,-0.00622559,-0.00720215
130,1,-0.00341797,0.00878906
130,2,-0.00158691,0.0152588
130,3,-0.00488281,0.0150146
130,4,0.00158691,-0.0194092
130,5,0,-0.0129395
130,6,0.000488281,0.013916
130,7,0.00366211,0
130,8,-0.00708008,-0.00158691
130,9,-0.00402832,0.00427246
130,10,-0.00109863,-0.00378418
130,11,-0.00256348,0.000976562
130,12,-0.00476074,-0.00256348
130,13,-0.0112305,-0.00488281
130,14,-0.00476074,-0.00439453
130,15,0.000488281,-0.00231934
130,16,-0.00427246,-0.00915527
130,17,-0.000244141,-0.00793457
130,18,0.00891113,-0.00671387
130,19,0.0179443,-0.000976562
130,20,0.0222168,-0.000732422
130,21,0.0145264,-0.00012207
130,22,0.0098877,0.00878906
130,23,0.00561523,0.0134277
130,24,0.00598145,0.00476074
130,25,0.00195312,0.00610352
130,26,-0.0101318,0.00280762
130,27,-0.0126953,0.0012207
130,28,-0.0164795,0
130,29,-0.0148926,-0.000976562
130,30,-0.0130615,-0.00378418
130,31,-0.00512695,-0.00354004
130,32,-0.0118408,-0.0032959
130,33,-0.00366211,-0.000610352
130,34,0,-0.00183105
130,35,0.00415039,0.00158691
130,36,0.00195312,-0.000854492
130,37,-0.000488281,0.000244141
130,38,0.0078125,0.00219727
130,39,0.00537109,0.000976562
130,40,0.00915527,0.00170898
130,41,0.00744629,-0.00146484
130,42,0.00549316,0.00646973
130,43,0.00463867,-0.000732422
130,44,-0.00244141,0.00219727
130,45,0.00158691,0.00524902
130,46,0.00231934,0.0158691
130,47,-0.0020752,0.0166016
131,0,0.00634766,0.0057373
131,1,0.012085,-0.00183105
131,2,0.0111084,-0.00695801
131,3,0.00708008,-0.0163574
131,4,-0.00695801,0.00671387
131,5,-0.00354004,0.00524902
131,6,-0.00109863,-0.00305176
131,7,-0.00280762,0.0057373
131,8,-0.000610352,0.0020752
131,9,-0.000854492,-0.00585938
131,10,0.00561523,-0.0057373
131,11,0.00244141,-0.00195312
131,12,0.000976562,-0.00305176
131,13,0.00231934,0
131,14,0.00390625,0.00756836
131,15,0.00158691,0.0115967
131,16,-0.00756836,0.00671387
131,17,-0.00341797,-0.00439453
131,18,0.00305176,-0.0045166
131,19,0.00268555,0.000366211
131,20,0.00134277,-0.00463867
131,21,0.00109863,-0.00524902
131,22,-0.000244141,-0.00317383
131,23,-0.000854492,-0.00183105
131,24,-0.00891113,-0.00341797
131,25,-0.0180664,0.000854492
131,26,-0.012207,0.00842285
131,27,-0.00280762,0.010376
131,28,-0.00634766,0.00317383
131,29,0.00390625,0.0057373
131,30,0.00939941,-0.0112305
131,31,-0.00231934,-0.0131836
131,32,-0.0128174,0.00866699
131,33,-0.0100098,0.00354004
131,34,-0.0102539,0.00537109
131,35,-0.00512695,0.00280762
131,36,-0.0106201,0.00219727
131,37,-0.0100098,0.0118408
131,38,-0.00585938,0.0111084
131,39,-0.0090332,0.0108643
131,40,-0.0124512,0.00866699
131,41,-0.013916,0.00756836
131,42,-0.010498,0.00146484
131,43,-0.0045166,-0.000854492
131,44,-0.00427246,-0.00671387
131,45,-0.00354004,-0.00646973
131,46,-0.00195312,-0.0106201
131,47,0.00231934,-0.0112305
132,0,-0.0161133,-0.00512695
132,1,-0.00476074,0.000854492
132,2,-0.00805664,0.00231934
132,3,-0.00195312,0.00244141
132,4,-0.00744629,-0.00219727
132,5,-0.00280762,0.00231934
132,6,0.00305176,0.000976562
132,7,0.00415039,-0.00585938
132,8,0.00378418,0.000732422
132,9,-0.0057373,0.0065918
132,10,-0.00622559,0.00793457
132,11,-0.0012207,0.00524902
132,12,-0.00354004,0.0032959
132,13,-0.00256348,0.00488281
132,14,0.00439453,-0.00317383
132,15,0.0108643,-0.00952148
132,16,-0.0045166,-0.0020752
132,17,0.00793457,0.000610352
132,18,0.00317383,0.00927734
132,19,0.00524902,0.00598145
132,20,0.00012207,0.00793457
132,21,0.00537109,0.00720215
132,22,0.00341797,0.00915527
132,23,-0.00256348,-0.00280762
132,24,-0.00244141,-0.00878906
132,25,0.000854492,-0.0078125
132,26,0.00378418,-0.00732422
132,27,0.010376,-0.00366211
132,28,0.0098877,0.00366211
132,29,-0.00366211,0.00427246
132,30,-0.0100098,0.0142822
132,31,-0.00671387,0.00927734
132,32,-0.00622559,-0.00610352
132,33,-0.00439453,-0.0020752
132,34,0.0012207,0.00292969
132,35,0.00109863,0.00378418
132,36,0.00292969,-0.000366211
132,37,0.0045166,0.00402832
132,38,0.00805664,-0.000854492
132,39,0.00439453,-0.00915527
132,40,0.00524902,-0.00622559
132,41,-0.00366211,-0.00537109
132,42,-0.0119629,-0.000610352
132,43,-0.0112305,0.00549316
132,44,-0.0180664,0.00244141
132,45,-0.012207,0.00366211
132,46,-0.00915527,0.012085
132,47,-0.00183105,0.00744629
133,0,-0.00537109,0.00488281
133,1,-0.00280762,0.00866699
133,2,-0.00793457,0.0113525
133,3,-0.0107422,0.0141602
133,4,0.0111084,-0.0157471
133,5,0.00500488,-0.00231934
133,6,-0.0118408,0.00671387
133,7,-0.00878906,0.00390625
133,8,-0.0101318,0.00378418
133,9,-0.0135498,0.00195312
133,10,-0.0098877,-0.00512695
133,11,-0.00500488,-0.0012207
133,12,-0.0057373,-0.00439453
133,13,-0.00256348,-0.0090332
133,14,0.0020752,-0.00817871
133,15,0.00756836,0.00195312
133,16,0.000244141,0.00512695
133,17,0.00341797,0.00244141
133,18,0.00744629,-0.0045166
133,19,0.00488281,-0.00231934
133,20,0.0032959,0.00195312
133,21,0.00769043,-0.00244141
133,22,0.0112305,-0.0090332
133,23,0.00720215,-0.00830078
133,24,0.0032959,-0.00695801
133,25,0.00463867,-0.0109863
133,26,0.0134277,-0.00964355
133,27,0.00927734,-0.00512695
133,28,0.00976562,-0.00463867
133,29,0.0115967,-0.00244141
133,30,0.00415039,0.00524902
133,31,-0.000488281,0.000976562
133,32,-0.00671387,-0.00512695
133,33,-0.00317383,-0.0020752
133,34,0.00939941,-0.00524902
133,35,0.00598145,-0.0115967
133,36,0.00500488,-0.010498
133,37,0.00878906,-0.00915527
133,38,0.0118408,-0.00683594
133,39,0.00549316,0.00378418
133,40,0.00305176,0.00292969
133,41,-0.0142822,-0.00561523
133,42,-0.015625,0.010376
133,43,-0.0131836,0.00976562
133,44,-0.0101318,0.00427246
133,45,-0.00866699,0.00732422
133,46,0.00598145,0.00964355
133,47,0.0158691,-0.00244141
134,0,0.0213623,-0.015625
134,1,0.0180664,-0.0299072
134,2,0.012207,-0.0356445
134,3,0.00488281,-0.0284424
134,4,-0.00878906,0.0249023
134,5,-0.00280762,0.0114746
134,6,0.00488281,-0.0214844
134,7,0.0045166,-0.0151367
134,8,0.0078125,-0.00744629
134,9,0.0032959,-0.00012207
134,10,0.00317383,0.0151367
134,11,-0.00305176,0.0177002
134,12,-0.00219727,0.0114746
134,13,-0.00622559,0.0125732
134,14,-0.00671387,0.00915527
134,15,-0.0114746,-0.00390625
134,16,0.0108643,-0.0288086
134,17,-0.00878906,-0.0263672
134,18,-0.0284424,-0.0135498
134,19,-0.0291748,-0.00415039
134,20,-0.0269775,-0.00292969
134,21,-0.0297852,0.0065918
134,22,-0.036377,0.013916
134,23,-0.0230713,0.0183105
134,24,-0.00976562,0.0306396
134,25,-0.0124512,0.0253906
134,26,-0.0109863,0.0133057
134,27,-0.0117188,0.00671387
134,28,-0.0126953,0.00231934
134,29,-0.0184326,-0.00170898
134,30,-0.0300293,-0.0123291
134,31,-0.0267334,-0.0159912
134,32,0.0306396,0.00756836
134,33,0.0102539,0.0078125
134,34,0.0057373,0.0205078
134,35,-0.0020752,0.0175781
134,36,-0.000610352,0.015625
134,37,-0.00671387,0.0209961
134,38,-0.0141602,0.0106201
134,39,-0.00939941,-0.000976562
134,40,-0.00402832,0.00463867
134,41,0.0134277,0.00866699
134,42,0.0228271,0.000976562
134,43,0.0195312,-0.00695801
134,44,0.0141602,-0.00695801
134,45,0.00463867,-0.0131836
134,46,-0.0219727,-0.0136719
134,47,-0.0305176,0.00476074
135,0,-0.0128174,-0.020752
135,1,-0.0147705,-0.00891113
135,2,-0.0167236,-0.00708008
135,3,-0.0141602,-0.00341797
135,4,0.0113525,0.00500488
135,5,0.00256348,0
135,6,0.00109863,-0.0045166
135,7,0.000244141,0.00805664
135,8,-0.00732422,-0.00012207
135,9,-0.00366211,-0.0100098
135,10,-0.00183105,-0.0246582
135,11,0.00561523,-0.0267334
135,12,-0.00280762,-0.0218506
135,13,0.0100098,-0.0272217
135,14,0.010376,-0.020752
135,15,0.020752,-0.00915527
135,16,0.00012207,0.0198975
135,17,-0.0032959,0.026001
135,18,-0.00805664,0.0266113
135,19,-0.00292969,0.019165
135,20,-0.00695801,0.0172119
135,21,-0.00219727,0.0157471
135,22,0.00842285,0.00512695
135,23,0.0192871,-0.00354004
135,24,0.0123291,0.00952148
135,25,0.0101318,0.0118408
135,26,0.00878906,0.000610352
135,27,0.0032959,0.00488281
135,28,-0.000366211,0.00708008
135,29,0.00500488,0.00305176
135,30,-0.000366211,0.0113525
135,31,-0.00732422,0.0163574
135,32,-0.0057373,-0.00842285
135,33,0.00402832,-0.00292969
135,34,0.024292,-0.00415039
135,35,0.0230713,-0.00317383
135,36,0.0181885,-0.00354004
135,37,0.0288086,0.00585938
135,38,0.0257568,0.00646973
135,39,0.0187988,0.00793457
135,40,0.0162354,0.00720215
135,41,-0.0117188,-0.0115967
135,42,-0.0395508,-0.00878906
135,43,-0.0330811,0.00390625
135,44,-0.0361328,-0.00146484
135,45,-0.0202637,0.0106201
135,46,-0.000610352,0.00793457
135,47,0.0245361,0.00195312
136,0,-0.00402832,-0.06604
136,1,-0.03125,-0.0639648
136,2,-0.052002,-0.0526123
136,3,-0.0571289,-0.0428467
136,4,0.0595703,0.0446777
136,5,0.0306396,0.0241699
136,6,-0.0402832,-0.0368652
136,7,-0.0378418,-0.0238037
136,8,0.0169678,-0.0343018
136,9,0.03479,-0.0153809
136,10,0.0324707,0.0125732
136,11,0.0366211,0.0335693
136,12,0.0263672,0.0386963
136,13,0.020874,0.0402832
136,14,-0.00793457,0.0407715
136,15,-0.0438232,0.0240479
136,16,-0.0373535,-0.0498047
136,17,-0.0654297,-0.0012207
136,18,-0.0673828,0.0528564
136,19,-0.055542,0.052124
136,20,-0.0550537,0.0717773
136,21,-0.038208,0.0666504
136,22,-0.0220947,0.0749512
136,23,-0.00476074,0.0395508
136,24,-0.00842285,0.0107422
136,25,-0.0106201,0.0107422
136,26,-0.00939941,-0.00219727
136,27,-0.00634766,-0.00427246
136,28,-0.00463867,-0.00292969
136,29,0.000854492,-0.0101318
136,30,-0.00280762,-0.017334
136,31,-0.00317383,-0.0172119
136,32,0.0594482,-0.0344238
136,33,0.0229492,-0.0119629
136,34,0.0476074,-0.00720215
136,35,0.0467529,-0.00561523
136,36,0.0339355,0.000610352
136,37,0.0335693,0.00256348
136,38,-0.00439453,0.00402832
136,39,-0.0291748,-0.00354004
136,40,-0.0239258,0.0435791
136,41,0.0379639,0.0496826
136,42,0.0594482,0.00354004
136,43,0.0557861,-0.00622559
136,44,0.0506592,-0.0187988
136,45,0.0205078,-0.0286865
136,46,-0.012085,-0.0281982
136,47,-0.03479,-0.00610352
137,0,0.133423,0.0733643
137,1,0.162354,-0.0170898
137,2,0.172729,-0.0925293
137,3,0.153198,-0.106201
137,4,-0.148193,0.113281
137,5,-0.0649414,0.0529785
137,6,0.0838623,-0.0682373
137,7,0.0494385,-0.0224609
137,8,-0.0205078,0.0535889
137,9,-0.0489502,0.0406494
137,10,-0.0810547,0.0227051
137,11,-0.0855713,0.0134277
137,12,-0.0849609,0.00402832
137,13,-0.0825195,-0.0107422
137,14,-0.0378418,-0.0476074
137,15,0.0206299,-0.09729
137,16,0.109375,0.0307617
137,17,0.0616455,-0.0585938
137,18,-0.0332031,-0.136108
137,19,-0.0535889,-0.120117
137,20,-0.0800781,-0.142944
137,21,-0.0736084,-0.117065
137,22,-0.0963135,-0.115234
137,23,-0.0449219,-0.076416
137,24,-0.0212402,-0.0488281
137,25,-0.0117188,-0.020752
137,26,0.0109863,-0.00915527
137,27,0.0279541,-0.00866699
137,28,0.0269775,-0.0109863
137,29,0.0361328,-0.0114746
137,30,0.0427246,-0.0256348
137,31,0.0334473,-0.0269775
137,32,-0.000854492,0.17395
137,33,-0.00415039,0.06604
137,34,-0.0229492,0.0865479
137,35,-0.0213623,0.0601807
137,36,-0.0185547,0.0479736
137,37,-0.0252686,0.0245361
137,38,-0.00622559,-0.0299072
137,39,0.0244141,-0.0584717
137,40,-0.0664062,-0.0961914
137,41,-0.126953,0.019043
137,42,-0.0806885,0.137207
137,43,-0.0406494,0.134277
137,44,-0.0169678,0.135376
137,45,0.0179443,0.0960693
137,46,0.0759277,0.0128174
137,47,0.0644531,-0.097168
138,0,0.0330811,0.160034
138,1,0.172241,0.167236
138,2,0.273804,0.167969
138,3,0.277588,0.14209
138,4,-0.29834,-0.136963
138,5,-0.143066,-0.0588379
138,6,0.194458,0.0782471
138,7,0.122314,0.0227051
138,8,-0.00793457,0.0457764
138,9,-0.0217285,0.0585938
138,10,-0.0544434,0.00280762
138,11,-0.0627441,-0.0300293
138,12,-0.050293,-0.0461426
138,13,-0.0496826,-0.083252
138,14,-0.00183105,-0.102173
138,15,0.0961914,-0.0892334
138,16,0.0383301,0.0379639
138,17,0.0917969,-0.0650635
138,18,0.107666,-0.183594
138,19,0.0772705,-0.177124
138,20,0.0883789,-0.212402
138,21,0.0614014,-0.183472
138,22,0.0253906,-0.180908
138,23,-0.00280762,-0.0603027
138,24,-0.0291748,0.00732422
138,25,-0.0351562,-0.0338135
138,26,-0.0406494,-0.0220947
138,27,-0.0361328,-0.0142822
138,28,-0.0356445,-0.0090332
138,29,-0.0391846,-0.00732422
138,30,-0.0316162,0.00915527
138,31,-0.0270996,-0.00268555
138,32,-0.146606,0.0825195
138,33,-0.0655518,0.0432129
138,34,-0.141724,0.0817871
138,35,-0.133179,0.0753174
138,36,-0.115356,0.0653076
138,37,-0.113159,0.0526123
138,38,-0.0577393,0.00585938
138,39,0.0367432,-0.0168457
138,40,0.0352783,-0.158813
138,41,-0.137451,-0.158447
138,42,-0.204712,-0.0509033
138,43,-0.170288,-0.0113525
138,44,-0.164551,0.0144043
138,45,-0.0949707,0.032959
138,46,-0.0130615,0.0598145
138,47,0.03125,0.0570068
139,0,-0.0498047,-0.0511475
139,1,-0.0512695,0.121216
139,2,-0.0424805,0.24646
139,3,-0.032959,0.249146
139,4,0.0270996,-0.256104
139,5,0.0078125,-0.113892
139,6,0.00524902,0.119263
139,7,0.0563965,0.00195312
139,8,0.0303955,0.0283203
139,9,0.00170898,0.064209
139,10,0.0020752,0.0311279
139,11,-0.000366211,0.0114746
139,12,0.00183105,0.00195312
139,13,-0.00561523,-0.0270996
139,14,-0.0202637,-0.0526123
139,15,-0.0316162,-0.050293
139,16,0.0198975,-0.161255
139,17,0.0761719,-0.0683594
139,18,0.142334,0.0177002
139,19,0.118774,0.0262451
139,20,0.133057,0.0361328
139,21,0.107178,0.0258789
139,22,0.0644531,0.0238037
139,23,-0.0240479,0.0162354
139,24,-0.012085,-0.032959
139,25,-0.0090332,-0.0930176
139,26,-0.0344238,-0.0952148
139,27,-0.0478516,-0.0791016
139,28,-0.053833,-0.0646973
139,29,-0.0593262,-0.043335
139,30,-0.0209961,0.0020752
139,31,0.0438232,0.000976562
139,32,-0.0197754,-0.143311
139,33,-0.0283203,-0.0354004
139,34,-0.0874023,-0.0267334
139,35,-0.0820312,-0.00805664
139,36,-0.0814209,-0.00634766
139,37,-0.072998,0.00439453
139,38,-0.0549316,0.0108643
139,39,-0.0130615,-0.00378418
139,40,-0.0217285,-0.0318604
139,41,-0.0338135,-0.0932617
139,42,-0.0258789,-0.136841
139,43,-0.0102539,-0.139404
139,44,-0.00537109,-0.139526
139,45,0.00756836,-0.105469
139,46,0.0267334,-0.0617676
139,47,0.000244141,0.00939941
140,0,0.0231934,-0.0135498
140,1,-0.0375977,0.00646973
140,2,-0.0755615,0.022583
140,3,-0.0760498,0.0272217
140,4,0.0805664,-0.0310059
140,5,0.0296631,-0.0123291
140,6,-0.0273438,0.0255127
140,7,0.0126953,0.0195312
140,8,-0.0219727,0.00244141
140,9,-0.0408936,-0.00134277
140,10,-0.0102539,0
140,11,0.00524902,-0.00939941
140,12,0.0118408,0.00256348
140,13,0.0163574,-0.00146484
140,14,0.0239258,-0.00170898
140,15,0.010498,-0.012207
140,16,0.0749512,-0.027832
140,17,0.0629883,-0.0152588
140,18,0.0424805,-0.00158691
140,19,0.0230713,-0.00170898
140,20,0.0273438,-0.00878906
140,21,0.00891113,-0.0078125
140,22,-0.0175781,-0.0288086
140,23,-0.0250244,-0.0424805
140,24,0.000732422,-0.0307617
140,25,0.00292969,-0.0266113
140,26,-0.00598145,-0.0187988
140,27,-0.010498,-0.00756836
140,28,-0.0145264,-0.00402832
140,29,-0.0159912,-0.00244141
140,30,-0.0192871,0.00231934
140,31,0.00524902,0.00354004
140,32,0.0369873,0.0125732
140,33,0.000976562,0.00280762
140,34,-0.0238037,-0.00805664
140,35,-0.0240479,-0.0214844
140,36,-0.0302734,-0.0185547
140,37,-0.0283203,-0.0257568
140,38,-0.0194092,-0.0247803
140,39,-0.00354004,-0.0157471
140,40,0.0155029,0.0305176
140,41,0.0517578,0.0426025
140,42,0.0843506,0.0256348
140,43,0.0661621,0.00219727
140,44,0.0726318,-0.000732422
140,45,0.048584,-0.0135498
140,46,0.0264893,-0.0452881
140,47,-0.0141602,-0.0592041
141,0,-0.0216064,0.00012207
141,1,-0.00878906,-0.0268555
141,2,0.000976562,-0.0408936
141,3,0.00537109,-0.0354004
141,4,-0.00756836,0.0401611
141,5,-0.000732422,0.0180664
141,6,0.00976562,-0.0144043
141,7,0.00524902,0.00683594
141,8,0.0206299,0.0219727
141,9,0.0137939,0.0270996
141,10,-0.000732422,0.0288086
141,11,-0.00537109,0.0291748
141,12,-0.00720215,0.0299072
141,13,-0.00915527,0.0231934
141,14,-0.0100098,0.0211182
141,15,-0.0136719,0.0180664
141,16,-0.0141602,0.0164795
141,17,0.00488281,0.00878906
141,18,0.0205078,0.0169678
141,19,0.0184326,0.0187988
141,20,0.0209961,0.0189209
141,21,0.0194092,0.0222168
141,22,0.0252686,0.0236816
141,23,0.019165,0.0194092
141,24,0.0168457,0.0187988
141,25,-0.0020752,0.0012207
141,26,-0.0144043,-0.0124512
141,27,-0.00708008,-0.0125732
141,28,-0.0111084,-0.0197754
141,29,-0.00268555,-0.0202637
141,30,0.00939941,-0.020874
141,31,0.0212402,-0.00744629
141,32,-0.0474854,0.0244141
141,33,-0.0175781,0.00244141
141,34,-0.026001,-0.00500488
141,35,-0.0178223,-0.00622559
141,36,-0.0166016,-0.012085
141,37,-0.0102539,-0.0179443
141,38,-0.00537109,-0.0155029
141,39,-0.0100098,-0.00378418
141,40,-0.0090332,0.0102539
141,41,-0.00146484,0.0201416
141,42,0.0157471,0.0212402
141,43,0.0151367,0.0174561
141,44,0.0307617,0.0157471
141,45,0.0253906,0.0115967
141,46,0.0334473,0.00878906
141,47,0.0356445,0.00378418
142,0,0.00439453,-0.0090332
142,1,0.0141602,-0.00817871
142,2,0.0196533,-0.00476074
142,3,0.0114746,-0.0057373
142,4,-0.0133057,0.00671387
142,5,-0.00891113,0.00769043
142,6,0.00402832,-0.00512695
142,7,-0.00146484,-0.0159912
142,8,-0.000610352,-0.00805664
142,9,-0.00793457,0.0078125
142,10,-0.00695801,0.026123
142,11,-0.00378418,0.0334473
142,12,-0.00793457,0.0306396
142,13,-0.00793457,0.0324707
142,14,-0.00170898,0.0279541
142,15,-0.00256348,0.00769043
142,16,0.0115967,-0.00842285
142,17,0.00732422,-0.00671387
142,18,-0.000732422,0.00427246
142,19,-0.00744629,0.00561523
142,20,-0.0102539,0.00964355
142,21,-0.0130615,0.0133057
142,22,-0.0247803,0.0245361
142,23,-0.0197754,0.0324707
142,24,-0.00012207,0.0327148
142,25,0.00402832,0.0183105
142,26,-0.00891113,0.00927734
142,27,-0.0126953,0.00134277
142,28,-0.0146484,-0.000244141
142,29,-0.0187988,0.00146484
142,30,-0.0169678,0.00158691
142,31,-0.0172119,0.000488281
142,32,-0.00549316,0
142,33,-0.0078125,-0.00012207
142,34,-0.0100098,-0.0129395
142,35,-0.00720215,-0.00964355
142,36,-0.0152588,-0.010376
142,37,-0.0128174,-0.0106201
142,38,-0.00317383,-0.00622559
142,39,0.00158691,0.00231934
142,40,0.0152588,0.0300293
142,41,0.0288086,0.0230713
142,42,0.0352783,0.00256348
142,43,0.0292969,-0.0057373
142,44,0.0272217,-0.0158691
142,45,0.0177002,-0.0178223
142,46,-0.00427246,-0.0184326
142,47,-0.010498,-0.00219727
143,0,-0.0158691,0.00720215
143,1,-0.00390625,0.0090332
143,2,0.00524902,-0.00305176
143,3,0.00854492,0.00256348
143,4,-0.0144043,0.0045166
143,5,-0.00866699,0.00012207
143,6,0.0178223,-0.00219727
143,7,0.0162354,-0.0175781
143,8,0.00891113,-0.0175781
143,9,0.0148926,-0.0109863
143,10,0.0108643,0.00463867
143,11,0.00646973,0.00463867
143,12,0.00415039,0.00720215
143,13,0.00769043,0.0147705
143,14,-0.00292969,0.0148926
143,15,-0.0100098,0.0126953
143,16,-0.0115967,0.0200195
143,17,-0.00927734,0.00805664
143,18,0.0020752,-0.00830078
143,19,0.00549316,-0.00695801
143,20,0.00256348,-0.00402832
143,21,-0.00134277,-0.00671387
143,22,-0.000732422,-0.0012207
143,23,0.0032959,0.0272217
143,24,-0.0131836,0.0388184
143,25,-0.0235596,0.0235596
143,26,-0.0238037,0.00842285
143,27,-0.0192871,0.00476074
143,28,-0.0213623,0.00549316
143,29,-0.0174561,0.00366211
143,30,-0.0184326,-0.010376
143,31,-0.012085,-0.0150146
143,32,-0.0045166,0.0126953
143,33,0.00341797,0.00366211
143,34,-0.00280762,0.0126953
143,35,-0.0065918,0.00939941
143,36,-0.00524902,0.00939941
143,37,-0.00891113,0.0045166
143,38,-0.019165,-0.0020752
143,39,-0.0211182,-0.000976562
143,40,-0.000976562,0.0133057
143,41,0.00744629,0.000244141
143,42,0.00695801,-0.0126953
143,43,0.000366211,-0.019165
143,44,-0.00732422,-0.0219727
143,45,-0.00646973,-0.0142822
143,46,-0.0161133,-0.00598145
143,47,-0.0202637,0.0341797
144,0,-0.00842285,0.0455322
144,1,-0.000244141,0.0371094
144,2,0.0158691,0.0200195
144,3,0.0186768,0.0201416
144,4,-0.0281982,-0.0129395
144,5,-0.0159912,-0.0115967
144,6,0.017334,0.0148926
144,7,0.0065918,0.020874
144,8,-0.041748,-0.0113525
144,9,-0.022583,-0.0343018
144,10,0.00878906,-0.0355225
144,11,0.0161133,-0.0336914
144,12,0.0236816,-0.0324707
144,13,0.0366211,-0.0270996
144,14,0.0432129,-0.00708008
144,15,0.0430908,0.0174561
144,16,0.0114746,0.0783691
144,17,0.0281982,0.0418701
144,18,0.0386963,-0.0222168
144,19,0.0280762,-0.0303955
144,20,0.0343018,-0.0537109
144,21,0.027832,-0.0478516
144,22,0.0152588,-0.0388184
144,23,0.00341797,-0.00012207
144,24,-0.00378418,0.0164795
144,25,0.0113525,0.0194092
144,26,0.0161133,0.00866699
144,27,0.0218506,0.0065918
144,28,0.0183105,0.0065918
144,29,0.0142822,0.00109863
144,30,0.00439453,-0.0123291
144,31,-0.00463867,-0.00524902
144,32,-0.0158691,0.0250244
144,33,-0.0133057,0.0186768
144,34,-0.0284424,0.0367432
144,35,-0.0270996,0.0251465
144,36,-0.0155029,0.0240479
144,37,-0.0195312,0.0102539
144,38,0.00695801,-0.00231934
144,39,0.0128174,0.012207
144,40,0.0545654,0.00476074
144,41,0.0175781,-0.0450439
144,42,-0.039917,-0.0535889
144,43,-0.0528564,-0.0330811
144,44,-0.059082,-0.0322266
144,45,-0.0476074,-0.00769043
144,46,-0.0310059,0.0246582
144,47,-0.00268555,0.0305176
145,0,-0.0216064,0.0596924
145,1,-0.0303955,0.0623779
145,2,-0.0335693,0.0515137
145,3,-0.0368652,0.0499268
145,4,0.041748,-0.0477295
145,5,0.019165,-0.026123
145,6,-0.0177002,0.0313721
145,7,0.0012207,0.0404053
145,8,-0.00830078,0.0500488
145,9,-0.0115967,0.0231934
145,10,-0.00842285,-0.0012207
145,11,-0.00964355,-0.0112305
145,12,-0.00622559,-0.012207
145,13,-0.0133057,-0.0289307
145,14,-0.0136719,-0.0302734
145,15,-0.0144043,-0.0411377
145,16,0.0262451,0.050415
145,17,0.0305176,0.0532227
145,18,0.0290527,0.0467529
145,19,0.026123,0.0275879
145,20,0.0274658,0.0310059
145,21,0.0230713,0.0057373
145,22,0.0324707,-0.0362549
145,23,0.0133057,-0.0681152
145,24,0.0155029,-0.0917969
145,25,0.0385742,-0.0825195
145,26,0.057251,-0.0488281
145,27,0.0679932,-0.0341797
145,28,0.0637207,-0.0288086
145,29,0.0657959,-0.0124512
145,30,0.0753174,0.020874
145,31,0.0562744,0.0351562
145,32,-0.0291748,-0.0361328
145,33,-0.0123291,-0.019165
145,34,0.00256348,-0.0400391
145,35,0.0032959,-0.0367432
145,36,0.0108643,-0.0360107
145,37,0.0140381,-0.0251465
145,38,0.0274658,-0.0229492
145,39,0.0201416,-0.0250244
145,40,-0.0401611,-0.0715332
145,41,-0.0775146,-0.0344238
145,42,-0.0588379,0.0360107
145,43,-0.0308838,0.0543213
145,44,-0.0177002,0.060791
145,45,0.0112305,0.0577393
145,46,0.0723877,0.0308838
145,47,0.0784912,-0.0396729
146,0,0.0318604,0.00561523
146,1,0.0397949,0.00354004
146,2,0.0249023,0.00830078
146,3,0.0161133,0.0090332
146,4,-0.0174561,-0.00744629
146,5,-0.00219727,0.00158691
146,6,-0.00622559,0.00378418
146,7,-0.00952148,-0.00939941
146,8,-0.0299072,-0.000976562
146,9,-0.0206299,0.0101318
146,10,-0.0045166,0.00427246
146,11,-0.00195312,0.0106201
146,12,-0.000488281,0.00549316
146,13,0.00402832,0.00537109
146,14,-0.0078125,-0.00317383
146,15,-0.00842285,-0.0218506
146,16,0.0235596,-0.0396729
146,17,0.0101318,-0.0595703
146,18,-0.024292,-0.0557861
146,19,-0.0234375,-0.0408936
146,20,-0.0318604,-0.045166
146,21,-0.032959,-0.0352783
146,22,-0.0328369,-0.0172119
146,23,-0.0128174,-0.00500488
146,24,-0.000244141,0.0032959
146,25,-0.00476074,0.00390625
146,26,-0.00390625,0.0012207
146,27,-0.00891113,-0.000610352
146,28,-0.00830078,-0.00390625
146,29,-0.00976562,-0.00671387
146,30,-0.0223389,-0.0133057
146,31,-0.0253906,-0.0220947
146,32,0.0318604,-0.00671387
146,33,0.00512695,-0.0090332
146,34,-0.00158691,-0.0137939
146,35,-0.0174561,-0.00964355
146,36,-0.0144043,-0.00402832
146,37,-0.0256348,0.00195312
146,38,-0.0300293,0.0135498
146,39,-0.0200195,0.00231934
146,40,0.00231934,-0.0334473
146,41,0.0195312,-0.00585938
146,42,0.0279541,0.0300293
146,43,0.0289307,0.0358887
146,44,0.0283203,0.0288086
146,45,0.0183105,0.0247803
146,46,0.00500488,0.0112305
146,47,-0.00878906,-0.00732422
147,0,-0.0251465,0.00183105
147,1,0.00146484,0.0172119
147,2,0.0239258,0.0209961
147,3,0.03479,0.0167236
147,4,-0.0384521,-0.0102539
147,5,-0.0220947,-0.0057373
147,6,0.036377,-0.0078125
147,7,0.0310059,-0.0284424
147,8,0.0269775,0.0109863
147,9,0.0339355,0.0153809
147,10,0.0186768,0.0164795
147,11,0.00378418,0.0140381
147,12,0.00341797,0.0112305
147,13,-0.0145264,0.0045166
147,14,-0.0340576,0.00366211
147,15,-0.045166,-0.00646973
147,16,-0.00744629,-0.038208
147,17,0.0144043,-0.02771
147,18,0.0308838,-0.00268555
147,19,0.0216064,0.00134277
147,20,0.0280762,0.010498
147,21,0.0211182,0.0102539
147,22,0.0284424,-0.00634766
147,23,0.0241699,-0.019043
147,24,0.0142822,-0.0394287
147,25,-0.0203857,-0.0517578
147,26,-0.0404053,-0.0328369
147,27,-0.0378418,-0.0235596
147,28,-0.0405273,-0.0107422
147,29,-0.0272217,-0.00231934
147,30,0.00952148,0.0137939
147,31,0.0371094,0.00280762
147,32,-0.0446777,-0.0186768
147,33,-0.0137939,-0.00708008
147,34,-0.0152588,-0.0117188
147,35,-0.0140381,-0.00915527
147,36,-0.0114746,-0.00317383
147,37,-0.0135498,-0.000610352
147,38,-0.0223389,-0.00439453
147,39,-0.0196533,-0.00732422
147,40,-0.0307617,-0.0372314
147,41,-0.0294189,-0.0251465
147,42,-0.0101318,-0.00744629
147,43,0.00878906,-0.00610352
147,44,0.015625,-0.0020752
147,45,0.015625,-0.0012207
147,46,0.0389404,-0.0045166
147,47,0.0374756,-0.00500488
148,0,-0.0109863,0.0113525
148,1,-0.0159912,0.00280762
148,2,-0.0101318,-0.00695801
148,3,-0.0131836,-0.00708008
148,4,0.010376,0.00317383
148,5,0.000976562,0.00695801
148,6,-0.00378418,-0.000244141
148,7,-0.0065918,0.00439453
148,8,-0.0144043,-0.0112305
148,9,-0.013916,-0.00817871
148,10,-0.00146484,-0.00939941
148,11,0.00805664,-0.00854492
148,12,0.0117188,0
148,13,0.0172119,0.0057373
148,14,0.0235596,0.0184326
148,15,0.0300293,0.0214844
148,16,-0.00854492,0.00109863
148,17,-0.00939941,-0.0078125
148,18,-0.0177002,-0.0181885
148,19,-0.010498,-0.0117188
148,20,-0.00756836,-0.0158691
148,21,-0.00500488,-0.0135498
148,22,0.0119629,-0.00817871
148,23,0.0150146,0.000488281
148,24,0.0162354,-0.00976562
148,25,0.0249023,-0.0078125
148,26,0.0198975,0.0100098
148,27,0.0161133,0.0148926
148,28,0.0140381,0.0183105
148,29,0.0102539,0.0251465
148,30,-0.00695801,0.0303955
148,31,-0.0192871,0.0214844
148,32,0.00170898,-0.019043
148,33,0.00415039,-0.00561523
148,34,0.0159912,0.00683594
148,35,0.0214844,0.0101318
148,36,0.0205078,0.0118408
148,37,0.0202637,0.010376
148,38,0.0184326,0.0170898
148,39,0.0145264,0.00537109
148,40,0.0311279,-0.00805664
148,41,0.0292969,-0.0328369
148,42,-0.00634766,-0.0280762
148,43,-0.0169678,-0.0137939
148,44,-0.0249023,-0.0113525
148,45,-0.0201416,0.00256348
148,46,-0.0158691,0.0296631
148,47,0.0115967,0.0335693
149,0,-0.0153809,0.0202637
149,1,-0.0129395,0.00817871
149,2,-0.013916,-0.00622559
149,3,-0.0196533,-0.00305176
149,4,0.00756836,0.00183105
149,5,0.00354004,0.0012207
149,6,0.00158691,0.00463867
149,7,-0.00305176,0.0117188
149,8,-0.00170898,-0.00976562
149,9,-0.0106201,-0.00830078
149,10,-0.00842285,-0.00231934
149,11,-0.0090332,0.00671387
149,12,-0.00585938,0.00915527
149,13,-0.00427246,0.0102539
149,14,0.00708008,0.0152588
149,15,0.0124512,0.0179443
149,16,0.0065918,0.0281982
149,17,0.00915527,0.00500488
149,18,0.0111084,-0.0115967
149,19,0.0136719,-0.0159912
149,20,0.00915527,-0.017334
149,21,0.00720215,-0.0108643
149,22,0.00354004,0.000732422
149,23,0.00402832,0.00976562
149,24,0.000366211,0.00378418
149,25,0.00354004,0.00463867
149,26,0.0144043,0.00439453
149,27,0.0163574,0.00622559
149,28,0.0169678,0.00537109
149,29,0.017334,-0.00219727
149,30,0.0109863,0.00646973
149,31,0.00561523,0.0065918
149,32,-0.00390625,0.0129395
149,33,-0.0012207,0.000366211
149,34,0.00500488,-0.00390625
149,35,0.00256348,-0.0057373
149,36,0.00708008,-0.00585938
149,37,0.0115967,-0.00878906
149,38,0.0144043,-0.00463867
149,39,0.00585938,0.00769043
149,40,0.0112305,0.0231934
149,41,0.0178223,0.0175781
149,42,0.00195312,0.00500488
149,43,-0.00109863,0.00378418
149,44,-0.000732422,0.00402832
149,45,-0.00268555,0.000488281
149,46,-0.00610352,0.00585938
149,47,0.00183105,0.0129395
150,0,-0.00268555,0.00402832
150,1,-0.00317383,0.0119629
150,2,-0.00012207,0.0196533
150,3,0.00415039,0.0294189
150,4,0.00109863,-0.0275879
150,5,-0.000854492,-0.0114746
150,6,0.00427246,0.013916
150,7,0.00354004,0.00488281
150,8,0.00854492,-0.0020752
150,9,0.00427246,0.00244141
150,10,0.00366211,0.00354004
150,11,-0.00280762,-0.00134277
150,12,0.00012207,0
150,13,-0.00268555,0.00427246
150,14,-0.00830078,0.00524902
150,15,-0.0065918,0.00390625
150,16,-0.00842285,0.0106201
150,17,0.00476074,0.0108643
150,18,0.0200195,0.00341797
150,19,0.0189209,0.00463867
150,20,0.0263672,0.00390625
150,21,0.015625,0.000854492
150,22,-0.000366211,0.00146484
150,23,-0.00561523,0.00256348
150,24,-0.0123291,0.00183105
150,25,-0.0124512,0.00427246
150,26,-0.0078125,-0.000244141
150,27,-0.00183105,-0.00268555
150,28,-0.00219727,-0.00463867
150,29,-0.00378418,-0.0065918
150,30,-0.00402832,-0.00561523
150,31,-0.00170898,-0.00769043
150,32,-0.00708008,-0.00134277
150,33,-0.00549316,0.000488281
150,34,-0.0163574,-0.0131836
150,35,-0.0126953,-0.00500488
150,36,-0.00915527,-0.00939941
150,37,-0.0112305,-0.0140381
150,38,-0.00866699,0.00219727
150,39,-0.00891113,0.00439453
150,40,-0.0078125,0.0112305
150,41,0.000854492,0.00708008
150,42,0.0107422,0.0057373
150,43,0.00732422,-0.00427246
150,44,0.00402832,-0.00720215
150,45,-0.00256348,-0.0090332
150,46,-0.0130615,-0.00854492
150,47,-0.0209961,-0.00439453
151,0,-0.015625,-0.00476074
151,1,-0.0133057,0.0078125
151,2,-0.0157471,0.0100098
151,3,-0.0113525,0.0118408
151,4,0.0155029,-0.0101318
151,5,0.00610352,-0.00378418
151,6,-0.00708008,0.0102539
151,7,0.000976562,0.00805664
151,8,-0.0167236,0.0032959
151,9,-0.0144043,-0.000244141
151,10,-0.00732422,0.000366211
151,11,-0.00146484,-0.00671387
151,12,-0.000732422,-0.00012207
151,13,0.00354004,-0.00756836
151,14,0.00256348,-0.00427246
151,15,0.00585938,-0.00683594
151,16,-0.00927734,0.00354004
151,17,-0.00549316,0.0136719
151,18,-0.000732422,0.0148926
151,19,0.010376,0.00537109
151,20,0.00927734,0.00952148
151,21,0.012085,0.00244141
151,22,0.0164795,-0.00561523
151,23,0.0045166,-0.0128174
151,24,0.0118408,-0.0118408
151,25,0.0128174,-0.00695801
151,26,0.00952148,0.000366211
151,27,0.0078125,0.00415039
151,28,0.00976562,0.00268555
151,29,0.00732422,0.0090332
151,30,-0.0032959,0.0158691
151,31,0,0.0175781
151,32,0.00219727,-0.0100098
151,33,-0.000488281,-0.00610352
151,34,-0.000366211,-0.0129395
151,35,-0.00463867,-0.00585938
151,36,-0.00158691,-0.00598145
151,37,0.00109863,-0.0057373
151,38,0.00341797,-0.00354004
151,39,0.00402832,0.00012207
151,40,0.00378418,-0.0183105
151,41,-0.000244141,-0.0251465
151,42,-0.0130615,-0.0124512
151,43,-0.0178223,-0.0065918
151,44,-0.0129395,-0.00012207
151,45,-0.00512695,0.0090332
151,46,0.00549316,0.00805664
151,47,0.0117188,0.0111084
152,0,-0.00354004,0.020874
152,1,-0.00305176,0.0273438
152,2,0.00231934,0.0344238
152,3,0.00732422,0.0302734
152,4,-0.00830078,-0.0299072
152,5,-0.00256348,-0.0184326
152,6,0.00439453,0.019043
152,7,0.00231934,0.00744629
152,8,-0.000976562,-0.000854492
152,9,-0.00488281,0.00671387
152,10,-0.00756836,0.00646973
152,11,-0.0111084,0.00561523
152,12,-0.00769043,0.00488281
152,13,-0.00915527,0.010498
152,14,-0.00463867,-0.0078125
152,15,-0.00012207,-0.00195312
152,16,0,-0.000610352
152,17,0.0203857,-0.00244141
152,18,0.03479,-0.00866699
152,19,0.0234375,-0.010376
152,20,0.0316162,-0.0167236
152,21,0.0257568,-0.0202637
152,22,0.0114746,-0.0281982
152,23,-0.0166016,-0.0203857
152,24,-0.0239258,-0.0112305
152,25,-0.0140381,-0.0114746
152,26,-0.0032959,-0.0115967
152,27,0.000732422,-0.0161133
152,28,0.00341797,-0.0125732
152,29,0.00488281,-0.0157471
152,30,0.010498,-0.0159912
152,31,0.012207,-0.0167236
152,32,-0.0128174,0.00476074
152,33,-0.00671387,0.00012207
152,34,-0.0180664,-0.0118408
152,35,-0.0186768,-0.0157471
152,36,-0.015625,-0.0133057
152,37,-0.0147705,-0.0179443
152,38,-0.00939941,-0.0177002
152,39,-0.00244141,-0.0140381
152,40,0.0045166,0.00280762
152,41,0.00231934,0.0118408
152,42,0.00585938,0.010376
152,43,0.00720215,0.0126953
152,44,0.00146484,0.00512695
152,45,0.00476074,0.000366211
152,46,-0.00305176,-0.013916
152,47,-0.0152588,-0.0172119
153,0,-0.019165,0.0128174
153,1,-0.0308838,0.0222168
153,2,-0.0368652,0.0197754
153,3,-0.0356445,0.0213623
153,4,0.0328369,-0.0249023
153,5,0.0155029,-0.0119629
153,6,-0.0187988,0.0161133
153,7,-0.00378418,0.0354004
153,8,-0.0422363,0.0424805
153,9,-0.0396729,0.0275879
153,10,-0.0269775,-0.00634766
153,11,-0.0233154,-0.0163574
153,12,-0.017334,-0.0197754
153,13,-0.00793457,-0.0327148
153,14,0.00280762,-0.0406494
153,15,0.0142822,-0.0396729
153,16,-0.000610352,0.0244141
153,17,-0.00195312,0.0424805
153,18,0.00183105,0.0377197
153,19,0.00427246,0.0289307
153,20,0.00366211,0.0280762
153,21,0.012085,0.0125732
153,22,0.0306396,-0.0159912
153,23,0.0294189,-0.0490723
153,24,0.0245361,-0.0596924
153,25,0.0455322,-0.0429688
153,26,0.0494385,-0.0268555
153,27,0.0499268,-0.0166016
153,28,0.0489502,-0.00537109
153,29,0.0489502,-0.000488281
153,30,0.0427246,0.0292969
153,31,0.0281982,0.0439453
153,32,-0.0152588,-0.0372314
153,33,-0.00354004,-0.0233154
153,34,0.0078125,-0.0362549
153,35,0.0181885,-0.0284424
153,36,0.0148926,-0.020752
153,37,0.0227051,-0.0192871
153,38,0.0244141,-0.00732422
153,39,0.0289307,-0.000488281
153,40,-0.0065918,-0.0683594
153,41,-0.0447998,-0.055542
153,42,-0.0543213,0.012207
153,43,-0.0421143,0.0368652
153,44,-0.0280762,0.0462646
153,45,-0.00280762,0.0427246
153,46,0.0556641,0.0428467
153,47,0.0709229,-0.00683594
154,0,-0.000244141,0.0484619
154,1,-0.0170898,0.0571289
154,2,-0.0379639,0.0588379
154,3,-0.0333252,0.0483398
154,4,0.0292969,-0.0534668
154,5,0.0136719,-0.0306396
154,6,-0.0262451,0.0427246
154,7,-0.0108643,0.0476074
154,8,-0.0490723,0.0262451
154,9,-0.0611572,-0.000366211
154,10,-0.048584,-0.0247803
154,11,-0.0397949,-0.0351562
154,12,-0.0300293,-0.0350342
154,13,-0.0180664,-0.0412598
154,14,0.0131836,-0.0317383
154,15,0.0415039,-0.0285645
154,16,0.0405273,0.00720215
154,17,0.0390625,0.0129395
154,18,0.0341797,0.0102539
154,19,0.0275879,0.00158691
154,20,0.0262451,-0.00012207
154,21,0.0217285,-0.00854492
154,22,0.0257568,-0.0510254
154,23,0.0185547,-0.0683594
154,24,-0.00927734,-0.0794678
154,25,0.015625,-0.071167
154,26,0.0377197,-0.0391846
154,27,0.0447998,-0.0311279
154,28,0.052002,-0.0286865
154,29,0.0517578,-0.0250244
154,30,0.0523682,0.00256348
154,31,0.03479,0.0244141
154,32,-0.017334,-0.0419922
154,33,-0.00671387,-0.0270996
154,34,0.0118408,-0.0585938
154,35,0.0114746,-0.0489502
154,36,0.0117188,-0.0476074
154,37,0.0142822,-0.0435791
154,38,0.0238037,-0.029541
154,39,0.0266113,-0.0162354
154,40,0.0273438,-0.0489502
154,41,-0.0189209,-0.0200195
154,42,-0.0384521,0.0483398
154,43,-0.0246582,0.0686035
154,44,-0.0185547,0.0777588
154,45,0.0032959,0.0681152
154,46,0.0482178,0.0379639
154,47,0.0616455,-0.0394287
155,0,-0.0145264,0.0769043
155,1,-0.00170898,0.107056
155,2,0.0100098,0.119629
155,3,0.0130615,0.117798
155,4,-0.0209961,-0.116333
155,5,-0.0148926,-0.0561523
155,6,0.0180664,0.0843506
155,7,0.0415039,0.0581055
155,8,-0.0113525,0.0296631
155,9,-0.0267334,0.0134277
155,10,-0.020874,-0.0155029
155,11,-0.0141602,-0.020874
155,12,-0.00769043,-0.0250244
155,13,0.00622559,-0.0280762
155,14,0.0256348,-0.0202637
155,15,0.0369873,0.0177002
155,16,0.0465088,0.0490723
155,17,0.0871582,0.0197754
155,18,0.106445,-0.0162354
155,19,0.0795898,-0.0311279
155,20,0.0863037,-0.0361328
155,21,0.0686035,-0.0396729
155,22,0.0461426,-0.050415
155,23,-0.00842285,-0.041748
155,24,-0.0290527,-0.017334
155,25,-0.0107422,-0.0299072
155,26,-0.00195312,-0.0472412
155,27,0.00341797,-0.0506592
155,28,-0.00195312,-0.0428467
155,29,-0.000244141,-0.0474854
155,30,0.00561523,-0.0268555
155,31,0.0238037,-0.00891113
155,32,-0.0460205,-0.00854492
155,33,-0.0344238,-0.0129395
155,34,-0.0668945,-0.0462646
155,35,-0.0627441,-0.0517578
155,36,-0.0574951,-0.0501709
155,37,-0.0545654,-0.0516357
155,38,-0.0214844,-0.0384521
155,39,-0.000610352,-0.00134277
155,40,0.0579834,-0.0179443
155,41,0.0372314,-0.0396729
155,42,0.00854492,-0.0183105
155,43,-0.00280762,-0.00219727
155,44,-0.000732422,0.00769043
155,45,-0.00244141,0.0185547
155,46,-0.00134277,0.0220947
155,47,-0.0131836,0.00500488
156,0,-0.0140381,-0.0311279
156,1,-0.0722656,-0.00366211
156,2,-0.108643,0.0196533
156,3,-0.109131,0.0228271
156,4,0.103882,-0.0299072
156,5,0.0462646,-0.0174561
156,6,-0.0452881,0.0273438
156,7,0.000854492,0.0321045
156,8,0.0196533,0.041626
156,9,0.0135498,0.0310059
156,10,0.0255127,0.010498
156,11,0.0202637,0.0032959
156,12,0.0180664,0.00158691
156,13,0.0125732,-0.00146484
156,14,-0.00732422,0.000732422
156,15,-0.0299072,0.00500488
156,16,0.0308838,-0.0211182
156,17,0.019165,0.0272217
156,18,0.0183105,0.0727539
156,19,0.0181885,0.0634766
156,20,0.0174561,0.0787354
156,21,0.0157471,0.0646973
156,22,0.00793457,0.0482178
156,23,-0.0142822,0.015625
156,24,0.0057373,-0.00927734
156,25,0.0325928,-0.0253906
156,26,0.0272217,-0.0302734
156,27,0.0183105,-0.0303955
156,28,0.0123291,-0.0267334
156,29,-0.0012207,-0.0212402
156,30,-0.0163574,0.0157471
156,31,-0.000366211,0.0441895
156,32,0.0428467,-0.0917969
156,33,0.00415039,-0.0395508
156,34,0.00476074,-0.0455322
156,35,0.00146484,-0.03125
156,36,0.000976562,-0.0219727
156,37,-0.00134277,-0.0128174
156,38,-0.0098877,0.00830078
156,39,-0.00866699,0.0140381
156,40,-0.0155029,0.0189209
156,41,0.0249023,-0.017334
156,42,0.0545654,-0.0230713
156,43,0.0535889,-0.019043
156,44,0.0582275,-0.0131836
156,45,0.0423584,-0.00268555
156,46,0.0229492,0.0192871
156,47,-0.0162354,0.027832
157,0,0.00305176,0.0102539
157,1,-0.0201416,0.000488281
157,2,-0.0483398,-0.00439453
157,3,-0.0499268,-0.0108643
157,4,0.0539551,0.00720215
157,5,0.0220947,-0.000488281
157,6,-0.0246582,0.00463867
157,7,-0.00939941,0.0245361
157,8,-0.00170898,0.00585938
157,9,-0.00585938,-0.0141602
157,10,0.000610352,-0.0112305
157,11,0.00646973,-0.00341797
157,12,0.00378418,-0.0109863
157,13,0.00354004,0.00292969
157,14,-0.00280762,0.019165
157,15,-0.00805664,0.0227051
157,16,0.0245361,0.0187988
157,17,0.0220947,0.0197754
157,18,0.0162354,0.0150146
157,19,0.0115967,0.0117188
157,20,0.010498,0.0101318
157,21,0.00671387,0.0065918
157,22,-0.00646973,-0.0119629
157,23,-0.0206299,-0.0216064
157,24,-0.017334,-0.022583
157,25,-0.00390625,-0.0246582
157,26,0.00268555,-0.0262451
157,27,0.0155029,-0.0229492
157,28,0.0157471,-0.0185547
157,29,0.0172119,-0.020752
157,30,0.026123,-0.00415039
157,31,0.0262451,0.0114746
157,32,-0.00219727,0.00146484
157,33,-0.0020752,-0.0128174
157,34,0.00317383,-0.0445557
157,35,-0.000732422,-0.0421143
157,36,0.00830078,-0.0388184
157,37,0.0115967,-0.0351562
157,38,0.0106201,-0.0306396
157,39,-0.00158691,-0.00817871
157,40,-0.00476074,0.0247803
157,41,0.00622559,0.0405273
157,42,0.0445557,0.0604248
157,43,0.0454102,0.0505371
157,44,0.0445557,0.0490723
157,45,0.0426025,0.0344238
157,46,0.0390625,0
157,47,0.0117188,-0.0297852
158,0,-0.0142822,0.0214844
158,1,0.00134277,0.00476074
158,2,0.0124512,-0.0197754
158,3,0.0151367,-0.0163574
158,4,-0.0218506,0.0214844
158,5,-0.00744629,0.010498
158,6,0.0152588,-0.00427246
158,7,-0.000854492,0.0065918
158,8,0.00537109,0.00634766
158,9,0.0126953,0.000732422
158,10,0.0175781,0.00549316
158,11,0.00927734,0.00244141
158,12,0.00476074,0.00317383
158,13,0.00927734,0.00756836
158,14,-0.0057373,0.0128174
158,15,-0.0108643,0.0180664
158,16,-0.0317383,0.0197754
158,17,-0.0355225,0.0150146
158,18,-0.0257568,0.00878906
158,19,-0.0192871,0.00964355
158,20,-0.0152588,0.0124512
158,21,-0.0118408,0.0012207
158,22,-0.00402832,0.0102539
158,23,-0.00549316,0.0170898
158,24,-0.0065918,0.00769043
158,25,-0.00671387,0.00134277
158,26,-0.00354004,-0.00524902
158,27,0.00500488,-0.00109863
158,28,0.00854492,-0.00378418
158,29,0.00952148,0.00146484
158,30,0.0267334,0.00512695
158,31,0.0146484,0.00219727
158,32,-0.0296631,-0.0146484
158,33,-0.0161133,-0.00500488
158,34,-0.0111084,-0.00927734
158,35,-0.00805664,-0.0115967
158,36,-0.0078125,-0.00732422
158,37,-0.0057373,-0.00292969
158,38,-0.00842285,0.00463867
158,39,-0.0162354,0.00695801
158,40,-0.0090332,-0.0218506
158,41,0.00341797,-0.0297852
158,42,0.00366211,-0.0181885
158,43,0.00354004,-0.00195312
158,44,0.00915527,-0.000244141
158,45,0.00244141,0.013916
158,46,0.0078125,0.0361328
158,47,0.00378418,0.0418701
159,0,0.0301514,-0.0114746
159,1,0.0151367,-0.0239258
159,2,-0.0106201,-0.0197754
159,3,-0.0189209,-0.0183105
159,4,0.0184326,0.019165
159,5,0.0147705,0.00549316
159,6,-0.0289307,-0.00585938
159,7,-0.0317383,-0.000732422
159,8,-0.0244141,-0.0106201
159,9,-0.0180664,-0.0174561
159,10,-0.0142822,-0.019043
159,11,-0.010376,-0.0230713
159,12,-0.00390625,-0.0169678
159,13,-0.0045166,-0.000366211
159,14,0.00292969,0.0144043
159,15,0.00146484,0.0274658
159,16,0.0045166,0.0238037
159,17,-0.00927734,0.0222168
159,18,-0.012085,0.00585938
159,19,-0.0152588,0.0020752
159,20,-0.0146484,-0.00317383
159,21,-0.024292,-0.00756836
159,22,-0.0378418,-0.00134277
159,23,-0.0385742,0.00695801
159,24,-0.0349121,0.0284424
159,25,-0.0170898,0.0267334
159,26,0.0123291,0.0145264
159,27,0.0241699,-0.00952148
159,28,0.0186768,-0.00769043
159,29,0.029541,-0.019043
159,30,0.00939941,-0.0506592
159,31,-0.0275879,-0.0358887
159,32,0.0124512,0.0134277
159,33,-0.00012207,0.00952148
159,34,0.00585938,0.0178223
159,35,0.0135498,0.0184326
159,36,0.00354004,0.0192871
159,37,0.0114746,0.0177002
159,38,0.0140381,0.0213623
159,39,0.00537109,0.0244141
159,40,-0.0439453,0.0314941
159,41,-0.0222168,0.0334473
159,42,0.00292969,0.00585938
159,43,0.00427246,0.0012207
159,44,0.0128174,-0.000610352
159,45,0.00683594,-0.0090332
159,46,-0.0032959,-0.0212402
159,47,-0.0231934,-0.00524902
160,0,0.00585938,0.017334
160,1,0.0251465,-0.00231934
160,2,0.0565186,-0.0380859
160,3,0.055542,-0.0476074
160,4,-0.0550537,0.0524902
160,5,-0.0233154,0.0302734
160,6,0.0311279,-0.0592041
160,7,-0.00476074,-0.0753174
160,8,0.0230713,-0.0916748
160,9,0.0794678,-0.0687256
160,10,0.104248,-0.0102539
160,11,0.107544,0.0198975
160,12,0.0942383,0.0228271
160,13,0.0969238,0.0570068
160,14,0.0333252,0.0578613
160,15,-0.0148926,0.053833
160,16,-0.0921631,0.00878906
160,17,-0.0777588,-0.00378418
160,18,-0.0479736,-0.00854492
160,19,-0.0355225,-0.0134277
160,20,-0.0316162,-0.0189209
160,21,-0.0101318,-0.0119629
160,22,-0.0045166,-0.0223389
160,23,0.0142822,-0.0161133
160,24,-0.0240479,-0.019165
160,25,-0.0740967,0.0195312
160,26,-0.0704346,0.067627
160,27,-0.0535889,0.0849609
160,28,-0.0421143,0.0825195
160,29,-0.0153809,0.0795898
160,30,0.0358887,0.0349121
160,31,0.0236816,-0.0362549
160,32,-0.00842285,0.010376
160,33,-0.0137939,0.0167236
160,34,-0.0505371,0.0366211
160,35,-0.0601807,0.0427246
160,36,-0.055542,0.0391846
160,37,-0.064209,0.0457764
160,38,-0.0682373,0.0380859
160,39,-0.0662842,0.0250244
160,40,-0.00915527,0.0057373
160,41,0.0284424,-0.0291748
160,42,0.0294189,-0.0889893
160,43,0.0137939,-0.0952148
160,44,-0.00354004,-0.106079
160,45,-0.0126953,-0.081543
160,46,-0.0463867,-0.0551758
160,47,-0.0371094,-0.010498
161,0,0.0405273,0.0882568
161,1,0.0913086,0.0430908
161,2,0.119507,-0.0128174
161,3,0.106201,-0.0316162
161,4,-0.109497,0.0397949
161,5,-0.0435791,0.0294189
161,6,0.0447998,-0.0697021
161,7,-0.0153809,-0.0898438
161,8,0.0233154,-0.0838623
161,9,0.0651855,-0.0427246
161,10,0.0738525,-0.00183105
161,11,0.0708008,0.0163574
161,12,0.0563965,0.0137939
161,13,0.0548096,0.0289307
161,14,0.013916,0.0286865
161,15,-0.000488281,0.022583
161,16,-0.0255127,-0.0291748
161,17,-0.0460205,-0.0876465
161,18,-0.0631104,-0.126953
161,19,-0.0560303,-0.105957
161,20,-0.0594482,-0.11438
161,21,-0.0357666,-0.0926514
161,22,0.0162354,-0.083252
161,23,0.0893555,-0.0474854
161,24,0.0509033,-0.0820312
161,25,-0.0438232,-0.052002
161,26,-0.0629883,0.0427246
161,27,-0.0524902,0.072998
161,28,-0.0438232,0.0848389
161,29,-0.0209961,0.102905
161,30,0.0383301,0.0651855
161,31,0.0258789,-0.0338135
161,32,-0.0216064,0.0975342
161,33,-0.00183105,0.0386963
161,34,-0.0166016,0.0439453
161,35,-0.0233154,0.019165
161,36,-0.0325928,0.020752
161,37,-0.0383301,0.00305176
161,38,-0.0513916,-0.0269775
161,39,-0.036377,-0.0354004
161,40,-0.0446777,-0.0507812
161,41,-0.0634766,-0.0408936
161,42,-0.0458984,-0.0185547
161,43,-0.0241699,-0.0167236
161,44,-0.0107422,-0.0141602
161,45,-0.000488281,-0.0134277
161,46,0.0554199,-0.0272217
161,47,0.103516,-0.02771
162,0,0.125244,0.0130615
162,1,0.102295,-0.0245361
162,2,0.0612793,-0.0620117
162,3,0.0340576,-0.0651855
162,4,-0.0334473,0.0686035
162,5,-0.00634766,0.0362549
162,6,-0.00915527,-0.0725098
162,7,-0.0288086,-0.0670166
162,8,-0.0247803,-0.0551758
162,9,-0.0090332,-0.0378418
162,10,0.0214844,-0.0126953
162,11,0.0367432,-0.0129395
162,12,0.039917,-0.00549316
162,13,0.0576172,-0.00524902
162,14,0.0749512,-0.00109863
162,15,0.0982666,0.0137939
162,16,0.0344238,0.0065918
162,17,-0.0250244,-0.0197754
162,18,-0.088623,-0.0290527
162,19,-0.0853271,-0.0233154
162,20,-0.100708,-0.0294189
162,21,-0.086792,-0.0236816
162,22,-0.0778809,-0.0167236
162,23,-0.0163574,-0.0135498
162,24,-0.0461426,-0.00500488
162,25,-0.0351562,0.0518799
162,26,0.0142822,0.0731201
162,27,0.0285645,0.0690918
162,28,0.0332031,0.064209
162,29,0.0374756,0.0457764
162,30,-0.00720215,-0.0245361
162,31,-0.0673828,-0.0531006
162,32,0.0302734,0.0865479
162,33,0.0134277,0.0415039
162,34,0.0150146,0.0783691
162,35,0.00939941,0.0610352
162,36,0.0134277,0.0533447
162,37,0.0128174,0.0533447
162,38,0.0150146,0.0323486
162,39,0.0211182,0.0177002
162,40,-0.00939941,0.0115967
162,41,-0.0368652,-0.0185547
162,42,-0.0588379,-0.0551758
162,43,-0.0600586,-0.0583496
162,44,-0.0651855,-0.0666504
162,45,-0.0577393,-0.0534668
162,46,-0.0644531,-0.0500488
162,47,-0.0366211,-0.0179443
163,0,-0.0552979,0.0179443
163,1,-0.0341797,0.0617676
163,2,0.00634766,0.0878906
163,3,0.0201416,0.0784912
163,4,-0.0299072,-0.0706787
163,5,-0.019165,-0.0270996
163,6,0.0510254,-0.00756836
163,7,0.0411377,-0.0883789
163,8,0.0443115,-0.0548096
163,9,0.059082,0.0244141
163,10,0.0462646,0.0758057
163,11,0.036377,0.0872803
163,12,0.0256348,0.0699463
163,13,0.0155029,0.0723877
163,14,-0.0284424,0.0175781
163,15,-0.0736084,-0.0258789
163,16,-0.00622559,-0.0981445
163,17,-0.0108643,-0.0866699
163,18,-0.00671387,-0.0532227
163,19,-0.00476074,-0.0275879
163,20,0.000366211,-0.0198975
163,21,0.00598145,-0.00878906
163,22,0.0400391,0.0258789
163,23,0.0507812,0.0507812
163,24,0.0872803,-0.00561523
163,25,0.064209,-0.0637207
163,26,0.00646973,-0.0421143
163,27,-0.00817871,-0.0136719
163,28,-0.0228271,0.00744629
163,29,-0.0230713,0.0389404
163,30,0.0194092,0.0787354
163,31,0.0620117,0.0211182
163,32,-0.0449219,-0.0020752
163,33,-0.0178223,0.00170898
163,34,-0.00854492,-0.0181885
163,35,0.00292969,-0.0244141
163,36,0.00878906,-0.0289307
163,37,0.0198975,-0.0394287
163,38,0.0297852,-0.0494385
163,39,0.0119629,-0.0510254
163,40,-0.0439453,-0.0927734
163,41,-0.0367432,-0.0889893
163,42,-0.00280762,-0.0552979
163,43,0.0189209,-0.0349121
163,44,0.0274658,-0.03125
163,45,0.043335,-0.0180664
163,46,0.092041,0.0148926
163,47,0.102539,0.0469971
164,0,-0.0148926,0.0189209
164,1,0.0216064,0.0334473
164,2,0.0377197,0.0415039
164,3,0.0408936,0.0395508
164,4,-0.0356445,-0.029541
164,5,-0.0223389,-0.0147705
164,6,0.0239258,0.00842285
164,7,0.00378418,-0.0115967
164,8,0.024292,-0.0498047
164,9,0.0301514,-0.036377
164,10,0.0113525,0.0128174
164,11,0.00671387,0.0213623
164,12,0.0057373,0.0305176
164,13,-0.00549316,0.0410156
164,14,-0.0125732,0.02771
164,15,-0.012085,0.0137939
164,16,-0.00952148,0.012085
164,17,0.00549316,-0.0241699
164,18,0.0257568,-0.0479736
164,19,0.0313721,-0.0435791
164,20,0.034668,-0.0552979
164,21,0.0241699,-0.043335
164,22,0.0113525,-0.0328369
164,23,-0.0257568,0.00976562
164,24,0.0131836,0.0321045
164,25,-0.000854492,0.00341797
164,26,-0.0227051,-0.00878906
164,27,-0.0223389,-0.0098877
164,28,-0.0113525,-0.0113525
164,29,-0.0118408,-0.0125732
164,30,0.0212402,-0.0314941
164,31,0.0294189,-0.0355225
164,32,-0.013916,-0.0163574
164,33,-0.00756836,-0.0108643
164,34,-0.0437012,-0.0128174
164,35,-0.0609131,-0.00805664
164,36,-0.0545654,-0.00622559
164,37,-0.0705566,0.00537109
164,38,-0.0631104,0.0114746
164,39,-0.0339355,0.00708008
164,40,0.0197754,0.0157471
164,41,0.0258789,0.0273438
164,42,0.0360107,0.020874
164,43,0.0386963,0.0216064
164,44,0.0372314,0.00854492
164,45,0.0262451,0.0117188
164,46,0.0252686,0.0098877
164,47,-0.00683594,0.0275879
165,0,0.139038,0.0164795
165,1,0.064209,-0.027832
165,2,-0.0217285,-0.0476074
165,3,-0.0531006,-0.0454102
165,4,0.0718994,0.0360107
165,5,0.038208,0.0140381
165,6,-0.074585,0.00183105
165,7,-0.0498047,0.0665283
165,8,-0.0688477,0.0664062
165,9,-0.0859375,-0.0020752
165,10,-0.0539551,-0.0511475
165,11,-0.0280762,-0.0605469
165,12,-0.0129395,-0.0546875
165,13,0.0275879,-0.0522461
165,14,0.0894775,-0.00732422
165,15,0.135498,0.0664062
165,16,-0.010376,0.134033
165,17,-0.0526123,0.106812
165,18,-0.097168,0.0501709
165,19,-0.079834,0.0147705
165,20,-0.0961914,0.00756836
165,21,-0.0682373,-0.0137939
165,22,-0.0551758,-0.0423584
165,23,0.00561523,-0.0212402
165,24,-0.0616455,-0.0377197
165,25,-0.0760498,0.0163574
165,26,0.00830078,0.0169678
165,27,0.0441895,-0.000244141
165,28,0.0529785,-0.0098877
165,29,0.0683594,-0.0393066
165,30,0.0306396,-0.0844727
165,31,-0.0496826,-0.000732422
165,32,0.0615234,0.103638
165,33,0.0281982,0.0471191
165,34,0.0500488,0.0744629
165,35,0.0452881,0.0610352
165,36,0.0469971,0.0488281
165,37,0.0512695,0.0396729
165,38,0.0583496,0.0345459
165,39,0.0460205,0.0510254
165,40,-0.104614,0.0927734
165,41,-0.117554,0.0380859
165,42,-0.111572,-0.0144043
165,43,-0.0860596,-0.0350342
165,44,-0.0791016,-0.0432129
165,45,-0.0507812,-0.0462646
165,46,-0.0161133,-0.0718994
165,47,0.0479736,-0.0554199
166,0,-0.193848,-0.121704
166,1,-0.141113,0.00219727
166,2,-0.0339355,0.0654297
166,3,0.00842285,0.0699463
166,4,-0.0263672,-0.0679932
166,5,-0.0222168,-0.029541
166,6,0.0688477,-0.0233154
166,7,0.0697021,-0.113647
166,8,0.0721436,-0.151123
166,9,0.0526123,-0.0524902
166,10,0.0386963,0.0313721
166,11,0.0317383,0.0483398
166,12,0.0285645,0.050415
166,13,0.0228271,0.0384521
166,14,0.0168457,-0.0391846
166,15,0.0258789,-0.154053
166,16,0.0725098,-0.139404
166,17,0.168945,-0.0634766
166,18,0.244629,0.0397949
166,19,0.196533,0.0623779
166,20,0.213623,0.0838623
166,21,0.159302,0.0776367
166,22,0.098877,0.0758057
166,23,0.00622559,-0.0231934
166,24,0.00708008,-0.0114746
166,25,0.0123291,0.00268555
166,26,-0.072876,0.00598145
166,27,-0.109253,0.0167236
166,28,-0.120972,0.0167236
166,29,-0.133301,0.0263672
166,30,-0.0869141,0.0419922
166,31,0.0461426,-0.0358887
166,32,-0.09021,-0.13623
166,33,-0.0378418,-0.0325928
166,34,-0.072876,-0.0380859
166,35,-0.0687256,-0.0378418
166,36,-0.0706787,-0.0344238
166,37,-0.0678711,-0.0461426
166,38,-0.0487061,-0.0909424
166,39,0.00524902,-0.107056
166,40,0.245239,-0.03125
166,41,0.204102,-0.0297852
166,42,0.0852051,-0.0186768
166,43,0.0230713,-0.00292969
166,44,-0.00634766,0.00622559
166,45,-0.0445557,0.0241699
166,46,-0.119873,0.0593262
166,47,-0.133301,0.00817871
167,0,0.108643,0.0301514
167,1,0.137573,0.0360107
167,2,0.100464,0.0501709
167,3,0.0732422,0.0571289
167,4,-0.0609131,-0.0546875
167,5,-0.0153809,-0.0240479
167,6,-0.0421143,0.0270996
167,7,-0.0834961,-0.000488281
167,8,-0.0649414,0.0343018
167,9,-0.0115967,0.0395508
167,10,0.00390625,0.0102539
167,11,0.0134277,-0.00744629
167,12,0.00244141,-0.0078125
167,13,-0.0135498,-0.0290527
167,14,-0.0391846,-0.036499
167,15,-0.0321045,-0.0270996
167,16,0.0311279,-0.0119629
167,17,-0.0407715,-0.0343018
167,18,-0.137451,-0.0644531
167,19,-0.133667,-0.0557861
167,20,-0.155396,-0.0744629
167,21,-0.133911,-0.0611572
167,22,-0.107422,-0.0740967
167,23,-0.0366211,-0.057373
167,24,-0.0316162,-0.0305176
167,25,0.00964355,-0.041748
167,26,0.0582275,0.00134277
167,27,0.0749512,0.0323486
167,28,0.0727539,0.0462646
167,29,0.0661621,0.0716553
167,30,0.027832,0.103882
167,31,-0.0355225,0.0484619
167,32,0.104248,0.0429688
167,33,0.0626221,-0.00488281
167,34,0.106079,-0.0441895
167,35,0.0756836,-0.0567627
167,36,0.060791,-0.057251
167,37,0.0380859,-0.0700684
167,38,-0.0185547,-0.0718994
167,39,-0.0220947,-0.0501709
167,40,-0.0418701,-0.0849609
167,41,-0.108887,-0.0198975
167,42,-0.0928955,0.0931396
167,43,-0.0423584,0.105835
167,44,-0.0273438,0.114502
167,45,0.00769043,0.0924072
167,46,0.0679932,0.0565186
167,47,0.0809326,-0.0109863
168,0,0.0269775,-0.0584717
168,1,-0.0123291,-0.0556641
168,2,-0.00769043,-0.0330811
168,3,-0.00854492,-0.029541
168,4,0.000610352,0.0185547
168,5,-0.0012207,0.00964355
168,6,0.0101318,-0.00146484
168,7,0.00939941,-0.0032959
168,8,0.0216064,0.0228271
168,9,-0.00256348,0.0388184
168,10,-0.0153809,0.0444336
168,11,-0.0192871,0.0362549
168,12,-0.0174561,0.0355225
168,13,-0.0126953,0.0268555
168,14,0.0303955,-0.00354004
168,15,0.0848389,-0.0168457
168,16,0.0447998,0.0212402
168,17,0.03125,0.0631104
168,18,0.0247803,0.0916748
168,19,0.015625,0.0654297
168,20,0.0224609,0.0760498
168,21,0.0163574,0.0545654
168,22,0.0174561,0.00549316
168,23,-0.00610352,-0.0383301
168,24,0.012207,-0.0699463
168,25,0.0802002,-0.0523682
168,26,0.0838623,-0.0343018
168,27,0.065918,-0.0268555
168,28,0.0507812,-0.0270996
168,29,0.0296631,-0.026001
168,30,-0.0279541,-0.0224609
168,31,-0.0330811,-0.00598145
168,32,0.0400391,-0.0135498
168,33,0.00683594,0
168,34,0.0150146,0.00866699
168,35,0.00744629,0.00830078
168,36,0.0078125,0.00610352
168,37,0.0144043,0.00805664
168,38,0.0395508,-0.00354004
168,39,0.0635986,-0.00817871
168,40,0.0310059,0.0340576
168,41,-0.0229492,0.00952148
168,42,-0.0539551,-0.050293
168,43,-0.059082,-0.0625
168,44,-0.0614014,-0.0731201
168,45,-0.0537109,-0.0770264
168,46,-0.0675049,-0.1073
168,47,-0.0814209,-0.104004
169,0,0.0133057,-0.0257568
169,1,0.00817871,-0.00378418
169,2,-0.0012207,-0.0045166
169,3,0.00183105,-0.0113525
169,4,-0.00561523,0.0129395
169,5,-0.000610352,0.0106201
169,6,-0.00500488,-0.0297852
169,7,-0.0012207,-0.0313721
169,8,0.00146484,-0.0252686
169,9,0.0224609,-0.020752
169,10,0.0283203,-0.00939941
169,11,0.0332031,-0.00158691
169,12,0.0196533,0.00390625
169,13,0.0111084,-0.0057373
169,14,-0.010498,0.00793457
169,15,-0.0288086,0.00341797
169,16,0.00402832,-0.0579834
169,17,-0.0131836,-0.0473633
169,18,-0.00866699,-0.0183105
169,19,-0.0119629,-0.00683594
169,20,-0.0155029,0.00219727
169,21,-0.00622559,0.0090332
169,22,0.00866699,0.0251465
169,23,0.0140381,0.0253906
169,24,0.0115967,-0.0146484
169,25,-0.00476074,-0.00634766
169,26,-0.0223389,0.0159912
169,27,-0.0306396,0.0227051
169,28,-0.0378418,0.0294189
169,29,-0.0407715,0.0296631
169,30,-0.03479,0.0300293
169,31,-0.0157471,0.00488281
169,32,0.00732422,-0.0375977
169,33,0.00683594,-0.00549316
169,34,0.0183105,-0.0065918
169,35,0.0198975,0.00183105
169,36,0.0195312,0
169,37,0.0152588,0.0032959
169,38,0.0100098,0.012085
169,39,-0.000488281,0.00830078
169,40,-0.0128174,-0.0169678
169,41,-0.0112305,-0.0148926
169,42,0,0.00378418
169,43,0.00488281,0.00585938
169,44,0.00805664,0.00805664
169,45,0.00720215,0.00915527
169,46,0.0184326,0.015625
169,47,0.010376,0.026123
170,0,0.0212402,0.00244141
170,1,0.0125732,-0.0114746
170,2,0.00830078,-0.00732422
170,3,0.00354004,-0.00549316
170,4,-0.00512695,0.00256348
170,5,0.00695801,-0.00170898
170,6,-0.0141602,0.0133057
170,7,-0.0201416,0.0142822
170,8,-0.0166016,-0.0032959
170,9,-0.0245361,-0.010498
170,10,-0.0297852,-0.013916
170,11,-0.0223389,-0.0141602
170,12,-0.022583,-0.0179443
170,13,-0.0196533,-0.0102539
170,14,0.00646973,0.00817871
170,15,0.00708008,0.0125732
170,16,-0.00744629,0.00646973
170,17,-0.022583,-0.00683594
170,18,-0.0130615,-0.0098877
170,19,-0.0101318,-0.0101318
170,20,-0.00927734,-0.0130615
170,21,-0.00610352,-0.0098877
170,22,-0.00939941,-0.0181885
170,23,-0.0115967,-0.0317383
170,24,0.00598145,-0.0124512
170,25,0.0155029,0.0153809
170,26,0.0180664,0.0244141
170,27,0.0109863,0.0288086
170,28,0.0177002,0.0292969
170,29,0.0111084,0.0249023
170,30,-0.00756836,0.00769043
170,31,-0.0168457,-0.00732422
170,32,0.0109863,0.00195312
170,33,0.000244141,-0.000488281
170,34,0.0012207,-0.0032959
170,35,0.00292969,0.00109863
170,36,0.000488281,0.00354004
170,37,0.0108643,0.0098877
170,38,0.0166016,0.0251465
170,39,0.0112305,0.0247803
170,40,0.000610352,0.0178223
170,41,0.00341797,0.019165
170,42,0.00585938,0.00256348
170,43,0.0148926,-0.000488281
170,44,0.0136719,-0.0045166
170,45,0.00463867,-0.00915527
170,46,0.00476074,-0.0145264
170,47,-0.00280762,-0.0200195
171,0,-0.000366211,-0.0157471
171,1,-0.00537109,-0.0161133
171,2,-0.0100098,-0.00854492
171,3,-0.0114746,0.00256348
171,4,0.0126953,0.00256348
171,5,0.00537109,0.0012207
171,6,0.00488281,0.00366211
171,7,0.0131836,0.00524902
171,8,0.0119629,0.0300293
171,9,-0.0020752,0.0308838
171,10,-0.0189209,0.0219727
171,11,-0.0211182,0.017334
171,12,-0.0219727,0.0107422
171,13,-0.0216064,0.00537109
171,14,-0.0145264,-0.00512695
171,15,-0.0078125,-0.0162354
171,16,0.00891113,-0.0262451
171,17,0.00463867,-0.00231934
171,18,0.00341797,0.0195312
171,19,-0.00317383,0.0220947
171,20,-0.00476074,0.0317383
171,21,-0.0107422,0.0305176
171,22,-0.0164795,0.0358887
171,23,-0.0239258,0.0302734
171,24,-0.00708008,0.0124512
171,25,0.00378418,-0.00524902
171,26,0.012207,-0.0200195
171,27,0.00878906,-0.0228271
171,28,0.00695801,-0.0269775
171,29,0.00292969,-0.0238037
171,30,-0.000732422,-0.000488281
171,31,0.00170898,0.0140381
171,32,-0.0045166,-0.0147705
171,33,-0.00463867,-0.00537109
171,34,0.012085,-0.0102539
171,35,0.0234375,-0.00842285
171,36,0.0168457,-0.00341797
171,37,0.0290527,-0.00476074
171,38,0.0241699,-0.00854492
171,39,0.0140381,-0.0145264
171,40,-0.0130615,-0.00402832
171,41,-0.00842285,0.00793457
171,42,0.00769043,0.010498
171,43,0.0115967,0.0100098
171,44,0.0167236,0.0090332
171,45,0.00964355,0.00366211
171,46,0.00354004,0.00683594
171,47,-0.0181885,0.00915527
172,0,-0.000610352,-0.00891113
172,1,-0.0057373,0.00390625
172,2,-0.0128174,0.00720215
172,3,-0.0151367,0.00756836
172,4,0.0114746,-0.0145264
172,5,-0.000366211,-0.00817871
172,6,-0.00256348,0.0113525
172,7,0.00646973,0.00683594
172,8,0.0065918,0.0109863
172,9,-0.00170898,-0.00146484
172,10,-0.0123291,-0.00134277
172,11,-0.0134277,-0.00378418
172,12,-0.0115967,-0.00427246
172,13,-0.00952148,-0.00878906
172,14,0.000610352,-0.00439453
172,15,0.0155029,-0.00646973
172,16,0.00683594,-0.000732422
172,17,0.00170898,0.00195312
172,18,-0.000854492,0.00244141
172,19,-0.000244141,-0.00390625
172,20,0.00183105,0.0045166
172,21,-0.00146484,-0.00769043
172,22,-0.00830078,-0.00744629
172,23,-0.00854492,0.00146484
172,24,-0.00939941,0.0174561
172,25,-0.00830078,0.0108643
172,26,0.00183105,-0.00280762
172,27,0.0032959,-0.00854492
172,28,0.00354004,-0.0113525
172,29,-0.00415039,-0.0194092
172,30,-0.0129395,-0.0192871
172,31,-0.0124512,0.0012207
172,32,0.000610352,0.00244141
172,33,0.0020752,0.00390625
172,34,-0.00256348,0.00927734
172,35,0.000610352,0.0147705
172,36,0.00256348,0.00842285
172,37,0.00305176,0.0117188
172,38,0.00537109,0.00817871
172,39,0.00598145,0.0090332
172,40,0.019165,0.0134277
172,41,0.00915527,-0.000244141
172,42,-0.0125732,0.00134277
172,43,-0.0125732,0.000610352
172,44,-0.0162354,0.00183105
172,45,-0.0142822,-0.00244141
172,46,-0.0183105,0.00646973
172,47,-0.0142822,0.00134277
173,0,-0.0142822,0.00964355
173,1,-0.00683594,0.0090332
173,2,0.00280762,-0.0032959
173,3,0.00183105,0.00317383
173,4,-0.0020752,0.00500488
173,5,-0.000488281,0.00366211
173,6,-0.00854492,0.000854492
173,7,-0.0106201,0.00012207
173,8,-0.0158691,-0.00732422
173,9,-0.00280762,-0.0109863
173,10,0.00134277,-0.00793457
173,11,0.00769043,-0.0078125
173,12,0.00512695,-0.00878906
173,13,0.012085,-0.00317383
173,14,0.00708008,0.00366211
173,15,-0.00378418,0.00585938
173,16,-0.0214844,-0.00891113
173,17,-0.0112305,-0.00866699
173,18,0.00756836,0.00354004
173,19,0.0126953,0.0032959
173,20,0.0201416,0.00280762
173,21,0.0175781,0.00341797
173,22,0.0162354,0.00183105
173,23,0.0123291,-0.0032959
173,24,-0.0102539,-0.0198975
173,25,-0.0180664,-0.0045166
173,26,-0.0170898,-0.000854492
173,27,-0.00939941,-0.000366211
173,28,-0.00964355,0.00366211
173,29,0.000610352,0.00427246
173,30,0.00268555,-0.00378418
173,31,0.00231934,-0.00634766
173,32,-0.0179443,0.00891113
173,33,-0.00695801,0.00305176
173,34,-0.0128174,0
173,35,-0.00878906,0.00390625
173,36,-0.00732422,0.00439453
173,37,-0.00842285,0.00158691
173,38,-0.00964355,0.0057373
173,39,-0.013916,0.00549316
173,40,-0.0238037,-0.00610352
173,41,-0.0147705,-0.00634766
173,42,-0.00427246,-0.00939941
173,43,-0.000610352,-0.00854492
173,44,0.000976562,-0.00756836
173,45,0.00268555,-0.0119629
173,46,0.00622559,-0.00866699
173,47,0.00744629,-0.0142822
174,0,0.00561523,-0.00805664
174,1,-0.00842285,-0.00915527
174,2,-0.0181885,-0.00244141
174,3,-0.0224609,-0.00341797
174,4,0.0129395,-0.000976562
174,5,0.00756836,-0.00134277
174,6,-0.015625,0.000976562
174,7,-0.000366211,0.00695801
174,8,-0.00390625,-0.0012207
174,9,-0.0118408,0.00305176
174,10,-0.00610352,-0.00195312
174,11,-0.0130615,-0.0057373
174,12,-0.00585938,-0.00524902
174,13,-0.00866699,-0.0065918
174,14,0.00842285,-0.00634766
174,15,0.0159912,-0.0065918
174,16,0.0124512,-0.00219727
174,17,0.00488281,0.00805664
174,18,-0.00598145,0.0175781
174,19,-0.000976562,0.0166016
174,20,-0.00280762,0.0152588
174,21,-0.00793457,0.0134277
174,22,-0.00976562,0.00708008
174,23,-0.010498,-0.0109863
174,24,-0.012207,-0.00720215
174,25,0.0032959,-0.00183105
174,26,0.0128174,-0.0112305
174,27,0.0167236,-0.00671387
174,28,0.0090332,-0.012207
174,29,0.00598145,-0.0106201
174,30,-0.000366211,-0.012085
174,31,-0.00585938,-0.0057373
174,32,0.000244141,-0.00549316
174,33,-0.000488281,-0.00500488
174,34,-0.000610352,-0.00231934
174,35,0.00134277,-0.00585938
174,36,0.00610352,-0.00500488
174,37,0.00439453,-0.00146484
174,38,0.0125732,-0.000366211
174,39,0.0112305,-0.00244141
174,40,0.000732422,-0.00976562
174,41,-0.00793457,-0.00183105
174,42,-0.00939941,0.00244141
174,43,-0.00354004,0.00390625
174,44,-0.00817871,0.00634766
174,45,-0.00476074,0.00366211
174,46,-0.00561523,-0.00354004
174,47,-0.00512695,-0.0189209
175,0,0.00012207,0.000488281
175,1,-0.0145264,0.00439453
175,2,-0.0189209,0.00317383
175,3,-0.0256348,0.00769043
175,4,0.0209961,-0.0109863
175,5,0.0108643,-0.00268555
175,6,-0.0145264,0.00842285
175,7,-0.00402832,0.0108643
175,8,-0.00512695,0.00549316
175,9,-0.0144043,0.00610352
175,10,-0.0098877,0.00244141
175,11,-0.00280762,0.00427246
175,12,-0.00878906,0.00158691
175,13,-0.000244141,-0.00415039
175,14,0.00585938,-0.00134277
175,15,0.0101318,-0.00195312
175,16,-0.000366211,0.0032959
175,17,0.0057373,0.0114746
175,18,0.00427246,0.0152588
175,19,0.00549316,0.00915527
175,20,0.00732422,0.0114746
175,21,0.00866699,0.00683594
175,22,0.0119629,-0.00195312
175,23,-0.00512695,-0.0101318
175,24,-0.000366211,-0.0108643
175,25,0.00671387,-0.012207
175,26,0.0196533,-0.012207
175,27,0.0230713,-0.0131836
175,28,0.0187988,-0.015625
175,29,0.0158691,-0.0115967
175,30,0.00439453,-0.00549316
175,31,-0.00463867,0.00109863
175,32,-0.00683594,-0.0126953
175,33,-0.0012207,-0.00793457
175,34,0.00012207,-0.00830078
175,35,0.0102539,-0.0142822
175,36,0.00390625,-0.0102539
175,37,0.00439453,-0.0078125
175,38,0.00817871,-0.0109863
175,39,0.0108643,-0.00146484
175,40,-0.00354004,-0.00415039
175,41,-0.00549316,-0.00842285
175,42,-0.00939941,-0.00317383
175,43,-0.0111084,0.00341797
175,44,-0.00915527,-0.000976562
175,45,-0.00683594,-0.000244141
175,46,-0.00012207,0.00500488
175,47,-0.0045166,-0.00939941
176,0,0.0107422,-0.012085
176,1,-0.000854492,-0.0198975
176,2,-0.0148926,-0.0247803
176,3,-0.020874,-0.0217285
176,4,0.0178223,0.026001
176,5,0.0133057,0.0112305
176,6,-0.0238037,-0.00976562
176,7,-0.0179443,-0.00720215
176,8,-0.0107422,-0.00891113
176,9,-0.00793457,-0.0117188
176,10,-0.00598145,0.00158691
176,11,-0.00598145,-0.0012207
176,12,-0.00390625,0.00500488
176,13,-0.00512695,0.00817871
176,14,0.00134277,0.00830078
176,15,-0.00537109,0.0119629
176,16,-0.0101318,-0.00708008
176,17,-0.0236816,0.00146484
176,18,-0.0239258,0.0128174
176,19,-0.0194092,0.00756836
176,20,-0.0184326,0.0180664
176,21,-0.0109863,0.00805664
176,22,-0.00524902,0.0131836
176,23,-0.00842285,-0.00183105
176,24,-0.0158691,0.000610352
176,25,-0.00292969,0.00817871
176,26,0.00756836,0.0125732
176,27,0.0090332,0.0125732
176,28,0.00756836,0.0128174
176,29,0.00354004,0.00769043
176,30,-0.0090332,-0.00744629
176,31,-0.020874,-0.00732422
176,32,0.0183105,0.000488281
176,33,0.00732422,-0.00231934
176,34,0.00769043,0.00012207
176,35,0.00415039,0.00878906
176,36,0.00671387,0.00402832
176,37,0.00537109,0.0130615
176,38,-0.00231934,0.0135498
176,39,-0.00146484,0.0098877
176,40,-0.00976562,0.0178223
176,41,0.00305176,0.0200195
176,42,0.00915527,0.0100098
176,43,0.00231934,0.00170898
176,44,0.00854492,-0.00219727
176,45,0.00183105,-0.00500488
176,46,-0.0113525,-0.00830078
176,47,-0.0212402,-0.00549316
177,0,-0.0351562,-0.0162354
177,1,-0.0214844,-0.0164795
177,2,-0.00402832,-0.0123291
177,3,0.00195312,-0.0131836
177,4,-0.00134277,0.0135498
177,5,-0.00183105,0.00585938
177,6,-0.00256348,-0.00915527
177,7,-0.0167236,-0.0162354
177,8,-0.0130615,-0.0335693
177,9,0.0106201,-0.0344238
177,10,0.0218506,-0.0222168
177,11,0.0310059,-0.0125732
177,12,0.0286865,-0.0147705
177,13,0.0341797,-0.00622559
177,14,0.0202637,0.0117188
177,15,0.0196533,0.0174561
177,16,-0.0357666,0.00109863
177,17,-0.0183105,0.00195312
177,18,-0.00427246,0.00598145
177,19,0.00158691,0.0123291
177,20,0.00964355,0.0183105
177,21,0.00463867,0.0183105
177,22,0.0206299,0.0396729
177,23,0.038208,0.0361328
177,24,0.0330811,0.0322266
177,25,0.0117188,0.0345459
177,26,0.000732422,0.0284424
177,27,-0.00476074,0.0257568
177,28,-0.00646973,0.0247803
177,29,-0.00866699,0.0296631
177,30,-0.0180664,0.0146484
177,31,-0.0223389,0.0137939
177,32,-0.000610352,-0.00793457
177,33,0.00280762,-0.000366211
177,34,0.0112305,-0.000366211
177,35,0.0130615,0.0012207
177,36,0.00952148,0.00610352
177,37,0.00866699,0.00134277
177,38,0.00500488,0.00500488
177,39,0.00183105,0.00891113
177,40,0.0349121,0.0119629
177,41,0.0299072,-0.0222168
177,42,-0.00305176,-0.0462646
177,43,-0.0209961,-0.0394287
177,44,-0.0253906,-0.0297852
177,45,-0.0344238,-0.0175781
177,46,-0.0336914,0.0228271
177,47,0.0078125,0.0499268
178,0,0.00878906,0.0281982
178,1,0.0333252,0.0324707
178,2,0.0478516,0.0292969
178,3,0.0476074,0.0186768
178,4,-0.0454102,-0.0192871
178,5,-0.0236816,-0.00854492
178,6,0.036499,0.00146484
178,7,0.0350342,-0.0142822
178,8,0.03479,0.00585938
178,9,0.0158691,0.0129395
178,10,-0.00524902,0.010498
178,11,-0.0253906,0.00378418
178,12,-0.0220947,0.00878906
178,13,-0.0344238,-0.00683594
178,14,-0.0316162,-0.0167236
178,15,-0.0195312,-0.0313721
178,16,0.053833,-0.0355225
178,17,0.0618896,-0.0506592
178,18,0.0506592,-0.0571289
178,19,0.0268555,-0.041748
178,20,0.0241699,-0.0456543
178,21,0.0115967,-0.0373535
178,22,-0.0145264,-0.0129395
178,23,-0.0301514,0.0158691
178,24,-0.0115967,0.0057373
178,25,-0.00683594,-0.0186768
178,26,-0.0253906,-0.0314941
178,27,-0.0290527,-0.029541
178,28,-0.0349121,-0.0332031
178,29,-0.0301514,-0.0306396
178,30,-0.0148926,-0.027832
178,31,0.0142822,-0.0339355
178,32,-0.0241699,0.0325928
178,33,-0.010498,0.0146484
178,34,-0.0292969,0.0147705
178,35,-0.0273438,0.00756836
178,36,-0.0268555,-0.0012207
178,37,-0.0274658,-0.0146484
178,38,-0.0230713,-0.0356445
178,39,-0.0032959,-0.0371094
178,40,-0.00134277,-0.0280762
178,41,-0.0184326,0.00354004
178,42,0.00268555,0.0327148
178,43,0.0112305,0.0284424
178,44,0.017334,0.0268555
178,45,0.0118408,0.0172119
178,46,0.0194092,-0.00878906
178,47,-0.0229492,-0.0241699
179,0,0.0605469,0.00231934
179,1,0.0509033,-0.0113525
179,2,0.0231934,-0.00500488
179,3,0.0195312,0.00512695
179,4,-0.0107422,-0.00830078
179,5,-0.00415039,-0.00854492
179,6,0.00305176,0.0218506
179,7,0.00817871,0.0203857
179,8,0.0244141,-0.00524902
179,9,0.0249023,-0.0197754
179,10,0.026123,-0.027832
179,11,0.0217285,-0.0229492
179,12,0.0292969,-0.0148926
179,13,0.0378418,-0.000244141
179,14,0.0300293,0.0325928
179,15,0.0211182,0.0856934
179,16,0.00842285,0.03125
179,17,0.00476074,0.00854492
179,18,-0.00830078,-0.0240479
179,19,-0.0131836,-0.0302734
179,20,-0.0169678,-0.034668
179,21,-0.0195312,-0.0212402
179,22,-0.0447998,0.0078125
179,23,-0.0487061,0.0574951
179,24,-0.0285645,0.0961914
179,25,-0.0209961,0.0784912
179,26,-0.0169678,0.0356445
179,27,-0.0270996,0.0167236
179,28,-0.0255127,0.00915527
179,29,-0.0333252,-0.0107422
179,30,-0.057373,-0.03479
179,31,-0.0604248,-0.00842285
179,32,0.0216064,0.0241699
179,33,0.00195312,0.0196533
179,34,-0.0245361,0.043335
179,35,-0.0220947,0.0389404
179,36,-0.0244141,0.0413818
179,37,-0.0257568,0.0404053
179,38,-0.0169678,0.0421143
179,39,-0.0181885,0.0421143
179,40,0.0012207,0.0872803
179,41,0.0550537,0.0224609
179,42,0.0604248,-0.0615234
179,43,0.03125,-0.0667725
179,44,0.0239258,-0.0756836
179,45,0.0032959,-0.0643311
179,46,-0.050293,-0.0179443
179,47,-0.0732422,0.071167
180,0,-0.0737305,-0.00537109
180,1,-0.09729,0.010376
180,2,-0.103149,0.0217285
180,3,-0.0975342,0.0255127
180,4,0.0847168,-0.0256348
180,5,0.0354004,-0.0134277
180,6,-0.0307617,0.0212402
180,7,0.000366211,0.0352783
180,8,-0.000854492,0.0576172
180,9,-0.0124512,0.0198975
180,10,-0.0198975,-0.0201416
180,11,-0.0135498,-0.0318604
180,12,-0.00915527,-0.0343018
180,13,-0.00817871,-0.0516357
180,14,-0.00537109,-0.0438232
180,15,-0.00549316,-0.0378418
180,16,0.00500488,0.0343018
180,17,0.0211182,0.076416
180,18,0.0314941,0.0994873
180,19,0.0345459,0.083252
180,20,0.0462646,0.0889893
180,21,0.0384521,0.0654297
180,22,0.0582275,0.0305176
180,23,0.0435791,-0.0285645
180,24,0.0628662,-0.0391846
180,25,0.0628662,-0.0258789
180,26,0.0487061,-0.0284424
180,27,0.0480957,-0.0223389
180,28,0.0358887,-0.0117188
180,29,0.0333252,-0.0098877
180,30,0.0458984,0.0344238
180,31,0.0510254,0.0594482
180,32,-0.0308838,-0.0534668
180,33,-0.0145264,-0.0279541
180,34,0.00720215,-0.0380859
180,35,0.0240479,-0.0360107
180,36,0.0238037,-0.0246582
180,37,0.039917,-0.0273438
180,38,0.0566406,-0.0117188
180,39,0.0357666,0.000732422
180,40,-0.0283203,-0.0358887
180,41,-0.0537109,-0.0490723
180,42,-0.0517578,-0.0267334
180,43,-0.0316162,-0.00415039
180,44,-0.0219727,0.00402832
180,45,0.0065918,0.0172119
180,46,0.0615234,0.0240479
180,47,0.0783691,-0.0106201
181,0,-0.0131836,0.0319824
181,1,-0.00158691,0.0187988
181,2,0.00732422,0.00183105
181,3,0.00280762,-0.00134277
181,4,-0.00170898,0.00720215
181,5,0.00244141,0.00341797
181,6,-0.0126953,-0.0164795
181,7,-0.0292969,-0.00976562
181,8,-0.0455322,-0.0401611
181,9,-0.0162354,-0.0529785
181,10,0.0128174,-0.0281982
181,11,0.0307617,-0.0308838
181,12,0.0212402,-0.0128174
181,13,0.0307617,0.00109863
181,14,0.0159912,0.00817871
181,15,-0.00476074,0.012085
181,16,-0.00854492,0.0184326
181,17,0.00683594,-0.00866699
181,18,0.0100098,-0.038208
181,19,0.00854492,-0.038208
181,20,0.00805664,-0.0465088
181,21,0.000854492,-0.0319824
181,22,0.00195312,-0.00708008
181,23,0.00756836,0.013916
181,24,0.0194092,0.0275879
181,25,0.000854492,0.0389404
181,26,-0.0106201,0.0291748
181,27,-0.00854492,0.019165
181,28,-0.0126953,0.015625
181,29,-0.0117188,0.0115967
181,30,-0.0065918,-0.00317383
181,31,-0.00891113,-0.00476074
181,32,0.0119629,0.00939941
181,33,0.0100098,-0.000976562
181,34,0.0020752,-0.00170898
181,35,-0.00354004,-0.0119629
181,36,-0.00939941,-0.0113525
181,37,-0.012085,-0.0078125
181,38,-0.0235596,-0.00476074
181,39,-0.0192871,0.00280762
181,40,0.041748,-0.010376
181,41,0.0412598,-0.00231934
181,42,0.0158691,0.0109863
181,43,-0.00402832,0.0212402
181,44,-0.0117188,0.0201416
181,45,-0.0183105,0.0244141
181,46,-0.0236816,0.0437012
181,47,0.00732422,0.0428467
182,0,-0.00183105,0.0275879
182,1,0.0148926,0.0172119
182,2,0.0198975,0.0141602
182,3,0.0231934,0.0117188
182,4,-0.0196533,-0.0118408
182,5,-0.0147705,-0.00622559
182,6,0.0220947,0.0255127
182,7,0.0202637,0.0301514
182,8,-0.0078125,0.0345459
182,9,-0.0131836,0.0123291
182,10,-0.0151367,-0.0222168
182,11,-0.0145264,-0.0233154
182,12,-0.00976562,-0.0267334
182,13,-0.00964355,-0.0397949
182,14,0.00927734,-0.0284424
182,15,0.0281982,-0.017334
182,16,0.0375977,0.0545654
182,17,0.0336914,0.0299072
182,18,0.0153809,-0.00830078
182,19,0.0045166,-0.0159912
182,20,0.00537109,-0.0266113
182,21,0.00280762,-0.0258789
182,22,0.00793457,-0.0401611
182,23,0.0244141,-0.0186768
182,24,0.0202637,-0.0175781
182,25,0.0229492,-0.0246582
182,26,0.0162354,-0.0186768
182,27,0.0141602,-0.0253906
182,28,0.0172119,-0.0174561
182,29,0.020752,-0.0135498
182,30,0.0213623,0.00012207
182,31,0.0249023,0.0195312
182,32,-0.00927734,0.0178223
182,33,0.000610352,0.00439453
182,34,0.000732422,0.010498
182,35,0.00317383,0.00366211
182,36,-0.00292969,0.00817871
182,37,-0.0057373,-0.00427246
182,38,-0.00158691,-0.0115967
182,39,0.0109863,0.000854492
182,40,0.0179443,-0.0257568
182,41,-0.0289307,-0.0371094
182,42,-0.050293,0.00354004
182,43,-0.0396729,0.0231934
182,44,-0.0351562,0.0341797
182,45,-0.0161133,0.0401611
182,46,0.0244141,0.0517578
182,47,0.0467529,0.0280762
183,0,0.0241699,0.0170898
183,1,0.019043,0.0218506
183,2,0.010376,0.0247803
183,3,0.0124512,0.0279541
183,4,-0.0169678,-0.0222168
183,5,-0.00537109,-0.0090332
183,6,0.00805664,0.0223389
183,7,0.0168457,0.0310059
183,8,-0.00817871,0.0150146
183,9,-0.0152588,0.00402832
183,10,-0.0124512,0.000610352
183,11,-0.00756836,-0.00549316
183,12,-0.0098877,-0.0119629
183,13,0.00170898,-0.0184326
183,14,0.0118408,-0.0158691
183,15,0.0241699,-0.0155029
183,16,0.0303955,-0.00280762
183,17,0.0216064,-0.0158691
183,18,0.00585938,-0.0300293
183,19,-0.000366211,-0.0211182
183,20,0.00195312,-0.019165
183,21,-0.00231934,-0.0217285
183,22,-0.00830078,-0.020752
183,23,-0.0111084,-0.0108643
183,24,-0.0153809,-0.0180664
183,25,-0.00158691,-0.0239258
183,26,0.0133057,-0.0205078
183,27,0.0145264,-0.0179443
183,28,0.0107422,-0.022583
183,29,0.0155029,-0.010376
183,30,0.0128174,-0.00427246
183,31,0.0140381,0.0057373
183,32,-0.00402832,-0.0123291
183,33,-0.0100098,-0.0032959
183,34,-0.020752,0.00598145
183,35,-0.015625,0.00610352
183,36,-0.0184326,0.0078125
183,37,-0.017334,0.00732422
183,38,-0.00549316,-0.0112305
183,39,0.00976562,-0.0189209
183,40,0.0175781,-0.0284424
183,41,-0.00109863,-0.0268555
183,42,-0.00390625,-0.00256348
183,43,0.00183105,0.00109863
183,44,0.00646973,0.0065918
183,45,0.00939941,0.00720215
183,46,0.019043,0.00378418
183,47,0.00170898,-0.00622559
184,0,0.00866699,-0.00524902
184,1,0.00756836,-0.0129395
184,2,0.00012207,-0.0108643
184,3,-0.00524902,-0.0090332
184,4,0.00708008,0.0057373
184,5,0.00402832,0.000488281
184,6,-0.0161133,0.00524902
184,7,-0.0235596,0.0183105
184,8,-0.0360107,-0.0228271
184,9,-0.0216064,-0.0395508
184,10,-0.000488281,-0.0461426
184,11,0.00524902,-0.0427246
184,12,0.0151367,-0.0384521
184,13,0.0198975,-0.0246582
184,14,0.0288086,0.00317383
184,15,0.0371094,0.0333252
184,16,0.00427246,0.0238037
184,17,-0.00683594,-0.000366211
184,18,-0.0328369,-0.0170898
184,19,-0.026123,-0.0148926
184,20,-0.0313721,-0.0153809
184,21,-0.0214844,-0.012207
184,22,-0.00305176,0.00878906
184,23,0.0230713,0.0212402
184,24,0.0410156,0.0135498
184,25,0.0402832,0.0220947
184,26,0.0395508,0.0257568
184,27,0.0336914,0.0195312
184,28,0.029541,0.0216064
184,29,0.0227051,0.0227051
184,30,0.00476074,0.0266113
184,31,-0.0107422,0.020874
184,32,0.0145264,-0.0185547
184,33,0.0113525,-0.00256348
184,34,0.0111084,0.0126953
184,35,0.0109863,0.0145264
184,36,0.0129395,0.0209961
184,37,0.0114746,0.0272217
184,38,0.0172119,0.0325928
184,39,0.010498,0.0310059
184,40,0.0427246,0.00744629
184,41,0.0268555,-0.027832
184,42,-0.0148926,-0.0372314
184,43,-0.020752,-0.0172119
184,44,-0.0311279,-0.00634766
184,45,-0.0178223,0.0078125
184,46,0.000488281,0.0513916
184,47,0.041626,0.0683594
185,0,-0.00634766,-0.0157471
185,1,-0.00158691,-0.0349121
185,2,-0.00463867,-0.029541
185,3,-0.00610352,-0.0303955
185,4,0.00280762,0.0219727
185,5,0.00012207,0.0131836
185,6,-0.0128174,-0.013916
185,7,-0.0224609,-0.0179443
185,8,0.03479,-0.0327148
185,9,0.0410156,-0.0195312
185,10,0.034668,0.00439453
185,11,0.0244141,0.0219727
185,12,0.0159912,0.0186768
185,13,0.00427246,0.0307617
185,14,-0.0198975,0.0396729
185,15,-0.0440674,0.0294189
185,16,-0.0209961,-0.0233154
185,17,-0.0250244,-0.0157471
185,18,-0.0106201,-0.0045166
185,19,-0.0102539,0.00634766
185,20,-0.012207,0.0166016
185,21,-0.00939941,0.0201416
185,22,-0.0167236,0.0438232
185,23,-0.0114746,0.0490723
185,24,-0.00720215,0.0286865
185,25,-0.0172119,0.0352783
185,26,-0.0164795,0.0319824
185,27,-0.0172119,0.0233154
185,28,-0.0183105,0.0275879
185,29,-0.0217285,0.0166016
185,30,-0.0251465,0.00292969
185,31,-0.0279541,-0.0151367
185,32,0.0355225,0.0178223
185,33,0.0117188,0.00634766
185,34,0.00830078,0.0108643
185,35,0.00500488,0.00854492
185,36,0.00219727,0.0102539
185,37,-0.00170898,0.0102539
185,38,-0.0223389,0.00268555
185,39,-0.0213623,0.000976562
185,40,-0.0238037,0.0800781
185,41,0.0296631,0.0775146
185,42,0.0587158,0.00952148
185,43,0.03479,-0.0195312
185,44,0.0319824,-0.0314941
185,45,0.00244141,-0.0476074
185,46,-0.048584,-0.0338135
185,47,-0.0692139,0.0114746
186,0,-0.0200195,-0.0228271
186,1,0.0020752,-0.026001
186,2,0.0235596,-0.026123
186,3,0.027832,-0.0264893
186,4,-0.0255127,0.029541
186,5,-0.0107422,0.00805664
186,6,0.00939941,-0.0266113
186,7,-0.0057373,-0.024292
186,8,-0.0144043,-0.0205078
186,9,-0.0106201,-0.0206299
186,10,-0.0119629,-0.0279541
186,11,-0.00744629,-0.0245361
186,12,-0.00195312,-0.0218506
186,13,-0.00146484,-0.0244141
186,14,0.0123291,-0.0155029
186,15,0.0192871,-0.0119629
186,16,-0.0150146,0.0020752
186,17,-0.0107422,0.00561523
186,18,-0.00537109,0.00354004
186,19,-0.00268555,0.00158691
186,20,-0.0012207,0.0078125
186,21,0.00378418,0.00610352
186,22,0.010376,0.00500488
186,23,0.0297852,0.0168457
186,24,0.0494385,0.0231934
186,25,0.0168457,0.0334473
186,26,-0.00646973,0.0369873
186,27,-0.0195312,0.0352783
186,28,-0.0196533,0.0333252
186,29,-0.0300293,0.0251465
186,30,-0.0377197,0.0167236
186,31,-0.0349121,0.00878906
186,32,-0.0151367,0.0296631
186,33,0.00170898,0.0164795
186,34,0.00463867,0.0246582
186,35,0.00524902,0.0244141
186,36,0.00524902,0.0181885
186,37,0.0020752,0.0252686
186,38,-0.00195312,0.0241699
186,39,0.00195312,0.020874
186,40,0.00610352,-0.0170898
186,41,-0.019043,-0.0384521
186,42,-0.0383301,-0.0452881
186,43,-0.0384521,-0.0404053
186,44,-0.0393066,-0.02771
186,45,-0.0286865,-0.0147705
186,46,-0.00939941,0.010498
186,47,0.0258789,0.0270996
187,0,-0.0057373,0.0136719
187,1,-0.00720215,0.0231934
187,2,-0.00744629,0.0151367
187,3,-0.0134277,0.0140381
187,4,0.0057373,-0.00952148
187,5,0.0078125,0.00317383
187,6,-0.00756836,-0.020752
187,7,-0.00195312,-0.0334473
187,8,0.00317383,0.0045166
187,9,0.00488281,0.0180664
187,10,0.00231934,0.00744629
187,11,-0.00415039,0.0123291
187,12,-0.0045166,-0.00268555
187,13,-0.00891113,-0.00927734
187,14,-0.0212402,-0.020752
187,15,-0.0244141,-0.0313721
187,16,0.0249023,-0.0233154
187,17,0.0285645,-0.00500488
187,18,0.0235596,0.0118408
187,19,0.0114746,0.0113525
187,20,0.0155029,0.0179443
187,21,0.00878906,0.0126953
187,22,-0.00158691,0.0012207
187,23,0.00549316,-0.0130615
187,24,0.0123291,-0.0169678
187,25,0.0129395,-0.0106201
187,26,-0.00561523,-0.00866699
187,27,-0.0065918,-0.00305176
187,28,-0.0136719,-0.00744629
187,29,-0.0134277,0.00146484
187,30,-0.0113525,0.00012207
187,31,-0.00817871,-0.0057373
187,32,0.00769043,0.010376
187,33,0.0123291,0.00524902
187,34,0.0198975,0.00671387
187,35,0.0249023,-0.00183105
187,36,0.0174561,0.00354004
187,37,0.0115967,0.00012207
187,38,0.00146484,-0.0202637
187,39,0.00561523,-0.0151367
187,40,-0.0375977,-0.0169678
187,41,-0.0562744,0.00244141
187,42,-0.0498047,0.0185547
187,43,-0.0270996,0.0178223
187,44,-0.0300293,0.0123291
187,45,-0.0134277,0.00500488
187,46,0.00744629,-0.0126953
187,47,0.0118408,-0.0305176
188,0,0.0115967,0.00805664
188,1,0.0065918,0.00341797
188,2,-0.00292969,-0.00598145
188,3,-0.0012207,0.00476074
188,4,0.00195312,0.00317383
188,5,0.00170898,0.0012207
188,6,0.00183105,-0.00415039
188,7,-0.00109863,0.000366211
188,8,-0.0164795,0.0112305
188,9,-0.0140381,0.00366211
188,10,-0.00976562,-0.00463867
188,11,-0.00610352,-0.00939941
188,12,-0.00219727,-0.0144043
188,13,0.00292969,-0.0167236
188,14,0.00476074,-0.0153809
188,15,0.0032959,-0.0078125
188,16,0.0180664,-0.00219727
188,17,0.010498,-0.00646973
188,18,-0.0157471,-0.0229492
188,19,-0.0164795,-0.0153809
188,20,-0.0162354,-0.0192871
188,21,-0.0141602,-0.0168457
188,22,-0.00292969,-0.0334473
188,23,0.0145264,-0.022583
188,24,0.0111084,-0.0211182
188,25,0.00964355,-0.0305176
188,26,0.010498,-0.0168457
188,27,0.00927734,-0.00866699
188,28,0.0045166,-0.00695801
188,29,0.00598145,0.000976562
188,30,0.00109863,0.00256348
188,31,0.00280762,0.0078125
188,32,0.0140381,0.00488281
188,33,0.00830078,0.00390625
188,34,0.0135498,0.00183105
188,35,0.00537109,0.000366211
188,36,0.00244141,0.00183105
188,37,0.00305176,0.000976562
188,38,-0.00549316,-0.00842285
188,39,-0.00537109,-0.00292969
188,40,0.000366211,-0.0140381
188,41,-0.0111084,-0.00891113
188,42,-0.0151367,0.0150146
188,43,-0.00463867,0.017334
188,44,-0.00012207,0.0268555
188,45,0.000854492,0.0151367
188,46,0.0100098,0.00720215
188,47,0.029541,-0.0124512
189,0,-0.0140381,-0.000854492
189,1,-0.0150146,-0.00427246
189,2,-0.012085,-0.00683594
189,3,-0.0166016,0.00500488
189,4,0.0113525,-0.00830078
189,5,0.00488281,-0.00439453
189,6,-0.00549316,0.0124512
189,7,0.00622559,0.0135498
189,8,-0.00134277,0.0111084
189,9,-0.00671387,0.00769043
189,10,-0.0145264,0.000732422
189,11,-0.00915527,-0.00390625
189,12,-0.00732422,0.000366211
189,13,-0.0114746,-0.00695801
189,14,-0.0101318,-0.00402832
189,15,-0.00549316,-0.00634766
189,16,0.00744629,-0.0045166
189,17,0.0107422,0.00708008
189,18,0.0198975,0.0279541
189,19,0.013916,0.0197754
189,20,0.0112305,0.0246582
189,21,0.00561523,0.0189209
189,22,-0.000488281,0.00854492
189,23,-0.0142822,-0.00939941
189,24,-0.0123291,-0.0224609
189,25,-0.00720215,-0.0206299
189,26,0.00378418,-0.0209961
189,27,0.000976562,-0.0228271
189,28,0.00878906,-0.0197754
189,29,0.00610352,-0.0140381
189,30,0.0113525,-0.00634766
189,31,0.0145264,0.00537109
189,32,-0.0125732,-0.00891113
189,33,-0.00268555,-0.0107422
189,34,0.00341797,-0.0181885
189,35,0.00415039,-0.0147705
189,36,0.0129395,-0.0109863
189,37,0.00915527,-0.0144043
189,38,0.0123291,-0.00878906
189,39,0.00671387,-0.00549316
189,40,-0.0113525,0.00549316
189,41,-0.00280762,0.00915527
189,42,0.00769043,0.0257568
189,43,0.013916,0.0202637
189,44,0.0140381,0.0233154
189,45,0.0147705,0.0112305
189,46,0.0222168,-0.00952148
189,47,0.012085,-0.0333252
190,0,-0.0115967,0.0200195
190,1,-0.0135498,0.0166016
190,2,-0.0130615,0.00976562
190,3,-0.013916,0.00622559
190,4,0.00939941,-0.00964355
190,5,-0.00158691,-0.00170898
190,6,-0.00390625,0.00610352
190,7,-0.00805664,0.0230713
190,8,-0.0133057,0.00756836
190,9,-0.00866699,-0.00427246
190,10,-0.00488281,-0.010376
190,11,-0.00268555,-0.010376
190,12,-0.000732422,-0.00939941
190,13,0.010498,-0.00402832
190,14,0.0177002,0.00219727
190,15,0.0223389,0.00805664
190,16,-0.00549316,0.0235596
190,17,-0.0020752,0.0148926
190,18,0.00720215,0.0124512
190,19,0.00366211,-0.00549316
190,20,0.0045166,-0.010498
190,21,0.010376,-0.00109863
190,22,0.015625,-0.0126953
190,23,0.0134277,-0.0180664
190,24,0.00756836,-0.0141602
190,25,0.0169678,-0.00512695
190,26,0.0163574,-0.00732422
190,27,0.019043,0.00170898
190,28,0.0185547,0.00158691
190,29,0.0147705,-0.000488281
190,30,0.00622559,0.00769043
190,31,-0.0012207,0.00952148
190,32,0.0020752,-0.0090332
190,33,-0.00402832,-0.00939941
190,34,-0.0065918,-0.0102539
190,35,-0.00634766,-0.00744629
190,36,-0.00512695,-0.00756836
190,37,0.000854492,-0.00769043
190,38,0.0078125,-0.00549316
190,39,0.0131836,0.00744629
190,40,0.0317383,-0.0195312
190,41,0.0158691,-0.0235596
190,42,-0.00476074,-0.00891113
190,43,-0.00952148,0.00183105
190,44,-0.00878906,0.00280762
190,45,-0.0118408,0.00842285
190,46,-0.0032959,0.0183105
190,47,0.0032959,0.0114746
191,0,-0.000244141,0.000854492
191,1,-0.000854492,-0.00427246
191,2,-0.00366211,-0.00524902
191,3,-0.00219727,-0.00439453
191,4,0.00695801,0.00476074
191,5,0.000854492,0.000854492
191,6,-0.00183105,-0.00195312
191,7,-0.00195312,-0.00427246
191,8,-0.00830078,-0.00317383
191,9,-0.00012207,-0.00231934
191,10,0.00512695,0.00427246
191,11,0.00622559,0.00610352
191,12,0.0114746,0.00695801
191,13,0.00561523,0.00817871
191,14,0.000488281,0.00244141
191,15,0.00256348,-0.00256348
191,16,0.0065918,0.000244141
191,17,0.00842285,-0.00109863
191,18,0.00317383,-0.00500488
191,19,-0.00170898,-0.00488281
191,20,-0.00366211,0.00231934
191,21,-0.0032959,0
191,22,-0.00366211,0.00476074
191,23,-0.00170898,0.00390625
191,24,-0.00170898,0.00268555
191,25,0.00537109,0.00244141
191,26,0.0020752,-0.000366211
191,27,0.00720215,-0.00402832
191,28,-0.00012207,0.00158691
191,29,-0.00134277,-0.00219727
191,30,0.00183105,-0.00109863
191,31,-0.00598145,-0.00646973
191,32,0.0124512,0.00146484
191,33,0.00109863,0.000610352
191,34,-0.00537109,0.00512695
191,35,-0.0078125,0.00134277
191,36,-0.000610352,0.0045166
191,37,-0.00305176,0.00109863
191,38,-0.00622559,-0.000366211
191,39,-0.00646973,-0.00378418
191,40,0.00183105,-0.00549316
191,41,0.0032959,-0.000610352
191,42,0.00231934,0.0012207
191,43,-0.00378418,0.00366211
191,44,-0.000854492,0.00500488
191,45,0.00305176,-0.000732422
191,46,-0.00549316,0.0101318
191,47,-0.0065918,0.00402832
192,0,-0.00292969,0.00817871
192,1,0.00170898,0.00439453
192,2,0.00817871,0.00256348
192,3,0.00561523,0.00109863
192,4,-0.00976562,-0.00366211
192,5,-0.00610352,-0.00390625
192,6,0.00732422,-0.00549316
192,7,-0.000366211,-0.00012207
192,8,-0.000366211,-0.00769043
192,9,0.00427246,-0.00695801
192,10,0.0112305,0.0012207
192,11,0.0117188,-0.0032959
192,12,0.00708008,-0.00158691
192,13,0.00805664,0.00268555
192,14,0.00561523,0.00524902
192,15,-0.00500488,0.000854492
192,16,-0.015625,0.000976562
192,17,-0.00927734,-0.012085
192,18,-0.012207,-0.0222168
192,19,-0.0078125,-0.0152588
192,20,-0.0109863,-0.0224609
192,21,-0.00415039,-0.012085
192,22,-0.00012207,-0.0124512
192,23,0.00964355,0.000366211
192,24,0.00598145,-0.00402832
192,25,0.0012207,-0.00805664
192,26,-0.00244141,0.00317383
192,27,-0.000976562,0.00805664
192,28,0.000976562,0.00402832
192,29,0.00390625,0.0134277
192,30,0.00622559,0.00305176
192,31,0.00500488,0.00109863
192,32,-0.0045166,0.0057373
192,33,-0.00158691,-0.000976562
192,34,-0.00610352,0.00390625
192,35,-0.0065918,0.000366211
192,36,-0.00476074,0.00415039
192,37,-0.00720215,0.00793457
192,38,-0.00463867,0.00500488
192,39,-0.00939941,0.00732422
192,40,-0.00939941,-0.00170898
192,41,-0.00378418,-0.012207
192,42,-0.00390625,-0.00463867
192,43,-0.000488281,-0.00683594
192,44,0.000732422,-0.00512695
192,45,-0.00146484,-0.00183105
192,46,0.00109863,0.00427246
192,47,0.00878906,0.0078125
193,0,0.00354004,0.0279541
193,1,0.0155029,0.0162354
193,2,0.0166016,-0.0078125
193,3,0.0153809,-0.010376
193,4,-0.0148926,0.0119629
193,5,-0.00952148,0.0065918
193,6,0.0100098,-0.0161133
193,7,0.000854492,-0.0161133
193,8,0.00964355,-0.0168457
193,9,0.0181885,-0.00585938
193,10,0.0184326,0.00708008
193,11,0.0247803,0.00671387
193,12,0.0184326,0.012207
193,13,0.0133057,0.0197754
193,14,-0.00195312,0.0206299
193,15,-0.0219727,0.0168457
193,16,-0.0153809,-0.00500488
193,17,-0.0131836,-0.0107422
193,18,-0.00939941,-0.0174561
193,19,-0.00183105,-0.0131836
193,20,-0.00244141,-0.0179443
193,21,0.00109863,-0.00964355
193,22,0.0178223,-0.00341797
193,23,0.0183105,0.00317383
193,24,0.0163574,-0.0162354
193,25,-0.00427246,-0.0197754
193,26,-0.0196533,-0.00280762
193,27,-0.0153809,0.00927734
193,28,-0.00695801,0.0112305
193,29,-0.00561523,0.0141602
193,30,0.0218506,0.00927734
193,31,0.012085,-0.015625
193,32,-0.020874,0.00671387
193,33,-0.0150146,0.00524902
193,34,-0.0250244,0.0057373
193,35,-0.0175781,0.00341797
193,36,-0.0166016,0.00744629
193,37,-0.0152588,0.00476074
193,38,-0.0163574,0.00415039
193,39,-0.0198975,-0.00292969
193,40,-0.0223389,-0.026001
193,41,-0.00756836,-0.0289307
193,42,0.013916,-0.0292969
193,43,0.0144043,-0.0279541
193,44,0.0123291,-0.0273438
193,45,0.0202637,-0.0238037
193,46,0.0235596,-0.0115967
193,47,0.0256348,0.00256348
194,0,0.000366211,0.0214844
194,1,0.000244141,0.00732422
194,2,-0.00183105,-0.0157471
194,3,0.00354004,-0.0159912
194,4,-0.00402832,0.0164795
194,5,-0.0032959,0.00805664
194,6,0.015625,-0.0106201
194,7,0.0181885,-0.0144043
194,8,0.0283203,-0.00878906
194,9,0.0233154,-0.00012207
194,10,0.012085,0.00793457
194,11,0.000732422,0.00598145
194,12,0.00183105,0.00769043
194,13,-0.00488281,0.0133057
194,14,-0.0131836,0.00512695
194,15,-0.0383301,-0.00012207
194,16,0.00305176,-0.00244141
194,17,-0.000732422,-0.00219727
194,18,-0.0117188,-0.0098877
194,19,-0.00854492,-0.012207
194,20,-0.0117188,-0.00756836
194,21,-0.0158691,-0.00744629
194,22,-0.0213623,0.000366211
194,23,-0.0200195,0.00292969
194,24,-0.00732422,0.0220947
194,25,-0.00598145,0.0174561
194,26,-0.0045166,0.0168457
194,27,-0.000488281,0.00805664
194,28,0.00012207,0.00695801
194,29,0.000366211,0.012085
194,30,0.0163574,0.000366211
194,31,0.0317383,-0.00683594
194,32,-0.00256348,-0.00878906
194,33,-0.00402832,-0.0065918
194,34,-0.0159912,-0.0045166
194,35,-0.0119629,0.0012207
194,36,-0.0134277,0.00476074
194,37,-0.0206299,0.00549316
194,38,-0.0125732,0.0137939
194,39,-0.0234375,-0.00195312
194,40,-0.0078125,-0.03125
194,41,0.0146484,-0.0201416
194,42,0.0212402,-0.00866699
194,43,0.0114746,-0.00512695
194,44,0.0161133,-0.00268555
194,45,0.0115967,-0.000244141
194,46,0.000488281,0.00854492
194,47,-0.00256348,0.0181885
195,0,-0.0686035,-0.0144043
195,1,-0.0501709,0.0133057
195,2,-0.0135498,0.0361328
195,3,-0.00756836,0.0405273
195,4,0.0012207,-0.0390625
195,5,-0.00427246,-0.0223389
195,6,0.020752,0.0351562
195,7,0.0296631,0.0327148
195,8,0.0328369,0.0419922
195,9,0.00891113,0.045166
195,10,-0.0327148,0.0349121
195,11,-0.0480957,0.0311279
195,12,-0.0541992,0.024292
195,13,-0.06604,0.0194092
195,14,-0.0605469,-0.000610352
195,15,-0.0618896,-0.0250244
195,16,-0.00512695,-0.0367432
195,17,0.0303955,-0.024292
195,18,0.0644531,-0.00744629
195,19,0.0529785,0.00158691
195,20,0.0648193,0.00708008
195,21,0.0483398,0.0111084
195,22,0.0321045,0.0257568
195,23,-0.00292969,0.0249023
195,24,0.0235596,0.0241699
195,25,0.0224609,-0.0183105
195,26,-0.0109863,-0.0384521
195,27,-0.0244141,-0.0279541
195,28,-0.0290527,-0.0294189
195,29,-0.0330811,0
195,30,-0.0115967,0.0469971
195,31,0.0275879,0.0629883
195,32,-0.0201416,-0.0421143
195,33,-0.00842285,-0.0273438
195,34,-0.00585938,-0.0714111
195,35,-0.00537109,-0.0692139
195,36,-0.0065918,-0.0617676
195,37,-0.00549316,-0.0650635
195,38,-0.010376,-0.0548096
195,39,-0.00817871,-0.0401611
195,40,0.0286865,-0.0246582
195,41,0.0550537,0.00415039
195,42,0.0766602,0.0272217
195,43,0.0710449,0.0246582
195,44,0.0701904,0.0316162
195,45,0.0511475,0.0195312
195,46,0.0424805,0.0256348
195,47,0.000732422,0.0325928
196,0,-0.078125,0.043335
196,1,-0.0375977,0.0682373
196,2,-0.00012207,0.0603027
196,3,0.0126953,0.0540771
196,4,-0.0213623,-0.0539551
196,5,-0.0128174,-0.0212402
196,6,0.0272217,0.00634766
196,7,0.0279541,-0.0147705
196,8,0.0227051,-0.0223389
196,9,0.0240479,0.00695801
196,10,0.0119629,0.0252686
196,11,0.0101318,0.0264893
196,12,0.00830078,0.0270996
196,13,0.00415039,0.0361328
196,14,-0.00268555,0.0303955
196,15,-0.017334,0.0394287
196,16,-0.0543213,-0.0302734
196,17,-0.0164795,-0.0476074
196,18,0.0405273,-0.0534668
196,19,0.0439453,-0.0407715
196,20,0.0627441,-0.0411377
196,21,0.0563965,-0.0257568
196,22,0.0675049,0.00646973
196,23,0.0388184,0.0523682
196,24,0.0585938,0.00183105
196,25,0.0131836,-0.0443115
196,26,-0.0148926,-0.0373535
196,27,-0.0252686,-0.0213623
196,28,-0.0281982,-0.0090332
196,29,-0.0180664,0.00256348
196,30,0.0286865,0.0313721
196,31,0.0513916,0.0102539
196,32,-0.0876465,-0.00939941
196,33,-0.0319824,-0.0032959
196,34,-0.0400391,-0.0169678
196,35,-0.03125,-0.0163574
196,36,-0.0270996,-0.0153809
196,37,-0.0170898,-0.0146484
196,38,0.0020752,0.00012207
196,39,0.00219727,0.00476074
196,40,-0.00964355,-0.0388184
196,41,0.000244141,-0.0499268
196,42,0.00390625,-0.0281982
196,43,0.0180664,-0.0170898
196,44,0.0263672,-0.00537109
196,45,0.0246582,0.00256348
196,46,0.0488281,0.0334473
196,47,0.0551758,0.0689697
197,0,0.0235596,0.178955
197,1,0.0938721,0.134521
197,2,0.144531,0.0635986
197,3,0.149048,0.0314941
197,4,-0.150879,-0.0162354
197,5,-0.0756836,0.00354004
197,6,0.0922852,-0.0524902
197,7,0.0388184,-0.0997314
197,8,0.0515137,-0.129639
197,9,0.098877,-0.0484619
197,10,0.11731,0.0594482
197,11,0.11731,0.100464
197,12,0.10022,0.108887
197,13,0.0874023,0.14624
197,14,0.0281982,0.129639
197,15,-0.0356445,0.0964355
197,16,-0.069458,0.00305176
197,17,-0.0368652,-0.0876465
197,18,-0.000488281,-0.175659
197,19,0.0128174,-0.161621
197,20,0.0214844,-0.192261
197,21,0.0288086,-0.159546
197,22,0.0552979,-0.128418
197,23,0.0638428,-0.000366211
197,24,-0.00817871,-0.0723877
197,25,-0.125977,-0.0892334
197,26,-0.133179,-0.0142822
197,27,-0.100342,0.0174561
197,28,-0.0760498,0.0257568
197,29,-0.0177002,0.0377197
197,30,0.126099,-0.0288086
197,31,0.137817,-0.13623
197,32,-0.10376,0.103516
197,33,-0.0592041,0.0507812
197,34,-0.144775,0.0808105
197,35,-0.13916,0.0681152
197,36,-0.132935,0.0634766
197,37,-0.140503,0.0598145
197,38,-0.118164,0.0418701
197,39,-0.0887451,0.00341797
197,40,-0.105103,-0.0509033
197,41,-0.0683594,-0.0623779
197,42,0.00146484,-0.102905
197,43,0.0250244,-0.105347
197,44,0.0330811,-0.114868
197,45,0.045166,-0.0991211
197,46,0.0716553,-0.0872803
197,47,0.078125,-0.00793457
198,0,0.0463867,0.0509033
198,1,0.0769043,0.027832
198,2,0.107422,0.00488281
198,3,0.105713,0.00134277
198,4,-0.102417,0.00622559
198,5,-0.0513916,0.00732422
198,6,0.0872803,-0.0228271
198,7,0.0672607,-0.0408936
198,8,0.00341797,-0.045166
198,9,-0.0012207,-0.0102539
198,10,0.0252686,0.0297852
198,11,0.0273438,0.0274658
198,12,0.0308838,0.017334
198,13,0.0366211,0.0117188
198,14,0.0253906,-0.0379639
198,15,0.0250244,-0.0935059
198,16,0.0388184,0.00964355
198,17,0.0292969,-0.0644531
198,18,0.000732422,-0.127563
198,19,-0.00793457,-0.110718
198,20,-0.0126953,-0.124512
198,21,-0.0177002,-0.101074
198,22,-0.019165,-0.0440674
198,23,-0.000244141,0.0321045
198,24,-0.00402832,0.0727539
198,25,-0.0366211,0.05896
198,26,-0.0548096,0.0426025
198,27,-0.0582275,0.0349121
198,28,-0.0596924,0.0274658
198,29,-0.0535889,0.0161133
198,30,-0.0253906,-0.010376
198,31,0.00561523,-0.0356445
198,32,-0.0113525,0.0634766
198,33,-0.0164795,0.036499
198,34,-0.0609131,0.0830078
198,35,-0.0585938,0.0811768
198,36,-0.0583496,0.0761719
198,37,-0.060791,0.0782471
198,38,-0.0535889,0.0427246
198,39,-0.0223389,-0.00341797
198,40,0.0255127,-0.0614014
198,41,0.00769043,-0.0532227
198,42,-0.0128174,-0.0306396
198,43,-0.00610352,-0.0175781
198,44,-0.00671387,-0.012207
198,45,-0.0045166,0.00195312
198,46,0.00561523,0.0410156
198,47,0.0235596,0.0836182
199,0,-0.019043,-0.00134277
199,1,0.00378418,0.0111084
199,2,0.0200195,0.0229492
199,3,0.0236816,0.0169678
199,4,-0.0290527,-0.0194092
199,5,-0.0100098,-0.00292969
199,6,0.00756836,-0.00280762
199,7,-0.019165,-0.0274658
199,8,-0.0152588,-0.0197754
199,9,0.012207,0.00695801
199,10,0.0219727,0.00500488
199,11,0.0179443,0.0078125
199,12,0.0179443,0.000488281
199,13,0.0098877,-0.00561523
199,14,-0.00964355,-0.0195312
199,15,-0.0343018,-0.0349121
199,16,-0.0367432,-0.0241699
199,17,-0.0201416,-0.0336914
199,18,0.000610352,-0.0432129
199,19,0.00646973,-0.0358887
199,20,0.00610352,-0.0384521
199,21,0.010376,-0.0262451
199,22,0.0142822,-0.0112305
199,23,0.0230713,0.0148926
199,24,-0.00634766,0.0230713
199,25,-0.0307617,0.00952148
199,26,-0.0280762,0.00366211
199,27,-0.0236816,0.0114746
199,28,-0.0212402,0.00720215
199,29,-0.0111084,0.0136719
199,30,0.00500488,0.0134277
199,31,0.00769043,-0.00708008
199,32,0.0098877,0.00268555
199,33,0.0183105,0.00476074
199,34,0.0354004,0.0268555
199,35,0.0223389,0.0266113
199,36,0.0216064,0.0206299
199,37,0.00683594,0.0211182
199,38,-0.0229492,0.000244141
199,39,-0.0356445,-0.0240479
199,40,-0.0377197,0.00842285
199,41,-0.0449219,0.0223389
199,42,-0.0402832,0.0170898
199,43,-0.0258789,0.0142822
199,44,-0.0239258,0.0141602
199,45,-0.010376,0.0140381
199,46,0.0113525,0.0212402
199,47,0.0449219,0.0439453
200,0,0.00256348,-0.122192
200,1,-0.0393066,-0.0687256
200,2,-0.0697021,0.00683594
200,3,-0.0753174,0.0239258
200,4,0.078125,-0.0395508
200,5,0.0405273,-0.0288086
200,6,-0.0681152,0.0668945
200,7,-0.0441895,0.0721436
200,8,-0.0554199,0.0632324
200,9,-0.0869141,0.0263672
200,10,-0.0910645,-0.024292
200,11,-0.0792236,-0.045166
200,12,-0.0651855,-0.0421143
200,13,-0.0501709,-0.0576172
200,14,0.00354004,-0.0509033
200,15,0.0450439,-0.0244141
200,16,0.053833,0.0125732
200,17,0.0506592,0.0487061
200,18,0.0214844,0.0577393
200,19,0.00598145,0.0469971
200,20,0.000732422,0.0526123
200,21,-0.0234375,0.0361328
200,22,-0.06604,0.0267334
200,23,-0.0893555,-0.00012207
200,24,-0.0505371,0.0424805
200,25,0.026001,0.0421143
200,26,0.0686035,-0.0177002
200,27,0.0651855,-0.03125
200,28,0.0512695,-0.0500488
200,29,0.0246582,-0.0649414
200,30,-0.0600586,-0.0369873
200,31,-0.083374,0.0328369
200,32,0.0645752,-0.0471191
200,33,0.0355225,-0.012207
200,34,0.076416,-0.00305176
200,35,0.0772705,-0.00256348
200,36,0.0717773,-0.000854492
200,37,0.0772705,-0.00109863
200,38,0.0710449,-0.00744629
200,39,0.0570068,0.000976562
200,40,0.0666504,0.110962
200,41,0.0469971,0.107666
200,42,-0.0012207,0.0822754
200,43,-0.0255127,0.0584717
200,44,-0.0333252,0.0469971
200,45,-0.0444336,0.02771
200,46,-0.079834,0.000976562
200,47,-0.0949707,-0.0148926
201,0,0.0438232,-0.0775146
201,1,0.0144043,-0.0628662
201,2,-0.0123291,-0.036377
201,3,-0.026001,-0.0186768
201,4,0.0274658,0.0163574
201,5,0.0192871,0.00219727
201,6,-0.0495605,0.00708008
201,7,-0.0373535,0.0244141
201,8,-0.0406494,0.0350342
201,9,-0.0421143,0.0065918
201,10,-0.0404053,-0.0366211
201,11,-0.0266113,-0.0477295
201,12,-0.0181885,-0.0554199
201,13,-0.0158691,-0.0675049
201,14,0.0141602,-0.0583496
201,15,0.0622559,-0.0405273
201,16,0.0654297,0.09021
201,17,0.0651855,0.11499
201,18,0.0526123,0.116211
201,19,0.0216064,0.0805664
201,20,0.0159912,0.0794678
201,21,-0.00842285,0.0438232
201,22,-0.0733643,-0.00830078
201,23,-0.0974121,-0.0808105
201,24,-0.13916,0.0227051
201,25,-0.0627441,0.0826416
201,26,0.0126953,0.0388184
201,27,0.0172119,0.00476074
201,28,0.0209961,-0.00610352
201,29,0.0124512,-0.0316162
201,30,-0.0373535,-0.0596924
201,31,-0.0616455,-0.0090332
201,32,0.0705566,0.0349121
201,33,0.0252686,0.0106201
201,34,0.0286865,0.00183105
201,35,0.0135498,-0.0112305
201,36,0.00952148,-0.0217285
201,37,0.000976562,-0.03125
201,38,0.0032959,-0.0357666
201,39,0.0251465,-0.00561523
201,40,0.0498047,0.151611
201,41,0.0285645,0.144165
201,42,-0.0108643,0.095459
201,43,-0.0297852,0.0625
201,44,-0.046875,0.0477295
201,45,-0.0594482,0.0135498
201,46,-0.127808,-0.0488281
201,47,-0.166138,-0.106812
202,0,-0.098877,-0.222778
202,1,-0.126221,-0.0544434
202,2,-0.119751,0.116943
202,3,-0.0948486,0.154907
202,4,0.0872803,-0.179932
202,5,0.0308838,-0.100098
202,6,0.00366211,0.154175
202,7,0.100708,0.0898438
202,8,0.0983887,0.186035
202,9,-0.00854492,0.230591
202,10,-0.0998535,0.160767
202,11,-0.143311,0.104614
202,12,-0.142822,0.0632324
202,13,-0.179199,-0.00634766
202,14,-0.157959,-0.120605
202,15,-0.119263,-0.19397
202,16,0.0953369,-0.159058
202,17,0.0786133,-0.0583496
202,18,0.0333252,0.0689697
202,19,0.010376,0.095459
202,20,0.00512695,0.130981
202,21,-0.0045166,0.134155
202,22,-0.0216064,0.22583
202,23,-0.0516357,0.246094
202,24,0.159912,0.202881
202,25,0.247925,0.0161133
202,26,0.103271,-0.161499
202,27,0.0119629,-0.181274
202,28,-0.0458984,-0.17749
202,29,-0.142334,-0.141357
202,30,-0.257446,0.0462646
202,31,-0.0974121,0.174194
202,32,0.0688477,-0.137817
202,33,0.0401611,-0.0444336
202,34,0.123413,-0.0799561
202,35,0.125,-0.0814209
202,36,0.122192,-0.0809326
202,37,0.132935,-0.0964355
202,38,0.129639,-0.118042
202,39,0.104248,-0.113037
202,40,0.0528564,-0.0527344
202,41,0.0351562,0.0158691
202,42,0.0518799,0.0808105
202,43,0.057251,0.0948486
202,44,0.0653076,0.110352
202,45,0.0515137,0.088501
202,46,0.0509033,0.116943
202,47,-0.00476074,0.155273
203,0,0.31897,0.171143
203,1,0.203857,-0.0386963
203,2,0.0457764,-0.208496
203,3,-0.0194092,-0.2229
203,4,0.0501709,0.228882
203,5,0.0480957,0.10791
203,6,-0.133545,-0.0847168
203,7,-0.159424,0.133911
203,8,-0.206787,0.110107
203,9,-0.17627,-0.12915
203,10,-0.0723877,-0.265503
203,11,0.0020752,-0.273926
203,12,0.0297852,-0.234375
203,13,0.101196,-0.210083
203,14,0.185181,0.0310059
203,15,0.209717,0.317749
203,16,-0.118408,0.380127
203,17,-0.188232,0.261963
203,18,-0.191772,0.0422363
203,19,-0.143433,-0.0585938
203,20,-0.149292,-0.104614
203,21,-0.100952,-0.1427
203,22,-0.0657959,-0.275879
203,23,-0.00170898,-0.289185
203,24,-0.206543,-0.140015
203,25,-0.218262,0.154297
203,26,-0.0032959,0.209717
203,27,0.0809326,0.142944
203,28,0.117188,0.0855713
203,29,0.161499,-0.0305176
203,30,0.0675049,-0.269409
203,31,-0.150513,-0.165771
203,32,0.0617676,0.287231
203,33,0.0102539,0.122192
203,34,-0.0439453,0.240845
203,35,-0.0406494,0.22937
203,36,-0.0447998,0.213135
203,37,-0.0518799,0.234741
203,38,-0.0390625,0.269531
203,39,-0.0264893,0.306152
203,40,-0.200928,0.321533
203,41,-0.209473,0.163818
203,42,-0.197021,-0.036499
203,43,-0.164673,-0.101929
203,44,-0.160767,-0.137451
203,45,-0.114014,-0.15332
203,46,-0.0714111,-0.244019
203,47,-0.0172119,-0.30835
204,0,0.0738525,-0.0925293
204,1,-0.0239258,-0.182983
204,2,-0.122925,-0.234863
204,3,-0.151123,-0.223267
204,4,0.165527,0.212646
204,5,0.0895996,0.0983887
204,6,-0.179932,-0.0952148
204,7,-0.220215,-0.00170898
204,8,-0.323242,-0.067627
204,9,-0.255859,-0.1698
204,10,-0.0705566,-0.211548
204,11,0.0168457,-0.205688
204,12,0.0610352,-0.177124
204,13,0.128296,-0.176514
204,14,0.161499,-0.109863
204,15,0.092041,-0.0938721
204,16,-0.0194092,-0.0517578
204,17,-0.0714111,-0.0551758
204,18,-0.0637207,-0.00891113
204,19,-0.0500488,0.0205078
204,20,-0.060791,0.0421143
204,21,-0.0528564,0.071167
204,22,-0.113159,0.165405
204,23,-0.185425,0.141846
204,24,-0.121948,0.245361
204,25,-0.00683594,0.293945
204,26,0.130493,0.182495
204,27,0.152222,0.104736
204,28,0.160889,0.0656738
204,29,0.146851,-0.0109863
204,30,-0.0136719,-0.138672
204,31,-0.204712,-0.0598145
204,32,0.0224609,0.106079
204,33,0.00927734,0.0780029
204,34,0.0640869,0.214844
204,35,0.0913086,0.22229
204,36,0.104004,0.21521
204,37,0.144897,0.229126
204,38,0.168213,0.205078
204,39,0.0845947,0.113647
204,40,-0.00952148,-0.0986328
204,41,0.0123291,-0.133301
204,42,-0.0360107,-0.107056
204,43,-0.0545654,-0.0477295
204,44,-0.0714111,-0.0316162
204,45,-0.0731201,0.0283203
204,46,-0.125122,0.157959
204,47,-0.146606,0.210327
205,0,-0.585327,-0.0681152
205,1,-0.323853,0.194458
205,2,0.012207,0.383545
205,3,0.124268,0.396118
205,4,-0.187744,-0.400024
205,5,-0.126221,-0.178711
205,6,0.270386,0.1698
205,7,0.236328,-0.086792
205,8,0.438232,-0.102051
205,9,0.488037,0.0964355
205,10,0.322266,0.2323
205,11,0.190674,0.262573
205,12,0.0986328,0.240234
205,13,-0.0584717,0.244873
205,14,-0.331177,0.0777588
205,15,-0.521729,-0.127808
205,16,-0.13623,-0.420166
205,17,0.085083,-0.281738
205,18,0.31958,-0.0107422
205,19,0.306152,0.0725098
205,20,0.380737,0.137207
205,21,0.341675,0.179199
205,22,0.418091,0.326782
205,23,0.351074,0.324829
205,24,0.431396,0.0336914
205,25,0.100952,-0.344116
205,26,-0.289062,-0.390625
205,27,-0.352417,-0.307739
205,28,-0.352051,-0.236084
205,29,-0.314941,-0.0838623
205,30,0.0390625,0.224609
205,31,0.35791,0.119629
205,32,-0.278442,-0.416138
205,33,-0.133789,-0.195923
205,34,-0.240356,-0.412842
205,35,-0.24585,-0.381836
205,36,-0.240112,-0.35498
205,37,-0.274292,-0.365601
205,38,-0.315308,-0.326538
205,39,-0.292236,-0.280396
205,40,0.0169678,-0.135132
205,41,0.19397,-0.0432129
205,42,0.351074,0.0317383
205,43,0.341919,0.0529785
205,44,0.355713,0.0672607
205,45,0.285034,0.0748291
205,46,0.292847,0.155396
205,47,0.301025,0.227661
206,0,0.0384521,0.265137
206,1,0.162354,0.171387
206,2,0.185913,0.079834
206,3,0.162598,0.0355225
206,4,-0.154907,-0.0296631
206,5,-0.065918,0.00390625
206,6,0.092041,-0.0101318
206,7,0.121704,0.0205078
206,8,0.0979004,-0.00830078
206,9,0.00549316,0.0111084
206,10,-0.071167,0.0755615
206,11,-0.0789795,0.109375
206,12,-0.0690918,0.121216
206,13,-0.0509033,0.170654
206,14,0.043457,0.197876
206,15,0.180664,0.284058
206,16,-0.050293,0.227539
206,17,-0.0189209,0.0629883
206,18,-0.0633545,-0.173462
206,19,-0.0631104,-0.209717
206,20,-0.0738525,-0.260864
206,21,-0.0629883,-0.25354
206,22,-0.00292969,-0.284912
206,23,0.101929,-0.130859
206,24,-0.0308838,-0.251709
206,25,-0.137329,-0.216064
206,26,-0.150757,-0.0546875
206,27,-0.151978,-0.00439453
206,28,-0.145752,0.0125732
206,29,-0.144775,0.0438232
206,30,-0.157715,0.0501709
206,31,-0.0933838,0.00964355
206,32,-0.141724,0.19519
206,33,-0.0251465,0.0782471
206,34,-0.0230713,0.118652
206,35,-0.015625,0.109741
206,36,-0.0203857,0.097168
206,37,-0.0197754,0.0910645
206,38,-0.0219727,0.0750732
206,39,0.020752,0.0773926
206,40,-0.029541,0.0717773
206,41,-0.103271,0.0201416
206,42,-0.152222,-0.0238037
206,43,-0.136719,-0.0455322
206,44,-0.14624,-0.0605469
206,45,-0.115601,-0.0622559
206,46,-0.0666504,-0.0976562
206,47,0.0268555,-0.05896
207,0,0.188599,0.501221
207,1,0.179565,0.161133
207,2,0.128784,-0.203979
207,3,0.0894775,-0.297363
207,4,-0.0750732,0.349731
207,5,-0.0180664,0.195312
207,6,-0.00427246,-0.365967
207,7,-0.0682373,-0.321533
207,8,-0.176147,-0.296143
207,9,-0.108032,-0.176147
207,10,0.0910645,-0.00317383
207,11,0.203979,0.0686035
207,12,0.227051,0.0854492
207,13,0.342529,0.151978
207,14,0.364014,0.18457
207,15,0.30603,0.223999
207,16,-0.126709,0.186279
207,17,-0.147583,-0.0939941
207,18,-0.105347,-0.360596
207,19,-0.0667725,-0.336548
207,20,-0.0671387,-0.402222
207,21,-0.0366211,-0.339966
207,22,0.00439453,-0.335938
207,23,0.0249023,-0.225586
207,24,-0.213135,-0.173096
207,25,-0.244385,0.155396
207,26,-0.0712891,0.423462
207,27,0.0115967,0.464233
207,28,0.0650635,0.450562
207,29,0.145142,0.369873
207,30,0.217896,-0.000732422
207,31,0.0557861,-0.317627
207,32,-0.167236,0.530396
207,33,-0.0812988,0.231079
207,34,-0.185791,0.393433
207,35,-0.15625,0.351562
207,36,-0.135864,0.315796
207,37,-0.112183,0.310303
207,38,-0.0361328,0.231567
207,39,-0.00878906,0.161865
207,40,-0.050293,-0.113647
207,41,-0.10022,-0.321045
207,42,-0.1698,-0.476807
207,43,-0.165527,-0.441284
207,44,-0.160767,-0.453735
207,45,-0.12207,-0.333618
207,46,-0.0683594,-0.259277
207,47,-0.0158691,-0.14563
208,0,0.440552,0.0681152
208,1,0.282837,0.00634766
208,2,0.113281,-0.0255127
208,3,0.0577393,-0.0358887
208,4,-0.0404053,0.041748
208,5,-0.0102539,0.0253906
208,6,-0.0090332,-0.0545654
208,7,-0.052002,-0.0914307
208,8,-0.0393066,-0.06604
208,9,0.119995,-0.041626
208,10,0.192993,-0.043335
208,11,0.204956,-0.0371094
208,12,0.18396,-0.0344238
208,13,0.186035,-0.0428467
208,14,0.108276,-0.0292969
208,15,0.0546875,0.0220947
208,16,-0.0639648,0.064209
208,17,-0.327637,0.0345459
208,18,-0.516113,-0.00854492
208,19,-0.420288,-0.0125732
208,20,-0.469238,-0.0283203
208,21,-0.34729,-0.0333252
208,22,-0.187134,-0.0983887
208,23,0.0931396,-0.131836
208,24,0.0144043,-0.079834
208,25,-0.0739746,0.0467529
208,26,0.0517578,0.124023
208,27,0.135986,0.131958
208,28,0.173828,0.133423
208,29,0.23291,0.10791
208,30,0.27417,0.0316162
208,31,0.076416,-0.0437012
208,32,0.25708,0.148071
208,33,0.0782471,0.0487061
208,34,0.0549316,0.0366211
208,35,0.0396729,0.00463867
208,36,0.0268555,-0.00842285
208,37,0.00732422,-0.03479
208,38,-0.0283203,-0.0449219
208,39,-0.0579834,0.00219727
208,40,-0.252197,0.0406494
208,41,-0.237915,0.0241699
208,42,-0.137451,0.00183105
208,43,-0.0617676,-0.0164795
208,44,-0.0314941,-0.0345459
208,45,0.0327148,-0.0505371
208,46,0.191895,-0.146851
208,47,0.363037,-0.227173
209,0,0.0612793,0.0552979
209,1,0.00305176,0.0826416
209,2,-0.0469971,0.0731201
209,3,-0.057373,0.0535889
209,4,0.0578613,-0.0427246
209,5,0.0306396,-0.00268555
209,6,-0.0657959,-0.0579834
209,7,-0.0874023,-0.108765
209,8,-0.00256348,-0.132812
209,9,0.0563965,-0.050293
209,10,0.0628662,0.0258789
209,11,0.0670166,0.0499268
209,12,0.0582275,0.052124
209,13,0.0600586,0.0540771
209,14,0.0391846,0.0135498
209,15,0.0228271,-0.0032959
209,16,-0.00866699,0.0438232
209,17,-0.0410156,0.00622559
209,18,-0.0390625,-0.0412598
209,19,-0.0284424,-0.0476074
209,20,-0.0262451,-0.0517578
209,21,-0.00402832,-0.0405273
209,22,0.0532227,-0.0335693
209,23,0.115356,-0.00354004
209,24,0.0838623,-0.0744629
209,25,0.0625,-0.0766602
209,26,0.0404053,-0.0507812
209,27,0.0394287,-0.0458984
209,28,0.0419922,-0.0432129
209,29,0.0274658,-0.0402832
209,30,0.0203857,-0.0578613
209,31,-0.00878906,-0.0712891
209,32,0.0548096,0.0612793
209,33,0.0263672,0.0229492
209,34,0.078125,0.0144043
209,35,0.0911865,-0.00756836
209,36,0.090332,-0.0233154
209,37,0.0922852,-0.0457764
209,38,0.0783691,-0.0783691
209,39,0.0216064,-0.0543213
209,40,-0.0269775,0.0350342
209,41,-0.0571289,-0.00244141
209,42,-0.139771,-0.00427246
209,43,-0.145264,0.00622559
209,44,-0.15332,0.0153809
209,45,-0.118408,0.0292969
209,46,-0.0633545,0.0634766
209,47,0.0686035,0.0578613
210,0,-0.164673,-0.0162354
210,1,-0.102417,0.05896
210,2,0.00524902,0.119263
210,3,0.0367432,0.114136
210,4,-0.0509033,-0.115845
210,5,-0.036377,-0.0540771
210,6,0.0913086,0.072998
210,7,0.124023,0.00720215
210,8,0.0598145,0.0253906
210,9,-0.0378418,0.128784
210,10,-0.131714,0.187134
210,11,-0.161987,0.192871
210,12,-0.145264,0.167603
210,13,-0.16626,0.164307
210,14,-0.112427,0.0429688
210,15,-0.0449219,-0.0761719
210,16,0.113892,-0.120239
210,17,0.115356,-0.135742
210,18,0.0611572,-0.108521
210,19,0.024292,-0.0651855
210,20,0.0124512,-0.0584717
210,21,-0.0065918,-0.0224609
210,22,-0.0413818,0.0495605
210,23,-0.0450439,0.0825195
210,24,0.111938,0.098999
210,25,0.131958,0.0253906
210,26,0.00415039,-0.0162354
210,27,-0.0715332,-0.00268555
210,28,-0.0900879,0.0117188
210,29,-0.124023,0.0457764
210,30,-0.120728,0.149292
210,31,0.03125,0.147095
210,32,-0.000244141,-0.130859
210,33,-0.00512695,-0.0842285
210,34,-0.0227051,-0.200928
210,35,-0.0257568,-0.197144
210,36,-0.0206299,-0.185913
210,37,-0.0140381,-0.197388
210,38,0.0325928,-0.171753
210,39,0.0817871,-0.135864
210,40,0.246704,-0.109131
210,41,0.269531,-0.0482178
210,42,0.260864,0.0522461
210,43,0.222656,0.0894775
210,44,0.215698,0.109863
210,45,0.155518,0.110352
210,46,0.104858,0.178589
210,47,0.0284424,0.160156
211,0,0.0368652,0.0755615
211,1,0.0394287,0.0313721
211,2,0.00891113,0.00891113
211,3,-0.0135498,0.0142822
211,4,0.0218506,-0.0146484
211,5,0.0167236,-0.0102539
211,6,-0.0640869,0.039917
211,7,-0.0795898,0.0700684
211,8,-0.0704346,0.0690918
211,9,-0.0797119,0.0128174
211,10,-0.0740967,-0.0571289
211,11,-0.0662842,-0.0794678
211,12,-0.0535889,-0.0788574
211,13,-0.0290527,-0.0852051
211,14,0.0102539,-0.0279541
211,15,0.0529785,0.0423584
211,16,0.0206299,0.103516
211,17,0.0286865,0.057251
211,18,0.0313721,-0.0179443
211,19,0.0137939,-0.0550537
211,20,0.0162354,-0.0742188
211,21,0.00585938,-0.0866699
211,22,-0.0252686,-0.149048
211,23,-0.0478516,-0.157349
211,24,-0.0944824,-0.0421143
211,25,-0.0507812,0.0189209
211,26,0.0351562,0.0375977
211,27,0.0562744,0.0352783
211,28,0.0654297,0.0255127
211,29,0.072876,0.0218506
211,30,0.036377,0.0108643
211,31,-0.0335693,0.0178223
211,32,0.0688477,0.0528564
211,33,0.0291748,-0.00317383
211,34,0.0202637,-0.0559082
211,35,0.000732422,-0.0704346
211,36,-0.00366211,-0.0689697
211,37,-0.0211182,-0.0817871
211,38,-0.0250244,-0.0587158
211,39,0.0020752,-0.00183105
211,40,0.0124512,0.0965576
211,41,-0.0078125,0.113647
211,42,-0.0164795,0.133911
211,43,-0.0078125,0.111084
211,44,-0.0145264,0.104614
211,45,-0.010498,0.0657959
211,46,-0.00671387,0.0106201
211,47,-0.0136719,-0.0717773
212,0,0.0482178,-0.103027
212,1,-0.041748,-0.0981445
212,2,-0.108398,-0.0759277
212,3,-0.127319,-0.0550537
212,4,0.133179,0.0484619
212,5,0.0684814,0.0111084
212,6,-0.105347,0.00805664
212,7,-0.079834,0.0463867
212,8,-0.131226,0.0620117
212,9,-0.145386,-0.00585938
212,10,-0.114502,-0.0690918
212,11,-0.0847168,-0.0905762
212,12,-0.0650635,-0.0893555
212,13,-0.026001,-0.105957
212,14,0.048584,-0.0662842
212,15,0.0983887,-0.0253906
212,16,0.0472412,0.0411377
212,17,0.0109863,0.0985107
212,18,-0.0250244,0.126587
212,19,-0.0372314,0.0938721
212,20,-0.0490723,0.100708
212,21,-0.0565186,0.0681152
212,22,-0.102905,0.00524902
212,23,-0.132935,-0.0477295
212,24,-0.127441,-0.00500488
212,25,0.0135498,0.03125
212,26,0.131714,-0.000366211
212,27,0.150757,-0.0157471
212,28,0.147827,-0.0217285
212,29,0.11731,-0.0328369
212,30,-0.0118408,-0.0032959
212,31,-0.104004,0.0845947
212,32,0.0688477,0.000244141
212,33,0.0349121,0.00012207
212,34,0.113647,-0.0020752
212,35,0.130981,-0.000244141
212,36,0.132935,-0.00512695
212,37,0.162109,0.000976562
212,38,0.166138,0.0179443
212,39,0.135132,0.0222168
212,40,0.0253906,0.041626
212,41,-0.0147705,0.0571289
212,42,-0.067627,0.0650635
212,43,-0.0814209,0.0654297
212,44,-0.0891113,0.0628662
212,45,-0.0883789,0.046875
212,46,-0.141235,0.0162354
212,47,-0.175903,-0.0290527
213,0,0.0452881,0.00732422
213,1,0.00476074,-0.0283203
213,2,-0.0235596,-0.0511475
213,3,-0.029541,-0.053833
213,4,0.0324707,0.0614014
213,5,0.0152588,0.0273438
213,6,-0.0322266,-0.0469971
213,7,-0.0311279,-0.0301514
213,8,-0.00756836,-0.0264893
213,9,0.0395508,-0.0361328
213,10,0.0584717,-0.046875
213,11,0.0544434,-0.0455322
213,12,0.0537109,-0.0472412
213,13,0.0332031,-0.0495605
213,14,-0.00524902,-0.0251465
213,15,-0.0333252,-0.0159912
213,16,-0.0341797,0.0111084
213,17,-0.0705566,0.0115967
213,18,-0.0539551,-0.00195312
213,19,-0.0330811,-0.00488281
213,20,-0.0266113,-0.0123291
213,21,-0.00634766,-0.0153809
213,22,0.0281982,-0.0253906
213,23,0.027832,-0.0284424
213,24,0.000976562,0.000732422
213,25,0.00195312,0.0195312
213,26,0.0175781,0.0339355
213,27,0.0258789,0.0401611
213,28,0.0251465,0.0390625
213,29,0.0340576,0.0473633
213,30,0.0249023,0.0345459
213,31,-0.00793457,0.0146484
213,32,0.0455322,0.0379639
213,33,0.00842285,0.0137939
213,34,0.00964355,0.0197754
213,35,0.0153809,0.0177002
213,36,0.0196533,0.0161133
213,37,0.0203857,0.0175781
213,38,0.0281982,0.0400391
213,39,0.0219727,0.0393066
213,40,-0.0352783,0.0108643
213,41,-0.0384521,0.0078125
213,42,-0.0290527,0.0187988
213,43,-0.020874,0.0118408
213,44,-0.0169678,0.0229492
213,45,-0.00683594,0.0177002
213,46,0.0118408,0.0234375
213,47,0.0170898,0.00695801
214,0,0,-0.0135498
214,1,-0.0032959,-0.0217285
214,2,0.0140381,-0.0157471
214,3,0.0146484,-0.0158691
214,4,-0.0134277,0.0100098
214,5,-0.00891113,0.000244141
214,6,0.00585938,0.00830078
214,7,0.000244141,0.0264893
214,8,0.00976562,-0.0114746
214,9,0.027832,-0.041748
214,10,0.0362549,-0.0474854
214,11,0.0270996,-0.0355225
214,12,0.0264893,-0.0321045
214,13,0.0234375,-0.0279541
214,14,-0.000488281,-0.00488281
214,15,-0.0163574,0.00146484
214,16,-0.0478516,0.0327148
214,17,-0.0457764,0.0500488
214,18,-0.0267334,0.057373
214,19,-0.00415039,0.0389404
214,20,0.000244141,0.0533447
214,21,0.0119629,0.0344238
214,22,0.0410156,0.0198975
214,23,0.0516357,-0.00720215
214,24,0.0535889,-0.0214844
214,25,0.0224609,-0.0177002
214,26,-0.000854492,-0.0157471
214,27,0.00463867,-0.00769043
214,28,0.00390625,-0.00195312
214,29,0.0130615,0.00683594
214,30,0.0283203,0.0378418
214,31,0.0238037,0.060791
214,32,0.00830078,-0.0477295
214,33,0.00463867,-0.0236816
214,34,0.0267334,-0.0273438
214,35,0.0288086,-0.0157471
214,36,0.0317383,-0.00439453
214,37,0.0325928,-0.0012207
214,38,0.0213623,0.0214844
214,39,-0.0045166,0.0150146
214,40,-0.0175781,0.00842285
214,41,-0.0256348,-0.00195312
214,42,-0.0355225,0.0107422
214,43,-0.0279541,0.0181885
214,44,-0.0368652,0.0166016
214,45,-0.0166016,0.0198975
214,46,0.0251465,0.0292969
214,47,0.0672607,0.0148926
215,0,-0.00268555,0.055542
215,1,0.00549316,0.0375977
215,2,0.012207,0.0150146
215,3,0.0144043,0.00439453
215,4,-0.0195312,-0.00354004
215,5,-0.00769043,0.00012207
215,6,0.000244141,-0.00305176
215,7,-0.0135498,0.00427246
215,8,0,-0.0246582
215,9,0.0179443,-0.0267334
215,10,0.0321045,-0.0169678
215,11,0.0318604,-0.00402832
215,12,0.0283203,-0.00646973
215,13,0.0305176,0.00305176
215,14,0.0124512,0.0107422
215,15,-0.00195312,0.0118408
215,16,-0.0178223,0.0107422
215,17,-0.00854492,-0.00769043
215,18,0.0159912,-0.0245361
215,19,0.0187988,-0.0216064
215,20,0.0219727,-0.0288086
215,21,0.0274658,-0.0238037
215,22,0.026001,-0.0250244
215,23,0.00866699,-0.0262451
215,24,-0.00585938,-0.0290527
215,25,-0.013916,0.00158691
215,26,-0.0175781,0.0217285
215,27,-0.0100098,0.0275879
215,28,-0.00427246,0.0272217
215,29,0.00732422,0.0307617
215,30,0.0202637,0.0181885
215,31,0.0177002,-0.00708008
215,32,0,-0.00476074
215,33,-0.00439453,-0.00292969
215,34,-0.0224609,-0.012085
215,35,-0.0332031,-0.00732422
215,36,-0.0291748,-0.00488281
215,37,-0.0311279,-0.00610352
215,38,-0.036377,0.00622559
215,39,-0.0294189,0.00488281
215,40,0.0200195,-0.000366211
215,41,0.0213623,-0.00549316
215,42,-0.00927734,-0.00732422
215,43,-0.0292969,-0.00268555
215,44,-0.0391846,-0.000366211
215,45,-0.0356445,0.00244141
215,46,-0.0513916,0.0065918
215,47,-0.0300293,0.000244141
216,0,0.0299072,-0.00964355
216,1,0.0379639,-0.00561523
216,2,0.0378418,-0.0131836
216,3,0.03125,-0.00671387
216,4,-0.0285645,0.0128174
216,5,-0.0125732,0.00317383
216,6,0.00317383,-0.0108643
216,7,-0.000854492,-0.0196533
216,8,0.0102539,0.00671387
216,9,0.0115967,0.019165
216,10,-0.00109863,0.020874
216,11,-0.00402832,0.0196533
216,12,-0.00756836,0.015625
216,13,-0.0141602,0.0114746
216,14,-0.0197754,0.00402832
216,15,-0.0141602,-0.00695801
216,16,0.0100098,-0.0270996
216,17,-0.00695801,-0.0300293
216,18,-0.0301514,-0.0253906
216,19,-0.0302734,-0.0197754
216,20,-0.0379639,-0.0177002
216,21,-0.0350342,-0.00708008
216,22,-0.0297852,0.00427246
216,23,-0.0185547,0.0153809
216,24,0.00598145,0.0194092
216,25,-0.00500488,0.0205078
216,26,-0.0123291,0.0205078
216,27,-0.0206299,0.0222168
216,28,-0.019165,0.0235596
216,29,-0.0234375,0.015625
216,30,-0.0281982,0.0124512
216,31,-0.0253906,-0.00537109
216,32,0.0300293,0.0180664
216,33,0.00598145,0.0098877
216,34,-0.00366211,0.00964355
216,35,-0.00854492,0.0118408
216,36,-0.013916,0.0032959
216,37,-0.0228271,0.00622559
216,38,-0.0333252,0.00109863
216,39,-0.0090332,-0.0114746
216,40,-0.0159912,-0.0065918
216,41,-0.00134277,0.0125732
216,42,0.0305176,0.00109863
216,43,0.0322266,-0.00744629
216,44,0.0327148,-0.00952148
216,45,0.0211182,-0.00756836
216,46,-0.00439453,-0.0159912
216,47,-0.0332031,-0.00268555
217,0,-0.0158691,-0.00744629
217,1,-0.0113525,-0.000488281
217,2,-0.00463867,0.00463867
217,3,-0.00292969,-0.000610352
217,4,-0.00463867,0.00012207
217,5,-0.000976562,-0.00244141
217,6,-0.00305176,-0.00378418
217,7,-0.00891113,-0.0045166
217,8,0.00158691,-0.00683594
217,9,0.00500488,-0.00512695
217,10,0.0234375,-0.00830078
217,11,0.0229492,-0.00830078
217,12,0.0189209,-0.0045166
217,13,0.0172119,-0.0032959
217,14,0.00598145,-0.000732422
217,15,0.00146484,0.000976562
217,16,-0.00598145,0.00610352
217,17,0.00439453,0.0107422
217,18,0.00756836,0.00512695
217,19,0.00500488,0.0032959
217,20,-0.0012207,0.00708008
217,21,-0.00146484,0.00488281
217,22,-0.0045166,0.00915527
217,23,0.0101318,0.0130615
217,24,0.0213623,0.0106201
217,25,0.0157471,0.0140381
217,26,0.00427246,0.0118408
217,27,-0.00231934,0.0140381
217,28,-0.00317383,0.0130615
217,29,-0.0020752,0.0194092
217,30,-0.0108643,0.0203857
217,31,-0.0119629,0.0163574
217,32,-0.0125732,-0.00390625
217,33,-0.000976562,0.00195312
217,34,0.0135498,0.0057373
217,35,0.0135498,0.0113525
217,36,0.0136719,0.0108643
217,37,0.0194092,0.012085
217,38,0.0164795,0.00878906
217,39,0.00256348,0.0090332
217,40,0.0155029,0.0012207
217,41,0.0101318,-0.0195312
217,42,-0.00866699,-0.0323486
217,43,-0.0140381,-0.027832
217,44,-0.0162354,-0.0238037
217,45,-0.0137939,-0.0131836
217,46,-0.0102539,0.0020752
217,47,0.0230713,0.0198975
218,0,-0.0129395,0.00134277
218,1,-0.00805664,-0.00500488
218,2,0.00378418,-0.00317383
218,3,-0.0012207,-0.00439453
218,4,0.0012207,0.00366211
218,5,-0.00317383,-0.000976562
218,6,0.000732422,0.00744629
218,7,-0.00219727,0.00512695
218,8,0.00109863,-0.00512695
218,9,0,-0.00280762
218,10,0.00183105,-0.0032959
218,11,-0.000610352,0
218,12,-0.000854492,-0.00146484
218,13,0,-0.000854492
218,14,-0.0032959,0.00610352
218,15,-0.00512695,0.00402832
218,16,-0.00402832,-0.000976562
218,17,-0.00500488,-0.00183105
218,18,-0.00415039,-0.00646973
218,19,-0.00390625,-0.000854492
218,20,-0.00256348,-0.00109863
218,21,0.00158691,-0.00244141
218,22,-0.00878906,0.00231934
218,23,-0.0109863,0.00866699
218,24,-0.0090332,0.00622559
218,25,-0.00695801,0.00793457
218,26,0.00109863,0.00610352
218,27,-0.0012207,0.00708008
218,28,-0.00170898,0.00427246
218,29,0.00012207,0.00512695
218,30,-0.00183105,0.00366211
218,31,-0.00598145,0.00183105
218,32,0.00390625,0.00561523
218,33,0.00463867,0
218,34,0.00805664,-0.00195312
218,35,0.0112305,-0.00109863
218,36,0.0100098,-0.0032959
218,37,0.00390625,-0.0032959
218,38,0.00219727,-0.00561523
218,39,0.00195312,-0.0012207
218,40,0.00427246,0.0201416
218,41,0.020874,0.0267334
218,42,0.0152588,0.0102539
218,43,0.0137939,0.00195312
218,44,0.00964355,0.00231934
218,45,0.00170898,-0.000366211
218,46,-0.00976562,-0.00537109
218,47,-0.022583,0.00415039
219,0,-0.0137939,-0.019165
219,1,-0.0179443,-0.0216064
219,2,-0.013916,-0.0222168
219,3,-0.0157471,-0.0216064
219,4,0.0113525,0.0213623
219,5,0.00378418,0.0090332
219,6,-0.0106201,-0.0167236
219,7,-0.0124512,-0.00854492
219,8,-0.00537109,-0.00695801
219,9,0.00708008,0.00170898
219,10,0.000488281,-0.000976562
219,11,0.00109863,-0.000732422
219,12,-0.00439453,0.00109863
219,13,-0.00512695,0.00158691
219,14,-0.0065918,-0.00195312
219,15,-0.0158691,-0.010498
219,16,-0.0107422,0.00695801
219,17,-0.0161133,0.00878906
219,18,-0.0123291,0.020874
219,19,-0.00280762,0.0201416
219,20,-0.00756836,0.0231934
219,21,-0.00109863,0.0240479
219,22,0.00500488,0.0163574
219,23,0.00646973,0.00415039
219,24,0.0108643,-0.00341797
219,25,0.0131836,0.00683594
219,26,0.010498,0.00708008
219,27,0.00634766,0.0078125
219,28,-0.00280762,0.0100098
219,29,0.000976562,0.0112305
219,30,-0.0065918,0.0144043
219,31,-0.00769043,0.0098877
219,32,0.00292969,0.000976562
219,33,0.00732422,0.00134277
219,34,0.0180664,-0.00390625
219,35,0.0170898,-0.0012207
219,36,0.013916,0.000610352
219,37,0.0130615,0.00195312
219,38,0.0065918,0.00537109
219,39,-0.00427246,0.00695801
219,40,-0.0174561,-0.00317383
219,41,-0.0098877,0.00854492
219,42,-0.00463867,0.00878906
219,43,-0.0032959,0.00830078
219,44,-0.00134277,0.010498
219,45,0.00012207,0.00708008
219,46,-0.00366211,0.00842285
219,47,0.00134277,0.000610352
220,0,-0.0153809,0.00524902
220,1,0.00280762,0.00537109
220,2,0.0140381,0.00292969
220,3,0.0133057,0.00524902
220,4,-0.0135498,0.00268555
220,5,-0.0078125,0.00231934
220,6,-0.000366211,-0.00561523
220,7,-0.010376,-0.0107422
220,8,-0.00817871,-0.0100098
220,9,-0.00598145,-0.00622559
220,10,0.00463867,-0.00134277
220,11,0.00634766,-0.000366211
220,12,0.00305176,-0.0107422
220,13,0.00158691,0.00524902
220,14,0.0012207,0.000976562
220,15,-0.00610352,-0.000366211
220,16,-0.0195312,-0.0065918
220,17,-0.010376,-0.0109863
220,18,0.00756836,-0.0112305
220,19,0.0135498,-0.00537109
220,20,0.00439453,-0.00720215
220,21,0.00598145,-0.00817871
220,22,0.0113525,-0.0140381
220,23,0.013916,-0.0177002
220,24,0.00463867,-0.00341797
220,25,-0.00439453,-0.00756836
220,26,-0.0150146,0.00537109
220,27,-0.0157471,0.012085
220,28,-0.0108643,0.0140381
220,29,-0.012207,0.0108643
220,30,-0.0109863,0.0090332
220,31,-0.0101318,-0.00195312
220,32,-0.0098877,0.0152588
220,33,0.00427246,0.00183105
220,34,0.00500488,-0.00817871
220,35,0.00195312,0.00280762
220,36,-0.00646973,0.00268555
220,37,-0.00134277,-0.00549316
220,38,0.0020752,-0.00305176
220,39,-0.000976562,-0.0057373
220,40,0.00109863,-0.0102539
220,41,-0.00817871,-0.0057373
220,42,-0.0145264,-0.00390625
220,43,-0.00732422,-0.00268555
220,44,-0.00927734,0.0045166
220,45,-0.00671387,0.00109863
220,46,0.00109863,-0.00305176
220,47,-0.0020752,-0.00842285
221,0,0.00244141,-0.00866699
221,1,0.00012207,-0.00500488
221,2,-0.010376,0.000610352
221,3,-0.00354004,0.0057373
221,4,0.00744629,0.00244141
221,5,0.00170898,-0.000366211
221,6,-0.00146484,0.00512695
221,7,0.00537109,0.00793457
221,8,-0.00256348,0.0137939
221,9,-0.00183105,0.0113525
221,10,-0.0045166,0.00976562
221,11,-0.00830078,0.00769043
221,12,-0.00854492,0.00402832
221,13,-0.0065918,-0.00683594
221,14,-0.000854492,-0.00537109
221,15,0.00830078,-0.00646973
221,16,0.00769043,-0.00341797
221,17,0.00866699,-0.00292969
221,18,0.00537109,0.00524902
221,19,-0.00109863,0.00939941
221,20,0.00012207,0.0102539
221,21,-0.00402832,0.00561523
221,22,-0.00195312,0.0065918
221,23,0.00378418,0.00622559
221,24,0.00305176,0.00634766
221,25,0.0065918,-0.00195312
221,26,0.0090332,-0.0057373
221,27,0.00598145,-0.00927734
221,28,0.00939941,-0.0109863
221,29,0.00170898,-0.00732422
221,30,-0.0045166,-0.0032959
221,31,-0.00305176,0.00708008
221,32,0.0112305,-0.0135498
221,33,0.00512695,-0.00170898
221,34,0.00646973,-0.000366211
221,35,0.00891113,-0.00793457
221,36,0.00439453,-0.00158691
221,37,0.00268555,-0.00317383
221,38,0.00830078,-0.0012207
221,39,0.00366211,-0.00354004
221,40,0.00476074,-0.00415039
221,41,-0.00366211,0.00378418
221,42,-0.0113525,0.00512695
221,43,-0.00219727,0.000854492
221,44,-0.00158691,0.00598145
221,45,-0.0020752,-0.000854492
221,46,-0.00634766,0.00183105
221,47,-0.00634766,0.00012207
222,0,-0.00195312,-0.00183105
222,1,-0.00268555,0.00634766
222,2,-0.00256348,-0.00305176
222,3,-0.00427246,0.00146484
222,4,0.0045166,0.00317383
222,5,-0.00146484,0.0012207
222,6,-0.00305176,-0.000854492
222,7,-0.00378418,-0.0114746
222,8,0.00158691,-0.00695801
222,9,0.000732422,-0.00537109
222,10,0.00671387,-0.00354004
222,11,0.00366211,-0.00012207
222,12,0.00268555,-0.00292969
222,13,0.00341797,0.000732422
222,14,-0.00317383,-0.00134277
222,15,-0.00231934,-0.0032959
222,16,-0.00012207,-0.000854492
222,17,0.00622559,-0.00427246
222,18,0.00720215,-0.00891113
222,19,0.0111084,-0.00195312
222,20,0.00842285,-0.00720215
222,21,0.0065918,-0.00390625
222,22,0.00598145,-0.00305176
222,23,-0.00366211,-0.00354004
222,24,-0.00134277,-0.00244141
222,25,-0.000976562,-0.00280762
222,26,-0.00415039,-0.00280762
222,27,-0.00402832,0
222,28,-0.00512695,0.000610352
222,29,-0.00524902,0.00170898
222,30,-0.00109863,-0.00256348
222,31,0.0020752,-0.0118408
222,32,-0.000610352,-0.00305176
222,33,-0.00354004,-0.00415039
222,34,-0.00463867,0.00500488
222,35,-0.00158691,-0.00012207
222,36,-0.00463867,-0.000610352
222,37,-0.00463867,0.00415039
222,38,-0.00537109,0.00366211
222,39,-0.00134277,0.000488281
222,40,0.00195312,-0.00463867
222,41,0.00805664,-0.00390625
222,42,0.00439453,0.000610352
222,43,0.000488281,-0.00415039
222,44,-0.00317383,-0.000488281
222,45,0.000732422,-0.00305176
222,46,-0.00231934,0.00256348
222,47,-0.0102539,0.00134277
223,0,0.00854492,-0.0133057
223,1,-0.00170898,-0.0111084
223,2,0.000976562,-0.0102539
223,3,-0.00305176,-0.000732422
223,4,-0.00256348,0.00305176
223,5,0.000976562,0.00195312
223,6,-0.00524902,0.00463867
223,7,-0.012085,0.00964355
223,8,-0.00268555,0.00524902
223,9,-0.0107422,-0.00109863
223,10,-0.00695801,-0.00500488
223,11,-0.00561523,-0.00744629
223,12,-0.00500488,-0.0123291
223,13,-0.00268555,-0.00378418
223,14,0.00366211,-0.00598145
223,15,-0.00183105,0.000732422
223,16,0.000610352,0.0032959
223,17,-0.00585938,0.00439453
223,18,-0.00842285,0.0129395
223,19,-0.00927734,0.00622559
223,20,-0.0123291,0.00817871
223,21,-0.00793457,0.00366211
223,22,-0.0102539,-0.00427246
223,23,-0.00561523,-0.00268555
223,24,-0.00476074,-0.000366211
223,25,-0.00292969,0.00708008
223,26,0.00195312,0.000488281
223,27,0.0101318,0
223,28,0.00561523,0
223,29,0.0032959,-0.00427246
223,30,0.00366211,-0.0032959
223,31,-0.0117188,0.00158691
223,32,0.00744629,0.00195312
223,33,0.00561523,-0.000976562
223,34,0.00585938,-0.00231934
223,35,0.00305176,0.00488281
223,36,0.00732422,0.00537109
223,37,0.0090332,-0.00012207
223,38,-0.00012207,0.000732422
223,39,0.00402832,0.00598145
223,40,-0.00292969,0.0115967
223,41,-0.00793457,0.0140381
223,42,-0.000244141,0.00878906
223,43,-0.00610352,0.0113525
223,44,-0.00549316,0.015625
223,45,-0.00183105,0.00524902
223,46,0,-0.000244141
223,47,-0.00012207,-0.00390625
224,0,0.00109863,-0.00109863
224,1,0.000244141,-0.00341797
224,2,-0.00744629,-0.00549316
224,3,-0.00732422,-0.00756836
224,4,-0.00012207,0.0098877
224,5,0.00109863,0.00598145
224,6,-0.00317383,-0.00524902
224,7,-0.010376,-0.000366211
224,8,-0.00952148,-0.000366211
224,9,0.00512695,-0.00512695
224,10,0.00756836,-0.00622559
224,11,0.00585938,-0.00354004
224,12,0.0151367,-0.00756836
224,13,0.00598145,-0.00805664
224,14,0.00415039,-0.00390625
224,15,0.0078125,-0.0032959
224,16,-0.00390625,0.00476074
224,17,-0.00610352,0.00415039
224,18,-0.00439453,0.00341797
224,19,-0.00524902,0.000854492
224,20,-0.00219727,-0.00354004
224,21,0.000610352,0.00305176
224,22,-0.00183105,-0.00769043
224,23,-0.00561523,-0.00439453
224,24,-0.00866699,-0.00439453
224,25,-0.00854492,0.00439453
224,26,0.00488281,0.00439453
224,27,-0.00158691,0.00646973
224,28,0.00842285,0.00305176
224,29,0.00646973,-0.000732422
224,30,0.0032959,-0.0129395
224,31,-0.000244141,-0.00866699
224,32,0.00695801,0.00427246
224,33,-0.000366211,0.00476074
224,34,-0.00598145,0.012207
224,35,0.00195312,0.00952148
224,36,-0.00415039,0.00793457
224,37,0.00109863,0.00744629
224,38,0.00146484,0.00390625
224,39,0.00109863,0.00305176
224,40,-0.00354004,0.00817871
224,41,-0.00219727,-0.00109863
224,42,-0.0119629,-0.00256348
224,43,-0.0117188,-0.00317383
224,44,-0.00378418,-0.00756836
224,45,-0.0112305,-0.000366211
224,46,-0.0144043,-0.00842285
224,47,-0.00305176,-0.00561523
225,0,0.00939941,-0.0130615
225,1,-0.00305176,-0.0141602
225,2,-0.0020752,-0.0057373
225,3,-0.00109863,-0.00256348
225,4,0.00476074,0.00952148
225,5,0.0012207,0.00183105
225,6,-0.00585938,-0.00195312
225,7,-0.00708008,0.00708008
225,8,-0.00366211,0.00244141
225,9,-0.0020752,-0.000610352
225,10,0.00219727,-0.00280762
225,11,0.000488281,-0.00683594
225,12,0.000488281,-0.000488281
225,13,0.00378418,-0.00195312
225,14,-0.00268555,-0.00463867
225,15,-0.00463867,-0.00244141
225,16,-0.00146484,-0.00671387
225,17,-0.0057373,-0.00109863
225,18,-0.00854492,0.00390625
225,19,-0.00769043,0.00976562
225,20,-0.0078125,0.0133057
225,21,-0.00476074,0.00634766
225,22,-0.00878906,0.0129395
225,23,-0.00292969,0.0057373
225,24,-0.00183105,0.0123291
225,25,0.00244141,0.00292969
225,26,0.00341797,-0.00195312
225,27,0.00891113,0.00195312
225,28,0.00622559,-0.0032959
225,29,0.00012207,-0.000366211
225,30,-0.00231934,-0.0032959
225,31,-0.00244141,-0.00109863
225,32,0.00976562,-0.00817871
225,33,0.00292969,-0.00012207
225,34,0.000732422,-0.00341797
225,35,-0.0012207,-0.00341797
225,36,0.000732422,0
225,37,-0.00549316,-0.00244141
225,38,0.0032959,0.00378418
225,39,-0.0065918,-0.00134277
225,40,-0.0065918,-0.00524902
225,41,0.00012207,0.000488281
225,42,0.000976562,0.00341797
225,43,0,0.00354004
225,44,0.00256348,0.00891113
225,45,-0.00341797,0.00292969
225,46,0,0.00170898
225,47,-0.0032959,0.00158691
226,0,-0.00537109,0.00671387
226,1,-0.00280762,-0.00195312
226,2,0.00280762,-0.00183105
226,3,0.00158691,-0.00830078
226,4,-0.00476074,0.00488281
226,5,0.000610352,0.00146484
226,6,-0.00402832,-0.00170898
226,7,-0.00439453,-0.00219727
226,8,-0.00524902,-0.00183105
226,9,0.000854492,-0.0032959
226,10,0.00634766,-0.00476074
226,11,0.00463867,-0.00427246
226,12,0.00866699,-0.00341797
226,13,0.0113525,-0.00622559
226,14,0.00561523,0.00537109
226,15,-0.00537109,0.0045166
226,16,-0.0133057,-0.00244141
226,17,-0.00244141,0.000732422
226,18,0.000488281,0.000732422
226,19,-0.00439453,-0.00158691
226,20,0.00354004,-0.000854492
226,21,0.00012207,0.00268555
226,22,0.0078125,-0.00463867
226,23,0.00952148,-0.00390625
226,24,-0.0032959,-0.00341797
226,25,-0.00195312,-0.00769043
226,26,-0.00488281,-0.00158691
226,27,0.00146484,-0.00134277
226,28,0.00256348,0.00708008
226,29,0.00170898,0.00549316
226,30,-0.00012207,-0.00622559
226,31,-0.00622559,-0.00256348
226,32,-0.00317383,0.00537109
226,33,-0.00268555,-0.000854492
226,34,-0.00183105,0.00354004
226,35,-0.00463867,-0.000854492
226,36,-0.0065918,0.0012207
226,37,-0.00415039,0.00476074
226,38,-0.00891113,0.000854492
226,39,-0.00695801,0.00744629
226,40,-0.00939941,0.00463867
226,41,0.00622559,-0.00500488
226,42,0.000244141,-0.00476074
226,43,-0.000366211,0.000854492
226,44,-0.000366211,-0.00317383
226,45,-0.00305176,-0.00524902
226,46,-0.00183105,-0.00927734
226,47,0.00366211,-0.00402832
227,0,0.00866699,-0.00915527
227,1,-0.00378418,-0.00598145
227,2,-0.0142822,-0.0109863
227,3,-0.0155029,-0.013916
227,4,0.0164795,0.0119629
227,5,0.0057373,0.00561523
227,6,-0.00964355,0.00280762
227,7,0.0020752,0.00488281
227,8,-0.012207,0.00805664
227,9,-0.0150146,-0.00012207
227,10,-0.00561523,-0.00219727
227,11,-0.00634766,-0.00854492
227,12,-0.00415039,-0.0045166
227,13,-0.0032959,-0.0090332
227,14,0.00939941,-0.0114746
227,15,0.0212402,-0.00671387
227,16,0.00744629,0.00817871
227,17,0.0057373,0.0111084
227,18,-0.00634766,0.00891113
227,19,-0.00964355,0.00109863
227,20,-0.0108643,0.0045166
227,21,-0.00939941,0.00830078
227,22,-0.0140381,0.00341797
227,23,-0.0148926,-0.00244141
227,24,-0.0151367,0.0100098
227,25,-0.00463867,0.0150146
227,26,0.0118408,0.00891113
227,27,0.0123291,-0.00500488
227,28,0.0133057,-0.00268555
227,29,0.00683594,-0.00415039
227,30,-0.0136719,-0.00805664
227,31,-0.0090332,0.00170898
227,32,0.0117188,0.00500488
227,33,0.00866699,0.00439453
227,34,0.00537109,0.0163574
227,35,0.0098877,0.0109863
227,36,0.00598145,0.0078125
227,37,0.0130615,0.00964355
227,38,0.0100098,0.00439453
227,39,0.0128174,0.000488281
227,40,0.00585938,0.012085
227,41,0.00366211,0.00683594
227,42,-0.00488281,0.00744629
227,43,-0.0100098,0.00280762
227,44,-0.00952148,0.00341797
227,45,-0.00817871,0.00183105
227,46,-0.010498,0.0078125
227,47,-0.0161133,0.0057373
228,0,-0.0410156,-0.0219727
228,1,-0.0400391,0.0045166
228,2,-0.0213623,0.0307617
228,3,-0.0136719,0.0389404
228,4,0.00891113,-0.041626
228,5,-0.000244141,-0.0216064
228,6,0.0174561,0.02771
228,7,0.0339355,0.0150146
228,8,0.0325928,0.0288086
228,9,0.0167236,0.0410156
228,10,-0.00646973,0.039917
228,11,-0.0174561,0.0354004
228,12,-0.0228271,0.0290527
228,13,-0.0367432,0.012207
228,14,-0.0351562,-0.0152588
228,15,-0.0371094,-0.0428467
228,16,0.0147705,-0.0380859
228,17,0.0246582,-0.0222168
228,18,0.0317383,-0.00524902
228,19,0.0192871,0.0032959
228,20,0.0275879,0.00708008
228,21,0.0220947,0.0107422
228,22,0.0150146,0.0394287
228,23,0.00219727,0.0484619
228,24,0.0345459,0.0388184
228,25,0.0340576,-0.00830078
228,26,0.00305176,-0.0349121
228,27,-0.00927734,-0.0418701
228,28,-0.019165,-0.0284424
228,29,-0.0272217,-0.0253906
228,30,-0.0283203,0.0135498
228,31,0.0109863,0.0355225
228,32,-0.00170898,-0.0301514
228,33,-0.00109863,-0.00842285
228,34,0.00622559,-0.0244141
228,35,0.00610352,-0.0303955
228,36,0.00292969,-0.0281982
228,37,0.00744629,-0.034668
228,38,0.00866699,-0.0377197
228,39,0.00476074,-0.0349121
228,40,0.0161133,-0.020752
228,41,0.0235596,-0.00671387
228,42,0.0263672,0.00891113
228,43,0.0231934,0.0146484
228,44,0.0238037,0.017334
228,45,0.0236816,0.0180664
228,46,0.0163574,0.0301514
228,47,0.00915527,0.0429688
229,0,0.029541,0.00427246
229,1,0.0181885,-0.00720215
229,2,0.0065918,-0.00817871
229,3,0.00195312,-0.00524902
229,4,0.00341797,0.00683594
229,5,0.00476074,0.00378418
229,6,-0.0146484,0.00634766
229,7,-0.010498,0.0231934
229,8,-0.0065918,0.0146484
229,9,-0.0180664,-0.0111084
229,10,-0.0256348,-0.0334473
229,11,-0.0167236,-0.0296631
229,12,-0.0164795,-0.0310059
229,13,-0.00683594,-0.0286865
229,14,0.00793457,-0.00378418
229,15,0.0378418,0.0228271
229,16,0.0101318,0.0566406
229,17,0.00952148,0.0610352
229,18,-0.00695801,0.0466309
229,19,-0.00695801,0.0253906
229,20,-0.00915527,0.0253906
229,21,-0.0128174,0.00732422
229,22,-0.0147705,-0.0283203
229,23,-0.00317383,-0.052002
229,24,-0.0286865,-0.0292969
229,25,-0.0247803,0.00463867
229,26,-0.00402832,0.00012207
229,27,0.000488281,-0.00366211
229,28,-0.00402832,-0.0098877
229,29,-0.00366211,-0.0129395
229,30,-0.00439453,-0.0152588
229,31,-0.0166016,-0.00378418
229,32,0.0196533,0.0151367
229,33,0.0150146,0.00244141
229,34,0.0102539,0.00463867
229,35,0.00378418,-0.00158691
229,36,0.0065918,-0.00231934
229,37,0.00402832,-0.00585938
229,38,0.000732422,-0.0057373
229,39,0.0090332,0.0170898
229,40,0.0102539,0.0661621
229,41,-0.00268555,0.050415
229,42,-0.0194092,0.0327148
229,43,-0.0187988,0.0231934
229,44,-0.0185547,0.0203857
229,45,-0.0205078,0.00598145
229,46,-0.0223389,-0.0239258
229,47,-0.00756836,-0.050293
230,0,-0.0250244,-0.00866699
230,1,-0.0194092,0.00488281
230,2,-0.000244141,0.0153809
230,3,0.00744629,0.0111084
230,4,-0.0102539,-0.00927734
230,5,-0.0101318,-0.00158691
230,6,0.0145264,-0.00732422
230,7,0.0181885,-0.0352783
230,8,0.0169678,-0.0186768
230,9,0.0217285,0.0227051
230,10,0.0202637,0.0421143
230,11,0.0124512,0.0390625
230,12,0.00842285,0.0377197
230,13,0.00769043,0.036377
230,14,-0.012207,-0.00219727
230,15,-0.0317383,-0.03125
230,16,0.0228271,-0.0472412
230,17,0.0146484,-0.0316162
230,18,-0.00280762,-0.0141602
230,19,-0.00878906,-0.00219727
230,20,-0.00756836,-0.000732422
230,21,-0.00720215,0.012207
230,22,0.00439453,0.0286865
230,23,0.0175781,0.0426025
230,24,0.0541992,0.0098877
230,25,0.0430908,-0.0219727
230,26,0.00427246,-0.0109863
230,27,-0.0203857,0.00671387
230,28,-0.0292969,0.0106201
230,29,-0.0354004,0.0274658
230,30,-0.0168457,0.0528564
230,31,0.0266113,0.0168457
230,32,0.000732422,-0.0108643
230,33,0.00744629,-0.00390625
230,34,0.0216064,-0.000488281
230,35,0.0313721,-0.0115967
230,36,0.0334473,-0.00976562
230,37,0.02771,-0.0150146
230,38,0.0247803,-0.0324707
230,39,0.0118408,-0.0458984
230,40,0.0246582,-0.0687256
230,41,0.0178223,-0.0610352
230,42,0.00732422,-0.032959
230,43,0.00915527,-0.0206299
230,44,0.0101318,-0.0164795
230,45,0.00634766,-0.00170898
230,46,0.0258789,0.0106201
230,47,0.0267334,0.0350342
231,0,0.0262451,-0.00561523
231,1,0.0187988,-0.00476074
231,2,0.0172119,0.00537109
231,3,0.0157471,0.00683594
231,4,-0.012085,-0.00500488
231,5,-0.00646973,-0.00427246
231,6,0.0140381,0.00805664
231,7,0.0212402,0.00695801
231,8,0.0290527,0.0090332
231,9,0.0266113,-0.00439453
231,10,-0.000732422,-0.0174561
231,11,-0.0090332,-0.0161133
231,12,-0.0115967,-0.0183105
231,13,-0.022583,-0.022583
231,14,-0.0233154,-0.00671387
231,15,-0.0195312,0.0147705
231,16,0.0128174,0.0151367
231,17,-0.00537109,0.00744629
231,18,-0.0136719,-0.0020752
231,19,-0.00695801,-0.0012207
231,20,-0.00891113,-0.00708008
231,21,0.000366211,-0.00878906
231,22,0.0109863,-0.0131836
231,23,0.026001,-0.0283203
231,24,0.0289307,-0.000488281
231,25,0.017334,0.032959
231,26,-0.0107422,0.0263672
231,27,-0.0119629,0.0180664
231,28,-0.0175781,0.0192871
231,29,-0.0250244,0.00354004
231,30,-0.0118408,-0.024292
231,31,0.00708008,-0.0234375
231,32,0.0294189,-0.019043
231,33,0.00476074,-0.0102539
231,34,-0.0124512,-0.0168457
231,35,-0.0228271,-0.00317383
231,36,-0.0209961,0.00231934
231,37,-0.0252686,0.00671387
231,38,-0.0350342,0.0267334
231,39,-0.0255127,0.0355225
231,40,0.0106201,0.039917
231,41,0.0114746,0.0332031
231,42,0.0150146,0.0111084
231,43,0.0184326,-0.000488281
231,44,0.010498,-0.00366211
231,45,0.00622559,-0.0152588
231,46,0.00915527,-0.034668
231,47,0.00927734,-0.0479736
232,0,0.00268555,0.00183105
232,1,0.00952148,-0.00842285
232,2,0.00305176,-0.010498
232,3,-0.00170898,-0.0123291
232,4,0.00170898,0.0108643
232,5,0.00354004,0.00561523
232,6,-0.00830078,-0.012085
232,7,-0.00695801,-0.00317383
232,8,-0.0217285,0.00927734
232,9,-0.0163574,0.00109863
232,10,-0.0172119,-0.00366211
232,11,-0.0090332,-0.00158691
232,12,-0.00805664,0.000976562
232,13,-0.00610352,0.00109863
232,14,0.0020752,0.0109863
232,15,0.012085,0.0112305
232,16,0.000976562,0.00708008
232,17,0.00952148,0.0136719
232,18,0.0106201,0.0166016
232,19,0.0032959,0.0159912
232,20,-0.00195312,0.010376
232,21,0.00183105,0.0098877
232,22,-0.00439453,-0.00439453
232,23,-0.0151367,-0.00427246
232,24,-0.0101318,-0.0177002
232,25,-0.000488281,-0.0151367
232,26,0.00732422,-0.00488281
232,27,0.00830078,0.00500488
232,28,0.00793457,-0.00109863
232,29,0.00720215,0.00671387
232,30,0.00354004,0.00842285
232,31,-0.00708008,0.00183105
232,32,-0.00634766,0.00317383
232,33,-0.00158691,0.00878906
232,34,0.0224609,0.0078125
232,35,0.0146484,0.0114746
232,36,0.0223389,0.0124512
232,37,0.026001,0.012207
232,38,0.0167236,0.00952148
232,39,0.00695801,0.00195312
232,40,-0.0159912,-0.0107422
232,41,-0.0196533,-0.00830078
232,42,-0.0145264,0.00158691
232,43,-0.0130615,0.00927734
232,44,-0.0107422,0.0065918
232,45,-0.00610352,0.00927734
232,46,-0.00610352,0.0106201
232,47,-0.0131836,0.000732422
233,0,0.0090332,0.0012207
233,1,-0.000366211,-0.00268555
233,2,-0.00683594,0.00390625
233,3,-0.0100098,0.0032959
233,4,0.0100098,-0.00671387
233,5,0.00244141,-0.00695801
233,6,-0.00402832,0.00524902
233,7,-0.00158691,0.0057373
233,8,0.00671387,0.00500488
233,9,0.00219727,0.00268555
233,10,0.00683594,-0.0020752
233,11,0.00378418,-0.00341797
233,12,0.00366211,-0.00561523
233,13,0.00427246,-0.00170898
233,14,0.0020752,-0.0012207
233,15,0.00927734,-0.00292969
233,16,0.00976562,-0.00402832
233,17,-0.00158691,0.0012207
233,18,-0.010376,0.00805664
233,19,-0.00622559,0.00109863
233,20,-0.0119629,0.0078125
233,21,-0.0137939,0.00708008
233,22,-0.00463867,0.00415039
233,23,-0.00219727,-0.00378418
233,24,0.00415039,0.000488281
233,25,0.0115967,0.00549316
233,26,0.00927734,0.00341797
233,27,0.00915527,0.00976562
233,28,0.00488281,0.00280762
233,29,0.00598145,0.00427246
233,30,0.000244141,-0.000244141
233,31,-0.00183105,-0.000976562
233,32,0.010376,-0.00390625
233,33,-0.00183105,-0.00292969
233,34,-0.00439453,-0.00219727
233,35,-0.0090332,-0.00146484
233,36,-0.00805664,-0.0032959
233,37,-0.00854492,-0.00231934
233,38,0.00866699,0.0057373
233,39,0.00842285,0.0065918
233,40,0.0168457,0.00488281
233,41,0.0145264,-0.000366211
233,42,0.00939941,-0.00805664
233,43,0.00231934,-0.0078125
233,44,0.00488281,-0.0118408
233,45,0.00317383,-0.0115967
233,46,0,-0.0124512
233,47,-0.00830078,-0.00646973
234,0,-0.00598145,-0.00695801
234,1,0.00170898,-0.00170898
234,2,0.00231934,-0.0020752
234,3,0.00109863,-0.000488281
234,4,0.00158691,-0.0020752
234,5,0.00158691,-0.000244141
234,6,-0.00427246,0.00195312
234,7,-0.0102539,0.00732422
234,8,0.00415039,0.00952148
234,9,0.000732422,0.0032959
234,10,-0.000488281,-0.000732422
234,11,-0.00561523,-0.0020752
234,12,-0.00280762,-0.00524902
234,13,-0.00610352,-0.00158691
234,14,-0.00646973,-0.0057373
234,15,-0.00317383,-0.000610352
234,16,-0.00842285,0.0012207
234,17,-0.000976562,0.00305176
234,18,0.00390625,0.00793457
234,19,-0.00195312,0.00549316
234,20,0.00463867,0.00976562
234,21,-0.00292969,0.00744629
234,22,0.00292969,0.00512695
234,23,-0.0020752,0.00366211
234,24,0.000732422,-0.000976562
234,25,-0.00598145,-0.00134277
234,26,-0.00390625,-0.00598145
234,27,-0.00549316,-0.00402832
234,28,-0.00195312,-0.00610352
234,29,-0.0020752,-0.00415039
234,30,0.00292969,0.00268555
234,31,-0.000732422,0.00646973
234,32,-0.00158691,0.0012207
234,33,0,-0.000854492
234,34,0.00292969,-0.00195312
234,35,0.00256348,0
234,36,0.000488281,-0.00415039
234,37,0.00292969,0.000610352
234,38,-0.00256348,-0.00170898
234,39,-0.00415039,0.00500488
234,40,-0.00671387,-0.00146484
234,41,0.000854492,0.00488281
234,42,0.00390625,-0.00366211
234,43,0.000732422,0.00012207
234,44,0.000488281,0.00146484
234,45,0.00341797,-0.0020752
234,46,0.000244141,0.00256348
234,47,-0.00183105,0.00219727
235,0,-0.0102539,-0.00109863
235,1,-0.0106201,0.000488281
235,2,-0.00354004,-0.00268555
235,3,-0.0057373,0.000976562
235,4,0.000732422,-0.00183105
235,5,0.00256348,-0.00244141
235,6,0.00134277,0.00524902
235,7,0.00195312,0.00305176
235,8,0.00231934,0.0078125
235,9,-0.00244141,0.00280762
235,10,0.000732422,0.00268555
235,11,-0.00280762,0.00134277
235,12,-0.00256348,0.00439453
235,13,0.00244141,0.00488281
235,14,0.00488281,0.00158691
235,15,0.000854492,-0.00317383
235,16,0.00769043,-0.00231934
235,17,0.00402832,0.00109863
235,18,0.00305176,-0.000854492
235,19,0.00354004,-0.00256348
235,20,-0.000732422,0.00219727
235,21,0.00012207,0.00549316
235,22,0.000610352,0.00292969
235,23,-0.00134277,0.00170898
235,24,0.00488281,0.00134277
235,25,0.00268555,0.000732422
235,26,0.00366211,-0.00366211
235,27,0.00170898,0.000976562
235,28,-0.000366211,-0.0065918
235,29,0.00146484,-0.00012207
235,30,-0.000366211,-0.00012207
235,31,-0.00341797,0.00244141
235,32,0.000732422,0.00109863
235,33,0,0.000488281
235,34,0.000610352,0.0032959
235,35,0.00183105,0.00183105
235,36,0.00305176,0.0012207
235,37,-0.00109863,0.00109863
235,38,0.00476074,-0.0012207
235,39,0.00463867,-0.00109863
235,40,0.00964355,-0.00976562
235,41,0.00146484,-0.00476074
235,42,-0.00268555,-0.00683594
235,43,-0.00378418,0.000244141
235,44,-0.00476074,0.000854492
235,45,-0.00268555,-0.00256348
235,46,0.00109863,0.00512695
235,47,0.00109863,0.00415039
236,0,0.00183105,-0.00390625
236,1,-0.00415039,-0.00354004
236,2,-0.000488281,-0.000366211
236,3,-0.00219727,-0.00256348
236,4,0.00170898,0.00256348
236,5,0.000976562,-0.0020752
236,6,-0.00280762,0.00610352
236,7,-0.00170898,0.00268555
236,8,0.00256348,0.0012207
236,9,-0.00378418,0.00244141
236,10,-0.00610352,0.00390625
236,11,-0.0057373,-0.00402832
236,12,-0.0032959,0.00268555
236,13,-0.00549316,-0.00439453
236,14,-0.00256348,-0.00427246
236,15,0.00317383,-0.00585938
236,16,0.00610352,-0.000732422
236,17,-0.00158691,-0.000610352
236,18,0.00390625,-0.0057373
236,19,0.00500488,-0.00390625
236,20,-0.0012207,0.0032959
236,21,-0.000732422,0.00390625
236,22,-0.0115967,-0.000610352
236,23,-0.00878906,-0.0020752
236,24,-0.00866699,0.00280762
236,25,-0.00317383,0.00195312
236,26,-0.00488281,-0.00292969
236,27,-0.000732422,0.000732422
236,28,-0.00195312,-0.00585938
236,29,-0.00305176,-0.00646973
236,30,-0.000610352,0.000976562
236,31,-0.00341797,0.00305176
236,32,0.00756836,0.0012207
236,33,-0.00109863,0.00146484
236,34,-0.000366211,0.00134277
236,35,-0.00256348,-0.00500488
236,36,-0.0012207,-0.00463867
236,37,-0.0065918,0.00622559
236,38,-0.00378418,-0.00280762
236,39,-0.00585938,-0.00170898
236,40,0.0032959,0.00830078
236,41,0.00305176,0.00927734
236,42,0.00146484,0.00769043
236,43,0.00183105,0.00476074
236,44,-0.00439453,0.010498
236,45,0.00170898,0.00170898
236,46,-0.0078125,-0.000488281
236,47,-0.00952148,0.00378418
237,0,-0.00012207,-0.00769043
237,1,-0.00317383,-0.00634766
237,2,-0.0078125,0.00012207
237,3,-0.00366211,-0.00146484
237,4,0.00842285,0.000488281
237,5,0.00146484,-0.00512695
237,6,-0.0012207,-0.000488281
237,7,-0.000244141,0.00793457
237,8,-0.00146484,0.00598145
237,9,-0.00109863,-0.00195312
237,10,-0.00195312,-0.00012207
237,11,-0.00817871,-0.000854492
237,12,0.000488281,-0.000488281
237,13,-0.0012207,-0.00256348
237,14,-0.00512695,-0.00305176
237,15,-0.000366211,-0.00390625
237,16,-0.00158691,-0.00183105
237,17,-0.00244141,0.00549316
237,18,0.000366211,0.00292969
237,19,0.000244141,0.00146484
237,20,0.0078125,0.0090332
237,21,0.00183105,0.0032959
237,22,-0.00415039,0.00524902
237,23,-0.00183105,0.00195312
237,24,-0.000854492,-0.00585938
237,25,0.00244141,-0.00244141
237,26,0.00439453,-0.000976562
237,27,0.0045166,-0.00439453
237,28,0.000366211,-0.000244141
237,29,-0.000610352,-0.00109863
237,30,-0.00134277,0.00524902
237,31,-0.0045166,0.00378418
237,32,0.00109863,-0.00488281
237,33,-0.000610352,-0.00158691
237,34,0.0032959,-0.000488281
237,35,0.00549316,-0.0065918
237,36,0.00549316,0.000244141
237,37,0.00341797,-0.000244141
237,38,0.00561523,-0.00500488
237,39,0.00244141,-0.00268555
237,40,-0.0012207,0.0032959
237,41,0.000366211,0.0020752
237,42,0.00378418,0.000732422
237,43,0.000244141,-0.000976562
237,44,-0.00244141,0.00598145
237,45,-0.00305176,-0.00012207
237,46,-0.00415039,0.00427246
237,47,-0.00683594,0.00219727
238,0,-0.00146484,-0.00268555
238,1,-0.0045166,-0.000610352
238,2,-0.00292969,0.000732422
238,3,-0.00305176,-0.00012207
238,4,0.000488281,-0.0012207
238,5,-0.00158691,0.00012207
238,6,-0.0020752,-0.000488281
238,7,-0.00292969,0.0045166
238,8,-0.00012207,0.00219727
238,9,-0.00280762,-0.000488281
238,10,-0.00683594,0.00134277
238,11,0.000732422,-0.00256348
238,12,0.000976562,-0.00012207
238,13,-0.00317383,-0.00439453
238,14,-0.000610352,-0.000366211
238,15,0.00354004,-0.00231934
238,16,-0.00292969,0.00292969
238,17,0.00170898,0.00622559
238,18,0.00439453,0.00378418
238,19,-0.00378418,0.0012207
238,20,0.00634766,0.00183105
238,21,0.00268555,-0.00402832
238,22,0.00280762,0.00183105
238,23,-0.00268555,-0.0045166
238,24,0.0020752,-0.00415039
238,25,0.00280762,-0.000732422
238,26,0.00598145,0.00390625
238,27,0.00585938,0.000854492
238,28,0.000976562,0.00366211
238,29,0.0045166,0.00231934
238,30,0.000732422,0.00537109
238,31,0.00146484,0.00292969
238,32,-0.00170898,0.00134277
238,33,0.00109863,0.0045166
238,34,-0.00463867,-0.00500488
238,35,0.00170898,0
238,36,0.000244141,-0.00366211
238,37,0.0012207,0.00109863
238,38,0.00268555,-0.0045166
238,39,0.000488281,0.0012207
238,40,-0.00158691,-0.00012207
238,41,0.00109863,0.00280762
238,42,0.000976562,0.00244141
238,43,-0.00439453,0.00268555
238,44,-0.00341797,-0.00341797
238,45,-0.00317383,0.00012207
238,46,-0.000244141,-0.00415039
238,47,0.00195312,-0.00512695
239,0,0.00646973,0.000366211
239,1,0.00537109,0.00158691
239,2,0.00012207,0.000244141
239,3,0.00146484,-0.00512695
239,4,-0.00500488,0.000854492
239,5,0.00183105,-0.000854492
239,6,-0.00390625,-0.0012207
239,7,0.000610352,-0.00769043
239,8,-0.00109863,-0.00195312
239,9,0.00256348,-0.00195312
239,10,0.0020752,-0.000854492
239,11,-0.00366211,-0.000366211
239,12,0.00219727,-0.00244141
239,13,0.000976562,0.00476074
239,14,-0.000366211,-0.0012207
239,15,-0.00354004,0.000854492
239,16,-0.00244141,-0.00390625
239,17,-0.00585938,0.000488281
239,18,-0.000244141,-0.00476074
239,19,-0.00219727,0.000488281
239,20,-0.00231934,-0.00439453
239,21,0.00219727,-0.000732422
239,22,-0.00219727,-0.00012207
239,23,-0.00158691,-0.00219727
239,24,0.000488281,-0.00866699
239,25,0.000366211,-0.00195312
239,26,0.000854492,-0.000976562
239,27,0.000610352,0.000366211
239,28,-0.000976562,0.00354004
239,29,0.000488281,0.000854492
239,30,0.00524902,0.000488281
239,31,-0.000488281,-0.00537109
239,32,0.00219727,0.000854492
239,33,-0.00170898,-0.00183105
239,34,-0.00292969,0.000366211
239,35,-0.00280762,0.00134277
239,36,0.00012207,-0.00158691
239,37,-0.00366211,0.0045166
239,38,0.00549316,0.000244141
239,39,-0.000488281,-0.000488281
239,40,-0.00927734,-0.00134277
239,41,-0.00195312,-0.0012207
239,42,0.00134277,-0.000366211
239,43,-0.00256348,-0.00219727
239,44,0.0012207,-0.000488281
239,45,0.00134277,-0.000488281
239,46,0.00146484,-0.00305176
239,47,0.00195312,-0.00280762
240,0,0.0090332,0.00427246
240,1,0.00549316,0.00744629
240,2,-0.000854492,0.00378418
240,3,-0.00134277,0.0012207
240,4,-0.0106201,-0.00354004
240,5,-0.00366211,-0.00146484
240,6,0.0020752,0.00134277
240,7,-0.000244141,-0.00390625
240,8,0.00158691,0.00537109
240,9,-0.00244141,-0.00158691
240,10,-0.000976562,0.00183105
240,11,0.000244141,0.00500488
240,12,0.00805664,0.00463867
240,13,-0.0032959,-0.0057373
240,14,0.00561523,-0.00134277
240,15,0.00549316,0.00695801
240,16,0.00219727,0.00732422
240,17,0.00231934,0
240,18,-0.00256348,-0.00744629
240,19,0.00146484,-0.000488281
240,20,0.00415039,-0.0140381
240,21,-0.00463867,-0.00708008
240,22,-0.00585938,-0.00646973
240,23,-0.00415039,0.000854492
240,24,-0.00305176,0.00512695
240,25,-0.00891113,0.00549316
240,26,0.00109863,0.000488281
240,27,-0.00219727,-0.00390625
240,28,-0.00354004,-0.00512695
240,29,-0.00219727,0.00183105
240,30,0.00244141,-0.00805664
240,31,0.00146484,-0.00524902
240,32,-0.00476074,0.0057373
240,33,-0.00671387,0.00366211
240,34,-0.0090332,0.0106201
240,35,-0.0108643,0.0057373
240,36,0.00146484,0.00476074
240,37,-0.0020752,0.0020752
240,38,-0.00512695,0.00146484
240,39,0.0012207,0.000854492
240,40,-0.00720215,0.00158691
240,41,-0.00622559,-0.00585938
240,42,0.00219727,-0.00195312
240,43,0.0012207,-0.00561523
240,44,-0.00256348,-0.00463867
240,45,0.00012207,-0.00634766
240,46,-0.000976562,-0.00561523
240,47,-0.000244141,0.00158691
241,0,-0.0159912,-0.0158691
241,1,-0.0166016,0.00463867
241,2,-0.00732422,0.0045166
241,3,-0.012207,0.00817871
241,4,0.00866699,-0.00830078
241,5,0.00537109,-0.00256348
241,6,-0.000976562,0.00805664
241,7,0.0125732,0.000610352
241,8,0.00866699,0.00268555
241,9,0.00708008,0.00317383
241,10,-0.00219727,0.00805664
241,11,-0.00231934,0.00537109
241,12,-0.000610352,-0.000976562
241,13,-0.00488281,0.0045166
241,14,-0.00341797,-0.0057373
241,15,-0.000732422,-0.00415039
241,16,0.00109863,-0.00769043
241,17,0.00170898,0.00439453
241,18,0.0065918,0.0147705
241,19,0.0117188,0.0112305
241,20,0.010376,0.0178223
241,21,0.00646973,0.00854492
241,22,0.00646973,0.00561523
241,23,0.00634766,0.00354004
241,24,0.00195312,0.00109863
241,25,0.010498,-0.00354004
241,26,0.00292969,-0.00805664
241,27,-0.0012207,-0.010498
241,28,0,-0.00439453
241,29,-0.00512695,-0.0057373
241,30,-0.00378418,0.00854492
241,31,0.00524902,0.00732422
241,32,-0.00134277,-0.0124512
241,33,0.000488281,-0.00610352
241,34,-0.00170898,-0.00390625
241,35,-0.00305176,-0.00671387
241,36,0.000854492,-0.00866699
241,37,0.00158691,-0.00891113
241,38,0.00183105,-0.000488281
241,39,0.00256348,-0.00854492
241,40,0.00134277,0.00292969
241,41,0.00793457,-0.0032959
241,42,0.00561523,-0.0065918
241,43,0.00378418,-0.00463867
241,44,-0.00402832,-0.00317383
241,45,0.00415039,0.00268555
241,46,-0.000732422,0.00390625
241,47,0.000244141,0.00341797
242,0,0.00793457,0.0152588
242,1,0.00524902,0.00512695
242,2,0.0136719,-0.00183105
242,3,0.00671387,-0.00915527
242,4,-0.0057373,0.00512695
242,5,0.00256348,0.00537109
242,6,-0.00561523,-0.00671387
242,7,-0.00866699,-0.00317383
242,8,-0.0147705,-0.00183105
242,9,-0.0065918,-0.00622559
242,10,0.00244141,-0.00109863
242,11,0.00512695,-0.00488281
242,12,-0.000244141,-0.00256348
242,13,0.0020752,0.00146484
242,14,-0.00183105,0.00476074
242,15,-0.00488281,0.00585938
242,16,-0.00305176,0.00317383
242,17,-0.00305176,-0.00317383
242,18,-0.00415039,-0.0114746
242,19,-0.00634766,-0.0107422
242,20,-0.0098877,-0.0159912
242,21,-0.0078125,-0.0140381
242,22,-0.0032959,-0.0136719
242,23,-0.0057373,-0.00817871
242,24,-0.0078125,-0.00671387
242,25,-0.00585938,-0.000244141
242,26,0,0.0032959
242,27,-0.00402832,0.00524902
242,28,0.000732422,0.010376
242,29,0.00146484,0.00488281
242,30,0.00683594,-0.00146484
242,31,-0.0012207,-0.0155029
242,32,-0.00585938,0.0057373
242,33,-0.00158691,0.00390625
242,34,-0.00244141,0.00756836
242,35,-0.0032959,0.00512695
242,36,-0.0078125,0.0065918
242,37,-0.0032959,0.00756836
242,38,-0.00195312,-0.00012207
242,39,-0.0065918,0.00439453
242,40,-0.00378418,-0.00439453
242,41,-0.000976562,-0.00268555
242,42,-0.00158691,0.00378418
242,43,-0.00109863,0.00195312
242,44,-0.00170898,0.00610352
242,45,-0.00231934,0.000488281
242,46,0.00524902,0
242,47,0.00500488,-0.00415039
243,0,0.00866699,-0.0107422
243,1,0.00390625,-0.0115967
243,2,-0.00610352,-0.00756836
243,3,-0.00842285,-0.00622559
243,4,0.0032959,0.00158691
243,5,0.00219727,-0.0045166
243,6,-0.00512695,0.00183105
243,7,0.000976562,0.0115967
243,8,-0.000854492,0.00341797
243,9,-0.00354004,0.000732422
243,10,-0.00805664,-0.00415039
243,11,-0.0102539,-0.00219727
243,12,-0.00500488,-0.00683594
243,13,-0.00183105,-0.00341797
243,14,0.00622559,-0.0020752
243,15,0.0136719,0.00732422
243,16,-0.00280762,0.00634766
243,17,0.00219727,0.00866699
243,18,-0.00878906,0.00634766
243,19,-0.012085,0.0158691
243,20,-0.0065918,0.010376
243,21,-0.0111084,0.00854492
243,22,-0.00915527,0.010376
243,23,0.00427246,0.00012207
243,24,0.00256348,0.0032959
243,25,0.00134277,0.0057373
243,26,0.00292969,-0.00415039
243,27,0.00756836,0.00341797
243,28,0.00744629,-0.00537109
243,29,0.00378418,-0.00891113
243,30,-0.000488281,-0.00427246
243,31,0.000976562,0.00305176
243,32,0.00439453,-0.00671387
243,33,0.00170898,-0.00183105
243,34,0.00390625,0.00195312
243,35,-0.00378418,0.00268555
243,36,0.00585938,0.00012207
243,37,0.00793457,0.00366211
243,38,0.00305176,0.00842285
243,39,0.00769043,0.00354004
243,40,0.000732422,0.0112305
243,41,0.00390625,0.00561523
243,42,-0.00561523,-0.0045166
243,43,-0.00585938,-0.000854492
243,44,-0.00378418,-0.00292969
243,45,-0.00183105,-0.0100098
243,46,-0.00378418,-0.000854492
243,47,0.000610352,-0.00683594
244,0,0.00439453,-0.0020752
244,1,-0.00183105,0.000976562
244,2,-0.00561523,0.00817871
244,3,-0.00463867,0.00378418
244,4,0.00500488,-0.00598145
244,5,0.00292969,-0.00390625
244,6,-0.00305176,-0.00256348
244,7,0.000976562,0.00012207
244,8,-0.0012207,-0.00244141
244,9,-0.00695801,-0.00268555
244,10,-0.00195312,-0.00732422
244,11,0.00231934,-0.0020752
244,12,-0.00012207,-0.00109863
244,13,0.00793457,-0.000976562
244,14,0.00524902,-0.00219727
244,15,0.00622559,-0.00146484
244,16,0.0032959,-0.000854492
244,17,-0.000488281,0.0020752
244,18,0.00390625,-0.00109863
244,19,0.000488281,-0.00488281
244,20,0.00305176,0.00012207
244,21,0.00219727,-0.00012207
244,22,0.00268555,0.0012207
244,23,-0.000732422,-0.000610352
244,24,0.00012207,-0.000366211
244,25,-0.00244141,0.00427246
244,26,-0.00146484,-0.000366211
244,27,-0.00134277,0.00378418
244,28,-0.000854492,-0.000244141
244,29,-0.00378418,-0.00195312
244,30,-0.00805664,-0.00488281
244,31,-0.00622559,-0.00158691
244,32,0,0.00012207
244,33,0.00134277,0.00170898
244,34,-0.00537109,0.00842285
244,35,0.00280762,0.00305176
244,36,0.00402832,-0.00109863
244,37,-0.000732422,0.00219727
244,38,0.0057373,-0.000610352
244,39,-0.000610352,0.00134277
244,40,0.00390625,-0.00512695
244,41,0.00256348,0.000488281
244,42,-0.0117188,-0.00512695
244,43,-0.00927734,0.00231934
244,44,-0.00732422,-0.00622559
244,45,-0.0113525,0.000732422
244,46,-0.0098877,-0.000976562
244,47,-0.00671387,-0.00195312
245,0,0.000732422,-0.000610352
245,1,0.000610352,0.000366211
245,2,0.00158691,0.00109863
245,3,-0.00183105,0.00134277
245,4,-0.000244141,-0.00463867
245,5,0.00231934,-0.00170898
245,6,0.000610352,-0.00268555
245,7,-0.00170898,-0.0032959
245,8,0.0032959,-0.00598145
245,9,-0.00280762,-0.00378418
245,10,-0.00598145,-0.00866699
245,11,-0.00317383,-0.00622559
245,12,-0.00134277,-0.00537109
245,13,-0.00646973,-0.00256348
245,14,0.000610352,-0.00341797
245,15,-0.00280762,-0.000854492
245,16,-0.000244141,0.00170898
245,17,0.00195312,-0.0020752
245,18,0.000610352,-0.0032959
245,19,0,-0.000610352
245,20,-0.00183105,-0.000854492
245,21,0,-0.00256348
245,22,-0.00842285,0.00866699
245,23,-0.00231934,-0.00170898
245,24,0.000854492,-0.000244141
245,25,0.00231934,0.00317383
245,26,-0.00109863,-0.00292969
245,27,-0.000854492,0.00109863
245,28,-0.00317383,-0.000488281
245,29,-0.00317383,0.00158691
245,30,-0.0032959,-0.00195312
245,31,-0.00646973,-0.00317383
245,32,0.00244141,0.000366211
245,33,0.00378418,0.000610352
245,34,-0.00012207,0.00305176
245,35,0.00109863,-0.00195312
245,36,0.00341797,0.0032959
245,37,-0.000488281,-0.000244141
245,38,-0.00183105,-0.00195312
245,39,0.00366211,-0.00012207
245,40,0.000488281,-0.00256348
245,41,0.00219727,0.000976562
245,42,0.000976562,-0.0012207
245,43,-0.00268555,-0.00585938
245,44,-0.00158691,0.0045166
245,45,-0.00366211,0.000732422
245,46,-0.00256348,0.0020752
245,47,-0.000732422,-0.000976562
246,0,0.0201416,0.0020752
246,1,0.0114746,-0.00939941
246,2,-0.00439453,-0.00915527
246,3,-0.00537109,-0.00427246
246,4,0.00646973,0.0113525
246,5,0.00500488,0.00488281
246,6,-0.00646973,-0.000976562
246,7,-0.00476074,0.00671387
246,8,-0.00939941,-0.00146484
246,9,-0.0111084,-0.00366211
246,10,-0.00634766,-0.0113525
246,11,-0.000854492,-0.00280762
246,12,0.000244141,-0.0045166
246,13,-0.000854492,-0.00891113
246,14,0.00231934,-0.000732422
246,15,0.00610352,0.00012207
246,16,0.000488281,0.00817871
246,17,-0.00402832,0.00585938
246,18,-0.00769043,0.0045166
246,19,-0.00427246,0.0057373
246,20,-0.00732422,0.00708008
246,21,-0.00915527,0.00402832
246,22,-0.00732422,-0.00610352
246,23,-0.0020752,-0.0124512
246,24,-0.00537109,-0.00354004
246,25,0.00146484,0.00341797
246,26,0.00219727,0.0057373
246,27,0.0118408,0.000244141
246,28,0.00927734,0.00170898
246,29,0.0108643,-0.00305176
246,30,-0.00183105,-0.0100098
246,31,-0.00549316,-0.000610352
246,32,0.00341797,0.00109863
246,33,0.000854492,0.000366211
246,34,0.00109863,0.00366211
246,35,-0.000610352,0.00390625
246,36,-0.000610352,0.00158691
246,37,0.00256348,0.00268555
246,38,-0.0012207,0.00366211
246,39,0.0020752,0.00524902
246,40,-0.00268555,0.00439453
246,41,-0.0065918,0.00195312
246,42,-0.00500488,0.000854492
246,43,-0.00842285,-0.00244141
246,44,-0.00708008,-0.0012207
246,45,-0.0106201,-0.0012207
246,46,0.000976562,-0.00585938
246,47,-0.00317383,-0.0113525
247,0,-0.00354004,0.00292969
247,1,0.00439453,-0.00537109
247,2,0.00366211,-0.00732422
247,3,0.00549316,-0.0098877
247,4,-0.00292969,0.00708008
247,5,-0.000366211,0.00817871
247,6,-0.00549316,-0.0090332
247,7,-0.0114746,-0.0108643
247,8,-0.00524902,-0.0108643
247,9,0.000244141,-0.00744629
247,10,0.0057373,0.0032959
247,11,0.0020752,-0.00817871
247,12,0.00671387,-0.00170898
247,13,0.00500488,-0.00231934
247,14,0.00183105,0
247,15,-0.00915527,0.0102539
247,16,-0.00720215,-0.00231934
247,17,-0.00695801,-0.0032959
247,18,-0.00390625,-0.000366211
247,19,-0.000732422,0.00109863
247,20,-0.0090332,0.00695801
247,21,0.00012207,-0.00292969
247,22,0.00134277,-0.000732422
247,23,-0.0012207,-0.0020752
247,24,-0.000610352,-0.00170898
247,25,-0.00366211,-0.00134277
247,26,0.00109863,0.00317383
247,27,0.0012207,0.00732422
247,28,0.00500488,0.00976562
247,29,0.00549316,0.00610352
247,30,0.00671387,-0.000976562
247,31,0.00146484,-0.00695801
247,32,-0.00756836,0.00012207
247,33,0.00305176,0.00109863
247,34,-0.00256348,0.00219727
247,35,-0.00256348,0.00671387
247,36,0.000488281,0.010376
247,37,-0.00488281,0.00512695
247,38,-0.00549316,0.00244141
247,39,-0.0090332,-0.00012207
247,40,-0.00317383,-0.0129395
247,41,-0.00524902,-0.0065918
247,42,-0.00708008,-0.00219727
247,43,-0.00268555,-0.00646973
247,44,-0.00512695,-0.0020752
247,45,0.00012207,-0.00109863
247,46,-0.00012207,0.00219727
247,47,-0.00183105,0.00390625
248,0,0.00402832,-0.0119629
248,1,0.00463867,-0.0112305
248,2,-0.0032959,-0.00854492
248,3,0.0012207,0.000488281
248,4,0.000488281,0.00219727
248,5,0.00183105,0.000244141
248,6,-0.00366211,0.00671387
248,7,0.00244141,0.0206299
248,8,0.00158691,0.0126953
248,9,-0.0100098,0.00610352
248,10,-0.00366211,0.00183105
248,11,-0.000488281,-0.0020752
248,12,-0.00817871,-0.00476074
248,13,-0.00402832,-0.00439453
248,14,-0.00268555,-0.00537109
248,15,0.00268555,-0.00732422
248,16,0.0137939,0.00793457
248,17,-0.000854492,0.0133057
248,18,-0.00268555,0.0114746
248,19,-0.0123291,0.010376
248,20,-0.0174561,0.00842285
248,21,-0.010376,0.00671387
248,22,-0.0166016,-0.000366211
248,23,-0.0109863,-0.00390625
248,24,-0.00256348,0.0012207
248,25,-0.00134277,0.010498
248,26,0.00463867,-0.00585938
248,27,0.00439453,-0.00720215
248,28,0.0078125,-0.00927734
248,29,0.00512695,-0.0131836
248,30,0.00158691,-0.00280762
248,31,-0.0108643,0.00427246
248,32,0.0159912,-0.00463867
248,33,0.00622559,-0.00415039
248,34,0.00402832,-0.00610352
248,35,0.00622559,-0.00854492
248,36,0.00500488,-0.00402832
248,37,-0.000488281,-0.00354004
248,38,0.00488281,0.00195312
248,39,0.0102539,0.00195312
248,40,-0.00012207,0.00866699
248,41,-0.00427246,0.010376
248,42,0.00390625,0.013916
248,43,0.00402832,0.00952148
248,44,0.00524902,0.00854492
248,45,0.00317383,0.00292969
248,46,-0.00402832,-0.00280762
248,47,-0.00292969,-0.00488281
249,0,0.0125732,0.00292969
249,1,-0.00280762,-0.00976562
249,2,-0.0129395,-0.012085
249,3,-0.019043,-0.00817871
249,4,0.0229492,0.0100098
249,5,0.010376,0.00268555
249,6,-0.0158691,-0.0032959
249,7,-0.0183105,0.00817871
249,8,-0.0125732,0.0098877
249,9,-0.0222168,0.00976562
249,10,-0.0113525,-0.00683594
249,11,-0.00512695,-0.00720215
249,12,-0.00390625,-0.0123291
249,13,-0.00244141,-0.012085
249,14,-0.00390625,-0.0045166
249,15,0.000976562,0.00854492
249,16,-0.00390625,0.00805664
249,17,-0.00939941,0.00769043
249,18,-0.00793457,-0.00195312
249,19,-0.0168457,0.000854492
249,20,-0.0178223,-0.00439453
249,21,-0.0123291,-0.00500488
249,22,-0.0133057,0.00683594
249,23,-0.00952148,0.0133057
249,24,0.00268555,0.0235596
249,25,0.0133057,0.0147705
249,26,0.0262451,-0.00183105
249,27,0.0187988,-0.0065918
249,28,0.0209961,-0.00939941
249,29,0.0130615,-0.0126953
249,30,0.000732422,-0.0169678
249,31,-0.0078125,-0.0020752
249,32,0.00537109,0.00769043
249,33,-0.000976562,0.00854492
249,34,0.00769043,0.0155029
249,35,0.0101318,0.0118408
249,36,0.0129395,0.0114746
249,37,0.0198975,0.00671387
249,38,0.0186768,0.0128174
249,39,0.0098877,0.0109863
249,40,-0.0209961,-0.00012207
249,41,-0.0170898,-0.00463867
249,42,-0.00732422,-0.00305176
249,43,-0.00830078,-0.000488281
249,44,-0.00244141,0.0032959
249,45,0.000976562,0.00231934
249,46,0.00183105,0.012085
249,47,0.00378418,0.0211182
250,0,0.0296631,-0.0333252
250,1,-0.0155029,-0.0251465
250,2,-0.0366211,-0.00732422
250,3,-0.0395508,-0.00634766
250,4,0.038208,0.0020752
250,5,0.0153809,-0.00476074
250,6,-0.0146484,0.0213623
250,7,0.010498,0.0404053
250,8,0.00756836,0.0401611
250,9,-0.0144043,0.010498
250,10,-0.0285645,-0.0114746
250,11,-0.02771,-0.0159912
250,12,-0.0290527,-0.0148926
250,13,-0.0251465,-0.0189209
250,14,0.00268555,-0.012207
250,15,0.0255127,0.00317383
250,16,0.0217285,0.0333252
250,17,0.00964355,0.038208
250,18,-0.00744629,0.036377
250,19,-0.0153809,0.029541
250,20,-0.0189209,0.0290527
250,21,-0.0219727,0.0270996
250,22,-0.0286865,0.0238037
250,23,-0.0269775,0.0157471
250,24,-0.00927734,0.0352783
250,25,0.0098877,0.0374756
250,26,0.013916,-0.00708008
250,27,0.0152588,-0.0231934
250,28,0.0133057,-0.0318604
250,29,0.00720215,-0.0423584
250,30,-0.00720215,-0.0391846
250,31,-0.0108643,0.00817871
250,32,0.0305176,-0.00866699
250,33,0.00854492,-0.000488281
250,34,0.00976562,0.0065918
250,35,0.00463867,0.00683594
250,36,0.00280762,0.00805664
250,37,0.0100098,0.00866699
250,38,0.0136719,0.00891113
250,39,0.0205078,0.0234375
250,40,0.00256348,0.0513916
250,41,0.010498,0.036499
250,42,0.0134277,0.010498
250,43,0.00708008,0.00488281
250,44,0.00500488,0.000488281
250,45,0.00378418,-0.00012207
250,46,-0.00524902,-0.00830078
250,47,-0.012207,-0.000854492
251,0,-0.0592041,0.0224609
251,1,-0.0253906,0.0358887
251,2,0.0211182,0.0198975
251,3,0.0255127,0.0209961
251,4,-0.0361328,-0.0106201
251,5,-0.0175781,-0.00170898
251,6,0.0296631,-0.012207
251,7,0.00720215,-0.0294189
251,8,0.00720215,-0.0548096
251,9,0.0288086,-0.0279541
251,10,0.0395508,0.00292969
251,11,0.0424805,0.00964355
251,12,0.0375977,0.010376
251,13,0.0291748,0.0152588
251,14,-0.00695801,0.00891113
251,15,-0.034668,-0.0234375
251,16,-0.0244141,-0.0301514
251,17,0.0141602,-0.0378418
251,18,0.0577393,-0.0334473
251,19,0.046875,-0.0236816
251,20,0.0627441,-0.0234375
251,21,0.0479736,-0.0106201
251,22,0.0343018,-0.00439453
251,23,0.00805664,0.00354004
251,24,-0.0065918,-0.0090332
251,25,-0.0378418,-0.0146484
251,26,-0.052124,0.000244141
251,27,-0.0452881,0.0112305
251,28,-0.0397949,0.00927734
251,29,-0.0220947,0.0172119
251,30,0.0302734,0.0144043
251,31,0.0489502,-0.0178223
251,32,-0.0450439,-0.0201416
251,33,-0.0196533,-0.00585938
251,34,-0.0461426,-0.0107422
251,35,-0.0476074,-0.00463867
251,36,-0.0463867,-0.00549316
251,37,-0.0583496,-0.00915527
251,38,-0.0625,-0.0134277
251,39,-0.0551758,-0.0289307
251,40,0.0192871,-0.0411377
251,41,0.0327148,-0.0340576
251,42,0.0189209,-0.0236816
251,43,0.0125732,-0.0102539
251,44,0.0124512,-0.00854492
251,45,0.00305176,0.00512695
251,46,-0.0032959,0.0185547
251,47,-0.00939941,0.0219727
252,0,-0.0146484,-0.111084
252,1,-0.00866699,-0.022583
252,2,-0.0078125,0.0675049
252,3,0.00817871,0.0913086
252,4,-0.00732422,-0.0961914
252,5,-0.00939941,-0.052002
252,6,0.0258789,0.0738525
252,7,0.0595703,0.0206299
252,8,0.0930176,0.0361328
252,9,0.048584,0.0771484
252,10,-0.0192871,0.0786133
252,11,-0.0482178,0.0689697
252,12,-0.0552979,0.0560303
252,13,-0.074707,0.0408936
252,14,-0.0532227,-0.010498
252,15,0.0140381,-0.045166
252,16,0.0864258,-0.0263672
252,17,0.072876,0.0288086
252,18,0.0231934,0.0927734
252,19,0.00598145,0.0826416
252,20,-0.00341797,0.0928955
252,21,-0.00488281,0.078125
252,22,0.0057373,0.0646973
252,23,0.0413818,0.0328369
252,24,0.0646973,-0.0114746
252,25,0.0690918,-0.0727539
252,26,-0.00012207,-0.0976562
252,27,-0.03125,-0.0762939
252,28,-0.0437012,-0.0646973
252,29,-0.0689697,-0.0263672
252,30,-0.0667725,0.0701904
252,31,0.0163574,0.0875244
252,32,0.0622559,-0.0853271
252,33,0.0327148,-0.0373535
252,34,0.0515137,-0.0859375
252,35,0.0389404,-0.0887451
252,36,0.03479,-0.088501
252,37,0.0279541,-0.106323
252,38,0.017334,-0.115967
252,39,0.0440674,-0.0947266
252,40,0.0683594,0.0366211
252,41,0.0396729,0.0603027
252,42,0.0322266,0.0804443
252,43,0.0328369,0.067627
252,44,0.0357666,0.06604
252,45,0.0328369,0.0479736
252,46,0.0328369,0.0164795
252,47,0.0338135,-0.0186768
253,0,-0.0112305,0.157104
253,1,0.026123,0.0913086
253,2,0.050293,-0.00952148
253,3,0.0496826,-0.0528564
253,4,-0.0566406,0.0646973
253,5,-0.0249023,0.0413818
253,6,0.0175781,-0.105225
253,7,-0.0231934,-0.0917969
253,8,-0.0447998,-0.0819092
253,9,-0.00366211,-0.0582275
253,10,0.050293,-0.0257568
253,11,0.0721436,-0.0130615
253,12,0.0710449,-0.00012207
253,13,0.0782471,0.0145264
253,14,0.0290527,0.0394287
253,15,-0.045166,0.0596924
253,16,-0.071167,0.00634766
253,17,-0.0535889,-0.0693359
253,18,-0.00732422,-0.141968
253,19,0.00280762,-0.125977
253,20,0.013916,-0.142578
253,21,0.0196533,-0.111572
253,22,0.0430908,-0.0839844
253,23,0.0377197,-0.0162354
253,24,0.0324707,-0.0407715
253,25,-0.0012207,0.00964355
253,26,-0.0145264,0.0893555
253,27,-0.0161133,0.107422
253,28,-0.0113525,0.109375
253,29,-0.00256348,0.0981445
253,30,0.0184326,-0.0142822
253,31,0.00256348,-0.117676
253,32,-0.0913086,0.0777588
253,33,-0.0284424,0.0430908
253,34,-0.0427246,0.0932617
253,35,-0.0338135,0.0925293
253,36,-0.0332031,0.0941162
253,37,-0.0333252,0.0958252
253,38,-0.0340576,0.0837402
253,39,-0.0537109,0.0457764
253,40,-0.029541,-0.121338
253,41,-0.0428467,-0.152832
253,42,-0.0656738,-0.145752
253,43,-0.05896,-0.115967
253,44,-0.0629883,-0.116211
253,45,-0.0456543,-0.0717773
253,46,-0.0118408,-0.0245361
253,47,0.00915527,0.0133057
254,0,0.122314,-0.268921
254,1,-0.0159912,-0.205322
254,2,-0.134399,-0.0643311
254,3,-0.151367,-0.0032959
254,4,0.151855,-0.0286865
254,5,0.0754395,-0.0406494
254,6,-0.0594482,0.12793
254,7,0.0484619,0.166992
254,8,0.0319824,0.188721
254,9,-0.10022,0.112305
254,10,-0.191895,0.00976562
254,11,-0.202881,-0.03125
254,12,-0.184448,-0.0389404
254,13,-0.176636,-0.0750732
254,14,-0.0349121,-0.0826416
254,15,0.108154,-0.067749
254,16,0.190796,0.0303955
254,17,0.10083,0.122803
254,18,-0.0250244,0.20105
254,19,-0.0592041,0.173828
254,20,-0.0837402,0.202637
254,21,-0.0999756,0.164795
254,22,-0.162964,0.150391
254,23,-0.175171,0.072998
254,24,-0.0340576,0.161621
254,25,0.11792,0.138306
254,26,0.157837,-0.0406494
254,27,0.134277,-0.113647
254,28,0.0985107,-0.134888
254,29,0.0428467,-0.167114
254,30,-0.0909424,-0.098877
254,31,-0.0662842,0.0985107
254,32,0.183594,-0.116089
254,33,0.0606689,-0.0441895
254,34,0.103638,-0.0469971
254,35,0.0935059,-0.0285645
254,36,0.0859375,-0.0192871
254,37,0.0935059,-0.0078125
254,38,0.12085,0.0272217
254,39,0.137085,0.0534668
254,40,0.0617676,0.163452
254,41,0.0618896,0.171875
254,42,0.0810547,0.152344
254,43,0.0784912,0.110962
254,44,0.0772705,0.11084
254,45,0.0445557,0.0679932
254,46,-0.0159912,0.0219727
254,47,-0.0941162,-0.0169678
255,0,-0.0671387,0.0146484
255,1,-0.0761719,0.0592041
255,2,-0.0570068,0.0601807
255,3,-0.0449219,0.0509033
255,4,0.0380859,-0.045166
255,5,0.015625,-0.0219727
255,6,-0.00805664,0.0078125
255,7,-0.000366211,0.0153809
255,8,0.0249023,0.00317383
255,9,0.0390625,-0.00256348
255,10,0.0441895,-0.00830078
255,11,0.0410156,-0.0135498
255,12,0.0439453,-0.00683594
255,13,0.0444336,-0.0163574
255,14,0.0344238,-0.0319824
255,15,0.026001,-0.0393066
255,16,-0.0183105,0.0390625
255,17,0.0522461,0.0599365
255,18,0.130371,0.0432129
255,19,0.113525,0.0220947
255,20,0.131592,0.0247803
255,21,0.100952,0.00585938
255,22,0.0633545,-0.0206299
255,23,0.00280762,-0.0406494
255,24,-0.0682373,-0.0280762
255,25,-0.0750732,-0.0455322
255,26,-0.0561523,-0.0495605
255,27,-0.0469971,-0.0614014
255,28,-0.0394287,-0.0507812
255,29,-0.0269775,-0.0561523
255,30,0.0218506,-0.029541
255,31,0.0489502,-0.00878906
255,32,-0.0124512,-0.0136719
255,33,-0.00268555,0.0057373
255,34,-0.0219727,-0.00842285
255,35,-0.0272217,-0.0161133
255,36,-0.0267334,-0.0257568
255,37,-0.0358887,-0.0437012
255,38,-0.0513916,-0.0759277
255,39,-0.0432129,-0.0513916
255,40,0.0305176,0.0487061
255,41,0.012085,0.0183105
255,42,-0.0400391,0.00524902
255,43,-0.0592041,0.00427246
255,44,-0.0716553,0.00732422
255,45,-0.0632324,0.0111084
255,46,-0.0788574,0.0179443
255,47,-0.0581055,0.00610352
256,0,0.0661621,0.137695
256,1,0.119873,0.0401611
256,2,0.119995,-0.0522461
256,3,0.0942383,-0.081665
256,4,-0.0806885,0.0897217
256,5,-0.0240479,0.0479736
256,6,-0.0289307,-0.0704346
256,7,-0.102539,-0.0292969
256,8,-0.114258,-0.0773926
256,9,-0.0368652,-0.113281
256,10,0.0424805,-0.109009
256,11,0.0637207,-0.0925293
256,12,0.0603027,-0.0675049
256,13,0.0662842,-0.0300293
256,14,0.0214844,0.0605469
256,15,-0.0424805,0.133179
256,16,-0.121948,0.0407715
256,17,-0.152954,-0.0200195
256,18,-0.150024,-0.0698242
256,19,-0.108032,-0.0698242
256,20,-0.114868,-0.0838623
256,21,-0.0714111,-0.0819092
256,22,-0.0218506,-0.119263
256,23,0.0333252,-0.114014
256,24,-0.0241699,-0.103149
256,25,-0.0736084,-0.00842285
256,26,-0.020752,0.10376
256,27,0.0153809,0.125977
256,28,0.0406494,0.124512
256,29,0.0737305,0.116699
256,30,0.0870361,0.0247803
256,31,-0.022583,-0.0523682
256,32,-0.0421143,0.116455
256,33,-0.0169678,0.0424805
256,34,-0.0592041,0.067749
256,35,-0.0638428,0.0601807
256,36,-0.0550537,0.0551758
256,37,-0.0567627,0.055542
256,38,-0.0576172,0.0511475
256,39,-0.0634766,0.0487061
256,40,-0.0986328,-0.0825195
256,41,-0.0749512,-0.083252
256,42,-0.045166,-0.0738525
256,43,-0.00976562,-0.0567627
256,44,-0.00158691,-0.0556641
256,45,0.0126953,-0.0445557
256,46,0.0622559,-0.0594482
256,47,0.0738525,-0.078125
257,0,0.0166016,-0.0633545
257,1,-0.0125732,-0.0800781
257,2,0.000976562,-0.0611572
257,3,0.00817871,-0.0540771
257,4,-0.010498,0.0511475
257,5,-0.0118408,0.0170898
257,6,0.0307617,-0.0236816
257,7,0.0252686,-0.0270996
257,8,0.0422363,-0.00280762
257,9,0.0402832,0.0296631
257,10,0.0361328,0.0620117
257,11,0.0280762,0.057251
257,12,0.0230713,0.052124
257,13,0.00976562,0.0422363
257,14,-0.00439453,-0.00317383
257,15,-0.00805664,-0.0731201
257,16,0.0560303,-0.0679932
257,17,0.0220947,-0.0267334
257,18,-0.0130615,0.0324707
257,19,-0.0163574,0.0450439
257,20,-0.0230713,0.0565186
257,21,-0.0280762,0.0567627
257,22,-0.0366211,0.0566406
257,23,-0.0377197,0.0203857
257,24,-0.000854492,0.0267334
257,25,0.0179443,0.0203857
257,26,0.0203857,0.00195312
257,27,0.0228271,-0.00219727
257,28,0.0288086,0.00317383
257,29,0.0269775,0.0111084
257,30,0.0229492,0.0250244
257,31,0.032959,0.0219727
257,32,0.0391846,-0.043457
257,33,-0.00366211,-0.0205078
257,34,-0.0267334,-0.0360107
257,35,-0.029541,-0.0264893
257,36,-0.0302734,-0.0220947
257,37,-0.0218506,-0.0148926
257,38,-0.0115967,-0.0106201
257,39,0.010376,-0.02771
257,40,0.0269775,-0.00939941
257,41,0.0522461,0.00708008
257,42,0.0614014,-0.000854492
257,43,0.057373,-0.00805664
257,44,0.0458984,-0.0130615
257,45,0.0327148,-0.0170898
257,46,0.00158691,-0.0234375
257,47,-0.0292969,-0.0239258
258,0,0.0251465,-0.013916
258,1,0.0168457,0.0174561
258,2,-0.000854492,0.0321045
258,3,-0.0223389,0.0322266
258,4,0.0205078,-0.0316162
258,5,0.0109863,-0.0134277
258,6,-0.0354004,0.00891113
258,7,-0.032959,0.00561523
258,8,-0.0108643,0.0241699
258,9,0.00170898,0.0162354
258,10,0.0159912,-0.00109863
258,11,0.010376,-0.0170898
258,12,0.0119629,-0.022583
258,13,0.00756836,-0.0336914
258,14,-0.00109863,-0.0495605
258,15,0.00634766,-0.0529785
258,16,0.00195312,0.0109863
258,17,-0.000854492,0.00708008
258,18,-0.0123291,-0.00280762
258,19,-0.00866699,-0.00622559
258,20,-0.00830078,-0.0108643
258,21,-0.00622559,-0.0140381
258,22,-0.000488281,-0.0250244
258,23,-0.00244141,-0.0158691
258,24,-0.0274658,-0.0170898
258,25,-0.019043,-0.0400391
258,26,0.00720215,-0.0430908
258,27,0.0141602,-0.0356445
258,28,0.013916,-0.0388184
258,29,0.0223389,-0.0244141
258,30,-0.000244141,0.00622559
258,31,-0.0179443,0.0266113
258,32,0.0318604,0.00634766
258,33,0.0217285,-0.00524902
258,34,0.0489502,-0.0319824
258,35,0.0415039,-0.039917
258,36,0.0357666,-0.0404053
258,37,0.0323486,-0.0496826
258,38,0.013916,-0.0455322
258,39,0.000610352,-0.0264893
258,40,-0.0272217,0.0169678
258,41,-0.0463867,0.0526123
258,42,-0.0592041,0.0936279
258,43,-0.0493164,0.0821533
258,44,-0.0491943,0.086792
258,45,-0.0268555,0.0708008
258,46,-0.0187988,0.0496826
258,47,-0.000244141,0.0233154
259,0,-0.0235596,-0.0228271
259,1,-0.00744629,-0.0164795
259,2,0.00109863,-0.00280762
259,3,0.00488281,0.00585938
259,4,-0.00769043,0.00195312
259,5,-0.00366211,-0.00317383
259,6,-0.00769043,0.00720215
259,7,-0.0180664,0.0151367
259,8,-0.0360107,0.00341797
259,9,-0.0419922,0.000244141
259,10,-0.0357666,0.000854492
259,11,-0.0250244,0.00646973
259,12,-0.0235596,-0.00109863
259,13,-0.0098877,0.00610352
259,14,0.0153809,0.00292969
259,15,0.0288086,-0.000366211
259,16,0.000732422,-0.00219727
259,17,0.0111084,0.013916
259,18,0.0153809,0.0247803
259,19,0.0141602,0.0184326
259,20,0.00756836,0.0220947
259,21,0.00817871,0.0137939
259,22,0.00183105,0.0115967
259,23,-0.0152588,0.000976562
259,24,0.000366211,-0.0172119
259,25,0.020874,-0.0220947
259,26,0.0223389,-0.0115967
259,27,0.0206299,-0.00927734
259,28,0.0169678,-0.00158691
259,29,0.00671387,-0.00402832
259,30,-0.0197754,0.00830078
259,31,-0.0314941,0.0169678
259,32,-0.0203857,-0.00537109
259,33,-0.00769043,-0.000244141
259,34,0.00488281,0.00549316
259,35,0.0111084,-0.0020752
259,36,0.0147705,0.00427246
259,37,0.0206299,0.000366211
259,38,0.0341797,-0.00195312
259,39,0.0366211,-0.00476074
259,40,0.0201416,-0.00646973
259,41,-0.000366211,-0.0129395
259,42,-0.0212402,-0.00610352
259,43,-0.0251465,-0.000976562
259,44,-0.0280762,-0.00512695
259,45,-0.0240479,0.0012207
259,46,-0.024292,0.00146484
259,47,-0.0266113,0.0115967
260,0,-0.0267334,-0.0135498
260,1,-0.0098877,0.00805664
260,2,0.00744629,0.0142822
260,3,0.010498,0.0152588
260,4,-0.0186768,-0.0174561
260,5,-0.00439453,-0.00512695
260,6,0.0214844,0.00915527
260,7,0.0257568,-0.00598145
260,8,0.0201416,-0.010498
260,9,0.0130615,0.00561523
260,10,0.000854492,0.0161133
260,11,-0.00317383,0.0153809
260,12,-0.0119629,0.0152588
260,13,-0.0113525,0.0131836
260,14,-0.0258789,0.00500488
260,15,-0.0272217,-0.0090332
260,16,0.0107422,-0.0289307
260,17,0.0108643,-0.0244141
260,18,0.0178223,-0.00195312
260,19,0.0131836,0.00317383
260,20,0.0125732,0.00305176
260,21,0.0153809,0.00854492
260,22,0.0106201,0.0142822
260,23,0.0101318,0.0090332
260,24,0.020752,0.0065918
260,25,0.020874,0.00146484
260,26,-0.0098877,-0.00195312
260,27,-0.0168457,-0.00146484
260,28,-0.0206299,0.00244141
260,29,-0.0252686,0.00817871
260,30,-0.015625,0.0174561
260,31,0.00256348,0.00622559
260,32,-0.010376,-0.0349121
260,33,-0.0112305,-0.0141602
260,34,-0.012207,-0.0274658
260,35,-0.0189209,-0.0264893
260,36,-0.0114746,-0.0229492
260,37,-0.0126953,-0.0253906
260,38,-0.00524902,-0.0195312
260,39,0.000732422,-0.0133057
260,40,0.0253906,-0.00610352
260,41,0.0310059,0.00109863
260,42,0.0393066,-0.00854492
260,43,0.0313721,-0.00915527
260,44,0.0296631,-0.00964355
260,45,0.019165,-0.00549316
260,46,0.0123291,-0.00256348
260,47,0.00341797,-0.00756836
261,0,0.019043,0.0385742
261,1,0.0205078,0.0198975
261,2,0.0224609,-0.00537109
261,3,0.022583,-0.0101318
261,4,-0.0187988,0.0155029
261,5,-0.0065918,0.010498
261,6,-0.00268555,-0.017334
261,7,-0.00756836,-0.0131836
261,8,-0.012207,-0.00976562
261,9,0.0065918,-0.0137939
261,10,0.0102539,-0.00622559
261,11,0.0152588,-0.00476074
261,12,0.0140381,-0.00268555
261,13,0.0102539,0.000976562
261,14,0.00622559,0.00891113
261,15,-0.0111084,0.0169678
261,16,-0.0303955,0.0185547
261,17,-0.029541,-0.00256348
261,18,-0.0285645,-0.0267334
261,19,-0.0177002,-0.0253906
261,20,-0.0150146,-0.0384521
261,21,-0.0129395,-0.034668
261,22,-0.000610352,-0.038208
261,23,0.00585938,-0.0212402
261,24,-0.00878906,-0.022583
261,25,-0.0152588,-0.0101318
261,26,-0.0141602,0.0170898
261,27,-0.0065918,0.0258789
261,28,-0.00317383,0.0168457
261,29,0.00268555,0.0205078
261,30,0.0109863,0.00561523
261,31,-0.000366211,-0.00524902
261,32,-0.00915527,0.032959
261,33,-0.00415039,0.00842285
261,34,0,0.0166016
261,35,0.00158691,0.0128174
261,36,0.000244141,0.0109863
261,37,0.000366211,0.0124512
261,38,-0.00817871,0.0147705
261,39,-0.0185547,0.0101318
261,40,-0.0272217,-0.0163574
261,41,-0.032959,-0.0147705
261,42,-0.0240479,-0.0148926
261,43,-0.00720215,-0.0137939
261,44,-0.0119629,-0.0144043
261,45,-0.00170898,-0.0123291
261,46,0.00732422,-0.0109863
261,47,0.0161133,-0.00622559
262,0,-0.0126953,0.00915527
262,1,-0.0078125,0.0098877
262,2,0.0012207,-0.0032959
262,3,0.00646973,-0.00463867
262,4,-0.010376,0.00695801
262,5,-0.00561523,0.00183105
262,6,0.0136719,-0.00561523
262,7,0.0115967,-0.00244141
262,8,0.0168457,-0.00769043
262,9,0.0101318,0.00695801
262,10,0.00500488,0.0175781
262,11,0,0.0151367
262,12,0.0012207,0.0175781
262,13,0.00317383,0.0153809
262,14,0,0.010498
262,15,0.000366211,-0.00012207
262,16,-0.0155029,-0.0137939
262,17,-0.00683594,-0.0130615
262,18,0.0032959,-0.0118408
262,19,0.00793457,-0.0098877
262,20,0.00793457,-0.00463867
262,21,0.010376,-0.00512695
262,22,0.0145264,0.00439453
262,23,0.0124512,0.0124512
262,24,0.0107422,0.00634766
262,25,0.00463867,-0.00427246
262,26,-0.00439453,-0.00439453
262,27,-0.0112305,-0.00256348
262,28,-0.0115967,0.00305176
262,29,-0.00939941,0.00610352
262,30,0.00476074,0.00769043
262,31,0.0137939,0.00500488
262,32,-0.0153809,0.00720215
262,33,-0.00646973,0.00634766
262,34,-0.00585938,0.00390625
262,35,-0.00292969,0.00634766
262,36,-0.00170898,0.00354004
262,37,0.000732422,0.00732422
262,38,0.00585938,0.0032959
262,39,0.00390625,-0.00109863
262,40,-0.00012207,-0.0150146
262,41,0.00708008,-0.0135498
262,42,0.00415039,-0.0166016
262,43,0.00756836,-0.0144043
262,44,0.010376,-0.0179443
262,45,0.00830078,-0.00866699
262,46,0.00622559,-0.00720215
262,47,0.0078125,0.0128174
263,0,0.00817871,0.00756836
263,1,-0.00134277,0.0113525
263,2,-0.00537109,0.0133057
263,3,-0.00756836,0.013916
263,4,0.00720215,-0.0114746
263,5,0.00622559,-0.00268555
263,6,-0.00524902,0.00610352
263,7,0.00183105,0.00341797
263,8,0.00695801,-0.000366211
263,9,0.00305176,0.00134277
263,10,-0.00268555,-0.00463867
263,11,0.00817871,-0.0057373
263,12,0.00549316,-0.0090332
263,13,0.00280762,-0.0124512
263,14,0.0012207,-0.00415039
263,15,0.0032959,0.000976562
263,16,0.00366211,-0.000244141
263,17,-0.000732422,-0.00598145
263,18,-0.000976562,-0.00500488
263,19,-0.00354004,-0.00927734
263,20,-0.000976562,-0.0153809
263,21,0.000854492,-0.00500488
263,22,0.000732422,-0.00341797
263,23,0.00231934,-0.00109863
263,24,0.000976562,0.00415039
263,25,-0.00671387,0.00390625
263,26,-0.00476074,0.00317383
263,27,-0.00830078,-0.00439453
263,28,-0.00134277,0.000610352
263,29,-0.0020752,-0.00415039
263,30,-0.00219727,-0.0078125
263,31,-0.00415039,-0.00415039
263,32,0.00744629,0.0012207
263,33,-0.00012207,-0.00109863
263,34,0.00549316,-0.0020752
263,35,0.00378418,-0.00317383
263,36,0.00183105,-0.00280762
263,37,0.00585938,0.000976562
263,38,0.00134277,0.00317383
263,39,0.00488281,-0.000244141
263,40,-0.00537109,0.00622559
263,41,-0.00305176,0.00952148
263,42,-0.0148926,0.00195312
263,43,-0.00402832,0.00769043
263,44,-0.00817871,0.0065918
263,45,-0.00317383,0.00378418
263,46,0.00244141,0.00170898
263,47,0.00976562,0.00268555
264,0,-0.000244141,0.00183105
264,1,-0.0032959,0.000488281
264,2,-0.00671387,0.00476074
264,3,-0.00354004,-0.0057373
264,4,0.00598145,0.00537109
264,5,0.00195312,-0.00280762
264,6,-0.00378418,-0.00720215
264,7,0.000488281,-0.00244141
264,8,-0.00585938,-0.00512695
264,9,-0.0167236,-0.00268555
264,10,-0.0102539,-0.00634766
264,11,-0.00744629,0.000244141
264,12,-0.00952148,-0.00366211
264,13,-0.000732422,-0.00158691
264,14,0.00622559,-0.00402832
264,15,0.00305176,0.000244141
264,16,0.00256348,0.00512695
264,17,0.00427246,0.00708008
264,18,0.00671387,-0.00683594
264,19,0.0057373,-0.00427246
264,20,0.00585938,-0.00183105
264,21,0.00622559,-0.00244141
264,22,-0.00378418,-0.00817871
264,23,-0.00939941,-0.00817871
264,24,-0.00854492,0.00830078
264,25,-0.00708008,0.00500488
264,26,-0.000488281,0.00976562
264,27,0.000488281,0.00415039
264,28,-0.00354004,0.00305176
264,29,0.000610352,-0.000976562
264,30,-0.00219727,-0.00598145
264,31,-0.00878906,-0.00512695
264,32,-0.00244141,0.00646973
264,33,-0.00268555,0.0012207
264,34,-0.00549316,0.00549316
264,35,0.00012207,0.00378418
264,36,0.0032959,0.00268555
264,37,0.000854492,0.00537109
264,38,0.00500488,0.00463867
264,39,0.00708008,0.00427246
264,40,0.00280762,-0.00183105
264,41,0.00415039,0.00671387
264,42,0.000976562,0.00292969
264,43,-0.000366211,0.000488281
264,44,-0.00769043,0.00219727
264,45,-0.010498,0.0065918
264,46,-0.00720215,0.000488281
264,47,-0.0128174,0.00280762
265,0,-0.00280762,0.00183105
265,1,-0.0078125,0.00280762
265,2,0,-0.00280762
265,3,-0.00439453,-0.00109863
265,4,0.00292969,-0.00683594
265,5,0.000854492,-0.00476074
265,6,-0.00622559,0.00317383
265,7,-0.0032959,-0.00305176
265,8,-0.0106201,-0.000854492
265,9,-0.000610352,0.00268555
265,10,0.00219727,-0.000244141
265,11,0.00634766,0.00280762
265,12,0.0032959,-0.00305176
265,13,0.00231934,-0.000610352
265,14,-0.0012207,-0.000366211
265,15,0.000488281,0.0020752
265,16,-0.00610352,-0.00134277
265,17,-0.00109863,-0.00866699
265,18,-0.00585938,-0.00292969
265,19,-0.00183105,-0.00268555
265,20,0,0.00268555
265,21,0.00366211,-0.00598145
265,22,-0.00195312,-0.00146484
265,23,-0.00427246,-0.000244141
265,24,-0.0012207,0.0020752
265,25,-0.00439453,-0.00305176
265,26,0.00183105,-0.000244141
265,27,-0.00415039,-0.00134277
265,28,-0.000854492,-0.000366211
265,29,0.00439453,0.000244141
265,30,0.00012207,0.0012207
265,31,-0.00427246,-0.00158691
265,32,-0.00244141,-0.00183105
265,33,0.000610352,-0.00170898
265,34,-0.000976562,-0.00585938
265,35,0.00354004,-0.00634766
265,36,0.00317383,-0.00878906
265,37,-0.00219727,-0.00891113
265,38,0.000610352,-0.000610352
265,39,-0.00585938,0.000854492
265,40,-0.012207,0.00012207
265,41,-0.00915527,0.00378418
265,42,-0.00744629,0.00805664
265,43,0.00512695,0.0057373
265,44,0.00219727,0.00952148
265,45,0.00280762,0.0057373
265,46,0.0020752,0.00268555
265,47,0.00292969,-0.000854492
266,0,-0.00427246,-0.00195312
266,1,-0.00634766,0.00109863
266,2,-0.00427246,-0.000488281
266,3,0.00256348,0.00170898
266,4,-0.00231934,-0.00732422
266,5,-0.00268555,-0.00170898
266,6,-0.000976562,0.00146484
266,7,-0.00292969,-0.00268555
266,8,0.0020752,-0.00524902
266,9,0.00439453,-0.00402832
266,10,0.00634766,0.00219727
266,11,0.000976562,0.00720215
266,12,0.00463867,-0.00292969
266,13,0.00317383,-0.00402832
266,14,0,-0.0032959
266,15,0.0020752,-0.00622559
266,16,-0.000854492,-0.00354004
266,17,0.00170898,-0.00183105
266,18,0.000244141,-0.00354004
266,19,-0.000366211,0.00305176
266,20,0.00195312,-0.00500488
266,21,-0.00170898,0.00268555
266,22,0.0045166,0.000854492
266,23,0.00280762,-0.00146484
266,24,0.00195312,0.00256348
266,25,0.00134277,-0.00280762
266,26,0.00256348,-0.00561523
266,27,0.000732422,-0.00537109
266,28,0,-0.00500488
266,29,-0.00256348,-0.00183105
266,30,0.000610352,-0.00317383
266,31,-0.00634766,0.000732422
266,32,0.00109863,-0.00146484
266,33,-0.00280762,-0.00622559
266,34,-0.00317383,0.00524902
266,35,0.00109863,-0.00219727
266,36,-0.00378418,0.00195312
266,37,0.00219727,-0.00268555
266,38,0.000976562,-0.00378418
266,39,0.00170898,-0.00256348
266,40,-0.000366211,0.000610352
266,41,0.00463867,0.000854492
266,42,-0.00268555,-0.00134277
266,43,-0.00317383,-0.00512695
266,44,-0.00500488,-0.000976562
266,45,-0.00769043,-0.000366211
266,46,-0.00427246,-0.00195312
266,47,-0.000732422,-0.000366211
267,0,0.00476074,-0.0012207
267,1,-0.00109863,-0.00439453
267,2,-0.00244141,0.00280762
267,3,0.000732422,-0.00549316
267,4,0.00354004,-0.0020752
267,5,0.000610352,0.00231934
267,6,0.0020752,0.000854492
267,7,0.000732422,0.00305176
267,8,0.00146484,-0.00195312
267,9,-0.0057373,0.00390625
267,10,-0.00366211,-0.00256348
267,11,-0.000732422,0.000976562
267,12,0.00585938,-0.00183105
267,13,-0.00354004,-0.00292969
267,14,0.00268555,0.00183105
267,15,-0.000488281,-0.00439453
267,16,-0.00317383,0.000732422
267,17,0.00244141,-0.00195312
267,18,-0.00256348,-0.00476074
267,19,-0.000976562,-0.000854492
267,20,0.00341797,0.00146484
267,21,0.00463867,0.00476074
267,22,-0.000610352,-0.0012207
267,23,-0.00158691,0.00512695
267,24,-0.00549316,0.00195312
267,25,-0.000488281,0.000366211
267,26,-0.000610352,-0.00012207
267,27,-0.000366211,-0.0020752
267,28,-0.00341797,0.000488281
267,29,0.000488281,0.00134277
267,30,-0.00170898,0.0020752
267,31,0.000732422,-0.0020752
267,32,-0.00305176,0.00280762
267,33,0.000488281,-0.000854492
267,34,0.00390625,-0.0020752
267,35,0.00598145,-0.00183105
267,36,-0.00170898,0
267,37,0.000244141,-0.00280762
267,38,-0.00268555,0.000488281
267,39,0.00244141,0.0012207
267,40,0.00317383,0.00219727
267,41,-0.000488281,-0.00317383
267,42,-0.00195312,-0.000488281
267,43,0.000366211,-0.0020752
267,44,-0.00195312,-0.00109863
267,45,0.000976562,-0.00280762
267,46,-0.00256348,0.000732422
267,47,0.00732422,-0.00354004
268,0,0.00134277,0.00695801
268,1,0.000488281,-0.00146484
268,2,-0.00317383,0.00219727
268,3,0.00109863,-0.000854492
268,4,-0.0032959,-0.00158691
268,5,-0.000854492,-0.000488281
268,6,0.00476074,0.00305176
268,7,-0.00268555,0.000610352
268,8,0.000732422,0.00244141
268,9,-0.00012207,-0.00012207
268,10,-0.00683594,0.00512695
268,11,-0.000366211,0.00292969
268,12,0.000610352,0.000366211
268,13,-0.00170898,-0.00671387
268,14,-0.00268555,-0.00305176
268,15,-0.0020752,-0.00427246
268,16,0.000610352,-0.0012207
268,17,-0.000732422,0.0012207
268,18,-0.00158691,0.00354004
268,19,-0.00195312,-0.00268555
268,20,0.000610352,-0.0012207
268,21,0.00280762,0.00244141
268,22,0.00146484,-0.0020752
268,23,-0.000976562,-0.00439453
268,24,-0.000976562,0
268,25,0.00268555,-0.00012207
268,26,0.00231934,0.000366211
268,27,-0.00195312,-0.00158691
268,28,-0.000488281,0.000366211
268,29,-0.00146484,0.00134277
268,30,0.000366211,0.00231934
268,31,0.000854492,-0.00463867
268,32,0.00634766,-0.00292969
268,33,-0.000366211,-0.000366211
268,34,0.000610352,0.00280762
268,35,-0.00622559,0.00305176
268,36,-0.00170898,0.00183105
268,37,-0.000854492,0.0020752
268,38,-0.00280762,-0.00292969
268,39,-0.0012207,-0.00341797
268,40,0.00170898,-0.00268555
268,41,0.00183105,-0.00268555
268,42,0.00280762,-0.00317383
268,43,-0.000610352,-0.000854492
268,44,-0.00146484,-0.000610352
268,45,0.000610352,-0.00244141
268,46,0.00231934,-0.000610352
268,47,0.00146484,0.00354004
269,0,-0.00463867,0.00476074
269,1,-0.00109863,-0.00158691
269,2,0.00500488,0.00134277
269,3,0.00439453,-0.00109863
269,4,-0.00341797,-0.00109863
269,5,-0.00134277,0.00170898
269,6,0.00256348,0.00231934
269,7,-0.00280762,-0.0057373
269,8,0.000854492,-0.00341797
269,9,-0.000366211,-0.00146484
269,10,0.00476074,0.000244141
269,11,-0.00134277,-0.0012207
269,12,-0.000732422,0.00183105
269,13,0.00305176,0.00390625
269,14,-0.00146484,0.00244141
269,15,-0.00244141,0.000732422
269,16,-0.0032959,0.00158691
269,17,0.000488281,-0.00256348
269,18,-0.00109863,-0.00219727
269,19,0.0032959,-0.00183105
269,20,-0.00170898,-0.0065918
269,21,0,0.00170898
269,22,-0.000610352,-0.00402832
269,23,0.000366211,-0.00341797
269,24,-0.0020752,-0.00256348
269,25,0,0.00158691
269,26,-0.00292969,0.00256348
269,27,-0.00158691,0.0020752
269,28,-0.00219727,0
269,29,-0.00280762,0.000366211
269,30,0.00378418,-0.00354004
269,31,0.00415039,0.000610352
269,32,-0.00598145,0.00195312
269,33,-0.0032959,0.00195312
269,34,0.000976562,0.00183105
269,35,-0.000488281,-0.000610352
269,36,0.00012207,0.00109863
269,37,-0.00109863,0.000244141
269,38,-0.00695801,-0.00195312
269,39,-0.0065918,-0.00109863
269,40,-0.000976562,0.00378418
269,41,0.0020752,-0.000244141
269,42,0.0045166,-0.00927734
269,43,0.00109863,-0.00854492
269,44,0.00268555,-0.00610352
269,45,0.00720215,-0.00256348
269,46,-0.00012207,-0.00427246
269,47,-0.00183105,-0.0020752
270,0,0.000366211,0.0012207
270,1,-0.00695801,0.000854492
270,2,-0.00012207,0.00146484
270,3,0.00219727,-0.00268555
270,4,-0.0045166,-0.000366211
270,5,-0.000854492,0.0032959
270,6,-0.00366211,-0.000854492
270,7,0.0032959,0
270,8,0.00769043,0.000488281
270,9,0.00292969,0.000854492
270,10,-0.00256348,-0.00524902
270,11,0.00292969,0.00378418
270,12,0.000976562,-0.00231934
270,13,-0.0032959,-0.00170898
270,14,0.00244141,0.00146484
270,15,0.00244141,0.000366211
270,16,-0.00158691,-0.00549316
270,17,-0.00183105,-0.0020752
270,18,0.000610352,-0.000244141
270,19,-0.00341797,-0.000854492
270,20,0.00109863,-0.00476074
270,21,0,0.00439453
270,22,0.00292969,0.000244141
270,23,-0.00268555,0.00134277
270,24,0.00634766,0.00012207
270,25,0.00549316,0.00183105
270,26,-0.00280762,0.000366211
270,27,0.000488281,0.00354004
270,28,0.00195312,-0.00109863
270,29,0.00183105,0.00231934
270,30,0.0020752,0.00292969
270,31,-0.000244141,0.00195312
270,32,0.0057373,0.00561523
270,33,-0.00366211,0.000610352
270,34,0.00158691,-0.00354004
270,35,0.00219727,0.00280762
270,36,0.000610352,0.00280762
270,37,-0.000732422,0.00292969
270,38,-0.00292969,0.000488281
270,39,0.0032959,0.0032959
270,40,-0.00183105,-0.00427246
270,41,-0.00158691,-0.00354004
270,42,0.00012207,-0.000244141
270,43,-0.00146484,-0.00427246
270,44,-0.00415039,-0.00012207
270,45,-0.0065918,0.00231934
270,46,0.000366211,0.000244141
270,47,-0.00354004,0.00354004
271,0,0.00231934,0.00183105
271,1,0.00134277,-0.00524902
271,2,0.00170898,-0.00109863
271,3,-0.00109863,-0.000854492
271,4,0.00170898,-0.00012207
271,5,-0.00219727,-0.000854492
271,6,0.0045166,0.00439453
271,7,0.00158691,-0.0020752
271,8,-0.00219727,0.000732422
271,9,-0.0012207,0.00231934
271,10,0.00146484,-0.000244141
271,11,-0.00415039,0.000244141
271,12,0.0020752,0.00109863
271,13,-0.000610352,0.00256348
271,14,-0.000610352,0.000488281
271,15,0.00109863,0.00244141
271,16,-0.00402832,0.000366211
271,17,0.00219727,-0.00598145
271,18,0.00195312,-0.00317383
271,19,0.00158691,-0.000732422
271,20,0.00158691,0.00134277
271,21,-0.00134277,-0.00231934
271,22,-0.00305176,-0.000366211
271,23,0.000610352,-0.00134277
271,24,-0.00610352,-0.0032959
271,25,-0.00195312,-0.00134277
271,26,-0.0057373,0.00183105
271,27,-0.00219727,-0.00488281
271,28,0.000244141,0.000732422
271,29,-0.00256348,0.0020752
271,30,0.000732422,0.00109863
271,31,-0.00354004,-0.000366211
271,32,-0.000488281,-0.000732422
271,33,-0.00231934,0.00109863
271,34,-0.000366211,-0.00427246
271,35,0.00146484,0.0020752
271,36,-0.000854492,-0.00195312
271,37,-0.000732422,-0.00415039
271,38,-0.000976562,0.00244141
271,39,-0.000610352,0
271,40,0.00244141,0.000976562
271,41,0.0032959,-0.0012207
271,42,-0.00244141,0.00146484
271,43,0.00463867,0.00012207
271,44,0.00158691,0.00183105
271,45,-0.000854492,-0.00158691
271,46,0.0012207,-0.00476074
271,47,-0.00146484,-0.00415039
272,0,0,-0.00183105
272,1,-0.000366211,0.00354004
272,2,-0.00134277,0.00231934
272,3,-0.0012207,-0.000244141
272,4,0.000854492,0.000244141
272,5,0.000488281,0
272,6,-0.00390625,-0.000488281
272,7,-0.00256348,0.00146484
272,8,-0.00341797,-0.000366211
272,9,0.00134277,0.000244141
272,10,-0.000732422,-0.00769043
272,11,-0.00158691,-0.0012207
272,12,0.00183105,-0.00415039
272,13,0.00244141,0.00366211
272,14,0.00195312,-0.000976562
272,15,-0.00195312,0.000366211
272,16,-0.00109863,0.00195312
272,17,0.000244141,0.0012207
272,18,-0.00585938,0.0057373
272,19,-0.00146484,0.0032959
272,20,-0.00280762,0.00354004
272,21,-0.000610352,0.00134277
272,22,-0.00256348,-0.000732422
272,23,0.000244141,-0.00756836
272,24,-0.00378418,-0.000488281
272,25,-0.00610352,0.00305176
272,26,-0.00244141,0.0012207
272,27,0.0012207,-0.00195312
272,28,0.00170898,0.000610352
272,29,0.000854492,-0.00390625
272,30,0.00109863,-0.00305176
272,31,0.000366211,-0.000610352
272,32,0.00012207,-0.00244141
272,33,-0.00256348,0.000488281
272,34,0.00195312,-0.00158691
272,35,-0.00158691,-0.00012207
272,36,0.00183105,0.00317383
272,37,0.00500488,0.00219727
272,38,-0.00256348,-0.00280762
272,39,0.00109863,0.000366211
272,40,-0.00512695,-0.00109863
272,41,-0.00012207,0.000366211
272,42,-0.000244141,-0.00109863
272,43,0.00219727,-0.00158691
272,44,0.000854492,0.000244141
272,45,-0.0032959,-0.00256348
272,46,-0.000244141,-0.00305176
272,47,0.00146484,-0.00219727
273,0,0.00500488,0.000488281
273,1,-0.00415039,-0.00402832
273,2,0.000488281,0.000366211
273,3,0,-0.00439453
273,4,-0.00341797,0.000732422
273,5,0.00292969,-0.00292969
273,6,-0.000976562,-0.00341797
273,7,0.00244141,-0.00439453
273,8,-0.000976562,-0.00610352
273,9,-0.00402832,-0.00256348
273,10,0.00256348,0.0032959
273,11,-0.00158691,-0.00158691
273,12,-0.00195312,-0.000244141
273,13,0.0012207,0.00256348
273,14,0.00317383,0.00598145
273,15,-0.00415039,0.00439453
273,16,0.00158691,0.000976562
273,17,0.00170898,-0.00012207
273,18,-0.00305176,-0.00256348
273,19,-0.00268555,-0.0032959
273,20,0.00378418,0.000854492
273,21,-0.00292969,-0.000854492
273,22,-0.00292969,-0.00134277
273,23,-0.000366211,-0.00671387
273,24,-0.00756836,0.00146484
273,25,0.00146484,0.000976562
273,26,0.000366211,0.00305176
273,27,0.00244141,0.00415039
273,28,-0.00158691,-0.000976562
273,29,-0.00158691,-0.00219727
273,30,0.00146484,-0.00170898
273,31,-0.00158691,0.00109863
273,32,-0.00561523,0.00427246
273,33,-0.00231934,0
273,34,-0.00390625,-0.000854492
273,35,-0.0020752,-0.00158691
273,36,-0.00109863,-0.0020752
273,37,0.000854492,0
273,38,-0.00134277,-0.00402832
273,39,0,-0.0032959
273,40,-0.00488281,0.00146484
273,41,0.00305176,0.000732422
273,42,-0.00256348,0.00366211
273,43,0.00488281,-0.00195312
273,44,0.000854492,0.00219727
273,45,-0.00268555,-0.000976562
273,46,-0.00317383,0.00891113
273,47,-0.00231934,-0.00268555
274,0,-0.000854492,0.00524902
274,1,0.00219727,-0.00134277
274,2,-0.00134277,-0.00195312
274,3,-0.00012207,-0.000732422
274,4,0.000366211,-0.00170898
274,5,-0.000610352,0.000976562
274,6,-0.00549316,-0.000976562
274,7,-0.00195312,0.0032959
274,8,0.000732422,0.00109863
274,9,0.000244141,0.00219727
274,10,0.000244141,0.00732422
274,11,0.00109863,-0.00292969
274,12,-0.00244141,0.000610352
274,13,0.000854492,-0.000732422
274,14,-0.00280762,-0.000976562
274,15,0.00195312,0.0012207
274,16,-0.00280762,0.00170898
274,17,0.00170898,-0.00109863
274,18,-0.00512695,-0.000488281
274,19,-0.00378418,-0.000244141
274,20,-0.0078125,0.000732422
274,21,-0.0012207,0.00341797
274,22,-0.0032959,0.00219727
274,23,0.00292969,0.0020752
274,24,0.00561523,-0.00427246
274,25,0.00012207,-0.00354004
274,26,-0.00415039,0.00317383
274,27,0.00219727,0.00158691
274,28,-0.0045166,-0.00170898
274,29,0.000854492,-0.00500488
274,30,-0.000732422,-0.0012207
274,31,0.00170898,-0.00378418
274,32,-0.000854492,0.00366211
274,33,-0.00598145,0.00183105
274,34,0,-0.00109863
274,35,0.00390625,-0.00500488
274,36,-0.00512695,0.000488281
274,37,-0.000366211,0.00195312
274,38,0.00292969,0.00195312
274,39,0,0
274,40,0.000732422,0.00354004
274,41,0.00195312,0.00292969
274,42,-0.000610352,-0.000366211
274,43,-0.00158691,-0.00305176
274,44,-0.00341797,0.0020752
274,45,0.00134277,-0.000732422
274,46,-0.000854492,0.00256348
274,47,0.000732422,-0.000610352
275,0,-0.00244141,-0.00292969
275,1,-0.00292969,-0.0032959
275,2,0.000244141,0.00549316
275,3,-0.00134277,-0.00146484
275,4,-0.00134277,-0.00512695
275,5,-0.000488281,-0.000854492
275,6,-0.00219727,0.00183105
275,7,0.00134277,0.000244141
275,8,-0.00354004,-0.00390625
275,9,0.000244141,0.00292969
275,10,0.000244141,0.00280762
275,11,0.00280762,-0.00366211
275,12,0.00402832,0.00158691
275,13,0.0032959,0.00195312
275,14,0.00231934,-0.00268555
275,15,0.00195312,-0.000610352
275,16,0.00158691,-0.00219727
275,17,0.00170898,0.000610352
275,18,-0.00231934,-0.000854492
275,19,0.00634766,0.00256348
275,20,-0.00341797,0.00012207
275,21,-0.0012207,0.000976562
275,22,-0.000366211,0.00183105
275,23,-0.000854492,0.00695801
275,24,-0.000488281,0.000732422
275,25,0.000732422,0.00012207
275,26,-0.00219727,0.00146484
275,27,0.00537109,0.00195312
275,28,0.000244141,-0.00622559
275,29,-0.00158691,0.00244141
275,30,-0.00219727,0.0020752
275,31,0.000976562,-0.00231934
275,32,-0.00183105,0.000366211
275,33,0,0.00231934
275,34,-0.000732422,-0.00305176
275,35,-0.0020752,-0.00317383
275,36,0.00231934,0.00341797
275,37,-0.00109863,0.0045166
275,38,0.00537109,0.000244141
275,39,0.00183105,0.00170898
275,40,-0.0012207,0.00012207
275,41,0.00488281,-0.000610352
275,42,-0.00354004,-0.00231934
275,43,0.00109863,0.000732422
275,44,0.00183105,0.00292969
275,45,-0.00463867,0.000244141
275,46,0.00134277,0.000366211
275,47,-0.00500488,-0.00146484
276,0,-0.00341797,-0.00561523
276,1,-0.00195312,0.00183105
276,2,0.000244141,0.000854492
276,3,-0.00378418,-0.000732422
276,4,-0.00305176,0.00256348
276,5,-0.00427246,0.000732422
276,6,0.00012207,-0.00012207
276,7,0.000366211,0
276,8,-0.000366211,-0.00354004
276,9,-0.00012207,0.00305176
276,10,0.00158691,0.00488281
276,11,0.00244141,-0.00524902
276,12,0.00134277,0.00378418
276,13,-0.000732422,-0.00378418
276,14,0.00427246,-0.00415039
276,15,0.00183105,0.00146484
276,16,0.000732422,-0.00390625
276,17,-0.00366211,-0.00219727
276,18,-0.00231934,0.00280762
276,19,-0.000854492,-0.00219727
276,20,0.00256348,-0.00158691
276,21,-0.00561523,0.0020752
276,22,0.00109863,0.00280762
276,23,0.00195312,0.00195312
276,24,0.00305176,-0.000854492
276,25,-0.00280762,0.00427246
276,26,0.00134277,-0.000610352
276,27,-0.00415039,-0.00500488
276,28,-0.00415039,0.00366211
276,29,-0.00012207,-0.00292969
276,30,-0.00317383,-0.00195312
276,31,0.000488281,-0.00378418
276,32,-0.00195312,0.000488281
276,33,0.00231934,-0.00109863
276,34,-0.00292969,-0.000610352
276,35,0.00231934,0.00402832
276,36,0.00244141,-0.00256348
276,37,0.000366211,0.000610352
276,38,0.00500488,-0.0020752
276,39,-0.000976562,-0.00244141
276,40,-0.000244141,-0.00158691
276,41,0.00170898,0.00134277
276,42,-0.00439453,-0.00402832
276,43,-0.0032959,0.00134277
276,44,-0.00317383,-0.00195312
276,45,-0.00720215,-0.000244141
276,46,-0.00158691,0.000610352
276,47,0.000610352,-0.00549316
277,0,0.0012207,0.00524902
277,1,0.00415039,-0.000244141
277,2,-0.00817871,-0.00268555
277,3,0,-0.00256348
277,4,-0.00231934,-0.00439453
277,5,0.00170898,0.000244141
277,6,0.00268555,0.00341797
277,7,0.00354004,-0.0045166
277,8,0.000488281,0.00195312
277,9,0.00402832,-0.000854492
277,10,-0.00219727,0.00012207
277,11,-0.00415039,-0.00732422
277,12,0.00158691,0.00500488
277,13,-0.00598145,0.000488281
277,14,-0.000732422,0.000976562
277,15,-0.00219727,0
277,16,0.000732422,-0.00305176
277,17,0.00158691,-0.00268555
277,18,-0.0045166,0.00158691
277,19,0.00244141,-0.00195312
277,20,0.00183105,0.00292969
277,21,-0.00146484,-0.00219727
277,22,0.00219727,-0.0020752
277,23,0.0012207,-0.00354004
277,24,-0.000854492,-0.000976562
277,25,0.00524902,0.00195312
277,26,-0.0020752,0.00109863
277,27,0.00305176,0.00109863
277,28,0.00183105,-0.00280762
277,29,-0.00170898,-0.00280762
277,30,0.00256348,-0.00109863
277,31,0.0020752,-0.00268555
277,32,-0.00134277,-0.00012207
277,33,-0.00158691,-0.00170898
277,34,0.00305176,0.00268555
277,35,0.000610352,-0.00292969
277,36,0.000366211,0.000854492
277,37,-0.00524902,-0.000610352
277,38,0.000366211,0.00292969
277,39,0.00158691,0.00158691
277,40,-0.000610352,-0.000488281
277,41,-0.00134277,-0.00268555
277,42,-0.00012207,0.000732422
277,43,0.000732422,-0.0012207
277,44,-0.00463867,-0.00012207
277,45,-0.00170898,-0.00671387
277,46,0.00256348,-0.000732422
277,47,-0.00256348,0.00305176
278,0,0.00354004,0.000976562
278,1,-0.00610352,-0.000244141
278,2,-0.0057373,0.000244141
278,3,-0.0012207,0.000488281
278,4,0.00183105,-0.000610352
278,5,0.00109863,-0.000976562
278,6,-0.00427246,-0.000610352
278,7,0.000366211,-0.00109863
278,8,-0.00195312,0
278,9,-0.00463867,-0.000854492
278,10,-0.00146484,-0.00268555
278,11,0.00183105,-0.00170898
278,12,0.00878906,-0.00146484
278,13,0.000366211,-0.0032959
278,14,0.000976562,-0.00341797
278,15,-0.000244141,0.0020752
278,16,0.00231934,0.00158691
278,17,0.000244141,0.000732422
278,18,-0.00341797,-0.00146484
278,19,-0.000366211,-0.00488281
278,20,0.00158691,-0.00183105
278,21,-0.00292969,0.00134277
278,22,0.000244141,-0.00622559
278,23,-0.000732422,-0.000366211
278,24,-0.00744629,-0.00195312
278,25,-0.00219727,0.0012207
278,26,-0.0032959,-0.00158691
278,27,0.00256348,-0.00012207
278,28,0.00231934,0.00402832
278,29,-0.0012207,0.00109863
278,30,-0.00439453,-0.00341797
278,31,-0.00549316,-0.00109863
278,32,-0.00341797,-0.00109863
278,33,0.00195312,-0.00012207
278,34,-0.00231934,-0.000976562
278,35,-0.0020752,-0.00366211
278,36,-0.00671387,0.00109863
278,37,0.00390625,-0.00012207
278,38,0.00292969,-0.00219727
278,39,0.00170898,0.00378418
278,40,-0.00390625,0.00134277
278,41,-0.00219727,0.00170898
278,42,-0.00341797,-0.00561523
278,43,-0.000732422,-0.00402832
278,44,-0.00256348,0.00366211
278,45,-0.00219727,-0.00219727
278,46,0.00378418,0.000488281
278,47,-0.00378418,-0.0057373
279,0,-0.00427246,-0.00292969
279,1,-0.0032959,0.000366211
279,2,-0.000610352,-0.00268555
279,3,0.00268555,-0.0032959
279,4,0.000976562,-0.00427246
279,5,0.0032959,0
279,6,0.000488281,-0.00146484
279,7,0.00146484,0.00378418
279,8,-0.0020752,0.0020752
279,9,0.00378418,-0.00402832
279,10,0.00195312,-0.00439453
279,11,-0.00390625,-0.0020752
279,12,-0.00488281,0.00305176
279,13,-0.00280762,-0.000366211
279,14,0.0012207,0.000488281
279,15,-0.00146484,-0.000488281
279,16,0,-0.000366211
279,17,0.00231934,-0.00402832
279,18,-0.00219727,0.00219727
279,19,-0.00256348,0.0057373
279,20,-0.000976562,-0.000488281
279,21,-0.00268555,0.00170898
279,22,0.00146484,0.000488281
279,23,-0.00537109,-0.00500488
279,24,-0.000366211,-0.00146484
279,25,-0.00219727,-0.00146484
279,26,-0.00256348,-0.00354004
279,27,0.0032959,-0.00244141
279,28,0.00268555,0.00231934
279,29,-0.00158691,-0.0020752
279,30,0.0057373,-0.000244141
279,31,0.000854492,-0.00256348
279,32,-0.00109863,0.00427246
279,33,-0.000244141,-0.00500488
279,34,-0.0012207,0.000854492
279,35,0.00195312,-0.00280762
279,36,0.00146484,-0.00231934
279,37,-0.00146484,0.00146484
279,38,-0.00109863,0.0012207
279,39,-0.000366211,-0.00268555
279,40,-0.00134277,0.00170898
279,41,0.00292969,-0.00305176
279,42,0.00305176,-0.00256348
279,43,0.00109863,-0.00463867
279,44,0.00439453,-0.00671387
279,45,-0.000732422,-0.00231934
279,46,0.00109863,-0.00744629
279,47,-0.0020752,-0.00671387
280,0,-0.000610352,-0.00183105
280,1,0.0012207,0.00183105
280,2,-0.00195312,-0.00219727
280,3,0.00231934,-0.0032959
280,4,-0.000366211,0.00500488
280,5,-0.0020752,-0.000610352
280,6,-0.00183105,-0.000976562
280,7,-0.00549316,-0.00231934
280,8,-0.000244141,-0.00146484
280,9,-0.00231934,-0.00500488
280,10,0.00732422,0.00292969
280,11,0.0045166,-0.00134277
280,12,-0.00476074,0.000488281
280,13,-0.000976562,0.000732422
280,14,0.00280762,-0.000976562
280,15,-0.00549316,0.000366211
280,16,-0.000976562,-0.00146484
280,17,0.00268555,0.000610352
280,18,-0.00598145,0.00231934
280,19,0,0.00012207
280,20,-0.000244141,0.00292969
280,21,0.000732422,0.000732422
280,22,0.00305176,0.00134277
280,23,0.000244141,-0.00708008
280,24,0.00158691,-0.00134277
280,25,-0.00280762,-0.00305176
280,26,0.00158691,-0.000854492
280,27,-0.00463867,0.00256348
280,28,-0.00183105,-0.00402832
280,29,0.000732422,-0.00146484
280,30,-0.0020752,-0.00146484
280,31,-0.00109863,-0.000610352
280,32,-0.000610352,0.000244141
280,33,0.00012207,0.0012207
280,34,0.000244141,0.00170898
280,35,-0.00231934,0.000244141
280,36,-0.000244141,-0.00244141
280,37,-0.00012207,-0.000488281
280,38,-0.00561523,0.00292969
280,39,-0.000366211,0.000610352
280,40,-0.00341797,0.000244141
280,41,0.000610352,-0.000488281
280,42,-0.00244141,-0.000488281
280,43,0.00146484,-0.0020752
280,44,0.00012207,-0.00476074
280,45,-0.0045166,0.000976562
280,46,-0.00415039,-0.00219727
280,47,0.00158691,-0.00354004
